<gpx xmlns:ns3="http://www.garmin.com/xmlschemas/TrackPointExtension/v1" xmlns="http://www.topografix.com/GPX/1/1" xmlns:xsi="http://www.w3.org/2001/XMLSchema-instance" xmlns:ns2="http://www.garmin.com/xmlschemas/GpxExtensions/v3" creator="Garmin Connect" version="1.1" xsi:schemaLocation="http://www.topografix.com/GPX/1/1 http://www.topografix.com/GPX/11.xsd">
  <extensions>
<distance>6016.58</distance>
<average_hr>154.0</average_hr>
<average_speed>2.509999990463257</average_speed>
<start_time>2026-08-12T22:23:00+00:00</start_time>
<end_time>2026-08-12T23:02:56.928000+00:00</end_time>
<moving_time>2392.942</moving_time>
<elapsed_time>2540.928</elapsed_time>
</extensions>
<metadata>
    <link href="connect.garmin.com">
      <text>Garmin Connect</text>
    </link>
    <time>2026-08-12T22:23:00.000Z</time>
  </metadata>
  <trk>
    <name>深圳市 跑步</name>
    <type>running</type>
    <trkseg>
      <trkpt lat="22.55167954601347446441650390625" lon="114.0010561980307102203369140625">
        <ele>38.40000152587890625</ele>
        <time>2026-08-12T22:23:00.000Z</time>
        <extensions>
          <ns3:TrackPointExtension>
            <ns3:atemp>33.0</ns3:atemp>
            <ns3:hr>120</ns3:hr>
            <ns3:cad>83</ns3:cad>
          </ns3:TrackPointExtension>
        </extensions>
      </trkpt>
      <trkpt lat="22.5517121516168117523193359375" lon="114.0010800026357173919677734375">
        <ele>38.200000762939453125</ele>
        <time>2026-08-12T22:23:01.000Z</time>
        <extensions>
          <ns3:TrackPointExtension>
            <ns3:atemp>33.0</ns3:atemp>
            <ns3:hr>120</ns3:hr>
            <ns3:cad>83</ns3:cad>
          </ns3:TrackPointExtension>
        </extensions>
      </trkpt>
      <trkpt lat="22.5517087988555431365966796875" lon="114.0010853670537471771240234375">
        <ele>38.200000762939453125</ele>
        <time>2026-08-12T22:23:02.000Z</time>
        <extensions>
          <ns3:TrackPointExtension>
            <ns3:atemp>33.0</ns3:atemp>
            <ns3:hr>121</ns3:hr>
            <ns3:cad>82</ns3:cad>
          </ns3:TrackPointExtension>
        </extensions>
      </trkpt>
      <trkpt lat="22.55171298980712890625" lon="114.00109500624239444732666015625">
        <ele>38.200000762939453125</ele>
        <time>2026-08-12T22:23:03.000Z</time>
        <extensions>
          <ns3:TrackPointExtension>
            <ns3:atemp>33.0</ns3:atemp>
            <ns3:hr>121</ns3:hr>
            <ns3:cad>82</ns3:cad>
          </ns3:TrackPointExtension>
        </extensions>
      </trkpt>
      <trkpt lat="22.5517212040722370147705078125" lon="114.00110900402069091796875">
        <ele>38.200000762939453125</ele>
        <time>2026-08-12T22:23:04.000Z</time>
        <extensions>
          <ns3:TrackPointExtension>
            <ns3:atemp>33.0</ns3:atemp>
            <ns3:hr>123</ns3:hr>
            <ns3:cad>82</ns3:cad>
          </ns3:TrackPointExtension>
        </extensions>
      </trkpt>
      <trkpt lat="22.551730088889598846435546875" lon="114.001126103103160858154296875">
        <ele>38.200000762939453125</ele>
        <time>2026-08-12T22:23:05.000Z</time>
        <extensions>
          <ns3:TrackPointExtension>
            <ns3:atemp>33.0</ns3:atemp>
            <ns3:hr>124</ns3:hr>
            <ns3:cad>82</ns3:cad>
          </ns3:TrackPointExtension>
        </extensions>
      </trkpt>
      <trkpt lat="22.55173989571630954742431640625" lon="114.00114445947110652923583984375">
        <ele>38</ele>
        <time>2026-08-12T22:23:06.000Z</time>
        <extensions>
          <ns3:TrackPointExtension>
            <ns3:atemp>33.0</ns3:atemp>
            <ns3:hr>124</ns3:hr>
            <ns3:cad>82</ns3:cad>
          </ns3:TrackPointExtension>
        </extensions>
      </trkpt>
      <trkpt lat="22.5517490319907665252685546875" lon="114.00117404758930206298828125">
        <ele>38</ele>
        <time>2026-08-12T22:23:07.000Z</time>
        <extensions>
          <ns3:TrackPointExtension>
            <ns3:atemp>33.0</ns3:atemp>
            <ns3:hr>125</ns3:hr>
            <ns3:cad>82</ns3:cad>
          </ns3:TrackPointExtension>
        </extensions>
      </trkpt>
      <trkpt lat="22.55175230093300342559814453125" lon="114.0012067370116710662841796875">
        <ele>37.799999237060546875</ele>
        <time>2026-08-12T22:23:08.000Z</time>
        <extensions>
          <ns3:TrackPointExtension>
            <ns3:atemp>33.0</ns3:atemp>
            <ns3:hr>125</ns3:hr>
            <ns3:cad>82</ns3:cad>
          </ns3:TrackPointExtension>
        </extensions>
      </trkpt>
      <trkpt lat="22.55175766535103321075439453125" lon="114.00122827850282192230224609375">
        <ele>37.59999847412109375</ele>
        <time>2026-08-12T22:23:09.000Z</time>
        <extensions>
          <ns3:TrackPointExtension>
            <ns3:atemp>33.0</ns3:atemp>
            <ns3:hr>125</ns3:hr>
            <ns3:cad>82</ns3:cad>
          </ns3:TrackPointExtension>
        </extensions>
      </trkpt>
      <trkpt lat="22.55175967700779438018798828125" lon="114.00125375948846340179443359375">
        <ele>37.59999847412109375</ele>
        <time>2026-08-12T22:23:10.000Z</time>
        <extensions>
          <ns3:TrackPointExtension>
            <ns3:atemp>33.0</ns3:atemp>
            <ns3:hr>126</ns3:hr>
            <ns3:cad>82</ns3:cad>
          </ns3:TrackPointExtension>
        </extensions>
      </trkpt>
      <trkpt lat="22.55176235921680927276611328125" lon="114.00127865374088287353515625">
        <ele>37.59999847412109375</ele>
        <time>2026-08-12T22:23:11.000Z</time>
        <extensions>
          <ns3:TrackPointExtension>
            <ns3:atemp>33.0</ns3:atemp>
            <ns3:hr>126</ns3:hr>
            <ns3:cad>82</ns3:cad>
          </ns3:TrackPointExtension>
        </extensions>
      </trkpt>
      <trkpt lat="22.5517641194164752960205078125" lon="114.0012969262897968292236328125">
        <ele>37.59999847412109375</ele>
        <time>2026-08-12T22:23:12.000Z</time>
        <extensions>
          <ns3:TrackPointExtension>
            <ns3:atemp>33.0</ns3:atemp>
            <ns3:hr>127</ns3:hr>
            <ns3:cad>82</ns3:cad>
          </ns3:TrackPointExtension>
        </extensions>
      </trkpt>
      <trkpt lat="22.5517694838345050811767578125" lon="114.0013260953128337860107421875">
        <ele>37.59999847412109375</ele>
        <time>2026-08-12T22:23:13.000Z</time>
        <extensions>
          <ns3:TrackPointExtension>
            <ns3:atemp>33.0</ns3:atemp>
            <ns3:hr>127</ns3:hr>
            <ns3:cad>83</ns3:cad>
          </ns3:TrackPointExtension>
        </extensions>
      </trkpt>
      <trkpt lat="22.55177325569093227386474609375" lon="114.00135518051683902740478515625">
        <ele>37.59999847412109375</ele>
        <time>2026-08-12T22:23:14.000Z</time>
        <extensions>
          <ns3:TrackPointExtension>
            <ns3:atemp>33.0</ns3:atemp>
            <ns3:hr>127</ns3:hr>
            <ns3:cad>84</ns3:cad>
          </ns3:TrackPointExtension>
        </extensions>
      </trkpt>
      <trkpt lat="22.551774680614471435546875" lon="114.00137881748378276824951171875">
        <ele>37.59999847412109375</ele>
        <time>2026-08-12T22:23:15.000Z</time>
        <extensions>
          <ns3:TrackPointExtension>
            <ns3:atemp>33.0</ns3:atemp>
            <ns3:hr>127</ns3:hr>
            <ns3:cad>84</ns3:cad>
          </ns3:TrackPointExtension>
        </extensions>
      </trkpt>
      <trkpt lat="22.55177560262382030487060546875" lon="114.00139591656625270843505859375">
        <ele>37.59999847412109375</ele>
        <time>2026-08-12T22:23:16.000Z</time>
        <extensions>
          <ns3:TrackPointExtension>
            <ns3:atemp>33.0</ns3:atemp>
            <ns3:hr>127</ns3:hr>
            <ns3:cad>84</ns3:cad>
          </ns3:TrackPointExtension>
        </extensions>
      </trkpt>
      <trkpt lat="22.55177476443350315093994140625" lon="114.001413770020008087158203125">
        <ele>37.40000152587890625</ele>
        <time>2026-08-12T22:23:17.000Z</time>
        <extensions>
          <ns3:TrackPointExtension>
            <ns3:atemp>33.0</ns3:atemp>
            <ns3:hr>127</ns3:hr>
            <ns3:cad>84</ns3:cad>
          </ns3:TrackPointExtension>
        </extensions>
      </trkpt>
      <trkpt lat="22.55178272724151611328125" lon="114.001434557139873504638671875">
        <ele>37.40000152587890625</ele>
        <time>2026-08-12T22:23:18.000Z</time>
        <extensions>
          <ns3:TrackPointExtension>
            <ns3:atemp>33.0</ns3:atemp>
            <ns3:hr>127</ns3:hr>
            <ns3:cad>84</ns3:cad>
          </ns3:TrackPointExtension>
        </extensions>
      </trkpt>
      <trkpt lat="22.551791109144687652587890625" lon="114.00145433843135833740234375">
        <ele>37.40000152587890625</ele>
        <time>2026-08-12T22:23:19.000Z</time>
        <extensions>
          <ns3:TrackPointExtension>
            <ns3:atemp>33.0</ns3:atemp>
            <ns3:hr>128</ns3:hr>
            <ns3:cad>83</ns3:cad>
          </ns3:TrackPointExtension>
        </extensions>
      </trkpt>
      <trkpt lat="22.5517963059246540069580078125" lon="114.0014752931892871856689453125">
        <ele>37.40000152587890625</ele>
        <time>2026-08-12T22:23:20.000Z</time>
        <extensions>
          <ns3:TrackPointExtension>
            <ns3:atemp>33.0</ns3:atemp>
            <ns3:hr>128</ns3:hr>
            <ns3:cad>83</ns3:cad>
          </ns3:TrackPointExtension>
        </extensions>
      </trkpt>
      <trkpt lat="22.55180678330361843109130859375" lon="114.00149457156658172607421875">
        <ele>37.200000762939453125</ele>
        <time>2026-08-12T22:23:21.000Z</time>
        <extensions>
          <ns3:TrackPointExtension>
            <ns3:atemp>33.0</ns3:atemp>
            <ns3:hr>129</ns3:hr>
            <ns3:cad>83</ns3:cad>
          </ns3:TrackPointExtension>
        </extensions>
      </trkpt>
      <trkpt lat="22.55180845968425273895263671875" lon="114.0015180408954620361328125">
        <ele>37.200000762939453125</ele>
        <time>2026-08-12T22:23:22.000Z</time>
        <extensions>
          <ns3:TrackPointExtension>
            <ns3:atemp>33.0</ns3:atemp>
            <ns3:hr>129</ns3:hr>
            <ns3:cad>84</ns3:cad>
          </ns3:TrackPointExtension>
        </extensions>
      </trkpt>
      <trkpt lat="22.551813907921314239501953125" lon="114.00153740309178829193115234375">
        <ele>37.200000762939453125</ele>
        <time>2026-08-12T22:23:23.000Z</time>
        <extensions>
          <ns3:TrackPointExtension>
            <ns3:atemp>33.0</ns3:atemp>
            <ns3:hr>130</ns3:hr>
            <ns3:cad>84</ns3:cad>
          </ns3:TrackPointExtension>
        </extensions>
      </trkpt>
      <trkpt lat="22.55182103253901004791259765625" lon="114.0015524066984653472900390625">
        <ele>37</ele>
        <time>2026-08-12T22:23:24.000Z</time>
        <extensions>
          <ns3:TrackPointExtension>
            <ns3:atemp>33.0</ns3:atemp>
            <ns3:hr>130</ns3:hr>
            <ns3:cad>85</ns3:cad>
          </ns3:TrackPointExtension>
        </extensions>
      </trkpt>
      <trkpt lat="22.55182505585253238677978515625" lon="114.00157864205539226531982421875">
        <ele>37</ele>
        <time>2026-08-12T22:23:25.000Z</time>
        <extensions>
          <ns3:TrackPointExtension>
            <ns3:atemp>33.0</ns3:atemp>
            <ns3:hr>131</ns3:hr>
            <ns3:cad>85</ns3:cad>
          </ns3:TrackPointExtension>
        </extensions>
      </trkpt>
      <trkpt lat="22.551830671727657318115234375" lon="114.001595489680767059326171875">
        <ele>37</ele>
        <time>2026-08-12T22:23:26.000Z</time>
        <extensions>
          <ns3:TrackPointExtension>
            <ns3:atemp>33.0</ns3:atemp>
            <ns3:hr>131</ns3:hr>
            <ns3:cad>85</ns3:cad>
          </ns3:TrackPointExtension>
        </extensions>
      </trkpt>
      <trkpt lat="22.55183846689760684967041015625" lon="114.00163563899695873260498046875">
        <ele>37</ele>
        <time>2026-08-12T22:23:27.000Z</time>
        <extensions>
          <ns3:TrackPointExtension>
            <ns3:atemp>33.0</ns3:atemp>
            <ns3:hr>131</ns3:hr>
            <ns3:cad>84</ns3:cad>
          </ns3:TrackPointExtension>
        </extensions>
      </trkpt>
      <trkpt lat="22.55184433422982692718505859375" lon="114.00165458209812641143798828125">
        <ele>36.799999237060546875</ele>
        <time>2026-08-12T22:23:28.000Z</time>
        <extensions>
          <ns3:TrackPointExtension>
            <ns3:atemp>33.0</ns3:atemp>
            <ns3:hr>130</ns3:hr>
            <ns3:cad>84</ns3:cad>
          </ns3:TrackPointExtension>
        </extensions>
      </trkpt>
      <trkpt lat="22.551852129399776458740234375" lon="114.00166489183902740478515625">
        <ele>36.799999237060546875</ele>
        <time>2026-08-12T22:23:29.000Z</time>
        <extensions>
          <ns3:TrackPointExtension>
            <ns3:atemp>33.0</ns3:atemp>
            <ns3:hr>130</ns3:hr>
            <ns3:cad>86</ns3:cad>
          </ns3:TrackPointExtension>
        </extensions>
      </trkpt>
      <trkpt lat="22.5518563203513622283935546875" lon="114.00168123655021190643310546875">
        <ele>36.799999237060546875</ele>
        <time>2026-08-12T22:23:30.000Z</time>
        <extensions>
          <ns3:TrackPointExtension>
            <ns3:atemp>33.0</ns3:atemp>
            <ns3:hr>130</ns3:hr>
            <ns3:cad>86</ns3:cad>
          </ns3:TrackPointExtension>
        </extensions>
      </trkpt>
      <trkpt lat="22.5518606789410114288330078125" lon="114.0017031133174896240234375">
        <ele>36.59999847412109375</ele>
        <time>2026-08-12T22:23:31.000Z</time>
        <extensions>
          <ns3:TrackPointExtension>
            <ns3:atemp>33.0</ns3:atemp>
            <ns3:hr>129</ns3:hr>
            <ns3:cad>85</ns3:cad>
          </ns3:TrackPointExtension>
        </extensions>
      </trkpt>
      <trkpt lat="22.55186294205486774444580078125" lon="114.0017314441502094268798828125">
        <ele>36.59999847412109375</ele>
        <time>2026-08-12T22:23:32.000Z</time>
        <extensions>
          <ns3:TrackPointExtension>
            <ns3:atemp>33.0</ns3:atemp>
            <ns3:hr>128</ns3:hr>
            <ns3:cad>85</ns3:cad>
          </ns3:TrackPointExtension>
        </extensions>
      </trkpt>
      <trkpt lat="22.55186310969293117523193359375" lon="114.0017575956881046295166015625">
        <ele>36.59999847412109375</ele>
        <time>2026-08-12T22:23:33.000Z</time>
        <extensions>
          <ns3:TrackPointExtension>
            <ns3:atemp>33.0</ns3:atemp>
            <ns3:hr>128</ns3:hr>
            <ns3:cad>85</ns3:cad>
          </ns3:TrackPointExtension>
        </extensions>
      </trkpt>
      <trkpt lat="22.551860511302947998046875" lon="114.00178852491080760955810546875">
        <ele>36.59999847412109375</ele>
        <time>2026-08-12T22:23:34.000Z</time>
        <extensions>
          <ns3:TrackPointExtension>
            <ns3:atemp>33.0</ns3:atemp>
            <ns3:hr>127</ns3:hr>
            <ns3:cad>85</ns3:cad>
          </ns3:TrackPointExtension>
        </extensions>
      </trkpt>
      <trkpt lat="22.55185740999877452850341796875" lon="114.00181652046740055084228515625">
        <ele>36.40000152587890625</ele>
        <time>2026-08-12T22:23:35.000Z</time>
        <extensions>
          <ns3:TrackPointExtension>
            <ns3:atemp>33.0</ns3:atemp>
            <ns3:hr>127</ns3:hr>
            <ns3:cad>85</ns3:cad>
          </ns3:TrackPointExtension>
        </extensions>
      </trkpt>
      <trkpt lat="22.5518539734184741973876953125" lon="114.00184468366205692291259765625">
        <ele>36.40000152587890625</ele>
        <time>2026-08-12T22:23:36.000Z</time>
        <extensions>
          <ns3:TrackPointExtension>
            <ns3:atemp>33.0</ns3:atemp>
            <ns3:hr>126</ns3:hr>
            <ns3:cad>85</ns3:cad>
          </ns3:TrackPointExtension>
        </extensions>
      </trkpt>
      <trkpt lat="22.55185171030461788177490234375" lon="114.00187519378960132598876953125">
        <ele>36.40000152587890625</ele>
        <time>2026-08-12T22:23:37.000Z</time>
        <extensions>
          <ns3:TrackPointExtension>
            <ns3:atemp>33.0</ns3:atemp>
            <ns3:hr>125</ns3:hr>
            <ns3:cad>85</ns3:cad>
          </ns3:TrackPointExtension>
        </extensions>
      </trkpt>
      <trkpt lat="22.5518546439707279205322265625" lon="114.00190168060362339019775390625">
        <ele>36.200000762939453125</ele>
        <time>2026-08-12T22:23:38.000Z</time>
        <extensions>
          <ns3:TrackPointExtension>
            <ns3:atemp>33.0</ns3:atemp>
            <ns3:hr>125</ns3:hr>
            <ns3:cad>85</ns3:cad>
          </ns3:TrackPointExtension>
        </extensions>
      </trkpt>
      <trkpt lat="22.55185975693166255950927734375" lon="114.0019404888153076171875">
        <ele>36.200000762939453125</ele>
        <time>2026-08-12T22:23:39.000Z</time>
        <extensions>
          <ns3:TrackPointExtension>
            <ns3:atemp>33.0</ns3:atemp>
            <ns3:hr>125</ns3:hr>
            <ns3:cad>85</ns3:cad>
          </ns3:TrackPointExtension>
        </extensions>
      </trkpt>
      <trkpt lat="22.55185992456972599029541015625" lon="114.00196253322064876556396484375">
        <ele>36.200000762939453125</ele>
        <time>2026-08-12T22:23:40.000Z</time>
        <extensions>
          <ns3:TrackPointExtension>
            <ns3:atemp>33.0</ns3:atemp>
            <ns3:hr>125</ns3:hr>
            <ns3:cad>85</ns3:cad>
          </ns3:TrackPointExtension>
        </extensions>
      </trkpt>
      <trkpt lat="22.55184986628592014312744140625" lon="114.00197745300829410552978515625">
        <ele>36.200000762939453125</ele>
        <time>2026-08-12T22:23:41.000Z</time>
        <extensions>
          <ns3:TrackPointExtension>
            <ns3:atemp>33.0</ns3:atemp>
            <ns3:hr>125</ns3:hr>
            <ns3:cad>85</ns3:cad>
          </ns3:TrackPointExtension>
        </extensions>
      </trkpt>
      <trkpt lat="22.55185179412364959716796875" lon="114.0020010061562061309814453125">
        <ele>36</ele>
        <time>2026-08-12T22:23:42.000Z</time>
        <extensions>
          <ns3:TrackPointExtension>
            <ns3:atemp>33.0</ns3:atemp>
            <ns3:hr>126</ns3:hr>
            <ns3:cad>85</ns3:cad>
          </ns3:TrackPointExtension>
        </extensions>
      </trkpt>
      <trkpt lat="22.55185472778975963592529296875" lon="114.00202271528542041778564453125">
        <ele>36</ele>
        <time>2026-08-12T22:23:43.000Z</time>
        <extensions>
          <ns3:TrackPointExtension>
            <ns3:atemp>33.0</ns3:atemp>
            <ns3:hr>126</ns3:hr>
            <ns3:cad>85</ns3:cad>
          </ns3:TrackPointExtension>
        </extensions>
      </trkpt>
      <trkpt lat="22.55185782909393310546875" lon="114.002044759690761566162109375">
        <ele>36</ele>
        <time>2026-08-12T22:23:44.000Z</time>
        <extensions>
          <ns3:TrackPointExtension>
            <ns3:atemp>33.0</ns3:atemp>
            <ns3:hr>126</ns3:hr>
            <ns3:cad>85</ns3:cad>
          </ns3:TrackPointExtension>
        </extensions>
      </trkpt>
      <trkpt lat="22.551856823265552520751953125" lon="114.0020576678216457366943359375">
        <ele>36</ele>
        <time>2026-08-12T22:23:45.000Z</time>
        <extensions>
          <ns3:TrackPointExtension>
            <ns3:atemp>33.0</ns3:atemp>
            <ns3:hr>127</ns3:hr>
            <ns3:cad>85</ns3:cad>
          </ns3:TrackPointExtension>
        </extensions>
      </trkpt>
      <trkpt lat="22.55186093039810657501220703125" lon="114.0020906925201416015625">
        <ele>35.799999237060546875</ele>
        <time>2026-08-12T22:23:46.000Z</time>
        <extensions>
          <ns3:TrackPointExtension>
            <ns3:atemp>33.0</ns3:atemp>
            <ns3:hr>127</ns3:hr>
            <ns3:cad>85</ns3:cad>
          </ns3:TrackPointExtension>
        </extensions>
      </trkpt>
      <trkpt lat="22.55186118185520172119140625" lon="114.00211508385837078094482421875">
        <ele>35.799999237060546875</ele>
        <time>2026-08-12T22:23:47.000Z</time>
        <extensions>
          <ns3:TrackPointExtension>
            <ns3:atemp>33.0</ns3:atemp>
            <ns3:hr>126</ns3:hr>
            <ns3:cad>85</ns3:cad>
          </ns3:TrackPointExtension>
        </extensions>
      </trkpt>
      <trkpt lat="22.5518616847693920135498046875" lon="114.00213922373950481414794921875">
        <ele>35.799999237060546875</ele>
        <time>2026-08-12T22:23:48.000Z</time>
        <extensions>
          <ns3:TrackPointExtension>
            <ns3:atemp>33.0</ns3:atemp>
            <ns3:hr>127</ns3:hr>
            <ns3:cad>85</ns3:cad>
          </ns3:TrackPointExtension>
        </extensions>
      </trkpt>
      <trkpt lat="22.55186579190194606781005859375" lon="114.0021622739732265472412109375">
        <ele>35.59999847412109375</ele>
        <time>2026-08-12T22:23:49.000Z</time>
        <extensions>
          <ns3:TrackPointExtension>
            <ns3:atemp>33.0</ns3:atemp>
            <ns3:hr>128</ns3:hr>
            <ns3:cad>85</ns3:cad>
          </ns3:TrackPointExtension>
        </extensions>
      </trkpt>
      <trkpt lat="22.55186746828258037567138671875" lon="114.00216436944901943206787109375">
        <ele>35.59999847412109375</ele>
        <time>2026-08-12T22:23:50.000Z</time>
        <extensions>
          <ns3:TrackPointExtension>
            <ns3:atemp>33.0</ns3:atemp>
            <ns3:hr>128</ns3:hr>
            <ns3:cad>85</ns3:cad>
          </ns3:TrackPointExtension>
        </extensions>
      </trkpt>
      <trkpt lat="22.5518657080829143524169921875" lon="114.0021890960633754730224609375">
        <ele>35.40000152587890625</ele>
        <time>2026-08-12T22:23:51.000Z</time>
        <extensions>
          <ns3:TrackPointExtension>
            <ns3:atemp>33.0</ns3:atemp>
            <ns3:hr>128</ns3:hr>
            <ns3:cad>85</ns3:cad>
          </ns3:TrackPointExtension>
        </extensions>
      </trkpt>
      <trkpt lat="22.55186679773032665252685546875" lon="114.00221114046871662139892578125">
        <ele>35.40000152587890625</ele>
        <time>2026-08-12T22:23:52.000Z</time>
        <extensions>
          <ns3:TrackPointExtension>
            <ns3:atemp>33.0</ns3:atemp>
            <ns3:hr>128</ns3:hr>
            <ns3:cad>84</ns3:cad>
          </ns3:TrackPointExtension>
        </extensions>
      </trkpt>
      <trkpt lat="22.5518650375306606292724609375" lon="114.0022310055792331695556640625">
        <ele>35.40000152587890625</ele>
        <time>2026-08-12T22:23:53.000Z</time>
        <extensions>
          <ns3:TrackPointExtension>
            <ns3:atemp>33.0</ns3:atemp>
            <ns3:hr>128</ns3:hr>
            <ns3:cad>84</ns3:cad>
          </ns3:TrackPointExtension>
        </extensions>
      </trkpt>
      <trkpt lat="22.55186663009226322174072265625" lon="114.00225489400327205657958984375">
        <ele>35.40000152587890625</ele>
        <time>2026-08-12T22:23:54.000Z</time>
        <extensions>
          <ns3:TrackPointExtension>
            <ns3:atemp>33.0</ns3:atemp>
            <ns3:hr>128</ns3:hr>
            <ns3:cad>84</ns3:cad>
          </ns3:TrackPointExtension>
        </extensions>
      </trkpt>
      <trkpt lat="22.55186646245419979095458984375" lon="114.002277441322803497314453125">
        <ele>35.40000152587890625</ele>
        <time>2026-08-12T22:23:55.000Z</time>
        <extensions>
          <ns3:TrackPointExtension>
            <ns3:atemp>33.0</ns3:atemp>
            <ns3:hr>129</ns3:hr>
            <ns3:cad>84</ns3:cad>
          </ns3:TrackPointExtension>
        </extensions>
      </trkpt>
      <trkpt lat="22.5518730841577053070068359375" lon="114.00230434723198413848876953125">
        <ele>35.40000152587890625</ele>
        <time>2026-08-12T22:23:56.000Z</time>
        <extensions>
          <ns3:TrackPointExtension>
            <ns3:atemp>33.0</ns3:atemp>
            <ns3:hr>129</ns3:hr>
            <ns3:cad>84</ns3:cad>
          </ns3:TrackPointExtension>
        </extensions>
      </trkpt>
      <trkpt lat="22.5518683902919292449951171875" lon="114.00230996310710906982421875">
        <ele>35.40000152587890625</ele>
        <time>2026-08-12T22:23:57.000Z</time>
        <extensions>
          <ns3:TrackPointExtension>
            <ns3:atemp>33.0</ns3:atemp>
            <ns3:hr>129</ns3:hr>
            <ns3:cad>84</ns3:cad>
          </ns3:TrackPointExtension>
        </extensions>
      </trkpt>
      <trkpt lat="22.55186780355870723724365234375" lon="114.0023222006857395172119140625">
        <ele>35.40000152587890625</ele>
        <time>2026-08-12T22:23:58.000Z</time>
        <extensions>
          <ns3:TrackPointExtension>
            <ns3:atemp>33.0</ns3:atemp>
            <ns3:hr>129</ns3:hr>
            <ns3:cad>85</ns3:cad>
          </ns3:TrackPointExtension>
        </extensions>
      </trkpt>
      <trkpt lat="22.55186294205486774444580078125" lon="114.00233904831111431121826171875">
        <ele>35.40000152587890625</ele>
        <time>2026-08-12T22:23:59.000Z</time>
        <extensions>
          <ns3:TrackPointExtension>
            <ns3:atemp>33.0</ns3:atemp>
            <ns3:hr>129</ns3:hr>
            <ns3:cad>86</ns3:cad>
          </ns3:TrackPointExtension>
        </extensions>
      </trkpt>
      <trkpt lat="22.55185673944652080535888671875" lon="114.002351872622966766357421875">
        <ele>35.40000152587890625</ele>
        <time>2026-08-12T22:24:00.000Z</time>
        <extensions>
          <ns3:TrackPointExtension>
            <ns3:atemp>33.0</ns3:atemp>
            <ns3:hr>129</ns3:hr>
            <ns3:cad>86</ns3:cad>
          </ns3:TrackPointExtension>
        </extensions>
      </trkpt>
      <trkpt lat="22.55185581743717193603515625" lon="114.00237567722797393798828125">
        <ele>35.40000152587890625</ele>
        <time>2026-08-12T22:24:01.000Z</time>
        <extensions>
          <ns3:TrackPointExtension>
            <ns3:atemp>33.0</ns3:atemp>
            <ns3:hr>129</ns3:hr>
            <ns3:cad>85</ns3:cad>
          </ns3:TrackPointExtension>
        </extensions>
      </trkpt>
      <trkpt lat="22.55184701643884181976318359375" lon="114.00240979157388210296630859375">
        <ele>35.200000762939453125</ele>
        <time>2026-08-12T22:24:02.000Z</time>
        <extensions>
          <ns3:TrackPointExtension>
            <ns3:atemp>33.0</ns3:atemp>
            <ns3:hr>129</ns3:hr>
            <ns3:cad>85</ns3:cad>
          </ns3:TrackPointExtension>
        </extensions>
      </trkpt>
      <trkpt lat="22.55182941444218158721923828125" lon="114.0024599991738796234130859375">
        <ele>35.200000762939453125</ele>
        <time>2026-08-12T22:24:03.000Z</time>
        <extensions>
          <ns3:TrackPointExtension>
            <ns3:atemp>33.0</ns3:atemp>
            <ns3:hr>129</ns3:hr>
            <ns3:cad>85</ns3:cad>
          </ns3:TrackPointExtension>
        </extensions>
      </trkpt>
      <trkpt lat="22.55181667394936084747314453125" lon="114.00249964557588100433349609375">
        <ele>35</ele>
        <time>2026-08-12T22:24:04.000Z</time>
        <extensions>
          <ns3:TrackPointExtension>
            <ns3:atemp>33.0</ns3:atemp>
            <ns3:hr>129</ns3:hr>
            <ns3:cad>84</ns3:cad>
          </ns3:TrackPointExtension>
        </extensions>
      </trkpt>
      <trkpt lat="22.5518040172755718231201171875" lon="114.0025414712727069854736328125">
        <ele>34.799999237060546875</ele>
        <time>2026-08-12T22:24:05.000Z</time>
        <extensions>
          <ns3:TrackPointExtension>
            <ns3:atemp>33.0</ns3:atemp>
            <ns3:hr>130</ns3:hr>
            <ns3:cad>84</ns3:cad>
          </ns3:TrackPointExtension>
        </extensions>
      </trkpt>
      <trkpt lat="22.55178851075470447540283203125" lon="114.0025756694376468658447265625">
        <ele>34.59999847412109375</ele>
        <time>2026-08-12T22:24:06.000Z</time>
        <extensions>
          <ns3:TrackPointExtension>
            <ns3:atemp>33.0</ns3:atemp>
            <ns3:hr>130</ns3:hr>
            <ns3:cad>84</ns3:cad>
          </ns3:TrackPointExtension>
        </extensions>
      </trkpt>
      <trkpt lat="22.55178146995604038238525390625" lon="114.00260224007070064544677734375">
        <ele>34.40000152587890625</ele>
        <time>2026-08-12T22:24:07.000Z</time>
        <extensions>
          <ns3:TrackPointExtension>
            <ns3:atemp>33.0</ns3:atemp>
            <ns3:hr>130</ns3:hr>
            <ns3:cad>84</ns3:cad>
          </ns3:TrackPointExtension>
        </extensions>
      </trkpt>
      <trkpt lat="22.55177962593734264373779296875" lon="114.0026205964386463165283203125">
        <ele>34.200000762939453125</ele>
        <time>2026-08-12T22:24:08.000Z</time>
        <extensions>
          <ns3:TrackPointExtension>
            <ns3:atemp>33.0</ns3:atemp>
            <ns3:hr>130</ns3:hr>
            <ns3:cad>84</ns3:cad>
          </ns3:TrackPointExtension>
        </extensions>
      </trkpt>
      <trkpt lat="22.55178012885153293609619140625" lon="114.00263040326535701751708984375">
        <ele>34</ele>
        <time>2026-08-12T22:24:09.000Z</time>
        <extensions>
          <ns3:TrackPointExtension>
            <ns3:atemp>33.0</ns3:atemp>
            <ns3:hr>131</ns3:hr>
            <ns3:cad>84</ns3:cad>
          </ns3:TrackPointExtension>
        </extensions>
      </trkpt>
      <trkpt lat="22.55177744664251804351806640625" lon="114.00265135802328586578369140625">
        <ele>34</ele>
        <time>2026-08-12T22:24:10.000Z</time>
        <extensions>
          <ns3:TrackPointExtension>
            <ns3:atemp>33.0</ns3:atemp>
            <ns3:hr>131</ns3:hr>
            <ns3:cad>84</ns3:cad>
          </ns3:TrackPointExtension>
        </extensions>
      </trkpt>
      <trkpt lat="22.551777027547359466552734375" lon="114.00266862474381923675537109375">
        <ele>33.799999237060546875</ele>
        <time>2026-08-12T22:24:11.000Z</time>
        <extensions>
          <ns3:TrackPointExtension>
            <ns3:atemp>33.0</ns3:atemp>
            <ns3:hr>131</ns3:hr>
            <ns3:cad>84</ns3:cad>
          </ns3:TrackPointExtension>
        </extensions>
      </trkpt>
      <trkpt lat="22.55177509970963001251220703125" lon="114.0026821196079254150390625">
        <ele>33.799999237060546875</ele>
        <time>2026-08-12T22:24:12.000Z</time>
        <extensions>
          <ns3:TrackPointExtension>
            <ns3:atemp>33.0</ns3:atemp>
            <ns3:hr>130</ns3:hr>
            <ns3:cad>83</ns3:cad>
          </ns3:TrackPointExtension>
        </extensions>
      </trkpt>
      <trkpt lat="22.55177459679543972015380859375" lon="114.00270734913647174835205078125">
        <ele>33.799999237060546875</ele>
        <time>2026-08-12T22:24:13.000Z</time>
        <extensions>
          <ns3:TrackPointExtension>
            <ns3:atemp>33.0</ns3:atemp>
            <ns3:hr>129</ns3:hr>
            <ns3:cad>83</ns3:cad>
          </ns3:TrackPointExtension>
        </extensions>
      </trkpt>
      <trkpt lat="22.55177912302315235137939453125" lon="114.002726040780544281005859375">
        <ele>33.799999237060546875</ele>
        <time>2026-08-12T22:24:14.000Z</time>
        <extensions>
          <ns3:TrackPointExtension>
            <ns3:atemp>33.0</ns3:atemp>
            <ns3:hr>129</ns3:hr>
            <ns3:cad>83</ns3:cad>
          </ns3:TrackPointExtension>
        </extensions>
      </trkpt>
      <trkpt lat="22.551774345338344573974609375" lon="114.00273886509239673614501953125">
        <ele>33.799999237060546875</ele>
        <time>2026-08-12T22:24:15.000Z</time>
        <extensions>
          <ns3:TrackPointExtension>
            <ns3:atemp>33.0</ns3:atemp>
            <ns3:hr>129</ns3:hr>
            <ns3:cad>85</ns3:cad>
          </ns3:TrackPointExtension>
        </extensions>
      </trkpt>
      <trkpt lat="22.5517684780061244964599609375" lon="114.00275931693613529205322265625">
        <ele>33.799999237060546875</ele>
        <time>2026-08-12T22:24:16.000Z</time>
        <extensions>
          <ns3:TrackPointExtension>
            <ns3:atemp>33.0</ns3:atemp>
            <ns3:hr>129</ns3:hr>
            <ns3:cad>85</ns3:cad>
          </ns3:TrackPointExtension>
        </extensions>
      </trkpt>
      <trkpt lat="22.55176168866455554962158203125" lon="114.002788066864013671875">
        <ele>33.799999237060546875</ele>
        <time>2026-08-12T22:24:17.000Z</time>
        <extensions>
          <ns3:TrackPointExtension>
            <ns3:atemp>33.0</ns3:atemp>
            <ns3:hr>129</ns3:hr>
            <ns3:cad>85</ns3:cad>
          </ns3:TrackPointExtension>
        </extensions>
      </trkpt>
      <trkpt lat="22.55175582133233547210693359375" lon="114.002814553678035736083984375">
        <ele>33.799999237060546875</ele>
        <time>2026-08-12T22:24:18.000Z</time>
        <extensions>
          <ns3:TrackPointExtension>
            <ns3:atemp>33.0</ns3:atemp>
            <ns3:hr>129</ns3:hr>
            <ns3:cad>83</ns3:cad>
          </ns3:TrackPointExtension>
        </extensions>
      </trkpt>
      <trkpt lat="22.551756240427494049072265625" lon="114.00283508934080600738525390625">
        <ele>33.799999237060546875</ele>
        <time>2026-08-12T22:24:19.000Z</time>
        <extensions>
          <ns3:TrackPointExtension>
            <ns3:atemp>33.0</ns3:atemp>
            <ns3:hr>129</ns3:hr>
            <ns3:cad>83</ns3:cad>
          </ns3:TrackPointExtension>
        </extensions>
      </trkpt>
      <trkpt lat="22.55174945108592510223388671875" lon="114.00286543183028697967529296875">
        <ele>34</ele>
        <time>2026-08-12T22:24:20.000Z</time>
        <extensions>
          <ns3:TrackPointExtension>
            <ns3:atemp>33.0</ns3:atemp>
            <ns3:hr>130</ns3:hr>
            <ns3:cad>84</ns3:cad>
          </ns3:TrackPointExtension>
        </extensions>
      </trkpt>
      <trkpt lat="22.55174375139176845550537109375" lon="114.0028935112059116363525390625">
        <ele>34</ele>
        <time>2026-08-12T22:24:21.000Z</time>
        <extensions>
          <ns3:TrackPointExtension>
            <ns3:atemp>33.0</ns3:atemp>
            <ns3:hr>131</ns3:hr>
            <ns3:cad>84</ns3:cad>
          </ns3:TrackPointExtension>
        </extensions>
      </trkpt>
      <trkpt lat="22.551738806068897247314453125" lon="114.00291739962995052337646484375">
        <ele>34</ele>
        <time>2026-08-12T22:24:22.000Z</time>
        <extensions>
          <ns3:TrackPointExtension>
            <ns3:atemp>33.0</ns3:atemp>
            <ns3:hr>133</ns3:hr>
            <ns3:cad>84</ns3:cad>
          </ns3:TrackPointExtension>
        </extensions>
      </trkpt>
      <trkpt lat="22.55174006335437297821044921875" lon="114.0029478259384632110595703125">
        <ele>34</ele>
        <time>2026-08-12T22:24:23.000Z</time>
        <extensions>
          <ns3:TrackPointExtension>
            <ns3:atemp>33.0</ns3:atemp>
            <ns3:hr>133</ns3:hr>
            <ns3:cad>84</ns3:cad>
          </ns3:TrackPointExtension>
        </extensions>
      </trkpt>
      <trkpt lat="22.5517379678785800933837890625" lon="114.00296953506767749786376953125">
        <ele>33.799999237060546875</ele>
        <time>2026-08-12T22:24:24.000Z</time>
        <extensions>
          <ns3:TrackPointExtension>
            <ns3:atemp>33.0</ns3:atemp>
            <ns3:hr>134</ns3:hr>
            <ns3:cad>84</ns3:cad>
          </ns3:TrackPointExtension>
        </extensions>
      </trkpt>
      <trkpt lat="22.55174056626856327056884765625" lon="114.00300121866166591644287109375">
        <ele>33.799999237060546875</ele>
        <time>2026-08-12T22:24:25.000Z</time>
        <extensions>
          <ns3:TrackPointExtension>
            <ns3:atemp>33.0</ns3:atemp>
            <ns3:hr>134</ns3:hr>
            <ns3:cad>84</ns3:cad>
          </ns3:TrackPointExtension>
        </extensions>
      </trkpt>
      <trkpt lat="22.55174173973500728607177734375" lon="114.0030225925147533416748046875">
        <ele>33.799999237060546875</ele>
        <time>2026-08-12T22:24:26.000Z</time>
        <extensions>
          <ns3:TrackPointExtension>
            <ns3:atemp>33.0</ns3:atemp>
            <ns3:hr>133</ns3:hr>
            <ns3:cad>84</ns3:cad>
          </ns3:TrackPointExtension>
        </extensions>
      </trkpt>
      <trkpt lat="22.55174241028726100921630859375" lon="114.0030562877655029296875">
        <ele>33.799999237060546875</ele>
        <time>2026-08-12T22:24:27.000Z</time>
        <extensions>
          <ns3:TrackPointExtension>
            <ns3:atemp>33.0</ns3:atemp>
            <ns3:hr>133</ns3:hr>
            <ns3:cad>84</ns3:cad>
          </ns3:TrackPointExtension>
        </extensions>
      </trkpt>
      <trkpt lat="22.55173888988792896270751953125" lon="114.003086797893047332763671875">
        <ele>33.59999847412109375</ele>
        <time>2026-08-12T22:24:28.000Z</time>
        <extensions>
          <ns3:TrackPointExtension>
            <ns3:atemp>33.0</ns3:atemp>
            <ns3:hr>132</ns3:hr>
            <ns3:cad>84</ns3:cad>
          </ns3:TrackPointExtension>
        </extensions>
      </trkpt>
      <trkpt lat="22.55173402838408946990966796875" lon="114.00311470963060855865478515625">
        <ele>33.59999847412109375</ele>
        <time>2026-08-12T22:24:29.000Z</time>
        <extensions>
          <ns3:TrackPointExtension>
            <ns3:atemp>33.0</ns3:atemp>
            <ns3:hr>132</ns3:hr>
            <ns3:cad>84</ns3:cad>
          </ns3:TrackPointExtension>
        </extensions>
      </trkpt>
      <trkpt lat="22.5517336092889308929443359375" lon="114.00314681231975555419921875">
        <ele>33.59999847412109375</ele>
        <time>2026-08-12T22:24:30.000Z</time>
        <extensions>
          <ns3:TrackPointExtension>
            <ns3:atemp>33.0</ns3:atemp>
            <ns3:hr>132</ns3:hr>
            <ns3:cad>84</ns3:cad>
          </ns3:TrackPointExtension>
        </extensions>
      </trkpt>
      <trkpt lat="22.5517289154231548309326171875" lon="114.00317036546766757965087890625">
        <ele>33.40000152587890625</ele>
        <time>2026-08-12T22:24:31.000Z</time>
        <extensions>
          <ns3:TrackPointExtension>
            <ns3:atemp>33.0</ns3:atemp>
            <ns3:hr>132</ns3:hr>
            <ns3:cad>84</ns3:cad>
          </ns3:TrackPointExtension>
        </extensions>
      </trkpt>
      <trkpt lat="22.55172531120479106903076171875" lon="114.003199450671672821044921875">
        <ele>33.40000152587890625</ele>
        <time>2026-08-12T22:24:32.000Z</time>
        <extensions>
          <ns3:TrackPointExtension>
            <ns3:atemp>33.0</ns3:atemp>
            <ns3:hr>131</ns3:hr>
            <ns3:cad>84</ns3:cad>
          </ns3:TrackPointExtension>
        </extensions>
      </trkpt>
      <trkpt lat="22.55172112025320529937744140625" lon="114.00322903878986835479736328125">
        <ele>33.200000762939453125</ele>
        <time>2026-08-12T22:24:33.000Z</time>
        <extensions>
          <ns3:TrackPointExtension>
            <ns3:atemp>33.0</ns3:atemp>
            <ns3:hr>131</ns3:hr>
            <ns3:cad>84</ns3:cad>
          </ns3:TrackPointExtension>
        </extensions>
      </trkpt>
      <trkpt lat="22.5517191924154758453369140625" lon="114.00325116701424121856689453125">
        <ele>33.200000762939453125</ele>
        <time>2026-08-12T22:24:34.000Z</time>
        <extensions>
          <ns3:TrackPointExtension>
            <ns3:atemp>33.0</ns3:atemp>
            <ns3:hr>131</ns3:hr>
            <ns3:cad>84</ns3:cad>
          </ns3:TrackPointExtension>
        </extensions>
      </trkpt>
      <trkpt lat="22.55171961151063442230224609375" lon="114.00327916257083415985107421875">
        <ele>33.200000762939453125</ele>
        <time>2026-08-12T22:24:35.000Z</time>
        <extensions>
          <ns3:TrackPointExtension>
            <ns3:atemp>33.0</ns3:atemp>
            <ns3:hr>131</ns3:hr>
            <ns3:cad>84</ns3:cad>
          </ns3:TrackPointExtension>
        </extensions>
      </trkpt>
      <trkpt lat="22.55171902477741241455078125" lon="114.00330531410872936248779296875">
        <ele>33.200000762939453125</ele>
        <time>2026-08-12T22:24:36.000Z</time>
        <extensions>
          <ns3:TrackPointExtension>
            <ns3:atemp>33.0</ns3:atemp>
            <ns3:hr>131</ns3:hr>
            <ns3:cad>85</ns3:cad>
          </ns3:TrackPointExtension>
        </extensions>
      </trkpt>
      <trkpt lat="22.5517188571393489837646484375" lon="114.00332920253276824951171875">
        <ele>33</ele>
        <time>2026-08-12T22:24:37.000Z</time>
        <extensions>
          <ns3:TrackPointExtension>
            <ns3:atemp>33.0</ns3:atemp>
            <ns3:hr>131</ns3:hr>
            <ns3:cad>85</ns3:cad>
          </ns3:TrackPointExtension>
        </extensions>
      </trkpt>
      <trkpt lat="22.55172078497707843780517578125" lon="114.003349654376506805419921875">
        <ele>33</ele>
        <time>2026-08-12T22:24:38.000Z</time>
        <extensions>
          <ns3:TrackPointExtension>
            <ns3:atemp>33.0</ns3:atemp>
            <ns3:hr>131</ns3:hr>
            <ns3:cad>85</ns3:cad>
          </ns3:TrackPointExtension>
        </extensions>
      </trkpt>
      <trkpt lat="22.55171508528292179107666015625" lon="114.003370106220245361328125">
        <ele>33</ele>
        <time>2026-08-12T22:24:39.000Z</time>
        <extensions>
          <ns3:TrackPointExtension>
            <ns3:atemp>33.0</ns3:atemp>
            <ns3:hr>131</ns3:hr>
            <ns3:cad>84</ns3:cad>
          </ns3:TrackPointExtension>
        </extensions>
      </trkpt>
      <trkpt lat="22.55171298980712890625" lon="114.00339600630104541778564453125">
        <ele>33</ele>
        <time>2026-08-12T22:24:40.000Z</time>
        <extensions>
          <ns3:TrackPointExtension>
            <ns3:atemp>33.0</ns3:atemp>
            <ns3:hr>131</ns3:hr>
            <ns3:cad>84</ns3:cad>
          </ns3:TrackPointExtension>
        </extensions>
      </trkpt>
      <trkpt lat="22.5517144985496997833251953125" lon="114.0034111775457859039306640625">
        <ele>33</ele>
        <time>2026-08-12T22:24:41.000Z</time>
        <extensions>
          <ns3:TrackPointExtension>
            <ns3:atemp>33.0</ns3:atemp>
            <ns3:hr>130</ns3:hr>
            <ns3:cad>84</ns3:cad>
          </ns3:TrackPointExtension>
        </extensions>
      </trkpt>
      <trkpt lat="22.551714666187763214111328125" lon="114.00343690998852252960205078125">
        <ele>33</ele>
        <time>2026-08-12T22:24:42.000Z</time>
        <extensions>
          <ns3:TrackPointExtension>
            <ns3:atemp>33.0</ns3:atemp>
            <ns3:hr>131</ns3:hr>
            <ns3:cad>84</ns3:cad>
          </ns3:TrackPointExtension>
        </extensions>
      </trkpt>
      <trkpt lat="22.5517138279974460601806640625" lon="114.003456942737102508544921875">
        <ele>33</ele>
        <time>2026-08-12T22:24:43.000Z</time>
        <extensions>
          <ns3:TrackPointExtension>
            <ns3:atemp>33.0</ns3:atemp>
            <ns3:hr>130</ns3:hr>
            <ns3:cad>84</ns3:cad>
          </ns3:TrackPointExtension>
        </extensions>
      </trkpt>
      <trkpt lat="22.551713325083255767822265625" lon="114.0034809149801731109619140625">
        <ele>32.799999237060546875</ele>
        <time>2026-08-12T22:24:44.000Z</time>
        <extensions>
          <ns3:TrackPointExtension>
            <ns3:atemp>33.0</ns3:atemp>
            <ns3:hr>130</ns3:hr>
            <ns3:cad>84</ns3:cad>
          </ns3:TrackPointExtension>
        </extensions>
      </trkpt>
      <trkpt lat="22.55170921795070171356201171875" lon="114.0035070665180683135986328125">
        <ele>32.799999237060546875</ele>
        <time>2026-08-12T22:24:45.000Z</time>
        <extensions>
          <ns3:TrackPointExtension>
            <ns3:atemp>33.0</ns3:atemp>
            <ns3:hr>130</ns3:hr>
            <ns3:cad>84</ns3:cad>
          </ns3:TrackPointExtension>
        </extensions>
      </trkpt>
      <trkpt lat="22.55170586518943309783935546875" lon="114.00352877564728260040283203125">
        <ele>32.59999847412109375</ele>
        <time>2026-08-12T22:24:46.000Z</time>
        <extensions>
          <ns3:TrackPointExtension>
            <ns3:atemp>33.0</ns3:atemp>
            <ns3:hr>130</ns3:hr>
            <ns3:cad>85</ns3:cad>
          </ns3:TrackPointExtension>
        </extensions>
      </trkpt>
      <trkpt lat="22.5517064519226551055908203125" lon="114.00354721583425998687744140625">
        <ele>32.59999847412109375</ele>
        <time>2026-08-12T22:24:47.000Z</time>
        <extensions>
          <ns3:TrackPointExtension>
            <ns3:atemp>33.0</ns3:atemp>
            <ns3:hr>131</ns3:hr>
            <ns3:cad>85</ns3:cad>
          </ns3:TrackPointExtension>
        </extensions>
      </trkpt>
      <trkpt lat="22.55170804448425769805908203125" lon="114.00356682948768138885498046875">
        <ele>32.59999847412109375</ele>
        <time>2026-08-12T22:24:48.000Z</time>
        <extensions>
          <ns3:TrackPointExtension>
            <ns3:atemp>33.0</ns3:atemp>
            <ns3:hr>130</ns3:hr>
            <ns3:cad>85</ns3:cad>
          </ns3:TrackPointExtension>
        </extensions>
      </trkpt>
      <trkpt lat="22.551706619560718536376953125" lon="114.00358292274177074432373046875">
        <ele>32.40000152587890625</ele>
        <time>2026-08-12T22:24:49.000Z</time>
        <extensions>
          <ns3:TrackPointExtension>
            <ns3:atemp>33.0</ns3:atemp>
            <ns3:hr>130</ns3:hr>
            <ns3:cad>84</ns3:cad>
          </ns3:TrackPointExtension>
        </extensions>
      </trkpt>
      <trkpt lat="22.55170921795070171356201171875" lon="114.00360488332808017730712890625">
        <ele>32.40000152587890625</ele>
        <time>2026-08-12T22:24:50.000Z</time>
        <extensions>
          <ns3:TrackPointExtension>
            <ns3:atemp>33.0</ns3:atemp>
            <ns3:hr>130</ns3:hr>
            <ns3:cad>84</ns3:cad>
          </ns3:TrackPointExtension>
        </extensions>
      </trkpt>
      <trkpt lat="22.551715336740016937255859375" lon="114.0036284364759922027587890625">
        <ele>32.40000152587890625</ele>
        <time>2026-08-12T22:24:51.000Z</time>
        <extensions>
          <ns3:TrackPointExtension>
            <ns3:atemp>33.0</ns3:atemp>
            <ns3:hr>130</ns3:hr>
            <ns3:cad>83</ns3:cad>
          </ns3:TrackPointExtension>
        </extensions>
      </trkpt>
      <trkpt lat="22.55171768367290496826171875" lon="114.00365601293742656707763671875">
        <ele>32.40000152587890625</ele>
        <time>2026-08-12T22:24:52.000Z</time>
        <extensions>
          <ns3:TrackPointExtension>
            <ns3:atemp>33.0</ns3:atemp>
            <ns3:hr>130</ns3:hr>
            <ns3:cad>83</ns3:cad>
          </ns3:TrackPointExtension>
        </extensions>
      </trkpt>
      <trkpt lat="22.55172380246222019195556640625" lon="114.00367780588567256927490234375">
        <ele>32.200000762939453125</ele>
        <time>2026-08-12T22:24:53.000Z</time>
        <extensions>
          <ns3:TrackPointExtension>
            <ns3:atemp>33.0</ns3:atemp>
            <ns3:hr>130</ns3:hr>
            <ns3:cad>83</ns3:cad>
          </ns3:TrackPointExtension>
        </extensions>
      </trkpt>
      <trkpt lat="22.5517252273857593536376953125" lon="114.00368853472173213958740234375">
        <ele>32.200000762939453125</ele>
        <time>2026-08-12T22:24:54.000Z</time>
        <extensions>
          <ns3:TrackPointExtension>
            <ns3:atemp>33.0</ns3:atemp>
            <ns3:hr>130</ns3:hr>
            <ns3:cad>84</ns3:cad>
          </ns3:TrackPointExtension>
        </extensions>
      </trkpt>
      <trkpt lat="22.55172799341380596160888671875" lon="114.00371267460286617279052734375">
        <ele>32.200000762939453125</ele>
        <time>2026-08-12T22:24:55.000Z</time>
        <extensions>
          <ns3:TrackPointExtension>
            <ns3:atemp>33.0</ns3:atemp>
            <ns3:hr>131</ns3:hr>
            <ns3:cad>84</ns3:cad>
          </ns3:TrackPointExtension>
        </extensions>
      </trkpt>
      <trkpt lat="22.551732100546360015869140625" lon="114.00373061187565326690673828125">
        <ele>32.200000762939453125</ele>
        <time>2026-08-12T22:24:56.000Z</time>
        <extensions>
          <ns3:TrackPointExtension>
            <ns3:atemp>33.0</ns3:atemp>
            <ns3:hr>131</ns3:hr>
            <ns3:cad>84</ns3:cad>
          </ns3:TrackPointExtension>
        </extensions>
      </trkpt>
      <trkpt lat="22.55173620767891407012939453125" lon="114.00375374592840671539306640625">
        <ele>32.200000762939453125</ele>
        <time>2026-08-12T22:24:57.000Z</time>
        <extensions>
          <ns3:TrackPointExtension>
            <ns3:atemp>33.0</ns3:atemp>
            <ns3:hr>131</ns3:hr>
            <ns3:cad>84</ns3:cad>
          </ns3:TrackPointExtension>
        </extensions>
      </trkpt>
      <trkpt lat="22.55174450576305389404296875" lon="114.00376698933541774749755859375">
        <ele>32.200000762939453125</ele>
        <time>2026-08-12T22:24:58.000Z</time>
        <extensions>
          <ns3:TrackPointExtension>
            <ns3:atemp>33.0</ns3:atemp>
            <ns3:hr>131</ns3:hr>
            <ns3:cad>84</ns3:cad>
          </ns3:TrackPointExtension>
        </extensions>
      </trkpt>
      <trkpt lat="22.5517600961029529571533203125" lon="114.0037779696285724639892578125">
        <ele>32</ele>
        <time>2026-08-12T22:24:59.000Z</time>
        <extensions>
          <ns3:TrackPointExtension>
            <ns3:atemp>33.0</ns3:atemp>
            <ns3:hr>130</ns3:hr>
            <ns3:cad>84</ns3:cad>
          </ns3:TrackPointExtension>
        </extensions>
      </trkpt>
      <trkpt lat="22.55177711136639118194580078125" lon="114.0037994273006916046142578125">
        <ele>32</ele>
        <time>2026-08-12T22:25:00.000Z</time>
        <extensions>
          <ns3:TrackPointExtension>
            <ns3:atemp>33.0</ns3:atemp>
            <ns3:hr>131</ns3:hr>
            <ns3:cad>85</ns3:cad>
          </ns3:TrackPointExtension>
        </extensions>
      </trkpt>
      <trkpt lat="22.55178683437407016754150390625" lon="114.0038166940212249755859375">
        <ele>31.799999237060546875</ele>
        <time>2026-08-12T22:25:01.000Z</time>
        <extensions>
          <ns3:TrackPointExtension>
            <ns3:atemp>33.0</ns3:atemp>
            <ns3:hr>131</ns3:hr>
            <ns3:cad>85</ns3:cad>
          </ns3:TrackPointExtension>
        </extensions>
      </trkpt>
      <trkpt lat="22.5517953000962734222412109375" lon="114.00384418666362762451171875">
        <ele>31.799999237060546875</ele>
        <time>2026-08-12T22:25:02.000Z</time>
        <extensions>
          <ns3:TrackPointExtension>
            <ns3:atemp>33.0</ns3:atemp>
            <ns3:hr>131</ns3:hr>
            <ns3:cad>85</ns3:cad>
          </ns3:TrackPointExtension>
        </extensions>
      </trkpt>
      <trkpt lat="22.5518040172755718231201171875" lon="114.003866650164127349853515625">
        <ele>31.6000003814697265625</ele>
        <time>2026-08-12T22:25:03.000Z</time>
        <extensions>
          <ns3:TrackPointExtension>
            <ns3:atemp>33.0</ns3:atemp>
            <ns3:hr>131</ns3:hr>
            <ns3:cad>84</ns3:cad>
          </ns3:TrackPointExtension>
        </extensions>
      </trkpt>
      <trkpt lat="22.55181021988391876220703125" lon="114.00388986803591251373291015625">
        <ele>31.6000003814697265625</ele>
        <time>2026-08-12T22:25:04.000Z</time>
        <extensions>
          <ns3:TrackPointExtension>
            <ns3:atemp>33.0</ns3:atemp>
            <ns3:hr>131</ns3:hr>
            <ns3:cad>84</ns3:cad>
          </ns3:TrackPointExtension>
        </extensions>
      </trkpt>
      <trkpt lat="22.55181181244552135467529296875" lon="114.00392037816345691680908203125">
        <ele>31.3999996185302734375</ele>
        <time>2026-08-12T22:25:05.000Z</time>
        <extensions>
          <ns3:TrackPointExtension>
            <ns3:atemp>33.0</ns3:atemp>
            <ns3:hr>131</ns3:hr>
            <ns3:cad>83</ns3:cad>
          </ns3:TrackPointExtension>
        </extensions>
      </trkpt>
      <trkpt lat="22.55181550048291683197021484375" lon="114.0039469487965106964111328125">
        <ele>31.200000762939453125</ele>
        <time>2026-08-12T22:25:06.000Z</time>
        <extensions>
          <ns3:TrackPointExtension>
            <ns3:atemp>33.0</ns3:atemp>
            <ns3:hr>130</ns3:hr>
            <ns3:cad>83</ns3:cad>
          </ns3:TrackPointExtension>
        </extensions>
      </trkpt>
      <trkpt lat="22.55181801505386829376220703125" lon="114.00397603400051593780517578125">
        <ele>31.200000762939453125</ele>
        <time>2026-08-12T22:25:07.000Z</time>
        <extensions>
          <ns3:TrackPointExtension>
            <ns3:atemp>33.0</ns3:atemp>
            <ns3:hr>131</ns3:hr>
            <ns3:cad>83</ns3:cad>
          </ns3:TrackPointExtension>
        </extensions>
      </trkpt>
      <trkpt lat="22.55182019434869289398193359375" lon="114.00400151498615741729736328125">
        <ele>31</ele>
        <time>2026-08-12T22:25:08.000Z</time>
        <extensions>
          <ns3:TrackPointExtension>
            <ns3:atemp>33.0</ns3:atemp>
            <ns3:hr>131</ns3:hr>
            <ns3:cad>83</ns3:cad>
          </ns3:TrackPointExtension>
        </extensions>
      </trkpt>
      <trkpt lat="22.55182572640478610992431640625" lon="114.00402045808732509613037109375">
        <ele>31</ele>
        <time>2026-08-12T22:25:09.000Z</time>
        <extensions>
          <ns3:TrackPointExtension>
            <ns3:atemp>33.0</ns3:atemp>
            <ns3:hr>130</ns3:hr>
            <ns3:cad>83</ns3:cad>
          </ns3:TrackPointExtension>
        </extensions>
      </trkpt>
      <trkpt lat="22.55182765424251556396484375" lon="114.0040421672165393829345703125">
        <ele>30.799999237060546875</ele>
        <time>2026-08-12T22:25:10.000Z</time>
        <extensions>
          <ns3:TrackPointExtension>
            <ns3:atemp>33.0</ns3:atemp>
            <ns3:hr>131</ns3:hr>
            <ns3:cad>84</ns3:cad>
          </ns3:TrackPointExtension>
        </extensions>
      </trkpt>
      <trkpt lat="22.55182539112865924835205078125" lon="114.00405951775610446929931640625">
        <ele>30.799999237060546875</ele>
        <time>2026-08-12T22:25:11.000Z</time>
        <extensions>
          <ns3:TrackPointExtension>
            <ns3:atemp>33.0</ns3:atemp>
            <ns3:hr>131</ns3:hr>
            <ns3:cad>84</ns3:cad>
          </ns3:TrackPointExtension>
        </extensions>
      </trkpt>
      <trkpt lat="22.55181952379643917083740234375" lon="114.0040688216686248779296875">
        <ele>30.799999237060546875</ele>
        <time>2026-08-12T22:25:12.000Z</time>
        <extensions>
          <ns3:TrackPointExtension>
            <ns3:atemp>33.0</ns3:atemp>
            <ns3:hr>131</ns3:hr>
            <ns3:cad>84</ns3:cad>
          </ns3:TrackPointExtension>
        </extensions>
      </trkpt>
      <trkpt lat="22.5518103875219821929931640625" lon="114.004078544676303863525390625">
        <ele>30.799999237060546875</ele>
        <time>2026-08-12T22:25:13.000Z</time>
        <extensions>
          <ns3:TrackPointExtension>
            <ns3:atemp>33.0</ns3:atemp>
            <ns3:hr>131</ns3:hr>
            <ns3:cad>83</ns3:cad>
          </ns3:TrackPointExtension>
        </extensions>
      </trkpt>
      <trkpt lat="22.55180292762815952301025390625" lon="114.0040849149227142333984375">
        <ele>30.799999237060546875</ele>
        <time>2026-08-12T22:25:14.000Z</time>
        <extensions>
          <ns3:TrackPointExtension>
            <ns3:atemp>33.0</ns3:atemp>
            <ns3:hr>131</ns3:hr>
            <ns3:cad>83</ns3:cad>
          </ns3:TrackPointExtension>
        </extensions>
      </trkpt>
      <trkpt lat="22.5517953000962734222412109375" lon="114.0040968172252178192138671875">
        <ele>30.6000003814697265625</ele>
        <time>2026-08-12T22:25:15.000Z</time>
        <extensions>
          <ns3:TrackPointExtension>
            <ns3:atemp>33.0</ns3:atemp>
            <ns3:hr>131</ns3:hr>
            <ns3:cad>83</ns3:cad>
          </ns3:TrackPointExtension>
        </extensions>
      </trkpt>
      <trkpt lat="22.5517912767827510833740234375" lon="114.00411508977413177490234375">
        <ele>30.6000003814697265625</ele>
        <time>2026-08-12T22:25:16.000Z</time>
        <extensions>
          <ns3:TrackPointExtension>
            <ns3:atemp>33.0</ns3:atemp>
            <ns3:hr>132</ns3:hr>
            <ns3:cad>83</ns3:cad>
          </ns3:TrackPointExtension>
        </extensions>
      </trkpt>
      <trkpt lat="22.55178398452699184417724609375" lon="114.00412984192371368408203125">
        <ele>30.799999237060546875</ele>
        <time>2026-08-12T22:25:17.000Z</time>
        <extensions>
          <ns3:TrackPointExtension>
            <ns3:atemp>33.0</ns3:atemp>
            <ns3:hr>132</ns3:hr>
            <ns3:cad>83</ns3:cad>
          </ns3:TrackPointExtension>
        </extensions>
      </trkpt>
      <trkpt lat="22.5517761893570423126220703125" lon="114.0041427500545978546142578125">
        <ele>30.799999237060546875</ele>
        <time>2026-08-12T22:25:18.000Z</time>
        <extensions>
          <ns3:TrackPointExtension>
            <ns3:atemp>33.0</ns3:atemp>
            <ns3:hr>132</ns3:hr>
            <ns3:cad>83</ns3:cad>
          </ns3:TrackPointExtension>
        </extensions>
      </trkpt>
      <trkpt lat="22.55177266895771026611328125" lon="114.0041680634021759033203125">
        <ele>30.799999237060546875</ele>
        <time>2026-08-12T22:25:19.000Z</time>
        <extensions>
          <ns3:TrackPointExtension>
            <ns3:atemp>33.0</ns3:atemp>
            <ns3:hr>132</ns3:hr>
            <ns3:cad>83</ns3:cad>
          </ns3:TrackPointExtension>
        </extensions>
      </trkpt>
      <trkpt lat="22.5517706573009490966796875" lon="114.00419429875910282135009765625">
        <ele>30.799999237060546875</ele>
        <time>2026-08-12T22:25:20.000Z</time>
        <extensions>
          <ns3:TrackPointExtension>
            <ns3:atemp>33.0</ns3:atemp>
            <ns3:hr>132</ns3:hr>
            <ns3:cad>83</ns3:cad>
          </ns3:TrackPointExtension>
        </extensions>
      </trkpt>
      <trkpt lat="22.55176822654902935028076171875" lon="114.0042175166308879852294921875">
        <ele>30.799999237060546875</ele>
        <time>2026-08-12T22:25:21.000Z</time>
        <extensions>
          <ns3:TrackPointExtension>
            <ns3:atemp>33.0</ns3:atemp>
            <ns3:hr>132</ns3:hr>
            <ns3:cad>82</ns3:cad>
          </ns3:TrackPointExtension>
        </extensions>
      </trkpt>
      <trkpt lat="22.551768980920314788818359375" lon="114.00424408726394176483154296875">
        <ele>30.6000003814697265625</ele>
        <time>2026-08-12T22:25:22.000Z</time>
        <extensions>
          <ns3:TrackPointExtension>
            <ns3:atemp>33.0</ns3:atemp>
            <ns3:hr>132</ns3:hr>
            <ns3:cad>82</ns3:cad>
          </ns3:TrackPointExtension>
        </extensions>
      </trkpt>
      <trkpt lat="22.55176822654902935028076171875" lon="114.004271663725376129150390625">
        <ele>30.6000003814697265625</ele>
        <time>2026-08-12T22:25:23.000Z</time>
        <extensions>
          <ns3:TrackPointExtension>
            <ns3:atemp>33.0</ns3:atemp>
            <ns3:hr>132</ns3:hr>
            <ns3:cad>83</ns3:cad>
          </ns3:TrackPointExtension>
        </extensions>
      </trkpt>
      <trkpt lat="22.5517708249390125274658203125" lon="114.00429672561585903167724609375">
        <ele>30.3999996185302734375</ele>
        <time>2026-08-12T22:25:24.000Z</time>
        <extensions>
          <ns3:TrackPointExtension>
            <ns3:atemp>33.0</ns3:atemp>
            <ns3:hr>131</ns3:hr>
            <ns3:cad>83</ns3:cad>
          </ns3:TrackPointExtension>
        </extensions>
      </trkpt>
      <trkpt lat="22.55177023820579051971435546875" lon="114.0043194405734539031982421875">
        <ele>30.3999996185302734375</ele>
        <time>2026-08-12T22:25:25.000Z</time>
        <extensions>
          <ns3:TrackPointExtension>
            <ns3:atemp>33.0</ns3:atemp>
            <ns3:hr>131</ns3:hr>
            <ns3:cad>83</ns3:cad>
          </ns3:TrackPointExtension>
        </extensions>
      </trkpt>
      <trkpt lat="22.55177308805286884307861328125" lon="114.00434399954974651336669921875">
        <ele>30.3999996185302734375</ele>
        <time>2026-08-12T22:25:26.000Z</time>
        <extensions>
          <ns3:TrackPointExtension>
            <ns3:atemp>33.0</ns3:atemp>
            <ns3:hr>131</ns3:hr>
            <ns3:cad>83</ns3:cad>
          </ns3:TrackPointExtension>
        </extensions>
      </trkpt>
      <trkpt lat="22.5517765246331691741943359375" lon="114.00437031872570514678955078125">
        <ele>30.3999996185302734375</ele>
        <time>2026-08-12T22:25:27.000Z</time>
        <extensions>
          <ns3:TrackPointExtension>
            <ns3:atemp>33.0</ns3:atemp>
            <ns3:hr>131</ns3:hr>
            <ns3:cad>83</ns3:cad>
          </ns3:TrackPointExtension>
        </extensions>
      </trkpt>
      <trkpt lat="22.55177526734769344329833984375" lon="114.0043948777019977569580078125">
        <ele>30.200000762939453125</ele>
        <time>2026-08-12T22:25:28.000Z</time>
        <extensions>
          <ns3:TrackPointExtension>
            <ns3:atemp>33.0</ns3:atemp>
            <ns3:hr>131</ns3:hr>
            <ns3:cad>83</ns3:cad>
          </ns3:TrackPointExtension>
        </extensions>
      </trkpt>
      <trkpt lat="22.55177560262382030487060546875" lon="114.00441507808864116668701171875">
        <ele>30.200000762939453125</ele>
        <time>2026-08-12T22:25:29.000Z</time>
        <extensions>
          <ns3:TrackPointExtension>
            <ns3:atemp>33.0</ns3:atemp>
            <ns3:hr>131</ns3:hr>
            <ns3:cad>84</ns3:cad>
          </ns3:TrackPointExtension>
        </extensions>
      </trkpt>
      <trkpt lat="22.5517771951854228973388671875" lon="114.00443787686526775360107421875">
        <ele>30.200000762939453125</ele>
        <time>2026-08-12T22:25:30.000Z</time>
        <extensions>
          <ns3:TrackPointExtension>
            <ns3:atemp>33.0</ns3:atemp>
            <ns3:hr>132</ns3:hr>
            <ns3:cad>84</ns3:cad>
          </ns3:TrackPointExtension>
        </extensions>
      </trkpt>
      <trkpt lat="22.551777027547359466552734375" lon="114.0044569037854671478271484375">
        <ele>30</ele>
        <time>2026-08-12T22:25:31.000Z</time>
        <extensions>
          <ns3:TrackPointExtension>
            <ns3:atemp>33.0</ns3:atemp>
            <ns3:hr>132</ns3:hr>
            <ns3:cad>84</ns3:cad>
          </ns3:TrackPointExtension>
        </extensions>
      </trkpt>
      <trkpt lat="22.55177962593734264373779296875" lon="114.004473499953746795654296875">
        <ele>30</ele>
        <time>2026-08-12T22:25:32.000Z</time>
        <extensions>
          <ns3:TrackPointExtension>
            <ns3:atemp>33.0</ns3:atemp>
            <ns3:hr>132</ns3:hr>
            <ns3:cad>83</ns3:cad>
          </ns3:TrackPointExtension>
        </extensions>
      </trkpt>
      <trkpt lat="22.55177895538508892059326171875" lon="114.004497639834880828857421875">
        <ele>30</ele>
        <time>2026-08-12T22:25:33.000Z</time>
        <extensions>
          <ns3:TrackPointExtension>
            <ns3:atemp>33.0</ns3:atemp>
            <ns3:hr>132</ns3:hr>
            <ns3:cad>83</ns3:cad>
          </ns3:TrackPointExtension>
        </extensions>
      </trkpt>
      <trkpt lat="22.55177644081413745880126953125" lon="114.004520438611507415771484375">
        <ele>30</ele>
        <time>2026-08-12T22:25:34.000Z</time>
        <extensions>
          <ns3:TrackPointExtension>
            <ns3:atemp>33.0</ns3:atemp>
            <ns3:hr>132</ns3:hr>
            <ns3:cad>83</ns3:cad>
          </ns3:TrackPointExtension>
        </extensions>
      </trkpt>
      <trkpt lat="22.55177535116672515869140625" lon="114.0045460872352123260498046875">
        <ele>29.799999237060546875</ele>
        <time>2026-08-12T22:25:35.000Z</time>
        <extensions>
          <ns3:TrackPointExtension>
            <ns3:atemp>33.0</ns3:atemp>
            <ns3:hr>132</ns3:hr>
            <ns3:cad>83</ns3:cad>
          </ns3:TrackPointExtension>
        </extensions>
      </trkpt>
      <trkpt lat="22.55177509970963001251220703125" lon="114.004574082791805267333984375">
        <ele>29.799999237060546875</ele>
        <time>2026-08-12T22:25:36.000Z</time>
        <extensions>
          <ns3:TrackPointExtension>
            <ns3:atemp>33.0</ns3:atemp>
            <ns3:hr>132</ns3:hr>
            <ns3:cad>83</ns3:cad>
          </ns3:TrackPointExtension>
        </extensions>
      </trkpt>
      <trkpt lat="22.5517787039279937744140625" lon="114.00460191071033477783203125">
        <ele>29.799999237060546875</ele>
        <time>2026-08-12T22:25:37.000Z</time>
        <extensions>
          <ns3:TrackPointExtension>
            <ns3:atemp>33.0</ns3:atemp>
            <ns3:hr>132</ns3:hr>
            <ns3:cad>84</ns3:cad>
          </ns3:TrackPointExtension>
        </extensions>
      </trkpt>
      <trkpt lat="22.551777027547359466552734375" lon="114.004628397524356842041015625">
        <ele>29.6000003814697265625</ele>
        <time>2026-08-12T22:25:38.000Z</time>
        <extensions>
          <ns3:TrackPointExtension>
            <ns3:atemp>33.0</ns3:atemp>
            <ns3:hr>132</ns3:hr>
            <ns3:cad>84</ns3:cad>
          </ns3:TrackPointExtension>
        </extensions>
      </trkpt>
      <trkpt lat="22.55177711136639118194580078125" lon="114.0046453289687633514404296875">
        <ele>29.6000003814697265625</ele>
        <time>2026-08-12T22:25:39.000Z</time>
        <extensions>
          <ns3:TrackPointExtension>
            <ns3:atemp>33.0</ns3:atemp>
            <ns3:hr>133</ns3:hr>
            <ns3:cad>84</ns3:cad>
          </ns3:TrackPointExtension>
        </extensions>
      </trkpt>
      <trkpt lat="22.55177878774702548980712890625" lon="114.004670642316341400146484375">
        <ele>29.6000003814697265625</ele>
        <time>2026-08-12T22:25:40.000Z</time>
        <extensions>
          <ns3:TrackPointExtension>
            <ns3:atemp>33.0</ns3:atemp>
            <ns3:hr>133</ns3:hr>
            <ns3:cad>84</ns3:cad>
          </ns3:TrackPointExtension>
        </extensions>
      </trkpt>
      <trkpt lat="22.5517775304615497589111328125" lon="114.0046959556639194488525390625">
        <ele>29.6000003814697265625</ele>
        <time>2026-08-12T22:25:41.000Z</time>
        <extensions>
          <ns3:TrackPointExtension>
            <ns3:atemp>33.0</ns3:atemp>
            <ns3:hr>133</ns3:hr>
            <ns3:cad>85</ns3:cad>
          </ns3:TrackPointExtension>
        </extensions>
      </trkpt>
      <trkpt lat="22.55177677609026432037353515625" lon="114.0047221072018146514892578125">
        <ele>29.6000003814697265625</ele>
        <time>2026-08-12T22:25:42.000Z</time>
        <extensions>
          <ns3:TrackPointExtension>
            <ns3:atemp>33.0</ns3:atemp>
            <ns3:hr>133</ns3:hr>
            <ns3:cad>85</ns3:cad>
          </ns3:TrackPointExtension>
        </extensions>
      </trkpt>
      <trkpt lat="22.55177761428058147430419921875" lon="114.00474800728261470794677734375">
        <ele>29.6000003814697265625</ele>
        <time>2026-08-12T22:25:43.000Z</time>
        <extensions>
          <ns3:TrackPointExtension>
            <ns3:atemp>33.0</ns3:atemp>
            <ns3:hr>134</ns3:hr>
            <ns3:cad>85</ns3:cad>
          </ns3:TrackPointExtension>
        </extensions>
      </trkpt>
      <trkpt lat="22.551777362823486328125" lon="114.0047680400311946868896484375">
        <ele>29.3999996185302734375</ele>
        <time>2026-08-12T22:25:44.000Z</time>
        <extensions>
          <ns3:TrackPointExtension>
            <ns3:atemp>33.0</ns3:atemp>
            <ns3:hr>134</ns3:hr>
            <ns3:cad>85</ns3:cad>
          </ns3:TrackPointExtension>
        </extensions>
      </trkpt>
      <trkpt lat="22.551775015890598297119140625" lon="114.004791341722011566162109375">
        <ele>29.3999996185302734375</ele>
        <time>2026-08-12T22:25:45.000Z</time>
        <extensions>
          <ns3:TrackPointExtension>
            <ns3:atemp>33.0</ns3:atemp>
            <ns3:hr>134</ns3:hr>
            <ns3:cad>85</ns3:cad>
          </ns3:TrackPointExtension>
        </extensions>
      </trkpt>
      <trkpt lat="22.55177359096705913543701171875" lon="114.00481506250798702239990234375">
        <ele>29.3999996185302734375</ele>
        <time>2026-08-12T22:25:46.000Z</time>
        <extensions>
          <ns3:TrackPointExtension>
            <ns3:atemp>33.0</ns3:atemp>
            <ns3:hr>135</ns3:hr>
            <ns3:cad>85</ns3:cad>
          </ns3:TrackPointExtension>
        </extensions>
      </trkpt>
      <trkpt lat="22.551769316196441650390625" lon="114.0048407949507236480712890625">
        <ele>29.200000762939453125</ele>
        <time>2026-08-12T22:25:47.000Z</time>
        <extensions>
          <ns3:TrackPointExtension>
            <ns3:atemp>33.0</ns3:atemp>
            <ns3:hr>135</ns3:hr>
            <ns3:cad>85</ns3:cad>
          </ns3:TrackPointExtension>
        </extensions>
      </trkpt>
      <trkpt lat="22.551770322024822235107421875" lon="114.0048659406602382659912109375">
        <ele>29.200000762939453125</ele>
        <time>2026-08-12T22:25:48.000Z</time>
        <extensions>
          <ns3:TrackPointExtension>
            <ns3:atemp>33.0</ns3:atemp>
            <ns3:hr>135</ns3:hr>
            <ns3:cad>85</ns3:cad>
          </ns3:TrackPointExtension>
        </extensions>
      </trkpt>
      <trkpt lat="22.5517704896628856658935546875" lon="114.0048880688846111297607421875">
        <ele>29.200000762939453125</ele>
        <time>2026-08-12T22:25:49.000Z</time>
        <extensions>
          <ns3:TrackPointExtension>
            <ns3:atemp>33.0</ns3:atemp>
            <ns3:hr>135</ns3:hr>
            <ns3:cad>85</ns3:cad>
          </ns3:TrackPointExtension>
        </extensions>
      </trkpt>
      <trkpt lat="22.55176688544452190399169921875" lon="114.00491095148026943206787109375">
        <ele>29.200000762939453125</ele>
        <time>2026-08-12T22:25:50.000Z</time>
        <extensions>
          <ns3:TrackPointExtension>
            <ns3:atemp>33.0</ns3:atemp>
            <ns3:hr>136</ns3:hr>
            <ns3:cad>85</ns3:cad>
          </ns3:TrackPointExtension>
        </extensions>
      </trkpt>
      <trkpt lat="22.551767639815807342529296875" lon="114.0049336664378643035888671875">
        <ele>29.200000762939453125</ele>
        <time>2026-08-12T22:25:51.000Z</time>
        <extensions>
          <ns3:TrackPointExtension>
            <ns3:atemp>33.0</ns3:atemp>
            <ns3:hr>136</ns3:hr>
            <ns3:cad>85</ns3:cad>
          </ns3:TrackPointExtension>
        </extensions>
      </trkpt>
      <trkpt lat="22.5517614372074604034423828125" lon="114.0049611590802669525146484375">
        <ele>29.200000762939453125</ele>
        <time>2026-08-12T22:25:52.000Z</time>
        <extensions>
          <ns3:TrackPointExtension>
            <ns3:atemp>33.0</ns3:atemp>
            <ns3:hr>137</ns3:hr>
            <ns3:cad>85</ns3:cad>
          </ns3:TrackPointExtension>
        </extensions>
      </trkpt>
      <trkpt lat="22.55176168866455554962158203125" lon="114.00498571805655956268310546875">
        <ele>29.200000762939453125</ele>
        <time>2026-08-12T22:25:53.000Z</time>
        <extensions>
          <ns3:TrackPointExtension>
            <ns3:atemp>33.0</ns3:atemp>
            <ns3:hr>137</ns3:hr>
            <ns3:cad>85</ns3:cad>
          </ns3:TrackPointExtension>
        </extensions>
      </trkpt>
      <trkpt lat="22.551759593188762664794921875" lon="114.0050094388425350189208984375">
        <ele>29.3999996185302734375</ele>
        <time>2026-08-12T22:25:54.000Z</time>
        <extensions>
          <ns3:TrackPointExtension>
            <ns3:atemp>33.0</ns3:atemp>
            <ns3:hr>137</ns3:hr>
            <ns3:cad>85</ns3:cad>
          </ns3:TrackPointExtension>
        </extensions>
      </trkpt>
      <trkpt lat="22.55176269449293613433837890625" lon="114.0050382725894451141357421875">
        <ele>29.200000762939453125</ele>
        <time>2026-08-12T22:25:55.000Z</time>
        <extensions>
          <ns3:TrackPointExtension>
            <ns3:atemp>33.0</ns3:atemp>
            <ns3:hr>138</ns3:hr>
            <ns3:cad>85</ns3:cad>
          </ns3:TrackPointExtension>
        </extensions>
      </trkpt>
      <trkpt lat="22.5517654605209827423095703125" lon="114.0050620771944522857666015625">
        <ele>29.200000762939453125</ele>
        <time>2026-08-12T22:25:56.000Z</time>
        <extensions>
          <ns3:TrackPointExtension>
            <ns3:atemp>33.0</ns3:atemp>
            <ns3:hr>138</ns3:hr>
            <ns3:cad>85</ns3:cad>
          </ns3:TrackPointExtension>
        </extensions>
      </trkpt>
      <trkpt lat="22.5517678074538707733154296875" lon="114.00508948601782321929931640625">
        <ele>29</ele>
        <time>2026-08-12T22:25:57.000Z</time>
        <extensions>
          <ns3:TrackPointExtension>
            <ns3:atemp>33.0</ns3:atemp>
            <ns3:hr>139</ns3:hr>
            <ns3:cad>85</ns3:cad>
          </ns3:TrackPointExtension>
        </extensions>
      </trkpt>
      <trkpt lat="22.5517701543867588043212890625" lon="114.00511161424219608306884765625">
        <ele>28.799999237060546875</ele>
        <time>2026-08-12T22:25:58.000Z</time>
        <extensions>
          <ns3:TrackPointExtension>
            <ns3:atemp>33.0</ns3:atemp>
            <ns3:hr>138</ns3:hr>
            <ns3:cad>85</ns3:cad>
          </ns3:TrackPointExtension>
        </extensions>
      </trkpt>
      <trkpt lat="22.5517679750919342041015625" lon="114.00513826869428157806396484375">
        <ele>28.799999237060546875</ele>
        <time>2026-08-12T22:25:59.000Z</time>
        <extensions>
          <ns3:TrackPointExtension>
            <ns3:atemp>33.0</ns3:atemp>
            <ns3:hr>138</ns3:hr>
            <ns3:cad>85</ns3:cad>
          </ns3:TrackPointExtension>
        </extensions>
      </trkpt>
      <trkpt lat="22.5517679750919342041015625" lon="114.005161821842193603515625">
        <ele>28.6000003814697265625</ele>
        <time>2026-08-12T22:26:00.000Z</time>
        <extensions>
          <ns3:TrackPointExtension>
            <ns3:atemp>33.0</ns3:atemp>
            <ns3:hr>138</ns3:hr>
            <ns3:cad>85</ns3:cad>
          </ns3:TrackPointExtension>
        </extensions>
      </trkpt>
      <trkpt lat="22.55177107639610767364501953125" lon="114.0051824413239955902099609375">
        <ele>28.6000003814697265625</ele>
        <time>2026-08-12T22:26:01.000Z</time>
        <extensions>
          <ns3:TrackPointExtension>
            <ns3:atemp>33.0</ns3:atemp>
            <ns3:hr>138</ns3:hr>
            <ns3:cad>85</ns3:cad>
          </ns3:TrackPointExtension>
        </extensions>
      </trkpt>
      <trkpt lat="22.55177258513867855072021484375" lon="114.00521387346088886260986328125">
        <ele>28.6000003814697265625</ele>
        <time>2026-08-12T22:26:02.000Z</time>
        <extensions>
          <ns3:TrackPointExtension>
            <ns3:atemp>33.0</ns3:atemp>
            <ns3:hr>138</ns3:hr>
            <ns3:cad>85</ns3:cad>
          </ns3:TrackPointExtension>
        </extensions>
      </trkpt>
      <trkpt lat="22.55177409388124942779541015625" lon="114.005234241485595703125">
        <ele>28.6000003814697265625</ele>
        <time>2026-08-12T22:26:03.000Z</time>
        <extensions>
          <ns3:TrackPointExtension>
            <ns3:atemp>33.0</ns3:atemp>
            <ns3:hr>138</ns3:hr>
            <ns3:cad>85</ns3:cad>
          </ns3:TrackPointExtension>
        </extensions>
      </trkpt>
      <trkpt lat="22.5517711602151393890380859375" lon="114.00525980629026889801025390625">
        <ele>28.3999996185302734375</ele>
        <time>2026-08-12T22:26:04.000Z</time>
        <extensions>
          <ns3:TrackPointExtension>
            <ns3:atemp>33.0</ns3:atemp>
            <ns3:hr>138</ns3:hr>
            <ns3:cad>84</ns3:cad>
          </ns3:TrackPointExtension>
        </extensions>
      </trkpt>
      <trkpt lat="22.55176998674869537353515625" lon="114.00528294034302234649658203125">
        <ele>28.3999996185302734375</ele>
        <time>2026-08-12T22:26:05.000Z</time>
        <extensions>
          <ns3:TrackPointExtension>
            <ns3:atemp>33.0</ns3:atemp>
            <ns3:hr>138</ns3:hr>
            <ns3:cad>84</ns3:cad>
          </ns3:TrackPointExtension>
        </extensions>
      </trkpt>
      <trkpt lat="22.5517698191106319427490234375" lon="114.00530397891998291015625">
        <ele>28.3999996185302734375</ele>
        <time>2026-08-12T22:26:06.000Z</time>
        <extensions>
          <ns3:TrackPointExtension>
            <ns3:atemp>33.0</ns3:atemp>
            <ns3:hr>138</ns3:hr>
            <ns3:cad>84</ns3:cad>
          </ns3:TrackPointExtension>
        </extensions>
      </trkpt>
      <trkpt lat="22.551769316196441650390625" lon="114.00532786734402179718017578125">
        <ele>28.3999996185302734375</ele>
        <time>2026-08-12T22:26:07.000Z</time>
        <extensions>
          <ns3:TrackPointExtension>
            <ns3:atemp>33.0</ns3:atemp>
            <ns3:hr>138</ns3:hr>
            <ns3:cad>84</ns3:cad>
          </ns3:TrackPointExtension>
        </extensions>
      </trkpt>
      <trkpt lat="22.5517698191106319427490234375" lon="114.00534630753099918365478515625">
        <ele>28.3999996185302734375</ele>
        <time>2026-08-12T22:26:08.000Z</time>
        <extensions>
          <ns3:TrackPointExtension>
            <ns3:atemp>33.0</ns3:atemp>
            <ns3:hr>138</ns3:hr>
            <ns3:cad>85</ns3:cad>
          </ns3:TrackPointExtension>
        </extensions>
      </trkpt>
      <trkpt lat="22.55176755599677562713623046875" lon="114.00537128560245037078857421875">
        <ele>28.200000762939453125</ele>
        <time>2026-08-12T22:26:09.000Z</time>
        <extensions>
          <ns3:TrackPointExtension>
            <ns3:atemp>33.0</ns3:atemp>
            <ns3:hr>137</ns3:hr>
            <ns3:cad>85</ns3:cad>
          </ns3:TrackPointExtension>
        </extensions>
      </trkpt>
      <trkpt lat="22.5517704896628856658935546875" lon="114.0053903125226497650146484375">
        <ele>28.200000762939453125</ele>
        <time>2026-08-12T22:26:10.000Z</time>
        <extensions>
          <ns3:TrackPointExtension>
            <ns3:atemp>33.0</ns3:atemp>
            <ns3:hr>137</ns3:hr>
            <ns3:cad>85</ns3:cad>
          </ns3:TrackPointExtension>
        </extensions>
      </trkpt>
      <trkpt lat="22.5517733395099639892578125" lon="114.00541034527122974395751953125">
        <ele>28</ele>
        <time>2026-08-12T22:26:11.000Z</time>
        <extensions>
          <ns3:TrackPointExtension>
            <ns3:atemp>33.0</ns3:atemp>
            <ns3:hr>136</ns3:hr>
            <ns3:cad>86</ns3:cad>
          </ns3:TrackPointExtension>
        </extensions>
      </trkpt>
      <trkpt lat="22.5517748482525348663330078125" lon="114.005431048572063446044921875">
        <ele>28</ele>
        <time>2026-08-12T22:26:12.000Z</time>
        <extensions>
          <ns3:TrackPointExtension>
            <ns3:atemp>33.0</ns3:atemp>
            <ns3:hr>136</ns3:hr>
            <ns3:cad>86</ns3:cad>
          </ns3:TrackPointExtension>
        </extensions>
      </trkpt>
      <trkpt lat="22.55177509970963001251220703125" lon="114.0054509975016117095947265625">
        <ele>28</ele>
        <time>2026-08-12T22:26:13.000Z</time>
        <extensions>
          <ns3:TrackPointExtension>
            <ns3:atemp>33.0</ns3:atemp>
            <ns3:hr>135</ns3:hr>
            <ns3:cad>86</ns3:cad>
          </ns3:TrackPointExtension>
        </extensions>
      </trkpt>
      <trkpt lat="22.5517765246331691741943359375" lon="114.0054742991924285888671875">
        <ele>28</ele>
        <time>2026-08-12T22:26:14.000Z</time>
        <extensions>
          <ns3:TrackPointExtension>
            <ns3:atemp>33.0</ns3:atemp>
            <ns3:hr>135</ns3:hr>
            <ns3:cad>85</ns3:cad>
          </ns3:TrackPointExtension>
        </extensions>
      </trkpt>
      <trkpt lat="22.55177895538508892059326171875" lon="114.00549517013132572174072265625">
        <ele>28</ele>
        <time>2026-08-12T22:26:15.000Z</time>
        <extensions>
          <ns3:TrackPointExtension>
            <ns3:atemp>33.0</ns3:atemp>
            <ns3:hr>135</ns3:hr>
            <ns3:cad>85</ns3:cad>
          </ns3:TrackPointExtension>
        </extensions>
      </trkpt>
      <trkpt lat="22.55177962593734264373779296875" lon="114.00551713071763515472412109375">
        <ele>27.799999237060546875</ele>
        <time>2026-08-12T22:26:16.000Z</time>
        <extensions>
          <ns3:TrackPointExtension>
            <ns3:atemp>33.0</ns3:atemp>
            <ns3:hr>135</ns3:hr>
            <ns3:cad>85</ns3:cad>
          </ns3:TrackPointExtension>
        </extensions>
      </trkpt>
      <trkpt lat="22.5517788715660572052001953125" lon="114.00553640909492969512939453125">
        <ele>27.799999237060546875</ele>
        <time>2026-08-12T22:26:17.000Z</time>
        <extensions>
          <ns3:TrackPointExtension>
            <ns3:atemp>33.0</ns3:atemp>
            <ns3:hr>135</ns3:hr>
            <ns3:cad>85</ns3:cad>
          </ns3:TrackPointExtension>
        </extensions>
      </trkpt>
      <trkpt lat="22.55177912302315235137939453125" lon="114.0055579505860805511474609375">
        <ele>27.799999237060546875</ele>
        <time>2026-08-12T22:26:18.000Z</time>
        <extensions>
          <ns3:TrackPointExtension>
            <ns3:atemp>33.0</ns3:atemp>
            <ns3:hr>135</ns3:hr>
            <ns3:cad>85</ns3:cad>
          </ns3:TrackPointExtension>
        </extensions>
      </trkpt>
      <trkpt lat="22.551781721413135528564453125" lon="114.00558016262948513031005859375">
        <ele>27.799999237060546875</ele>
        <time>2026-08-12T22:26:19.000Z</time>
        <extensions>
          <ns3:TrackPointExtension>
            <ns3:atemp>33.0</ns3:atemp>
            <ns3:hr>135</ns3:hr>
            <ns3:cad>84</ns3:cad>
          </ns3:TrackPointExtension>
        </extensions>
      </trkpt>
      <trkpt lat="22.55178381688892841339111328125" lon="114.00560094974935054779052734375">
        <ele>27.6000003814697265625</ele>
        <time>2026-08-12T22:26:20.000Z</time>
        <extensions>
          <ns3:TrackPointExtension>
            <ns3:atemp>33.0</ns3:atemp>
            <ns3:hr>136</ns3:hr>
            <ns3:cad>85</ns3:cad>
          </ns3:TrackPointExtension>
        </extensions>
      </trkpt>
      <trkpt lat="22.5517845712602138519287109375" lon="114.00562542490661144256591796875">
        <ele>27.6000003814697265625</ele>
        <time>2026-08-12T22:26:21.000Z</time>
        <extensions>
          <ns3:TrackPointExtension>
            <ns3:atemp>33.0</ns3:atemp>
            <ns3:hr>135</ns3:hr>
            <ns3:cad>85</ns3:cad>
          </ns3:TrackPointExtension>
        </extensions>
      </trkpt>
      <trkpt lat="22.55178608000278472900390625" lon="114.005646295845508575439453125">
        <ele>27.6000003814697265625</ele>
        <time>2026-08-12T22:26:22.000Z</time>
        <extensions>
          <ns3:TrackPointExtension>
            <ns3:atemp>33.0</ns3:atemp>
            <ns3:hr>135</ns3:hr>
            <ns3:cad>85</ns3:cad>
          </ns3:TrackPointExtension>
        </extensions>
      </trkpt>
      <trkpt lat="22.55177929066121578216552734375" lon="114.00567051954567432403564453125">
        <ele>27.6000003814697265625</ele>
        <time>2026-08-12T22:26:23.000Z</time>
        <extensions>
          <ns3:TrackPointExtension>
            <ns3:atemp>33.0</ns3:atemp>
            <ns3:hr>135</ns3:hr>
            <ns3:cad>85</ns3:cad>
          </ns3:TrackPointExtension>
        </extensions>
      </trkpt>
      <trkpt lat="22.55177912302315235137939453125" lon="114.00569063611328601837158203125">
        <ele>27.6000003814697265625</ele>
        <time>2026-08-12T22:26:24.000Z</time>
        <extensions>
          <ns3:TrackPointExtension>
            <ns3:atemp>33.0</ns3:atemp>
            <ns3:hr>135</ns3:hr>
            <ns3:cad>85</ns3:cad>
          </ns3:TrackPointExtension>
        </extensions>
      </trkpt>
      <trkpt lat="22.5517798773944377899169921875" lon="114.00571678765118122100830078125">
        <ele>27.3999996185302734375</ele>
        <time>2026-08-12T22:26:25.000Z</time>
        <extensions>
          <ns3:TrackPointExtension>
            <ns3:atemp>33.0</ns3:atemp>
            <ns3:hr>135</ns3:hr>
            <ns3:cad>85</ns3:cad>
          </ns3:TrackPointExtension>
        </extensions>
      </trkpt>
      <trkpt lat="22.5517787039279937744140625" lon="114.005741514265537261962890625">
        <ele>27.3999996185302734375</ele>
        <time>2026-08-12T22:26:26.000Z</time>
        <extensions>
          <ns3:TrackPointExtension>
            <ns3:atemp>33.0</ns3:atemp>
            <ns3:hr>135</ns3:hr>
            <ns3:cad>86</ns3:cad>
          </ns3:TrackPointExtension>
        </extensions>
      </trkpt>
      <trkpt lat="22.55178071558475494384765625" lon="114.0057648159563541412353515625">
        <ele>27.200000762939453125</ele>
        <time>2026-08-12T22:26:27.000Z</time>
        <extensions>
          <ns3:TrackPointExtension>
            <ns3:atemp>33.0</ns3:atemp>
            <ns3:hr>135</ns3:hr>
            <ns3:cad>86</ns3:cad>
          </ns3:TrackPointExtension>
        </extensions>
      </trkpt>
      <trkpt lat="22.55178063176572322845458984375" lon="114.00579054839909076690673828125">
        <ele>27.200000762939453125</ele>
        <time>2026-08-12T22:26:28.000Z</time>
        <extensions>
          <ns3:TrackPointExtension>
            <ns3:atemp>33.0</ns3:atemp>
            <ns3:hr>135</ns3:hr>
            <ns3:cad>86</ns3:cad>
          </ns3:TrackPointExtension>
        </extensions>
      </trkpt>
      <trkpt lat="22.55178063176572322845458984375" lon="114.00581133551895618438720703125">
        <ele>27.200000762939453125</ele>
        <time>2026-08-12T22:26:29.000Z</time>
        <extensions>
          <ns3:TrackPointExtension>
            <ns3:atemp>33.0</ns3:atemp>
            <ns3:hr>135</ns3:hr>
            <ns3:cad>85</ns3:cad>
          </ns3:TrackPointExtension>
        </extensions>
      </trkpt>
      <trkpt lat="22.55178029648959636688232421875" lon="114.00583933107554912567138671875">
        <ele>27</ele>
        <time>2026-08-12T22:26:30.000Z</time>
        <extensions>
          <ns3:TrackPointExtension>
            <ns3:atemp>33.0</ns3:atemp>
            <ns3:hr>135</ns3:hr>
            <ns3:cad>85</ns3:cad>
          </ns3:TrackPointExtension>
        </extensions>
      </trkpt>
      <trkpt lat="22.55178180523216724395751953125" lon="114.0058627165853977203369140625">
        <ele>27</ele>
        <time>2026-08-12T22:26:31.000Z</time>
        <extensions>
          <ns3:TrackPointExtension>
            <ns3:atemp>33.0</ns3:atemp>
            <ns3:hr>134</ns3:hr>
            <ns3:cad>85</ns3:cad>
          </ns3:TrackPointExtension>
        </extensions>
      </trkpt>
      <trkpt lat="22.55178515799343585968017578125" lon="114.00588425807654857635498046875">
        <ele>27</ele>
        <time>2026-08-12T22:26:32.000Z</time>
        <extensions>
          <ns3:TrackPointExtension>
            <ns3:atemp>33.0</ns3:atemp>
            <ns3:hr>134</ns3:hr>
            <ns3:cad>85</ns3:cad>
          </ns3:TrackPointExtension>
        </extensions>
      </trkpt>
      <trkpt lat="22.5517869181931018829345703125" lon="114.0059086494147777557373046875">
        <ele>27</ele>
        <time>2026-08-12T22:26:33.000Z</time>
        <extensions>
          <ns3:TrackPointExtension>
            <ns3:atemp>33.0</ns3:atemp>
            <ns3:hr>134</ns3:hr>
            <ns3:cad>85</ns3:cad>
          </ns3:TrackPointExtension>
        </extensions>
      </trkpt>
      <trkpt lat="22.5517889298498630523681640625" lon="114.0059307776391506195068359375">
        <ele>27</ele>
        <time>2026-08-12T22:26:34.000Z</time>
        <extensions>
          <ns3:TrackPointExtension>
            <ns3:atemp>33.0</ns3:atemp>
            <ns3:hr>134</ns3:hr>
            <ns3:cad>85</ns3:cad>
          </ns3:TrackPointExtension>
        </extensions>
      </trkpt>
      <trkpt lat="22.55178834311664104461669921875" lon="114.0059565939009189605712890625">
        <ele>27</ele>
        <time>2026-08-12T22:26:35.000Z</time>
        <extensions>
          <ns3:TrackPointExtension>
            <ns3:atemp>33.0</ns3:atemp>
            <ns3:hr>135</ns3:hr>
            <ns3:cad>85</ns3:cad>
          </ns3:TrackPointExtension>
        </extensions>
      </trkpt>
      <trkpt lat="22.551785409450531005859375" lon="114.005979560315608978271484375">
        <ele>27</ele>
        <time>2026-08-12T22:26:36.000Z</time>
        <extensions>
          <ns3:TrackPointExtension>
            <ns3:atemp>33.0</ns3:atemp>
            <ns3:hr>135</ns3:hr>
            <ns3:cad>85</ns3:cad>
          </ns3:TrackPointExtension>
        </extensions>
      </trkpt>
      <trkpt lat="22.55178499035537242889404296875" lon="114.0059998445212841033935546875">
        <ele>27</ele>
        <time>2026-08-12T22:26:37.000Z</time>
        <extensions>
          <ns3:TrackPointExtension>
            <ns3:atemp>33.0</ns3:atemp>
            <ns3:hr>135</ns3:hr>
            <ns3:cad>85</ns3:cad>
          </ns3:TrackPointExtension>
        </extensions>
      </trkpt>
      <trkpt lat="22.55178649909794330596923828125" lon="114.0060236491262912750244140625">
        <ele>26.799999237060546875</ele>
        <time>2026-08-12T22:26:38.000Z</time>
        <extensions>
          <ns3:TrackPointExtension>
            <ns3:atemp>33.0</ns3:atemp>
            <ns3:hr>135</ns3:hr>
            <ns3:cad>85</ns3:cad>
          </ns3:TrackPointExtension>
        </extensions>
      </trkpt>
      <trkpt lat="22.55178750492632389068603515625" lon="114.00604426860809326171875">
        <ele>26.799999237060546875</ele>
        <time>2026-08-12T22:26:39.000Z</time>
        <extensions>
          <ns3:TrackPointExtension>
            <ns3:atemp>33.0</ns3:atemp>
            <ns3:hr>135</ns3:hr>
            <ns3:cad>85</ns3:cad>
          </ns3:TrackPointExtension>
        </extensions>
      </trkpt>
      <trkpt lat="22.5517852418124675750732421875" lon="114.0060665644705295562744140625">
        <ele>26.799999237060546875</ele>
        <time>2026-08-12T22:26:40.000Z</time>
        <extensions>
          <ns3:TrackPointExtension>
            <ns3:atemp>33.0</ns3:atemp>
            <ns3:hr>135</ns3:hr>
            <ns3:cad>85</ns3:cad>
          </ns3:TrackPointExtension>
        </extensions>
      </trkpt>
      <trkpt lat="22.5517865829169750213623046875" lon="114.00608559139072895050048828125">
        <ele>26.6000003814697265625</ele>
        <time>2026-08-12T22:26:41.000Z</time>
        <extensions>
          <ns3:TrackPointExtension>
            <ns3:atemp>33.0</ns3:atemp>
            <ns3:hr>135</ns3:hr>
            <ns3:cad>85</ns3:cad>
          </ns3:TrackPointExtension>
        </extensions>
      </trkpt>
      <trkpt lat="22.5517882592976093292236328125" lon="114.00610436685383319854736328125">
        <ele>26.6000003814697265625</ele>
        <time>2026-08-12T22:26:42.000Z</time>
        <extensions>
          <ns3:TrackPointExtension>
            <ns3:atemp>33.0</ns3:atemp>
            <ns3:hr>135</ns3:hr>
            <ns3:cad>85</ns3:cad>
          </ns3:TrackPointExtension>
        </extensions>
      </trkpt>
      <trkpt lat="22.55179186351597309112548828125" lon="114.00612247176468372344970703125">
        <ele>26.6000003814697265625</ele>
        <time>2026-08-12T22:26:43.000Z</time>
        <extensions>
          <ns3:TrackPointExtension>
            <ns3:atemp>33.0</ns3:atemp>
            <ns3:hr>135</ns3:hr>
            <ns3:cad>85</ns3:cad>
          </ns3:TrackPointExtension>
        </extensions>
      </trkpt>
      <trkpt lat="22.55179253406822681427001953125" lon="114.0061420015990734100341796875">
        <ele>26.6000003814697265625</ele>
        <time>2026-08-12T22:26:44.000Z</time>
        <extensions>
          <ns3:TrackPointExtension>
            <ns3:atemp>33.0</ns3:atemp>
            <ns3:hr>135</ns3:hr>
            <ns3:cad>86</ns3:cad>
          </ns3:TrackPointExtension>
        </extensions>
      </trkpt>
      <trkpt lat="22.5517892651259899139404296875" lon="114.00616136379539966583251953125">
        <ele>26.6000003814697265625</ele>
        <time>2026-08-12T22:26:45.000Z</time>
        <extensions>
          <ns3:TrackPointExtension>
            <ns3:atemp>33.0</ns3:atemp>
            <ns3:hr>135</ns3:hr>
            <ns3:cad>86</ns3:cad>
          </ns3:TrackPointExtension>
        </extensions>
      </trkpt>
      <trkpt lat="22.55179010331630706787109375" lon="114.0061795525252819061279296875">
        <ele>26.3999996185302734375</ele>
        <time>2026-08-12T22:26:46.000Z</time>
        <extensions>
          <ns3:TrackPointExtension>
            <ns3:atemp>33.0</ns3:atemp>
            <ns3:hr>135</ns3:hr>
            <ns3:cad>86</ns3:cad>
          </ns3:TrackPointExtension>
        </extensions>
      </trkpt>
      <trkpt lat="22.55178767256438732147216796875" lon="114.00620528496801853179931640625">
        <ele>26.3999996185302734375</ele>
        <time>2026-08-12T22:26:47.000Z</time>
        <extensions>
          <ns3:TrackPointExtension>
            <ns3:atemp>33.0</ns3:atemp>
            <ns3:hr>135</ns3:hr>
            <ns3:cad>86</ns3:cad>
          </ns3:TrackPointExtension>
        </extensions>
      </trkpt>
      <trkpt lat="22.551787756383419036865234375" lon="114.00622473098337650299072265625">
        <ele>26.3999996185302734375</ele>
        <time>2026-08-12T22:26:48.000Z</time>
        <extensions>
          <ns3:TrackPointExtension>
            <ns3:atemp>33.0</ns3:atemp>
            <ns3:hr>135</ns3:hr>
            <ns3:cad>86</ns3:cad>
          </ns3:TrackPointExtension>
        </extensions>
      </trkpt>
      <trkpt lat="22.55178499035537242889404296875" lon="114.0062502957880496978759765625">
        <ele>26.3999996185302734375</ele>
        <time>2026-08-12T22:26:49.000Z</time>
        <extensions>
          <ns3:TrackPointExtension>
            <ns3:atemp>33.0</ns3:atemp>
            <ns3:hr>135</ns3:hr>
            <ns3:cad>86</ns3:cad>
          </ns3:TrackPointExtension>
        </extensions>
      </trkpt>
      <trkpt lat="22.551782391965389251708984375" lon="114.0062737651169300079345703125">
        <ele>26.200000762939453125</ele>
        <time>2026-08-12T22:26:50.000Z</time>
        <extensions>
          <ns3:TrackPointExtension>
            <ns3:atemp>33.0</ns3:atemp>
            <ns3:hr>136</ns3:hr>
            <ns3:cad>86</ns3:cad>
          </ns3:TrackPointExtension>
        </extensions>
      </trkpt>
      <trkpt lat="22.55178314633667469024658203125" lon="114.00629765354096889495849609375">
        <ele>26.200000762939453125</ele>
        <time>2026-08-12T22:26:51.000Z</time>
        <extensions>
          <ns3:TrackPointExtension>
            <ns3:atemp>33.0</ns3:atemp>
            <ns3:hr>135</ns3:hr>
            <ns3:cad>85</ns3:cad>
          </ns3:TrackPointExtension>
        </extensions>
      </trkpt>
      <trkpt lat="22.55178549326956272125244140625" lon="114.00632749311625957489013671875">
        <ele>26.200000762939453125</ele>
        <time>2026-08-12T22:26:52.000Z</time>
        <extensions>
          <ns3:TrackPointExtension>
            <ns3:atemp>33.0</ns3:atemp>
            <ns3:hr>136</ns3:hr>
            <ns3:cad>85</ns3:cad>
          </ns3:TrackPointExtension>
        </extensions>
      </trkpt>
      <trkpt lat="22.551791109144687652587890625" lon="114.00635129772126674652099609375">
        <ele>26.200000762939453125</ele>
        <time>2026-08-12T22:26:53.000Z</time>
        <extensions>
          <ns3:TrackPointExtension>
            <ns3:atemp>33.0</ns3:atemp>
            <ns3:hr>136</ns3:hr>
            <ns3:cad>86</ns3:cad>
          </ns3:TrackPointExtension>
        </extensions>
      </trkpt>
      <trkpt lat="22.55178683437407016754150390625" lon="114.0063793770968914031982421875">
        <ele>26</ele>
        <time>2026-08-12T22:26:54.000Z</time>
        <extensions>
          <ns3:TrackPointExtension>
            <ns3:atemp>33.0</ns3:atemp>
            <ns3:hr>136</ns3:hr>
            <ns3:cad>86</ns3:cad>
          </ns3:TrackPointExtension>
        </extensions>
      </trkpt>
      <trkpt lat="22.5517865829169750213623046875" lon="114.0064018405973911285400390625">
        <ele>26</ele>
        <time>2026-08-12T22:26:55.000Z</time>
        <extensions>
          <ns3:TrackPointExtension>
            <ns3:atemp>33.0</ns3:atemp>
            <ns3:hr>136</ns3:hr>
            <ns3:cad>85</ns3:cad>
          </ns3:TrackPointExtension>
        </extensions>
      </trkpt>
      <trkpt lat="22.55178180523216724395751953125" lon="114.00642505846917629241943359375">
        <ele>26</ele>
        <time>2026-08-12T22:26:56.000Z</time>
        <extensions>
          <ns3:TrackPointExtension>
            <ns3:atemp>33.0</ns3:atemp>
            <ns3:hr>136</ns3:hr>
            <ns3:cad>85</ns3:cad>
          </ns3:TrackPointExtension>
        </extensions>
      </trkpt>
      <trkpt lat="22.5517840683460235595703125" lon="114.00645221583545207977294921875">
        <ele>25.799999237060546875</ele>
        <time>2026-08-12T22:26:57.000Z</time>
        <extensions>
          <ns3:TrackPointExtension>
            <ns3:atemp>33.0</ns3:atemp>
            <ns3:hr>136</ns3:hr>
            <ns3:cad>85</ns3:cad>
          </ns3:TrackPointExtension>
        </extensions>
      </trkpt>
      <trkpt lat="22.551783062517642974853515625" lon="114.0064735896885395050048828125">
        <ele>25.799999237060546875</ele>
        <time>2026-08-12T22:26:58.000Z</time>
        <extensions>
          <ns3:TrackPointExtension>
            <ns3:atemp>33.0</ns3:atemp>
            <ns3:hr>135</ns3:hr>
            <ns3:cad>84</ns3:cad>
          </ns3:TrackPointExtension>
        </extensions>
      </trkpt>
      <trkpt lat="22.551781721413135528564453125" lon="114.006501920521259307861328125">
        <ele>25.799999237060546875</ele>
        <time>2026-08-12T22:26:59.000Z</time>
        <extensions>
          <ns3:TrackPointExtension>
            <ns3:atemp>33.0</ns3:atemp>
            <ns3:hr>135</ns3:hr>
            <ns3:cad>85</ns3:cad>
          </ns3:TrackPointExtension>
        </extensions>
      </trkpt>
      <trkpt lat="22.55178649909794330596923828125" lon="114.00652161799371242523193359375">
        <ele>25.799999237060546875</ele>
        <time>2026-08-12T22:27:00.000Z</time>
        <extensions>
          <ns3:TrackPointExtension>
            <ns3:atemp>33.0</ns3:atemp>
            <ns3:hr>135</ns3:hr>
            <ns3:cad>85</ns3:cad>
          </ns3:TrackPointExtension>
        </extensions>
      </trkpt>
      <trkpt lat="22.551783733069896697998046875" lon="114.00654315948486328125">
        <ele>25.6000003814697265625</ele>
        <time>2026-08-12T22:27:01.000Z</time>
        <extensions>
          <ns3:TrackPointExtension>
            <ns3:atemp>33.0</ns3:atemp>
            <ns3:hr>135</ns3:hr>
            <ns3:cad>85</ns3:cad>
          </ns3:TrackPointExtension>
        </extensions>
      </trkpt>
      <trkpt lat="22.55178163759410381317138671875" lon="114.00656553916633129119873046875">
        <ele>25.6000003814697265625</ele>
        <time>2026-08-12T22:27:02.000Z</time>
        <extensions>
          <ns3:TrackPointExtension>
            <ns3:atemp>33.0</ns3:atemp>
            <ns3:hr>135</ns3:hr>
            <ns3:cad>85</ns3:cad>
          </ns3:TrackPointExtension>
        </extensions>
      </trkpt>
      <trkpt lat="22.55178515799343585968017578125" lon="114.0065865777432918548583984375">
        <ele>25.6000003814697265625</ele>
        <time>2026-08-12T22:27:03.000Z</time>
        <extensions>
          <ns3:TrackPointExtension>
            <ns3:atemp>33.0</ns3:atemp>
            <ns3:hr>135</ns3:hr>
            <ns3:cad>85</ns3:cad>
          </ns3:TrackPointExtension>
        </extensions>
      </trkpt>
      <trkpt lat="22.55179010331630706787109375" lon="114.0066088736057281494140625">
        <ele>25.6000003814697265625</ele>
        <time>2026-08-12T22:27:04.000Z</time>
        <extensions>
          <ns3:TrackPointExtension>
            <ns3:atemp>33.0</ns3:atemp>
            <ns3:hr>135</ns3:hr>
            <ns3:cad>85</ns3:cad>
          </ns3:TrackPointExtension>
        </extensions>
      </trkpt>
      <trkpt lat="22.551792450249195098876953125" lon="114.00662672705948352813720703125">
        <ele>25.6000003814697265625</ele>
        <time>2026-08-12T22:27:05.000Z</time>
        <extensions>
          <ns3:TrackPointExtension>
            <ns3:atemp>33.0</ns3:atemp>
            <ns3:hr>135</ns3:hr>
            <ns3:cad>84</ns3:cad>
          </ns3:TrackPointExtension>
        </extensions>
      </trkpt>
      <trkpt lat="22.55179144442081451416015625" lon="114.00665153749287128448486328125">
        <ele>25.6000003814697265625</ele>
        <time>2026-08-12T22:27:06.000Z</time>
        <extensions>
          <ns3:TrackPointExtension>
            <ns3:atemp>33.0</ns3:atemp>
            <ns3:hr>135</ns3:hr>
            <ns3:cad>84</ns3:cad>
          </ns3:TrackPointExtension>
        </extensions>
      </trkpt>
      <trkpt lat="22.55179353989660739898681640625" lon="114.0066732466220855712890625">
        <ele>25.6000003814697265625</ele>
        <time>2026-08-12T22:27:07.000Z</time>
        <extensions>
          <ns3:TrackPointExtension>
            <ns3:atemp>33.0</ns3:atemp>
            <ns3:hr>135</ns3:hr>
            <ns3:cad>84</ns3:cad>
          </ns3:TrackPointExtension>
        </extensions>
      </trkpt>
      <trkpt lat="22.551792450249195098876953125" lon="114.00669747032225131988525390625">
        <ele>25.6000003814697265625</ele>
        <time>2026-08-12T22:27:08.000Z</time>
        <extensions>
          <ns3:TrackPointExtension>
            <ns3:atemp>33.0</ns3:atemp>
            <ns3:hr>135</ns3:hr>
            <ns3:cad>85</ns3:cad>
          </ns3:TrackPointExtension>
        </extensions>
      </trkpt>
      <trkpt lat="22.55179236643016338348388671875" lon="114.006720520555973052978515625">
        <ele>25.6000003814697265625</ele>
        <time>2026-08-12T22:27:09.000Z</time>
        <extensions>
          <ns3:TrackPointExtension>
            <ns3:atemp>33.0</ns3:atemp>
            <ns3:hr>135</ns3:hr>
            <ns3:cad>85</ns3:cad>
          </ns3:TrackPointExtension>
        </extensions>
      </trkpt>
      <trkpt lat="22.55179521627724170684814453125" lon="114.00673787109553813934326171875">
        <ele>25.3999996185302734375</ele>
        <time>2026-08-12T22:27:10.000Z</time>
        <extensions>
          <ns3:TrackPointExtension>
            <ns3:atemp>33.0</ns3:atemp>
            <ns3:hr>136</ns3:hr>
            <ns3:cad>85</ns3:cad>
          </ns3:TrackPointExtension>
        </extensions>
      </trkpt>
      <trkpt lat="22.55179052241146564483642578125" lon="114.00676310062408447265625">
        <ele>25.3999996185302734375</ele>
        <time>2026-08-12T22:27:11.000Z</time>
        <extensions>
          <ns3:TrackPointExtension>
            <ns3:atemp>33.0</ns3:atemp>
            <ns3:hr>136</ns3:hr>
            <ns3:cad>85</ns3:cad>
          </ns3:TrackPointExtension>
        </extensions>
      </trkpt>
      <trkpt lat="22.551788426935672760009765625" lon="114.00678581558167934417724609375">
        <ele>25.3999996185302734375</ele>
        <time>2026-08-12T22:27:12.000Z</time>
        <extensions>
          <ns3:TrackPointExtension>
            <ns3:atemp>33.0</ns3:atemp>
            <ns3:hr>136</ns3:hr>
            <ns3:cad>85</ns3:cad>
          </ns3:TrackPointExtension>
        </extensions>
      </trkpt>
      <trkpt lat="22.55178415216505527496337890625" lon="114.00681179948151111602783203125">
        <ele>25.3999996185302734375</ele>
        <time>2026-08-12T22:27:13.000Z</time>
        <extensions>
          <ns3:TrackPointExtension>
            <ns3:atemp>33.0</ns3:atemp>
            <ns3:hr>136</ns3:hr>
            <ns3:cad>84</ns3:cad>
          </ns3:TrackPointExtension>
        </extensions>
      </trkpt>
      <trkpt lat="22.55178180523216724395751953125" lon="114.0068387053906917572021484375">
        <ele>25.3999996185302734375</ele>
        <time>2026-08-12T22:27:14.000Z</time>
        <extensions>
          <ns3:TrackPointExtension>
            <ns3:atemp>33.0</ns3:atemp>
            <ns3:hr>136</ns3:hr>
            <ns3:cad>84</ns3:cad>
          </ns3:TrackPointExtension>
        </extensions>
      </trkpt>
      <trkpt lat="22.5517798773944377899169921875" lon="114.00686628185212612152099609375">
        <ele>25.3999996185302734375</ele>
        <time>2026-08-12T22:27:15.000Z</time>
        <extensions>
          <ns3:TrackPointExtension>
            <ns3:atemp>33.0</ns3:atemp>
            <ns3:hr>136</ns3:hr>
            <ns3:cad>84</ns3:cad>
          </ns3:TrackPointExtension>
        </extensions>
      </trkpt>
      <trkpt lat="22.5517802126705646514892578125" lon="114.006894864141941070556640625">
        <ele>25.3999996185302734375</ele>
        <time>2026-08-12T22:27:16.000Z</time>
        <extensions>
          <ns3:TrackPointExtension>
            <ns3:atemp>33.0</ns3:atemp>
            <ns3:hr>136</ns3:hr>
            <ns3:cad>84</ns3:cad>
          </ns3:TrackPointExtension>
        </extensions>
      </trkpt>
      <trkpt lat="22.551778368651866912841796875" lon="114.00691908784210681915283203125">
        <ele>25.200000762939453125</ele>
        <time>2026-08-12T22:27:17.000Z</time>
        <extensions>
          <ns3:TrackPointExtension>
            <ns3:atemp>33.0</ns3:atemp>
            <ns3:hr>136</ns3:hr>
            <ns3:cad>85</ns3:cad>
          </ns3:TrackPointExtension>
        </extensions>
      </trkpt>
      <trkpt lat="22.5517768599092960357666015625" lon="114.00694750249385833740234375">
        <ele>25.200000762939453125</ele>
        <time>2026-08-12T22:27:18.000Z</time>
        <extensions>
          <ns3:TrackPointExtension>
            <ns3:atemp>33.0</ns3:atemp>
            <ns3:hr>136</ns3:hr>
            <ns3:cad>85</ns3:cad>
          </ns3:TrackPointExtension>
        </extensions>
      </trkpt>
      <trkpt lat="22.55177803337574005126953125" lon="114.0069763362407684326171875">
        <ele>25.200000762939453125</ele>
        <time>2026-08-12T22:27:19.000Z</time>
        <extensions>
          <ns3:TrackPointExtension>
            <ns3:atemp>33.0</ns3:atemp>
            <ns3:hr>136</ns3:hr>
            <ns3:cad>85</ns3:cad>
          </ns3:TrackPointExtension>
        </extensions>
      </trkpt>
      <trkpt lat="22.55177996121346950531005859375" lon="114.0070013143122196197509765625">
        <ele>25.200000762939453125</ele>
        <time>2026-08-12T22:27:20.000Z</time>
        <extensions>
          <ns3:TrackPointExtension>
            <ns3:atemp>33.0</ns3:atemp>
            <ns3:hr>136</ns3:hr>
            <ns3:cad>85</ns3:cad>
          </ns3:TrackPointExtension>
        </extensions>
      </trkpt>
      <trkpt lat="22.5517818890511989593505859375" lon="114.007028974592685699462890625">
        <ele>25.200000762939453125</ele>
        <time>2026-08-12T22:27:21.000Z</time>
        <extensions>
          <ns3:TrackPointExtension>
            <ns3:atemp>33.0</ns3:atemp>
            <ns3:hr>135</ns3:hr>
            <ns3:cad>85</ns3:cad>
          </ns3:TrackPointExtension>
        </extensions>
      </trkpt>
      <trkpt lat="22.55178264342248439788818359375" lon="114.0070492587983608245849609375">
        <ele>25.200000762939453125</ele>
        <time>2026-08-12T22:27:22.000Z</time>
        <extensions>
          <ns3:TrackPointExtension>
            <ns3:atemp>33.0</ns3:atemp>
            <ns3:hr>135</ns3:hr>
            <ns3:cad>85</ns3:cad>
          </ns3:TrackPointExtension>
        </extensions>
      </trkpt>
      <trkpt lat="22.55178230814635753631591796875" lon="114.007072560489177703857421875">
        <ele>25.200000762939453125</ele>
        <time>2026-08-12T22:27:23.000Z</time>
        <extensions>
          <ns3:TrackPointExtension>
            <ns3:atemp>33.0</ns3:atemp>
            <ns3:hr>135</ns3:hr>
            <ns3:cad>85</ns3:cad>
          </ns3:TrackPointExtension>
        </extensions>
      </trkpt>
      <trkpt lat="22.55178398452699184417724609375" lon="114.00709544308483600616455078125">
        <ele>25.200000762939453125</ele>
        <time>2026-08-12T22:27:24.000Z</time>
        <extensions>
          <ns3:TrackPointExtension>
            <ns3:atemp>33.0</ns3:atemp>
            <ns3:hr>135</ns3:hr>
            <ns3:cad>85</ns3:cad>
          </ns3:TrackPointExtension>
        </extensions>
      </trkpt>
      <trkpt lat="22.551786415278911590576171875" lon="114.00712058879435062408447265625">
        <ele>25.200000762939453125</ele>
        <time>2026-08-12T22:27:25.000Z</time>
        <extensions>
          <ns3:TrackPointExtension>
            <ns3:atemp>33.0</ns3:atemp>
            <ns3:hr>135</ns3:hr>
            <ns3:cad>85</ns3:cad>
          </ns3:TrackPointExtension>
        </extensions>
      </trkpt>
      <trkpt lat="22.55178683437407016754150390625" lon="114.00714372284710407257080078125">
        <ele>25</ele>
        <time>2026-08-12T22:27:26.000Z</time>
        <extensions>
          <ns3:TrackPointExtension>
            <ns3:atemp>33.0</ns3:atemp>
            <ns3:hr>135</ns3:hr>
            <ns3:cad>85</ns3:cad>
          </ns3:TrackPointExtension>
        </extensions>
      </trkpt>
      <trkpt lat="22.55178767256438732147216796875" lon="114.00716886855661869049072265625">
        <ele>25</ele>
        <time>2026-08-12T22:27:27.000Z</time>
        <extensions>
          <ns3:TrackPointExtension>
            <ns3:atemp>33.0</ns3:atemp>
            <ns3:hr>135</ns3:hr>
            <ns3:cad>85</ns3:cad>
          </ns3:TrackPointExtension>
        </extensions>
      </trkpt>
      <trkpt lat="22.551790438592433929443359375" lon="114.007195271551609039306640625">
        <ele>25</ele>
        <time>2026-08-12T22:27:28.000Z</time>
        <extensions>
          <ns3:TrackPointExtension>
            <ns3:atemp>33.0</ns3:atemp>
            <ns3:hr>135</ns3:hr>
            <ns3:cad>85</ns3:cad>
          </ns3:TrackPointExtension>
        </extensions>
      </trkpt>
      <trkpt lat="22.5517926178872585296630859375" lon="114.00722150690853595733642578125">
        <ele>24.799999237060546875</ele>
        <time>2026-08-12T22:27:29.000Z</time>
        <extensions>
          <ns3:TrackPointExtension>
            <ns3:atemp>33.0</ns3:atemp>
            <ns3:hr>135</ns3:hr>
            <ns3:cad>85</ns3:cad>
          </ns3:TrackPointExtension>
        </extensions>
      </trkpt>
      <trkpt lat="22.55179387517273426055908203125" lon="114.00725168175995349884033203125">
        <ele>24.799999237060546875</ele>
        <time>2026-08-12T22:27:30.000Z</time>
        <extensions>
          <ns3:TrackPointExtension>
            <ns3:atemp>33.0</ns3:atemp>
            <ns3:hr>135</ns3:hr>
            <ns3:cad>85</ns3:cad>
          </ns3:TrackPointExtension>
        </extensions>
      </trkpt>
      <trkpt lat="22.551798485219478607177734375" lon="114.00727716274559497833251953125">
        <ele>24.6000003814697265625</ele>
        <time>2026-08-12T22:27:31.000Z</time>
        <extensions>
          <ns3:TrackPointExtension>
            <ns3:atemp>33.0</ns3:atemp>
            <ns3:hr>135</ns3:hr>
            <ns3:cad>85</ns3:cad>
          </ns3:TrackPointExtension>
        </extensions>
      </trkpt>
      <trkpt lat="22.5518030114471912384033203125" lon="114.00729996152222156524658203125">
        <ele>24.6000003814697265625</ele>
        <time>2026-08-12T22:27:32.000Z</time>
        <extensions>
          <ns3:TrackPointExtension>
            <ns3:atemp>33.0</ns3:atemp>
            <ns3:hr>135</ns3:hr>
            <ns3:cad>85</ns3:cad>
          </ns3:TrackPointExtension>
        </extensions>
      </trkpt>
      <trkpt lat="22.55180753767490386962890625" lon="114.0073255263268947601318359375">
        <ele>24.3999996185302734375</ele>
        <time>2026-08-12T22:27:33.000Z</time>
        <extensions>
          <ns3:TrackPointExtension>
            <ns3:atemp>33.0</ns3:atemp>
            <ns3:hr>135</ns3:hr>
            <ns3:cad>85</ns3:cad>
          </ns3:TrackPointExtension>
        </extensions>
      </trkpt>
      <trkpt lat="22.55181265063583850860595703125" lon="114.007349498569965362548828125">
        <ele>24.3999996185302734375</ele>
        <time>2026-08-12T22:27:34.000Z</time>
        <extensions>
          <ns3:TrackPointExtension>
            <ns3:atemp>33.0</ns3:atemp>
            <ns3:hr>135</ns3:hr>
            <ns3:cad>85</ns3:cad>
          </ns3:TrackPointExtension>
        </extensions>
      </trkpt>
      <trkpt lat="22.55181482993066310882568359375" lon="114.007374979555606842041015625">
        <ele>24.3999996185302734375</ele>
        <time>2026-08-12T22:27:35.000Z</time>
        <extensions>
          <ns3:TrackPointExtension>
            <ns3:atemp>33.0</ns3:atemp>
            <ns3:hr>135</ns3:hr>
            <ns3:cad>85</ns3:cad>
          </ns3:TrackPointExtension>
        </extensions>
      </trkpt>
      <trkpt lat="22.55181918852031230926513671875" lon="114.00739903561770915985107421875">
        <ele>24.3999996185302734375</ele>
        <time>2026-08-12T22:27:36.000Z</time>
        <extensions>
          <ns3:TrackPointExtension>
            <ns3:atemp>33.0</ns3:atemp>
            <ns3:hr>135</ns3:hr>
            <ns3:cad>84</ns3:cad>
          </ns3:TrackPointExtension>
        </extensions>
      </trkpt>
      <trkpt lat="22.55182539112865924835205078125" lon="114.007422588765621185302734375">
        <ele>24.3999996185302734375</ele>
        <time>2026-08-12T22:27:37.000Z</time>
        <extensions>
          <ns3:TrackPointExtension>
            <ns3:atemp>33.0</ns3:atemp>
            <ns3:hr>135</ns3:hr>
            <ns3:cad>83</ns3:cad>
          </ns3:TrackPointExtension>
        </extensions>
      </trkpt>
      <trkpt lat="22.5518271513283252716064453125" lon="114.00744966231286525726318359375">
        <ele>24.3999996185302734375</ele>
        <time>2026-08-12T22:27:38.000Z</time>
        <extensions>
          <ns3:TrackPointExtension>
            <ns3:atemp>33.0</ns3:atemp>
            <ns3:hr>135</ns3:hr>
            <ns3:cad>83</ns3:cad>
          </ns3:TrackPointExtension>
        </extensions>
      </trkpt>
      <trkpt lat="22.55183167755603790283203125" lon="114.00747547857463359832763671875">
        <ele>24.3999996185302734375</ele>
        <time>2026-08-12T22:27:39.000Z</time>
        <extensions>
          <ns3:TrackPointExtension>
            <ns3:atemp>33.0</ns3:atemp>
            <ns3:hr>135</ns3:hr>
            <ns3:cad>84</ns3:cad>
          </ns3:TrackPointExtension>
        </extensions>
      </trkpt>
      <trkpt lat="22.55183435976505279541015625" lon="114.00750548578798770904541015625">
        <ele>24.3999996185302734375</ele>
        <time>2026-08-12T22:27:40.000Z</time>
        <extensions>
          <ns3:TrackPointExtension>
            <ns3:atemp>33.0</ns3:atemp>
            <ns3:hr>135</ns3:hr>
            <ns3:cad>84</ns3:cad>
          </ns3:TrackPointExtension>
        </extensions>
      </trkpt>
      <trkpt lat="22.551838047802448272705078125" lon="114.0075280331075191497802734375">
        <ele>24.3999996185302734375</ele>
        <time>2026-08-12T22:27:41.000Z</time>
        <extensions>
          <ns3:TrackPointExtension>
            <ns3:atemp>33.0</ns3:atemp>
            <ns3:hr>136</ns3:hr>
            <ns3:cad>84</ns3:cad>
          </ns3:TrackPointExtension>
        </extensions>
      </trkpt>
      <trkpt lat="22.5518372096121311187744140625" lon="114.00755410082638263702392578125">
        <ele>24.200000762939453125</ele>
        <time>2026-08-12T22:27:42.000Z</time>
        <extensions>
          <ns3:TrackPointExtension>
            <ns3:atemp>33.0</ns3:atemp>
            <ns3:hr>136</ns3:hr>
            <ns3:cad>85</ns3:cad>
          </ns3:TrackPointExtension>
        </extensions>
      </trkpt>
      <trkpt lat="22.5518392212688922882080078125" lon="114.00757421739399433135986328125">
        <ele>24.200000762939453125</ele>
        <time>2026-08-12T22:27:43.000Z</time>
        <extensions>
          <ns3:TrackPointExtension>
            <ns3:atemp>33.0</ns3:atemp>
            <ns3:hr>136</ns3:hr>
            <ns3:cad>85</ns3:cad>
          </ns3:TrackPointExtension>
        </extensions>
      </trkpt>
      <trkpt lat="22.5518403947353363037109375" lon="114.0075927414000034332275390625">
        <ele>24.200000762939453125</ele>
        <time>2026-08-12T22:27:44.000Z</time>
        <extensions>
          <ns3:TrackPointExtension>
            <ns3:atemp>33.0</ns3:atemp>
            <ns3:hr>137</ns3:hr>
            <ns3:cad>87</ns3:cad>
          </ns3:TrackPointExtension>
        </extensions>
      </trkpt>
      <trkpt lat="22.55183880217373371124267578125" lon="114.00761545635759830474853515625">
        <ele>24.200000762939453125</ele>
        <time>2026-08-12T22:27:45.000Z</time>
        <extensions>
          <ns3:TrackPointExtension>
            <ns3:atemp>33.0</ns3:atemp>
            <ns3:hr>138</ns3:hr>
            <ns3:cad>87</ns3:cad>
          </ns3:TrackPointExtension>
        </extensions>
      </trkpt>
      <trkpt lat="22.55184014327824115753173828125" lon="114.00763574056327342987060546875">
        <ele>24.200000762939453125</ele>
        <time>2026-08-12T22:27:46.000Z</time>
        <extensions>
          <ns3:TrackPointExtension>
            <ns3:atemp>33.0</ns3:atemp>
            <ns3:hr>140</ns3:hr>
            <ns3:cad>86</ns3:cad>
          </ns3:TrackPointExtension>
        </extensions>
      </trkpt>
      <trkpt lat="22.5518402270972728729248046875" lon="114.00765988044440746307373046875">
        <ele>24.200000762939453125</ele>
        <time>2026-08-12T22:27:47.000Z</time>
        <extensions>
          <ns3:TrackPointExtension>
            <ns3:atemp>33.0</ns3:atemp>
            <ns3:hr>141</ns3:hr>
            <ns3:cad>86</ns3:cad>
          </ns3:TrackPointExtension>
        </extensions>
      </trkpt>
      <trkpt lat="22.551841400563716888427734375" lon="114.00768385268747806549072265625">
        <ele>24</ele>
        <time>2026-08-12T22:27:48.000Z</time>
        <extensions>
          <ns3:TrackPointExtension>
            <ns3:atemp>33.0</ns3:atemp>
            <ns3:hr>141</ns3:hr>
            <ns3:cad>85</ns3:cad>
          </ns3:TrackPointExtension>
        </extensions>
      </trkpt>
      <trkpt lat="22.55183930508792400360107421875" lon="114.0077053941786289215087890625">
        <ele>24</ele>
        <time>2026-08-12T22:27:49.000Z</time>
        <extensions>
          <ns3:TrackPointExtension>
            <ns3:atemp>33.0</ns3:atemp>
            <ns3:hr>142</ns3:hr>
            <ns3:cad>85</ns3:cad>
          </ns3:TrackPointExtension>
        </extensions>
      </trkpt>
      <trkpt lat="22.5518425740301609039306640625" lon="114.00773162953555583953857421875">
        <ele>24</ele>
        <time>2026-08-12T22:27:50.000Z</time>
        <extensions>
          <ns3:TrackPointExtension>
            <ns3:atemp>33.0</ns3:atemp>
            <ns3:hr>142</ns3:hr>
            <ns3:cad>85</ns3:cad>
          </ns3:TrackPointExtension>
        </extensions>
      </trkpt>
      <trkpt lat="22.55184399895370006561279296875" lon="114.00775627233088016510009765625">
        <ele>24</ele>
        <time>2026-08-12T22:27:51.000Z</time>
        <extensions>
          <ns3:TrackPointExtension>
            <ns3:atemp>33.0</ns3:atemp>
            <ns3:hr>142</ns3:hr>
            <ns3:cad>85</ns3:cad>
          </ns3:TrackPointExtension>
        </extensions>
      </trkpt>
      <trkpt lat="22.551846764981746673583984375" lon="114.0077831782400608062744140625">
        <ele>24</ele>
        <time>2026-08-12T22:27:52.000Z</time>
        <extensions>
          <ns3:TrackPointExtension>
            <ns3:atemp>33.0</ns3:atemp>
            <ns3:hr>142</ns3:hr>
            <ns3:cad>85</ns3:cad>
          </ns3:TrackPointExtension>
        </extensions>
      </trkpt>
      <trkpt lat="22.5518472678959369659423828125" lon="114.007806144654750823974609375">
        <ele>23.799999237060546875</ele>
        <time>2026-08-12T22:27:53.000Z</time>
        <extensions>
          <ns3:TrackPointExtension>
            <ns3:atemp>33.0</ns3:atemp>
            <ns3:hr>143</ns3:hr>
            <ns3:cad>85</ns3:cad>
          </ns3:TrackPointExtension>
        </extensions>
      </trkpt>
      <trkpt lat="22.5518445856869220733642578125" lon="114.00783372111618518829345703125">
        <ele>23.799999237060546875</ele>
        <time>2026-08-12T22:27:54.000Z</time>
        <extensions>
          <ns3:TrackPointExtension>
            <ns3:atemp>33.0</ns3:atemp>
            <ns3:hr>143</ns3:hr>
            <ns3:cad>85</ns3:cad>
          </ns3:TrackPointExtension>
        </extensions>
      </trkpt>
      <trkpt lat="22.55184249021112918853759765625" lon="114.0078579448163509368896484375">
        <ele>23.799999237060546875</ele>
        <time>2026-08-12T22:27:55.000Z</time>
        <extensions>
          <ns3:TrackPointExtension>
            <ns3:atemp>33.0</ns3:atemp>
            <ns3:hr>143</ns3:hr>
            <ns3:cad>85</ns3:cad>
          </ns3:TrackPointExtension>
        </extensions>
      </trkpt>
      <trkpt lat="22.5518405623733997344970703125" lon="114.0078857727348804473876953125">
        <ele>23.799999237060546875</ele>
        <time>2026-08-12T22:27:56.000Z</time>
        <extensions>
          <ns3:TrackPointExtension>
            <ns3:atemp>33.0</ns3:atemp>
            <ns3:hr>143</ns3:hr>
            <ns3:cad>85</ns3:cad>
          </ns3:TrackPointExtension>
        </extensions>
      </trkpt>
      <trkpt lat="22.551839053630828857421875" lon="114.007908068597316741943359375">
        <ele>23.6000003814697265625</ele>
        <time>2026-08-12T22:27:57.000Z</time>
        <extensions>
          <ns3:TrackPointExtension>
            <ns3:atemp>33.0</ns3:atemp>
            <ns3:hr>144</ns3:hr>
            <ns3:cad>85</ns3:cad>
          </ns3:TrackPointExtension>
        </extensions>
      </trkpt>
      <trkpt lat="22.551837377250194549560546875" lon="114.00792575441300868988037109375">
        <ele>23.6000003814697265625</ele>
        <time>2026-08-12T22:27:58.000Z</time>
        <extensions>
          <ns3:TrackPointExtension>
            <ns3:atemp>33.0</ns3:atemp>
            <ns3:hr>144</ns3:hr>
            <ns3:cad>85</ns3:cad>
          </ns3:TrackPointExtension>
        </extensions>
      </trkpt>
      <trkpt lat="22.55183511413633823394775390625" lon="114.00795157067477703094482421875">
        <ele>23.6000003814697265625</ele>
        <time>2026-08-12T22:27:59.000Z</time>
        <extensions>
          <ns3:TrackPointExtension>
            <ns3:atemp>33.0</ns3:atemp>
            <ns3:hr>144</ns3:hr>
            <ns3:cad>85</ns3:cad>
          </ns3:TrackPointExtension>
        </extensions>
      </trkpt>
      <trkpt lat="22.551831342279911041259765625" lon="114.00797537527978420257568359375">
        <ele>23.6000003814697265625</ele>
        <time>2026-08-12T22:28:00.000Z</time>
        <extensions>
          <ns3:TrackPointExtension>
            <ns3:atemp>33.0</ns3:atemp>
            <ns3:hr>144</ns3:hr>
            <ns3:cad>85</ns3:cad>
          </ns3:TrackPointExtension>
        </extensions>
      </trkpt>
      <trkpt lat="22.55182589404284954071044921875" lon="114.00800253264605998992919921875">
        <ele>23.6000003814697265625</ele>
        <time>2026-08-12T22:28:01.000Z</time>
        <extensions>
          <ns3:TrackPointExtension>
            <ns3:atemp>33.0</ns3:atemp>
            <ns3:hr>144</ns3:hr>
            <ns3:cad>85</ns3:cad>
          </ns3:TrackPointExtension>
        </extensions>
      </trkpt>
      <trkpt lat="22.5518264807760715484619140625" lon="114.00802818126976490020751953125">
        <ele>23.6000003814697265625</ele>
        <time>2026-08-12T22:28:02.000Z</time>
        <extensions>
          <ns3:TrackPointExtension>
            <ns3:atemp>33.0</ns3:atemp>
            <ns3:hr>144</ns3:hr>
            <ns3:cad>85</ns3:cad>
          </ns3:TrackPointExtension>
        </extensions>
      </trkpt>
      <trkpt lat="22.5518234632909297943115234375" lon="114.00805500335991382598876953125">
        <ele>23.3999996185302734375</ele>
        <time>2026-08-12T22:28:03.000Z</time>
        <extensions>
          <ns3:TrackPointExtension>
            <ns3:atemp>33.0</ns3:atemp>
            <ns3:hr>145</ns3:hr>
            <ns3:cad>84</ns3:cad>
          </ns3:TrackPointExtension>
        </extensions>
      </trkpt>
      <trkpt lat="22.55182405002415180206298828125" lon="114.00808383710682392120361328125">
        <ele>23.3999996185302734375</ele>
        <time>2026-08-12T22:28:04.000Z</time>
        <extensions>
          <ns3:TrackPointExtension>
            <ns3:atemp>33.0</ns3:atemp>
            <ns3:hr>145</ns3:hr>
            <ns3:cad>84</ns3:cad>
          </ns3:TrackPointExtension>
        </extensions>
      </trkpt>
      <trkpt lat="22.55182740278542041778564453125" lon="114.00810529477894306182861328125">
        <ele>23.3999996185302734375</ele>
        <time>2026-08-12T22:28:05.000Z</time>
        <extensions>
          <ns3:TrackPointExtension>
            <ns3:atemp>33.0</ns3:atemp>
            <ns3:hr>145</ns3:hr>
            <ns3:cad>84</ns3:cad>
          </ns3:TrackPointExtension>
        </extensions>
      </trkpt>
      <trkpt lat="22.5518298335373401641845703125" lon="114.008133709430694580078125">
        <ele>23.3999996185302734375</ele>
        <time>2026-08-12T22:28:06.000Z</time>
        <extensions>
          <ns3:TrackPointExtension>
            <ns3:atemp>33.0</ns3:atemp>
            <ns3:hr>145</ns3:hr>
            <ns3:cad>84</ns3:cad>
          </ns3:TrackPointExtension>
        </extensions>
      </trkpt>
      <trkpt lat="22.55183578468859195709228515625" lon="114.00815181434154510498046875">
        <ele>23.3999996185302734375</ele>
        <time>2026-08-12T22:28:07.000Z</time>
        <extensions>
          <ns3:TrackPointExtension>
            <ns3:atemp>33.0</ns3:atemp>
            <ns3:hr>145</ns3:hr>
            <ns3:cad>84</ns3:cad>
          </ns3:TrackPointExtension>
        </extensions>
      </trkpt>
      <trkpt lat="22.55184383131563663482666015625" lon="114.00817587040364742279052734375">
        <ele>23.3999996185302734375</ele>
        <time>2026-08-12T22:28:08.000Z</time>
        <extensions>
          <ns3:TrackPointExtension>
            <ns3:atemp>33.0</ns3:atemp>
            <ns3:hr>145</ns3:hr>
            <ns3:cad>84</ns3:cad>
          </ns3:TrackPointExtension>
        </extensions>
      </trkpt>
      <trkpt lat="22.5518524646759033203125" lon="114.00819950737059116363525390625">
        <ele>23.3999996185302734375</ele>
        <time>2026-08-12T22:28:09.000Z</time>
        <extensions>
          <ns3:TrackPointExtension>
            <ns3:atemp>33.0</ns3:atemp>
            <ns3:hr>145</ns3:hr>
            <ns3:cad>85</ns3:cad>
          </ns3:TrackPointExtension>
        </extensions>
      </trkpt>
      <trkpt lat="22.5518586672842502593994140625" lon="114.00821685791015625">
        <ele>23.3999996185302734375</ele>
        <time>2026-08-12T22:28:10.000Z</time>
        <extensions>
          <ns3:TrackPointExtension>
            <ns3:atemp>33.0</ns3:atemp>
            <ns3:hr>145</ns3:hr>
            <ns3:cad>85</ns3:cad>
          </ns3:TrackPointExtension>
        </extensions>
      </trkpt>
      <trkpt lat="22.55187082104384899139404296875" lon="114.00824124924838542938232421875">
        <ele>23.3999996185302734375</ele>
        <time>2026-08-12T22:28:11.000Z</time>
        <extensions>
          <ns3:TrackPointExtension>
            <ns3:atemp>33.0</ns3:atemp>
            <ns3:hr>146</ns3:hr>
            <ns3:cad>85</ns3:cad>
          </ns3:TrackPointExtension>
        </extensions>
      </trkpt>
      <trkpt lat="22.55187652073800563812255859375" lon="114.00825734250247478485107421875">
        <ele>23.3999996185302734375</ele>
        <time>2026-08-12T22:28:12.000Z</time>
        <extensions>
          <ns3:TrackPointExtension>
            <ns3:atemp>33.0</ns3:atemp>
            <ns3:hr>146</ns3:hr>
            <ns3:cad>85</ns3:cad>
          </ns3:TrackPointExtension>
        </extensions>
      </trkpt>
      <trkpt lat="22.5518891774117946624755859375" lon="114.008281230926513671875">
        <ele>23.3999996185302734375</ele>
        <time>2026-08-12T22:28:13.000Z</time>
        <extensions>
          <ns3:TrackPointExtension>
            <ns3:atemp>33.0</ns3:atemp>
            <ns3:hr>146</ns3:hr>
            <ns3:cad>85</ns3:cad>
          </ns3:TrackPointExtension>
        </extensions>
      </trkpt>
      <trkpt lat="22.551902420818805694580078125" lon="114.0082986652851104736328125">
        <ele>23.3999996185302734375</ele>
        <time>2026-08-12T22:28:14.000Z</time>
        <extensions>
          <ns3:TrackPointExtension>
            <ns3:atemp>33.0</ns3:atemp>
            <ns3:hr>146</ns3:hr>
            <ns3:cad>85</ns3:cad>
          </ns3:TrackPointExtension>
        </extensions>
      </trkpt>
      <trkpt lat="22.55191373638808727264404296875" lon="114.0083174407482147216796875">
        <ele>23.200000762939453125</ele>
        <time>2026-08-12T22:28:15.000Z</time>
        <extensions>
          <ns3:TrackPointExtension>
            <ns3:atemp>33.0</ns3:atemp>
            <ns3:hr>147</ns3:hr>
            <ns3:cad>85</ns3:cad>
          </ns3:TrackPointExtension>
        </extensions>
      </trkpt>
      <trkpt lat="22.55193318240344524383544921875" lon="114.00833797641098499298095703125">
        <ele>23.200000762939453125</ele>
        <time>2026-08-12T22:28:16.000Z</time>
        <extensions>
          <ns3:TrackPointExtension>
            <ns3:atemp>33.0</ns3:atemp>
            <ns3:hr>147</ns3:hr>
            <ns3:cad>85</ns3:cad>
          </ns3:TrackPointExtension>
        </extensions>
      </trkpt>
      <trkpt lat="22.55194659344851970672607421875" lon="114.00834627449512481689453125">
        <ele>23.200000762939453125</ele>
        <time>2026-08-12T22:28:17.000Z</time>
        <extensions>
          <ns3:TrackPointExtension>
            <ns3:atemp>33.0</ns3:atemp>
            <ns3:hr>147</ns3:hr>
            <ns3:cad>85</ns3:cad>
          </ns3:TrackPointExtension>
        </extensions>
      </trkpt>
      <trkpt lat="22.5519672967493534088134765625" lon="114.0083645470440387725830078125">
        <ele>23</ele>
        <time>2026-08-12T22:28:18.000Z</time>
        <extensions>
          <ns3:TrackPointExtension>
            <ns3:atemp>33.0</ns3:atemp>
            <ns3:hr>147</ns3:hr>
            <ns3:cad>85</ns3:cad>
          </ns3:TrackPointExtension>
        </extensions>
      </trkpt>
      <trkpt lat="22.551980875432491302490234375" lon="114.008376114070415496826171875">
        <ele>23</ele>
        <time>2026-08-12T22:28:19.000Z</time>
        <extensions>
          <ns3:TrackPointExtension>
            <ns3:atemp>33.0</ns3:atemp>
            <ns3:hr>147</ns3:hr>
            <ns3:cad>85</ns3:cad>
          </ns3:TrackPointExtension>
        </extensions>
      </trkpt>
      <trkpt lat="22.55199872888624668121337890625" lon="114.00839388370513916015625">
        <ele>23</ele>
        <time>2026-08-12T22:28:20.000Z</time>
        <extensions>
          <ns3:TrackPointExtension>
            <ns3:atemp>33.0</ns3:atemp>
            <ns3:hr>147</ns3:hr>
            <ns3:cad>84</ns3:cad>
          </ns3:TrackPointExtension>
        </extensions>
      </trkpt>
      <trkpt lat="22.5520179234445095062255859375" lon="114.00840905494987964630126953125">
        <ele>23</ele>
        <time>2026-08-12T22:28:21.000Z</time>
        <extensions>
          <ns3:TrackPointExtension>
            <ns3:atemp>33.0</ns3:atemp>
            <ns3:hr>147</ns3:hr>
            <ns3:cad>84</ns3:cad>
          </ns3:TrackPointExtension>
        </extensions>
      </trkpt>
      <trkpt lat="22.55203418433666229248046875" lon="114.00842003524303436279296875">
        <ele>23</ele>
        <time>2026-08-12T22:28:22.000Z</time>
        <extensions>
          <ns3:TrackPointExtension>
            <ns3:atemp>33.0</ns3:atemp>
            <ns3:hr>147</ns3:hr>
            <ns3:cad>85</ns3:cad>
          </ns3:TrackPointExtension>
        </extensions>
      </trkpt>
      <trkpt lat="22.5520541332662105560302734375" lon="114.0084369666874408721923828125">
        <ele>23</ele>
        <time>2026-08-12T22:28:23.000Z</time>
        <extensions>
          <ns3:TrackPointExtension>
            <ns3:atemp>33.0</ns3:atemp>
            <ns3:hr>147</ns3:hr>
            <ns3:cad>85</ns3:cad>
          </ns3:TrackPointExtension>
        </extensions>
      </trkpt>
      <trkpt lat="22.5520675443112850189208984375" lon="114.008446522057056427001953125">
        <ele>23</ele>
        <time>2026-08-12T22:28:24.000Z</time>
        <extensions>
          <ns3:TrackPointExtension>
            <ns3:atemp>33.0</ns3:atemp>
            <ns3:hr>148</ns3:hr>
            <ns3:cad>85</ns3:cad>
          </ns3:TrackPointExtension>
        </extensions>
      </trkpt>
      <trkpt lat="22.5520863197743892669677734375" lon="114.008468650281429290771484375">
        <ele>23</ele>
        <time>2026-08-12T22:28:25.000Z</time>
        <extensions>
          <ns3:TrackPointExtension>
            <ns3:atemp>33.0</ns3:atemp>
            <ns3:hr>147</ns3:hr>
            <ns3:cad>85</ns3:cad>
          </ns3:TrackPointExtension>
        </extensions>
      </trkpt>
      <trkpt lat="22.5521047599613666534423828125" lon="114.0084822289645671844482421875">
        <ele>23</ele>
        <time>2026-08-12T22:28:26.000Z</time>
        <extensions>
          <ns3:TrackPointExtension>
            <ns3:atemp>33.0</ns3:atemp>
            <ns3:hr>147</ns3:hr>
            <ns3:cad>85</ns3:cad>
          </ns3:TrackPointExtension>
        </extensions>
      </trkpt>
      <trkpt lat="22.55212529562413692474365234375" lon="114.0085020102560520172119140625">
        <ele>23</ele>
        <time>2026-08-12T22:28:27.000Z</time>
        <extensions>
          <ns3:TrackPointExtension>
            <ns3:atemp>33.0</ns3:atemp>
            <ns3:hr>147</ns3:hr>
            <ns3:cad>86</ns3:cad>
          </ns3:TrackPointExtension>
        </extensions>
      </trkpt>
      <trkpt lat="22.552146501839160919189453125" lon="114.0085197798907756805419921875">
        <ele>23</ele>
        <time>2026-08-12T22:28:28.000Z</time>
        <extensions>
          <ns3:TrackPointExtension>
            <ns3:atemp>33.0</ns3:atemp>
            <ns3:hr>147</ns3:hr>
            <ns3:cad>87</ns3:cad>
          </ns3:TrackPointExtension>
        </extensions>
      </trkpt>
      <trkpt lat="22.55216334946453571319580078125" lon="114.00852841325104236602783203125">
        <ele>23</ele>
        <time>2026-08-12T22:28:29.000Z</time>
        <extensions>
          <ns3:TrackPointExtension>
            <ns3:atemp>33.0</ns3:atemp>
            <ns3:hr>147</ns3:hr>
            <ns3:cad>87</ns3:cad>
          </ns3:TrackPointExtension>
        </extensions>
      </trkpt>
      <trkpt lat="22.55218279547989368438720703125" lon="114.00854878127574920654296875">
        <ele>23</ele>
        <time>2026-08-12T22:28:30.000Z</time>
        <extensions>
          <ns3:TrackPointExtension>
            <ns3:atemp>33.0</ns3:atemp>
            <ns3:hr>147</ns3:hr>
            <ns3:cad>86</ns3:cad>
          </ns3:TrackPointExtension>
        </extensions>
      </trkpt>
      <trkpt lat="22.552198469638824462890625" lon="114.00856076739728450775146484375">
        <ele>22.799999237060546875</ele>
        <time>2026-08-12T22:28:31.000Z</time>
        <extensions>
          <ns3:TrackPointExtension>
            <ns3:atemp>33.0</ns3:atemp>
            <ns3:hr>146</ns3:hr>
            <ns3:cad>85</ns3:cad>
          </ns3:TrackPointExtension>
        </extensions>
      </trkpt>
      <trkpt lat="22.5522211007773876190185546875" lon="114.00858021341264247894287109375">
        <ele>22.799999237060546875</ele>
        <time>2026-08-12T22:28:32.000Z</time>
        <extensions>
          <ns3:TrackPointExtension>
            <ns3:atemp>33.0</ns3:atemp>
            <ns3:hr>146</ns3:hr>
            <ns3:cad>85</ns3:cad>
          </ns3:TrackPointExtension>
        </extensions>
      </trkpt>
      <trkpt lat="22.552239708602428436279296875" lon="114.00859303772449493408203125">
        <ele>22.799999237060546875</ele>
        <time>2026-08-12T22:28:33.000Z</time>
        <extensions>
          <ns3:TrackPointExtension>
            <ns3:atemp>33.0</ns3:atemp>
            <ns3:hr>146</ns3:hr>
            <ns3:cad>85</ns3:cad>
          </ns3:TrackPointExtension>
        </extensions>
      </trkpt>
      <trkpt lat="22.55225814878940582275390625" lon="114.00860871188342571258544921875">
        <ele>22.799999237060546875</ele>
        <time>2026-08-12T22:28:34.000Z</time>
        <extensions>
          <ns3:TrackPointExtension>
            <ns3:atemp>33.0</ns3:atemp>
            <ns3:hr>146</ns3:hr>
            <ns3:cad>85</ns3:cad>
          </ns3:TrackPointExtension>
        </extensions>
      </trkpt>
      <trkpt lat="22.55227960646152496337890625" lon="114.00862262584269046783447265625">
        <ele>22.799999237060546875</ele>
        <time>2026-08-12T22:28:35.000Z</time>
        <extensions>
          <ns3:TrackPointExtension>
            <ns3:atemp>33.0</ns3:atemp>
            <ns3:hr>146</ns3:hr>
            <ns3:cad>85</ns3:cad>
          </ns3:TrackPointExtension>
        </extensions>
      </trkpt>
      <trkpt lat="22.552297376096248626708984375" lon="114.0086290799081325531005859375">
        <ele>22.6000003814697265625</ele>
        <time>2026-08-12T22:28:36.000Z</time>
        <extensions>
          <ns3:TrackPointExtension>
            <ns3:atemp>33.0</ns3:atemp>
            <ns3:hr>146</ns3:hr>
            <ns3:cad>85</ns3:cad>
          </ns3:TrackPointExtension>
        </extensions>
      </trkpt>
      <trkpt lat="22.55232109688222408294677734375" lon="114.0086441673338413238525390625">
        <ele>22.799999237060546875</ele>
        <time>2026-08-12T22:28:37.000Z</time>
        <extensions>
          <ns3:TrackPointExtension>
            <ns3:atemp>33.0</ns3:atemp>
            <ns3:hr>146</ns3:hr>
            <ns3:cad>86</ns3:cad>
          </ns3:TrackPointExtension>
        </extensions>
      </trkpt>
      <trkpt lat="22.5523381121456623077392578125" lon="114.00865229777991771697998046875">
        <ele>22.799999237060546875</ele>
        <time>2026-08-12T22:28:38.000Z</time>
        <extensions>
          <ns3:TrackPointExtension>
            <ns3:atemp>33.0</ns3:atemp>
            <ns3:hr>146</ns3:hr>
            <ns3:cad>86</ns3:cad>
          </ns3:TrackPointExtension>
        </extensions>
      </trkpt>
      <trkpt lat="22.5523615814745426177978515625" lon="114.00867090560495853424072265625">
        <ele>22.6000003814697265625</ele>
        <time>2026-08-12T22:28:39.000Z</time>
        <extensions>
          <ns3:TrackPointExtension>
            <ns3:atemp>33.0</ns3:atemp>
            <ns3:hr>146</ns3:hr>
            <ns3:cad>86</ns3:cad>
          </ns3:TrackPointExtension>
        </extensions>
      </trkpt>
      <trkpt lat="22.55238144658505916595458984375" lon="114.00868029333651065826416015625">
        <ele>22.6000003814697265625</ele>
        <time>2026-08-12T22:28:40.000Z</time>
        <extensions>
          <ns3:TrackPointExtension>
            <ns3:atemp>33.0</ns3:atemp>
            <ns3:hr>146</ns3:hr>
            <ns3:cad>86</ns3:cad>
          </ns3:TrackPointExtension>
        </extensions>
      </trkpt>
      <trkpt lat="22.55240122787654399871826171875" lon="114.0086914412677288055419921875">
        <ele>22.799999237060546875</ele>
        <time>2026-08-12T22:28:41.000Z</time>
        <extensions>
          <ns3:TrackPointExtension>
            <ns3:atemp>33.0</ns3:atemp>
            <ns3:hr>145</ns3:hr>
            <ns3:cad>86</ns3:cad>
          </ns3:TrackPointExtension>
        </extensions>
      </trkpt>
      <trkpt lat="22.552423439919948577880859375" lon="114.00870501995086669921875">
        <ele>22.799999237060546875</ele>
        <time>2026-08-12T22:28:42.000Z</time>
        <extensions>
          <ns3:TrackPointExtension>
            <ns3:atemp>33.0</ns3:atemp>
            <ns3:hr>145</ns3:hr>
            <ns3:cad>85</ns3:cad>
          </ns3:TrackPointExtension>
        </extensions>
      </trkpt>
      <trkpt lat="22.5524412095546722412109375" lon="114.008713066577911376953125">
        <ele>22.799999237060546875</ele>
        <time>2026-08-12T22:28:43.000Z</time>
        <extensions>
          <ns3:TrackPointExtension>
            <ns3:atemp>33.0</ns3:atemp>
            <ns3:hr>146</ns3:hr>
            <ns3:cad>85</ns3:cad>
          </ns3:TrackPointExtension>
        </extensions>
      </trkpt>
      <trkpt lat="22.55246275104582309722900390625" lon="114.0087279863655567169189453125">
        <ele>22.799999237060546875</ele>
        <time>2026-08-12T22:28:44.000Z</time>
        <extensions>
          <ns3:TrackPointExtension>
            <ns3:atemp>33.0</ns3:atemp>
            <ns3:hr>146</ns3:hr>
            <ns3:cad>86</ns3:cad>
          </ns3:TrackPointExtension>
        </extensions>
      </trkpt>
      <trkpt lat="22.5524759106338024139404296875" lon="114.0087316744029521942138671875">
        <ele>22.799999237060546875</ele>
        <time>2026-08-12T22:28:45.000Z</time>
        <extensions>
          <ns3:TrackPointExtension>
            <ns3:atemp>33.0</ns3:atemp>
            <ns3:hr>146</ns3:hr>
            <ns3:cad>86</ns3:cad>
          </ns3:TrackPointExtension>
        </extensions>
      </trkpt>
      <trkpt lat="22.55249577574431896209716796875" lon="114.00874433107674121856689453125">
        <ele>22.799999237060546875</ele>
        <time>2026-08-12T22:28:46.000Z</time>
        <extensions>
          <ns3:TrackPointExtension>
            <ns3:atemp>33.0</ns3:atemp>
            <ns3:hr>145</ns3:hr>
            <ns3:cad>86</ns3:cad>
          </ns3:TrackPointExtension>
        </extensions>
      </trkpt>
      <trkpt lat="22.552508600056171417236328125" lon="114.00874793529510498046875">
        <ele>22.799999237060546875</ele>
        <time>2026-08-12T22:28:47.000Z</time>
        <extensions>
          <ns3:TrackPointExtension>
            <ns3:atemp>33.0</ns3:atemp>
            <ns3:hr>145</ns3:hr>
            <ns3:cad>86</ns3:cad>
          </ns3:TrackPointExtension>
        </extensions>
      </trkpt>
      <trkpt lat="22.55252628587186336517333984375" lon="114.00875673629343509674072265625">
        <ele>22.6000003814697265625</ele>
        <time>2026-08-12T22:28:48.000Z</time>
        <extensions>
          <ns3:TrackPointExtension>
            <ns3:atemp>33.0</ns3:atemp>
            <ns3:hr>146</ns3:hr>
            <ns3:cad>86</ns3:cad>
          </ns3:TrackPointExtension>
        </extensions>
      </trkpt>
      <trkpt lat="22.552544139325618743896484375" lon="114.0087709017097949981689453125">
        <ele>22.3999996185302734375</ele>
        <time>2026-08-12T22:28:49.000Z</time>
        <extensions>
          <ns3:TrackPointExtension>
            <ns3:atemp>33.0</ns3:atemp>
            <ns3:hr>146</ns3:hr>
            <ns3:cad>87</ns3:cad>
          </ns3:TrackPointExtension>
        </extensions>
      </trkpt>
      <trkpt lat="22.55256232805550098419189453125" lon="114.00877819396555423736572265625">
        <ele>22.3999996185302734375</ele>
        <time>2026-08-12T22:28:50.000Z</time>
        <extensions>
          <ns3:TrackPointExtension>
            <ns3:atemp>33.0</ns3:atemp>
            <ns3:hr>145</ns3:hr>
            <ns3:cad>87</ns3:cad>
          </ns3:TrackPointExtension>
        </extensions>
      </trkpt>
      <trkpt lat="22.55258546210825443267822265625" lon="114.00879529304802417755126953125">
        <ele>22.3999996185302734375</ele>
        <time>2026-08-12T22:28:51.000Z</time>
        <extensions>
          <ns3:TrackPointExtension>
            <ns3:atemp>33.0</ns3:atemp>
            <ns3:hr>145</ns3:hr>
            <ns3:cad>85</ns3:cad>
          </ns3:TrackPointExtension>
        </extensions>
      </trkpt>
      <trkpt lat="22.55260105244815349578857421875" lon="114.00880401022732257843017578125">
        <ele>22.3999996185302734375</ele>
        <time>2026-08-12T22:28:52.000Z</time>
        <extensions>
          <ns3:TrackPointExtension>
            <ns3:atemp>33.0</ns3:atemp>
            <ns3:hr>145</ns3:hr>
            <ns3:cad>85</ns3:cad>
          </ns3:TrackPointExtension>
        </extensions>
      </trkpt>
      <trkpt lat="22.5526204146444797515869140625" lon="114.00881893001496791839599609375">
        <ele>22.3999996185302734375</ele>
        <time>2026-08-12T22:28:53.000Z</time>
        <extensions>
          <ns3:TrackPointExtension>
            <ns3:atemp>33.0</ns3:atemp>
            <ns3:hr>145</ns3:hr>
            <ns3:cad>85</ns3:cad>
          </ns3:TrackPointExtension>
        </extensions>
      </trkpt>
      <trkpt lat="22.5526385195553302764892578125" lon="114.00882932357490062713623046875">
        <ele>22.3999996185302734375</ele>
        <time>2026-08-12T22:28:54.000Z</time>
        <extensions>
          <ns3:TrackPointExtension>
            <ns3:atemp>33.0</ns3:atemp>
            <ns3:hr>145</ns3:hr>
            <ns3:cad>84</ns3:cad>
          </ns3:TrackPointExtension>
        </extensions>
      </trkpt>
      <trkpt lat="22.55265184678137302398681640625" lon="114.00883954949676990509033203125">
        <ele>22.3999996185302734375</ele>
        <time>2026-08-12T22:28:55.000Z</time>
        <extensions>
          <ns3:TrackPointExtension>
            <ns3:atemp>33.0</ns3:atemp>
            <ns3:hr>145</ns3:hr>
            <ns3:cad>84</ns3:cad>
          </ns3:TrackPointExtension>
        </extensions>
      </trkpt>
      <trkpt lat="22.552676908671855926513671875" lon="114.0088550560176372528076171875">
        <ele>22.3999996185302734375</ele>
        <time>2026-08-12T22:28:56.000Z</time>
        <extensions>
          <ns3:TrackPointExtension>
            <ns3:atemp>33.0</ns3:atemp>
            <ns3:hr>144</ns3:hr>
            <ns3:cad>84</ns3:cad>
          </ns3:TrackPointExtension>
        </extensions>
      </trkpt>
      <trkpt lat="22.55269627086818218231201171875" lon="114.00886000134050846099853515625">
        <ele>22.200000762939453125</ele>
        <time>2026-08-12T22:28:57.000Z</time>
        <extensions>
          <ns3:TrackPointExtension>
            <ns3:atemp>33.0</ns3:atemp>
            <ns3:hr>144</ns3:hr>
            <ns3:cad>84</ns3:cad>
          </ns3:TrackPointExtension>
        </extensions>
      </trkpt>
      <trkpt lat="22.55272041074931621551513671875" lon="114.0088755078613758087158203125">
        <ele>22.200000762939453125</ele>
        <time>2026-08-12T22:28:58.000Z</time>
        <extensions>
          <ns3:TrackPointExtension>
            <ns3:atemp>33.0</ns3:atemp>
            <ns3:hr>144</ns3:hr>
            <ns3:cad>84</ns3:cad>
          </ns3:TrackPointExtension>
        </extensions>
      </trkpt>
      <trkpt lat="22.55274488590657711029052734375" lon="114.0088828839361667633056640625">
        <ele>22.200000762939453125</ele>
        <time>2026-08-12T22:28:59.000Z</time>
        <extensions>
          <ns3:TrackPointExtension>
            <ns3:atemp>33.0</ns3:atemp>
            <ns3:hr>144</ns3:hr>
            <ns3:cad>85</ns3:cad>
          </ns3:TrackPointExtension>
        </extensions>
      </trkpt>
      <trkpt lat="22.55276785232126712799072265625" lon="114.00889017619192600250244140625">
        <ele>22.200000762939453125</ele>
        <time>2026-08-12T22:29:00.000Z</time>
        <extensions>
          <ns3:TrackPointExtension>
            <ns3:atemp>33.0</ns3:atemp>
            <ns3:hr>145</ns3:hr>
            <ns3:cad>85</ns3:cad>
          </ns3:TrackPointExtension>
        </extensions>
      </trkpt>
      <trkpt lat="22.55279433913528919219970703125" lon="114.00890643708407878875732421875">
        <ele>22.200000762939453125</ele>
        <time>2026-08-12T22:29:01.000Z</time>
        <extensions>
          <ns3:TrackPointExtension>
            <ns3:atemp>33.0</ns3:atemp>
            <ns3:hr>144</ns3:hr>
            <ns3:cad>84</ns3:cad>
          </ns3:TrackPointExtension>
        </extensions>
      </trkpt>
      <trkpt lat="22.55281495861709117889404296875" lon="114.0089137293398380279541015625">
        <ele>22.200000762939453125</ele>
        <time>2026-08-12T22:29:02.000Z</time>
        <extensions>
          <ns3:TrackPointExtension>
            <ns3:atemp>33.0</ns3:atemp>
            <ns3:hr>144</ns3:hr>
            <ns3:cad>84</ns3:cad>
          </ns3:TrackPointExtension>
        </extensions>
      </trkpt>
      <trkpt lat="22.5528420321643352508544921875" lon="114.0089251287281513214111328125">
        <ele>22.200000762939453125</ele>
        <time>2026-08-12T22:29:03.000Z</time>
        <extensions>
          <ns3:TrackPointExtension>
            <ns3:atemp>33.0</ns3:atemp>
            <ns3:hr>144</ns3:hr>
            <ns3:cad>84</ns3:cad>
          </ns3:TrackPointExtension>
        </extensions>
      </trkpt>
      <trkpt lat="22.55286726169288158416748046875" lon="114.0089325048029422760009765625">
        <ele>22.200000762939453125</ele>
        <time>2026-08-12T22:29:04.000Z</time>
        <extensions>
          <ns3:TrackPointExtension>
            <ns3:atemp>33.0</ns3:atemp>
            <ns3:hr>144</ns3:hr>
            <ns3:cad>84</ns3:cad>
          </ns3:TrackPointExtension>
        </extensions>
      </trkpt>
      <trkpt lat="22.55288905464112758636474609375" lon="114.00893510319292545318603515625">
        <ele>22.200000762939453125</ele>
        <time>2026-08-12T22:29:05.000Z</time>
        <extensions>
          <ns3:TrackPointExtension>
            <ns3:atemp>33.0</ns3:atemp>
            <ns3:hr>144</ns3:hr>
            <ns3:cad>84</ns3:cad>
          </ns3:TrackPointExtension>
        </extensions>
      </trkpt>
      <trkpt lat="22.5529132783412933349609375" lon="114.0089504420757293701171875">
        <ele>22.200000762939453125</ele>
        <time>2026-08-12T22:29:06.000Z</time>
        <extensions>
          <ns3:TrackPointExtension>
            <ns3:atemp>33.0</ns3:atemp>
            <ns3:hr>144</ns3:hr>
            <ns3:cad>84</ns3:cad>
          </ns3:TrackPointExtension>
        </extensions>
      </trkpt>
      <trkpt lat="22.55293012596666812896728515625" lon="114.00897114537656307220458984375">
        <ele>22</ele>
        <time>2026-08-12T22:29:07.000Z</time>
        <extensions>
          <ns3:TrackPointExtension>
            <ns3:atemp>33.0</ns3:atemp>
            <ns3:hr>144</ns3:hr>
            <ns3:cad>84</ns3:cad>
          </ns3:TrackPointExtension>
        </extensions>
      </trkpt>
      <trkpt lat="22.5529449619352817535400390625" lon="114.008992351591587066650390625">
        <ele>22</ele>
        <time>2026-08-12T22:29:08.000Z</time>
        <extensions>
          <ns3:TrackPointExtension>
            <ns3:atemp>33.0</ns3:atemp>
            <ns3:hr>144</ns3:hr>
            <ns3:cad>83</ns3:cad>
          </ns3:TrackPointExtension>
        </extensions>
      </trkpt>
      <trkpt lat="22.552958540618419647216796875" lon="114.0090173296630382537841796875">
        <ele>22</ele>
        <time>2026-08-12T22:29:09.000Z</time>
        <extensions>
          <ns3:TrackPointExtension>
            <ns3:atemp>33.0</ns3:atemp>
            <ns3:hr>144</ns3:hr>
            <ns3:cad>83</ns3:cad>
          </ns3:TrackPointExtension>
        </extensions>
      </trkpt>
      <trkpt lat="22.55296365357935428619384765625" lon="114.009031243622303009033203125">
        <ele>22</ele>
        <time>2026-08-12T22:29:10.000Z</time>
        <extensions>
          <ns3:TrackPointExtension>
            <ns3:atemp>33.0</ns3:atemp>
            <ns3:hr>144</ns3:hr>
            <ns3:cad>83</ns3:cad>
          </ns3:TrackPointExtension>
        </extensions>
      </trkpt>
      <trkpt lat="22.552953846752643585205078125" lon="114.00904976762831211090087890625">
        <ele>22</ele>
        <time>2026-08-12T22:29:11.000Z</time>
        <extensions>
          <ns3:TrackPointExtension>
            <ns3:atemp>33.0</ns3:atemp>
            <ns3:hr>144</ns3:hr>
            <ns3:cad>82</ns3:cad>
          </ns3:TrackPointExtension>
        </extensions>
      </trkpt>
      <trkpt lat="22.552937082946300506591796875" lon="114.00906778872013092041015625">
        <ele>22</ele>
        <time>2026-08-12T22:29:12.000Z</time>
        <extensions>
          <ns3:TrackPointExtension>
            <ns3:atemp>33.0</ns3:atemp>
            <ns3:hr>144</ns3:hr>
            <ns3:cad>82</ns3:cad>
          </ns3:TrackPointExtension>
        </extensions>
      </trkpt>
      <trkpt lat="22.55292744375765323638916015625" lon="114.0090800262987613677978515625">
        <ele>22</ele>
        <time>2026-08-12T22:29:13.000Z</time>
        <extensions>
          <ns3:TrackPointExtension>
            <ns3:atemp>33.0</ns3:atemp>
            <ns3:hr>144</ns3:hr>
            <ns3:cad>82</ns3:cad>
          </ns3:TrackPointExtension>
        </extensions>
      </trkpt>
      <trkpt lat="22.55290967412292957305908203125" lon="114.0090954490005970001220703125">
        <ele>21.799999237060546875</ele>
        <time>2026-08-12T22:29:14.000Z</time>
        <extensions>
          <ns3:TrackPointExtension>
            <ns3:atemp>33.0</ns3:atemp>
            <ns3:hr>144</ns3:hr>
            <ns3:cad>82</ns3:cad>
          </ns3:TrackPointExtension>
        </extensions>
      </trkpt>
      <trkpt lat="22.55288788117468357086181640625" lon="114.0091113746166229248046875">
        <ele>21.799999237060546875</ele>
        <time>2026-08-12T22:29:15.000Z</time>
        <extensions>
          <ns3:TrackPointExtension>
            <ns3:atemp>33.0</ns3:atemp>
            <ns3:hr>144</ns3:hr>
            <ns3:cad>81</ns3:cad>
          </ns3:TrackPointExtension>
        </extensions>
      </trkpt>
      <trkpt lat="22.5528757274150848388671875" lon="114.0091242827475070953369140625">
        <ele>21.799999237060546875</ele>
        <time>2026-08-12T22:29:16.000Z</time>
        <extensions>
          <ns3:TrackPointExtension>
            <ns3:atemp>33.0</ns3:atemp>
            <ns3:hr>144</ns3:hr>
            <ns3:cad>81</ns3:cad>
          </ns3:TrackPointExtension>
        </extensions>
      </trkpt>
      <trkpt lat="22.55285519175231456756591796875" lon="114.00914649479091167449951171875">
        <ele>21.799999237060546875</ele>
        <time>2026-08-12T22:29:17.000Z</time>
        <extensions>
          <ns3:TrackPointExtension>
            <ns3:atemp>33.0</ns3:atemp>
            <ns3:hr>144</ns3:hr>
            <ns3:cad>81</ns3:cad>
          </ns3:TrackPointExtension>
        </extensions>
      </trkpt>
      <trkpt lat="22.55284287035465240478515625" lon="114.00915957055985927581787109375">
        <ele>21.799999237060546875</ele>
        <time>2026-08-12T22:29:18.000Z</time>
        <extensions>
          <ns3:TrackPointExtension>
            <ns3:atemp>33.0</ns3:atemp>
            <ns3:hr>144</ns3:hr>
            <ns3:cad>81</ns3:cad>
          </ns3:TrackPointExtension>
        </extensions>
      </trkpt>
      <trkpt lat="22.552829124033451080322265625" lon="114.00917507708072662353515625">
        <ele>22</ele>
        <time>2026-08-12T22:29:19.000Z</time>
        <extensions>
          <ns3:TrackPointExtension>
            <ns3:atemp>33.0</ns3:atemp>
            <ns3:hr>144</ns3:hr>
            <ns3:cad>81</ns3:cad>
          </ns3:TrackPointExtension>
        </extensions>
      </trkpt>
      <trkpt lat="22.55281445570290088653564453125" lon="114.009193517267704010009765625">
        <ele>22</ele>
        <time>2026-08-12T22:29:20.000Z</time>
        <extensions>
          <ns3:TrackPointExtension>
            <ns3:atemp>33.0</ns3:atemp>
            <ns3:hr>144</ns3:hr>
            <ns3:cad>81</ns3:cad>
          </ns3:TrackPointExtension>
        </extensions>
      </trkpt>
      <trkpt lat="22.55280531942844390869140625" lon="114.0092064253985881805419921875">
        <ele>22.200000762939453125</ele>
        <time>2026-08-12T22:29:21.000Z</time>
        <extensions>
          <ns3:TrackPointExtension>
            <ns3:atemp>33.0</ns3:atemp>
            <ns3:hr>144</ns3:hr>
            <ns3:cad>82</ns3:cad>
          </ns3:TrackPointExtension>
        </extensions>
      </trkpt>
      <trkpt lat="22.55279467441141605377197265625" lon="114.0092117898166179656982421875">
        <ele>22.200000762939453125</ele>
        <time>2026-08-12T22:29:22.000Z</time>
        <extensions>
          <ns3:TrackPointExtension>
            <ns3:atemp>33.0</ns3:atemp>
            <ns3:hr>144</ns3:hr>
            <ns3:cad>82</ns3:cad>
          </ns3:TrackPointExtension>
        </extensions>
      </trkpt>
      <trkpt lat="22.552789561450481414794921875" lon="114.009211622178554534912109375">
        <ele>22.200000762939453125</ele>
        <time>2026-08-12T22:29:23.000Z</time>
        <extensions>
          <ns3:TrackPointExtension>
            <ns3:atemp>33.0</ns3:atemp>
            <ns3:hr>144</ns3:hr>
            <ns3:cad>82</ns3:cad>
          </ns3:TrackPointExtension>
        </extensions>
      </trkpt>
      <trkpt lat="22.55278578959405422210693359375" lon="114.00921128690242767333984375">
        <ele>22</ele>
        <time>2026-08-12T22:29:24.000Z</time>
        <extensions>
          <ns3:TrackPointExtension>
            <ns3:atemp>33.0</ns3:atemp>
            <ns3:hr>144</ns3:hr>
            <ns3:cad>82</ns3:cad>
          </ns3:TrackPointExtension>
        </extensions>
      </trkpt>
      <trkpt lat="22.5527850352227687835693359375" lon="114.0092121250927448272705078125">
        <ele>21.799999237060546875</ele>
        <time>2026-08-12T22:29:25.000Z</time>
        <extensions>
          <ns3:TrackPointExtension>
            <ns3:atemp>33.0</ns3:atemp>
            <ns3:hr>143</ns3:hr>
            <ns3:cad>0</ns3:cad>
          </ns3:TrackPointExtension>
        </extensions>
      </trkpt>
      <trkpt lat="22.5527850352227687835693359375" lon="114.0092121250927448272705078125">
        <ele>21.6000003814697265625</ele>
        <time>2026-08-12T22:29:26.000Z</time>
        <extensions>
          <ns3:TrackPointExtension>
            <ns3:atemp>33.0</ns3:atemp>
            <ns3:hr>143</ns3:hr>
            <ns3:cad>0</ns3:cad>
          </ns3:TrackPointExtension>
        </extensions>
      </trkpt>
      <trkpt lat="22.5527850352227687835693359375" lon="114.0092121250927448272705078125">
        <ele>21.6000003814697265625</ele>
        <time>2026-08-12T22:29:27.000Z</time>
        <extensions>
          <ns3:TrackPointExtension>
            <ns3:atemp>33.0</ns3:atemp>
            <ns3:hr>143</ns3:hr>
            <ns3:cad>0</ns3:cad>
          </ns3:TrackPointExtension>
        </extensions>
      </trkpt>
      <trkpt lat="22.5527850352227687835693359375" lon="114.0092121250927448272705078125">
        <ele>21.799999237060546875</ele>
        <time>2026-08-12T22:29:28.000Z</time>
        <extensions>
          <ns3:TrackPointExtension>
            <ns3:atemp>33.0</ns3:atemp>
            <ns3:hr>142</ns3:hr>
            <ns3:cad>0</ns3:cad>
          </ns3:TrackPointExtension>
        </extensions>
      </trkpt>
      <trkpt lat="22.5527850352227687835693359375" lon="114.0092121250927448272705078125">
        <ele>21.799999237060546875</ele>
        <time>2026-08-12T22:29:29.000Z</time>
        <extensions>
          <ns3:TrackPointExtension>
            <ns3:atemp>33.0</ns3:atemp>
            <ns3:hr>142</ns3:hr>
            <ns3:cad>0</ns3:cad>
          </ns3:TrackPointExtension>
        </extensions>
      </trkpt>
      <trkpt lat="22.55278562195599079132080078125" lon="114.009211957454681396484375">
        <ele>22</ele>
        <time>2026-08-12T22:29:30.000Z</time>
        <extensions>
          <ns3:TrackPointExtension>
            <ns3:atemp>33.0</ns3:atemp>
            <ns3:hr>142</ns3:hr>
            <ns3:cad>0</ns3:cad>
          </ns3:TrackPointExtension>
        </extensions>
      </trkpt>
      <trkpt lat="22.55277992226183414459228515625" lon="114.00919946841895580291748046875">
        <ele>22.200000762939453125</ele>
        <time>2026-08-12T22:29:31.000Z</time>
        <extensions>
          <ns3:TrackPointExtension>
            <ns3:atemp>33.0</ns3:atemp>
            <ns3:hr>142</ns3:hr>
            <ns3:cad>0</ns3:cad>
          </ns3:TrackPointExtension>
        </extensions>
      </trkpt>
      <trkpt lat="22.55270616151392459869384765625" lon="114.00931656360626220703125">
        <ele>22</ele>
        <time>2026-08-12T22:29:56.000Z</time>
        <extensions>
          <ns3:TrackPointExtension>
            <ns3:atemp>33.0</ns3:atemp>
            <ns3:hr>125</ns3:hr>
            <ns3:cad>83</ns3:cad>
          </ns3:TrackPointExtension>
        </extensions>
      </trkpt>
      <trkpt lat="22.5526945106685161590576171875" lon="114.0093366801738739013671875">
        <ele>22</ele>
        <time>2026-08-12T22:29:57.000Z</time>
        <extensions>
          <ns3:TrackPointExtension>
            <ns3:atemp>33.0</ns3:atemp>
            <ns3:hr>125</ns3:hr>
            <ns3:cad>83</ns3:cad>
          </ns3:TrackPointExtension>
        </extensions>
      </trkpt>
      <trkpt lat="22.5526757352054119110107421875" lon="114.00935201905667781829833984375">
        <ele>22</ele>
        <time>2026-08-12T22:29:58.000Z</time>
        <extensions>
          <ns3:TrackPointExtension>
            <ns3:atemp>33.0</ns3:atemp>
            <ns3:hr>125</ns3:hr>
            <ns3:cad>83</ns3:cad>
          </ns3:TrackPointExtension>
        </extensions>
      </trkpt>
      <trkpt lat="22.55266341380774974822998046875" lon="114.0093676932156085968017578125">
        <ele>22</ele>
        <time>2026-08-12T22:29:59.000Z</time>
        <extensions>
          <ns3:TrackPointExtension>
            <ns3:atemp>33.0</ns3:atemp>
            <ns3:hr>125</ns3:hr>
            <ns3:cad>84</ns3:cad>
          </ns3:TrackPointExtension>
        </extensions>
      </trkpt>
      <trkpt lat="22.55264363251626491546630859375" lon="114.00938856415450572967529296875">
        <ele>22</ele>
        <time>2026-08-12T22:30:00.000Z</time>
        <extensions>
          <ns3:TrackPointExtension>
            <ns3:atemp>33.0</ns3:atemp>
            <ns3:hr>125</ns3:hr>
            <ns3:cad>84</ns3:cad>
          </ns3:TrackPointExtension>
        </extensions>
      </trkpt>
      <trkpt lat="22.552630640566349029541015625" lon="114.009404070675373077392578125">
        <ele>21.799999237060546875</ele>
        <time>2026-08-12T22:30:01.000Z</time>
        <extensions>
          <ns3:TrackPointExtension>
            <ns3:atemp>33.0</ns3:atemp>
            <ns3:hr>126</ns3:hr>
            <ns3:cad>84</ns3:cad>
          </ns3:TrackPointExtension>
        </extensions>
      </trkpt>
      <trkpt lat="22.5526080094277858734130859375" lon="114.00941773317754268646240234375">
        <ele>21.799999237060546875</ele>
        <time>2026-08-12T22:30:02.000Z</time>
        <extensions>
          <ns3:TrackPointExtension>
            <ns3:atemp>33.0</ns3:atemp>
            <ns3:hr>126</ns3:hr>
            <ns3:cad>84</ns3:cad>
          </ns3:TrackPointExtension>
        </extensions>
      </trkpt>
      <trkpt lat="22.55258412100374698638916015625" lon="114.00943499989807605743408203125">
        <ele>21.799999237060546875</ele>
        <time>2026-08-12T22:30:03.000Z</time>
        <extensions>
          <ns3:TrackPointExtension>
            <ns3:atemp>33.0</ns3:atemp>
            <ns3:hr>127</ns3:hr>
            <ns3:cad>84</ns3:cad>
          </ns3:TrackPointExtension>
        </extensions>
      </trkpt>
      <trkpt lat="22.55258177407085895538330078125" lon="114.00945578701794147491455078125">
        <ele>21.799999237060546875</ele>
        <time>2026-08-12T22:30:04.000Z</time>
        <extensions>
          <ns3:TrackPointExtension>
            <ns3:atemp>33.0</ns3:atemp>
            <ns3:hr>127</ns3:hr>
            <ns3:cad>84</ns3:cad>
          </ns3:TrackPointExtension>
        </extensions>
      </trkpt>
      <trkpt lat="22.5525778345763683319091796875" lon="114.00948579423129558563232421875">
        <ele>21.799999237060546875</ele>
        <time>2026-08-12T22:30:05.000Z</time>
        <extensions>
          <ns3:TrackPointExtension>
            <ns3:atemp>33.0</ns3:atemp>
            <ns3:hr>126</ns3:hr>
            <ns3:cad>84</ns3:cad>
          </ns3:TrackPointExtension>
        </extensions>
      </trkpt>
      <trkpt lat="22.55257825367152690887451171875" lon="114.0095064975321292877197265625">
        <ele>21.799999237060546875</ele>
        <time>2026-08-12T22:30:06.000Z</time>
        <extensions>
          <ns3:TrackPointExtension>
            <ns3:atemp>33.0</ns3:atemp>
            <ns3:hr>126</ns3:hr>
            <ns3:cad>84</ns3:cad>
          </ns3:TrackPointExtension>
        </extensions>
      </trkpt>
      <trkpt lat="22.55257624201476573944091796875" lon="114.0095360018312931060791015625">
        <ele>21.799999237060546875</ele>
        <time>2026-08-12T22:30:07.000Z</time>
        <extensions>
          <ns3:TrackPointExtension>
            <ns3:atemp>33.0</ns3:atemp>
            <ns3:hr>126</ns3:hr>
            <ns3:cad>84</ns3:cad>
          </ns3:TrackPointExtension>
        </extensions>
      </trkpt>
      <trkpt lat="22.55257733166217803955078125" lon="114.00955050252377986907958984375">
        <ele>21.799999237060546875</ele>
        <time>2026-08-12T22:30:08.000Z</time>
        <extensions>
          <ns3:TrackPointExtension>
            <ns3:atemp>33.0</ns3:atemp>
            <ns3:hr>126</ns3:hr>
            <ns3:cad>84</ns3:cad>
          </ns3:TrackPointExtension>
        </extensions>
      </trkpt>
      <trkpt lat="22.55257490091025829315185546875" lon="114.0095752291381359100341796875">
        <ele>21.799999237060546875</ele>
        <time>2026-08-12T22:30:09.000Z</time>
        <extensions>
          <ns3:TrackPointExtension>
            <ns3:atemp>33.0</ns3:atemp>
            <ns3:hr>127</ns3:hr>
            <ns3:cad>84</ns3:cad>
          </ns3:TrackPointExtension>
        </extensions>
      </trkpt>
      <trkpt lat="22.55257322452962398529052734375" lon="114.00959962047636508941650390625">
        <ele>21.799999237060546875</ele>
        <time>2026-08-12T22:30:10.000Z</time>
        <extensions>
          <ns3:TrackPointExtension>
            <ns3:atemp>33.0</ns3:atemp>
            <ns3:hr>127</ns3:hr>
            <ns3:cad>85</ns3:cad>
          </ns3:TrackPointExtension>
        </extensions>
      </trkpt>
      <trkpt lat="22.5525726377964019775390625" lon="114.0096198208630084991455078125">
        <ele>21.799999237060546875</ele>
        <time>2026-08-12T22:30:11.000Z</time>
        <extensions>
          <ns3:TrackPointExtension>
            <ns3:atemp>33.0</ns3:atemp>
            <ns3:hr>127</ns3:hr>
            <ns3:cad>85</ns3:cad>
          </ns3:TrackPointExtension>
        </extensions>
      </trkpt>
      <trkpt lat="22.55256484262645244598388671875" lon="114.00964739732444286346435546875">
        <ele>21.6000003814697265625</ele>
        <time>2026-08-12T22:30:12.000Z</time>
        <extensions>
          <ns3:TrackPointExtension>
            <ns3:atemp>33.0</ns3:atemp>
            <ns3:hr>128</ns3:hr>
            <ns3:cad>85</ns3:cad>
          </ns3:TrackPointExtension>
        </extensions>
      </trkpt>
      <trkpt lat="22.55256433971226215362548828125" lon="114.009666256606578826904296875">
        <ele>21.6000003814697265625</ele>
        <time>2026-08-12T22:30:13.000Z</time>
        <extensions>
          <ns3:TrackPointExtension>
            <ns3:atemp>33.0</ns3:atemp>
            <ns3:hr>129</ns3:hr>
            <ns3:cad>85</ns3:cad>
          </ns3:TrackPointExtension>
        </extensions>
      </trkpt>
      <trkpt lat="22.55255947820842266082763671875" lon="114.0096907317638397216796875">
        <ele>21.6000003814697265625</ele>
        <time>2026-08-12T22:30:14.000Z</time>
        <extensions>
          <ns3:TrackPointExtension>
            <ns3:atemp>33.0</ns3:atemp>
            <ns3:hr>129</ns3:hr>
            <ns3:cad>85</ns3:cad>
          </ns3:TrackPointExtension>
        </extensions>
      </trkpt>
      <trkpt lat="22.55255310796201229095458984375" lon="114.0097113512456417083740234375">
        <ele>21.3999996185302734375</ele>
        <time>2026-08-12T22:30:15.000Z</time>
        <extensions>
          <ns3:TrackPointExtension>
            <ns3:atemp>33.0</ns3:atemp>
            <ns3:hr>130</ns3:hr>
            <ns3:cad>85</ns3:cad>
          </ns3:TrackPointExtension>
        </extensions>
      </trkpt>
      <trkpt lat="22.55254724062979221343994140625" lon="114.00973104871809482574462890625">
        <ele>21.3999996185302734375</ele>
        <time>2026-08-12T22:30:16.000Z</time>
        <extensions>
          <ns3:TrackPointExtension>
            <ns3:atemp>33.0</ns3:atemp>
            <ns3:hr>131</ns3:hr>
            <ns3:cad>85</ns3:cad>
          </ns3:TrackPointExtension>
        </extensions>
      </trkpt>
      <trkpt lat="22.55254103802144527435302734375" lon="114.00975334458053112030029296875">
        <ele>21.3999996185302734375</ele>
        <time>2026-08-12T22:30:17.000Z</time>
        <extensions>
          <ns3:TrackPointExtension>
            <ns3:atemp>33.0</ns3:atemp>
            <ns3:hr>132</ns3:hr>
            <ns3:cad>85</ns3:cad>
          </ns3:TrackPointExtension>
        </extensions>
      </trkpt>
      <trkpt lat="22.552530057728290557861328125" lon="114.0097693540155887603759765625">
        <ele>21.3999996185302734375</ele>
        <time>2026-08-12T22:30:18.000Z</time>
        <extensions>
          <ns3:TrackPointExtension>
            <ns3:atemp>33.0</ns3:atemp>
            <ns3:hr>132</ns3:hr>
            <ns3:cad>85</ns3:cad>
          </ns3:TrackPointExtension>
        </extensions>
      </trkpt>
      <trkpt lat="22.5525164790451526641845703125" lon="114.009795002639293670654296875">
        <ele>21.200000762939453125</ele>
        <time>2026-08-12T22:30:19.000Z</time>
        <extensions>
          <ns3:TrackPointExtension>
            <ns3:atemp>33.0</ns3:atemp>
            <ns3:hr>132</ns3:hr>
            <ns3:cad>85</ns3:cad>
          </ns3:TrackPointExtension>
        </extensions>
      </trkpt>
      <trkpt lat="22.5525136291980743408203125" lon="114.00981587357819080352783203125">
        <ele>21.200000762939453125</ele>
        <time>2026-08-12T22:30:20.000Z</time>
        <extensions>
          <ns3:TrackPointExtension>
            <ns3:atemp>33.0</ns3:atemp>
            <ns3:hr>133</ns3:hr>
            <ns3:cad>85</ns3:cad>
          </ns3:TrackPointExtension>
        </extensions>
      </trkpt>
      <trkpt lat="22.5525057502090930938720703125" lon="114.009841941297054290771484375">
        <ele>21.200000762939453125</ele>
        <time>2026-08-12T22:30:21.000Z</time>
        <extensions>
          <ns3:TrackPointExtension>
            <ns3:atemp>33.0</ns3:atemp>
            <ns3:hr>134</ns3:hr>
            <ns3:cad>85</ns3:cad>
          </ns3:TrackPointExtension>
        </extensions>
      </trkpt>
      <trkpt lat="22.5525017268955707550048828125" lon="114.00987119413912296295166015625">
        <ele>21.200000762939453125</ele>
        <time>2026-08-12T22:30:22.000Z</time>
        <extensions>
          <ns3:TrackPointExtension>
            <ns3:atemp>33.0</ns3:atemp>
            <ns3:hr>134</ns3:hr>
            <ns3:cad>85</ns3:cad>
          </ns3:TrackPointExtension>
        </extensions>
      </trkpt>
      <trkpt lat="22.55250181071460247039794921875" lon="114.00989516638219356536865234375">
        <ele>21</ele>
        <time>2026-08-12T22:30:23.000Z</time>
        <extensions>
          <ns3:TrackPointExtension>
            <ns3:atemp>33.0</ns3:atemp>
            <ns3:hr>136</ns3:hr>
            <ns3:cad>85</ns3:cad>
          </ns3:TrackPointExtension>
        </extensions>
      </trkpt>
      <trkpt lat="22.55249979905784130096435546875" lon="114.00992341339588165283203125">
        <ele>21</ele>
        <time>2026-08-12T22:30:24.000Z</time>
        <extensions>
          <ns3:TrackPointExtension>
            <ns3:atemp>33.0</ns3:atemp>
            <ns3:hr>137</ns3:hr>
            <ns3:cad>84</ns3:cad>
          </ns3:TrackPointExtension>
        </extensions>
      </trkpt>
      <trkpt lat="22.5524973683059215545654296875" lon="114.0099483914673328399658203125">
        <ele>21</ele>
        <time>2026-08-12T22:30:25.000Z</time>
        <extensions>
          <ns3:TrackPointExtension>
            <ns3:atemp>33.0</ns3:atemp>
            <ns3:hr>138</ns3:hr>
            <ns3:cad>84</ns3:cad>
          </ns3:TrackPointExtension>
        </extensions>
      </trkpt>
      <trkpt lat="22.55249342881143093109130859375" lon="114.0099762193858623504638671875">
        <ele>21</ele>
        <time>2026-08-12T22:30:26.000Z</time>
        <extensions>
          <ns3:TrackPointExtension>
            <ns3:atemp>33.0</ns3:atemp>
            <ns3:hr>139</ns3:hr>
            <ns3:cad>84</ns3:cad>
          </ns3:TrackPointExtension>
        </extensions>
      </trkpt>
      <trkpt lat="22.55248772911727428436279296875" lon="114.010007567703723907470703125">
        <ele>20.799999237060546875</ele>
        <time>2026-08-12T22:30:27.000Z</time>
        <extensions>
          <ns3:TrackPointExtension>
            <ns3:atemp>33.0</ns3:atemp>
            <ns3:hr>139</ns3:hr>
            <ns3:cad>84</ns3:cad>
          </ns3:TrackPointExtension>
        </extensions>
      </trkpt>
      <trkpt lat="22.55248504690825939178466796875" lon="114.01003070175647735595703125">
        <ele>20.6000003814697265625</ele>
        <time>2026-08-12T22:30:28.000Z</time>
        <extensions>
          <ns3:TrackPointExtension>
            <ns3:atemp>33.0</ns3:atemp>
            <ns3:hr>139</ns3:hr>
            <ns3:cad>84</ns3:cad>
          </ns3:TrackPointExtension>
        </extensions>
      </trkpt>
      <trkpt lat="22.55248303525149822235107421875" lon="114.010056518018245697021484375">
        <ele>20.6000003814697265625</ele>
        <time>2026-08-12T22:30:29.000Z</time>
        <extensions>
          <ns3:TrackPointExtension>
            <ns3:atemp>33.0</ns3:atemp>
            <ns3:hr>139</ns3:hr>
            <ns3:cad>84</ns3:cad>
          </ns3:TrackPointExtension>
        </extensions>
      </trkpt>
      <trkpt lat="22.552481777966022491455078125" lon="114.01007671840488910675048828125">
        <ele>20.3999996185302734375</ele>
        <time>2026-08-12T22:30:30.000Z</time>
        <extensions>
          <ns3:TrackPointExtension>
            <ns3:atemp>33.0</ns3:atemp>
            <ns3:hr>140</ns3:hr>
            <ns3:cad>83</ns3:cad>
          </ns3:TrackPointExtension>
        </extensions>
      </trkpt>
      <trkpt lat="22.55247985012829303741455078125" lon="114.01009951718151569366455078125">
        <ele>20.3999996185302734375</ele>
        <time>2026-08-12T22:30:31.000Z</time>
        <extensions>
          <ns3:TrackPointExtension>
            <ns3:atemp>33.0</ns3:atemp>
            <ns3:hr>140</ns3:hr>
            <ns3:cad>83</ns3:cad>
          </ns3:TrackPointExtension>
        </extensions>
      </trkpt>
      <trkpt lat="22.552476413547992706298828125" lon="114.01012432761490345001220703125">
        <ele>20.3999996185302734375</ele>
        <time>2026-08-12T22:30:32.000Z</time>
        <extensions>
          <ns3:TrackPointExtension>
            <ns3:atemp>33.0</ns3:atemp>
            <ns3:hr>139</ns3:hr>
            <ns3:cad>83</ns3:cad>
          </ns3:TrackPointExtension>
        </extensions>
      </trkpt>
      <trkpt lat="22.55248211324214935302734375" lon="114.0101425163447856903076171875">
        <ele>20.6000003814697265625</ele>
        <time>2026-08-12T22:30:33.000Z</time>
        <extensions>
          <ns3:TrackPointExtension>
            <ns3:atemp>33.0</ns3:atemp>
            <ns3:hr>139</ns3:hr>
            <ns3:cad>83</ns3:cad>
          </ns3:TrackPointExtension>
        </extensions>
      </trkpt>
      <trkpt lat="22.5524692051112651824951171875" lon="114.01017026044428348541259765625">
        <ele>20.6000003814697265625</ele>
        <time>2026-08-12T22:30:34.000Z</time>
        <extensions>
          <ns3:TrackPointExtension>
            <ns3:atemp>33.0</ns3:atemp>
            <ns3:hr>139</ns3:hr>
            <ns3:cad>83</ns3:cad>
          </ns3:TrackPointExtension>
        </extensions>
      </trkpt>
      <trkpt lat="22.552460990846157073974609375" lon="114.01019440032541751861572265625">
        <ele>20.3999996185302734375</ele>
        <time>2026-08-12T22:30:35.000Z</time>
        <extensions>
          <ns3:TrackPointExtension>
            <ns3:atemp>33.0</ns3:atemp>
            <ns3:hr>138</ns3:hr>
            <ns3:cad>83</ns3:cad>
          </ns3:TrackPointExtension>
        </extensions>
      </trkpt>
      <trkpt lat="22.55244984291493892669677734375" lon="114.010223485529422760009765625">
        <ele>20.3999996185302734375</ele>
        <time>2026-08-12T22:30:36.000Z</time>
        <extensions>
          <ns3:TrackPointExtension>
            <ns3:atemp>33.0</ns3:atemp>
            <ns3:hr>138</ns3:hr>
            <ns3:cad>84</ns3:cad>
          </ns3:TrackPointExtension>
        </extensions>
      </trkpt>
      <trkpt lat="22.55243592895567417144775390625" lon="114.01025005616247653961181640625">
        <ele>20.3999996185302734375</ele>
        <time>2026-08-12T22:30:37.000Z</time>
        <extensions>
          <ns3:TrackPointExtension>
            <ns3:atemp>33.0</ns3:atemp>
            <ns3:hr>138</ns3:hr>
            <ns3:cad>84</ns3:cad>
          </ns3:TrackPointExtension>
        </extensions>
      </trkpt>
      <trkpt lat="22.55243039689958095550537109375" lon="114.01027084328234195709228515625">
        <ele>20.3999996185302734375</ele>
        <time>2026-08-12T22:30:38.000Z</time>
        <extensions>
          <ns3:TrackPointExtension>
            <ns3:atemp>33.0</ns3:atemp>
            <ns3:hr>138</ns3:hr>
            <ns3:cad>84</ns3:cad>
          </ns3:TrackPointExtension>
        </extensions>
      </trkpt>
      <trkpt lat="22.55241799168288707733154296875" lon="114.01030017994344234466552734375">
        <ele>20.3999996185302734375</ele>
        <time>2026-08-12T22:30:39.000Z</time>
        <extensions>
          <ns3:TrackPointExtension>
            <ns3:atemp>33.0</ns3:atemp>
            <ns3:hr>138</ns3:hr>
            <ns3:cad>84</ns3:cad>
          </ns3:TrackPointExtension>
        </extensions>
      </trkpt>
      <trkpt lat="22.5524112023413181304931640625" lon="114.0103225596249103546142578125">
        <ele>20.3999996185302734375</ele>
        <time>2026-08-12T22:30:40.000Z</time>
        <extensions>
          <ns3:TrackPointExtension>
            <ns3:atemp>33.0</ns3:atemp>
            <ns3:hr>138</ns3:hr>
            <ns3:cad>84</ns3:cad>
          </ns3:TrackPointExtension>
        </extensions>
      </trkpt>
      <trkpt lat="22.55239871330559253692626953125" lon="114.01035533286631107330322265625">
        <ele>20.200000762939453125</ele>
        <time>2026-08-12T22:30:41.000Z</time>
        <extensions>
          <ns3:TrackPointExtension>
            <ns3:atemp>33.0</ns3:atemp>
            <ns3:hr>138</ns3:hr>
            <ns3:cad>84</ns3:cad>
          </ns3:TrackPointExtension>
        </extensions>
      </trkpt>
      <trkpt lat="22.55239318124949932098388671875" lon="114.01038165204226970672607421875">
        <ele>20.200000762939453125</ele>
        <time>2026-08-12T22:30:42.000Z</time>
        <extensions>
          <ns3:TrackPointExtension>
            <ns3:atemp>33.0</ns3:atemp>
            <ns3:hr>138</ns3:hr>
            <ns3:cad>84</ns3:cad>
          </ns3:TrackPointExtension>
        </extensions>
      </trkpt>
      <trkpt lat="22.552388571202754974365234375" lon="114.0104043669998645782470703125">
        <ele>20.200000762939453125</ele>
        <time>2026-08-12T22:30:43.000Z</time>
        <extensions>
          <ns3:TrackPointExtension>
            <ns3:atemp>33.0</ns3:atemp>
            <ns3:hr>138</ns3:hr>
            <ns3:cad>84</ns3:cad>
          </ns3:TrackPointExtension>
        </extensions>
      </trkpt>
      <trkpt lat="22.55237658508121967315673828125" lon="114.0104311890900135040283203125">
        <ele>20.200000762939453125</ele>
        <time>2026-08-12T22:30:44.000Z</time>
        <extensions>
          <ns3:TrackPointExtension>
            <ns3:atemp>33.0</ns3:atemp>
            <ns3:hr>139</ns3:hr>
            <ns3:cad>85</ns3:cad>
          </ns3:TrackPointExtension>
        </extensions>
      </trkpt>
      <trkpt lat="22.5523687899112701416015625" lon="114.010452814400196075439453125">
        <ele>20.200000762939453125</ele>
        <time>2026-08-12T22:30:45.000Z</time>
        <extensions>
          <ns3:TrackPointExtension>
            <ns3:atemp>33.0</ns3:atemp>
            <ns3:hr>138</ns3:hr>
            <ns3:cad>85</ns3:cad>
          </ns3:TrackPointExtension>
        </extensions>
      </trkpt>
      <trkpt lat="22.5523531995713710784912109375" lon="114.0104777924716472625732421875">
        <ele>20.200000762939453125</ele>
        <time>2026-08-12T22:30:46.000Z</time>
        <extensions>
          <ns3:TrackPointExtension>
            <ns3:atemp>33.0</ns3:atemp>
            <ns3:hr>138</ns3:hr>
            <ns3:cad>84</ns3:cad>
          </ns3:TrackPointExtension>
        </extensions>
      </trkpt>
      <trkpt lat="22.55233920179307460784912109375" lon="114.0105022676289081573486328125">
        <ele>20</ele>
        <time>2026-08-12T22:30:47.000Z</time>
        <extensions>
          <ns3:TrackPointExtension>
            <ns3:atemp>33.0</ns3:atemp>
            <ns3:hr>138</ns3:hr>
            <ns3:cad>84</ns3:cad>
          </ns3:TrackPointExtension>
        </extensions>
      </trkpt>
      <trkpt lat="22.5523285567760467529296875" lon="114.01052154600620269775390625">
        <ele>20</ele>
        <time>2026-08-12T22:30:48.000Z</time>
        <extensions>
          <ns3:TrackPointExtension>
            <ns3:atemp>33.0</ns3:atemp>
            <ns3:hr>138</ns3:hr>
            <ns3:cad>84</ns3:cad>
          </ns3:TrackPointExtension>
        </extensions>
      </trkpt>
      <trkpt lat="22.55231590010225772857666015625" lon="114.01054677553474903106689453125">
        <ele>20</ele>
        <time>2026-08-12T22:30:49.000Z</time>
        <extensions>
          <ns3:TrackPointExtension>
            <ns3:atemp>33.0</ns3:atemp>
            <ns3:hr>139</ns3:hr>
            <ns3:cad>84</ns3:cad>
          </ns3:TrackPointExtension>
        </extensions>
      </trkpt>
      <trkpt lat="22.55230617709457874298095703125" lon="114.01056907139718532562255859375">
        <ele>20</ele>
        <time>2026-08-12T22:30:50.000Z</time>
        <extensions>
          <ns3:TrackPointExtension>
            <ns3:atemp>33.0</ns3:atemp>
            <ns3:hr>139</ns3:hr>
            <ns3:cad>84</ns3:cad>
          </ns3:TrackPointExtension>
        </extensions>
      </trkpt>
      <trkpt lat="22.55229226313531398773193359375" lon="114.010591618716716766357421875">
        <ele>20</ele>
        <time>2026-08-12T22:30:51.000Z</time>
        <extensions>
          <ns3:TrackPointExtension>
            <ns3:atemp>33.0</ns3:atemp>
            <ns3:hr>138</ns3:hr>
            <ns3:cad>83</ns3:cad>
          </ns3:TrackPointExtension>
        </extensions>
      </trkpt>
      <trkpt lat="22.55227960646152496337890625" lon="114.01061684824526309967041015625">
        <ele>20</ele>
        <time>2026-08-12T22:30:52.000Z</time>
        <extensions>
          <ns3:TrackPointExtension>
            <ns3:atemp>33.0</ns3:atemp>
            <ns3:hr>138</ns3:hr>
            <ns3:cad>83</ns3:cad>
          </ns3:TrackPointExtension>
        </extensions>
      </trkpt>
      <trkpt lat="22.55227600224316120147705078125" lon="114.01063478551805019378662109375">
        <ele>20</ele>
        <time>2026-08-12T22:30:53.000Z</time>
        <extensions>
          <ns3:TrackPointExtension>
            <ns3:atemp>33.0</ns3:atemp>
            <ns3:hr>138</ns3:hr>
            <ns3:cad>83</ns3:cad>
          </ns3:TrackPointExtension>
        </extensions>
      </trkpt>
      <trkpt lat="22.5522703863680362701416015625" lon="114.01066278107464313507080078125">
        <ele>20</ele>
        <time>2026-08-12T22:30:54.000Z</time>
        <extensions>
          <ns3:TrackPointExtension>
            <ns3:atemp>33.0</ns3:atemp>
            <ns3:hr>139</ns3:hr>
            <ns3:cad>83</ns3:cad>
          </ns3:TrackPointExtension>
        </extensions>
      </trkpt>
      <trkpt lat="22.55226946435868740081787109375" lon="114.01068205945193767547607421875">
        <ele>20</ele>
        <time>2026-08-12T22:30:55.000Z</time>
        <extensions>
          <ns3:TrackPointExtension>
            <ns3:atemp>33.0</ns3:atemp>
            <ns3:hr>138</ns3:hr>
            <ns3:cad>83</ns3:cad>
          </ns3:TrackPointExtension>
        </extensions>
      </trkpt>
      <trkpt lat="22.55226108245551586151123046875" lon="114.01070334948599338531494140625">
        <ele>20</ele>
        <time>2026-08-12T22:30:56.000Z</time>
        <extensions>
          <ns3:TrackPointExtension>
            <ns3:atemp>33.0</ns3:atemp>
            <ns3:hr>138</ns3:hr>
            <ns3:cad>83</ns3:cad>
          </ns3:TrackPointExtension>
        </extensions>
      </trkpt>
      <trkpt lat="22.5522509403526782989501953125" lon="114.01072380132973194122314453125">
        <ele>20</ele>
        <time>2026-08-12T22:30:57.000Z</time>
        <extensions>
          <ns3:TrackPointExtension>
            <ns3:atemp>33.0</ns3:atemp>
            <ns3:hr>139</ns3:hr>
            <ns3:cad>84</ns3:cad>
          </ns3:TrackPointExtension>
        </extensions>
      </trkpt>
      <trkpt lat="22.5522415526211261749267578125" lon="114.0107440017163753509521484375">
        <ele>20</ele>
        <time>2026-08-12T22:30:58.000Z</time>
        <extensions>
          <ns3:TrackPointExtension>
            <ns3:atemp>33.0</ns3:atemp>
            <ns3:hr>138</ns3:hr>
            <ns3:cad>84</ns3:cad>
          </ns3:TrackPointExtension>
        </extensions>
      </trkpt>
      <trkpt lat="22.5522293150424957275390625" lon="114.010775350034236907958984375">
        <ele>20</ele>
        <time>2026-08-12T22:30:59.000Z</time>
        <extensions>
          <ns3:TrackPointExtension>
            <ns3:atemp>33.0</ns3:atemp>
            <ns3:hr>138</ns3:hr>
            <ns3:cad>84</ns3:cad>
          </ns3:TrackPointExtension>
        </extensions>
      </trkpt>
      <trkpt lat="22.5522266328334808349609375" lon="114.010794796049594879150390625">
        <ele>19.799999237060546875</ele>
        <time>2026-08-12T22:31:00.000Z</time>
        <extensions>
          <ns3:TrackPointExtension>
            <ns3:atemp>33.0</ns3:atemp>
            <ns3:hr>139</ns3:hr>
            <ns3:cad>84</ns3:cad>
          </ns3:TrackPointExtension>
        </extensions>
      </trkpt>
      <trkpt lat="22.55221934057772159576416015625" lon="114.01082304306328296661376953125">
        <ele>19.799999237060546875</ele>
        <time>2026-08-12T22:31:01.000Z</time>
        <extensions>
          <ns3:TrackPointExtension>
            <ns3:atemp>33.0</ns3:atemp>
            <ns3:hr>139</ns3:hr>
            <ns3:cad>84</ns3:cad>
          </ns3:TrackPointExtension>
        </extensions>
      </trkpt>
      <trkpt lat="22.55222286097705364227294921875" lon="114.01084198616445064544677734375">
        <ele>19.799999237060546875</ele>
        <time>2026-08-12T22:31:02.000Z</time>
        <extensions>
          <ns3:TrackPointExtension>
            <ns3:atemp>33.0</ns3:atemp>
            <ns3:hr>140</ns3:hr>
            <ns3:cad>84</ns3:cad>
          </ns3:TrackPointExtension>
        </extensions>
      </trkpt>
      <trkpt lat="22.552217580378055572509765625" lon="114.01086126454174518585205078125">
        <ele>19.799999237060546875</ele>
        <time>2026-08-12T22:31:03.000Z</time>
        <extensions>
          <ns3:TrackPointExtension>
            <ns3:atemp>33.0</ns3:atemp>
            <ns3:hr>139</ns3:hr>
            <ns3:cad>84</ns3:cad>
          </ns3:TrackPointExtension>
        </extensions>
      </trkpt>
      <trkpt lat="22.55221431143581867218017578125" lon="114.01088364422321319580078125">
        <ele>19.799999237060546875</ele>
        <time>2026-08-12T22:31:04.000Z</time>
        <extensions>
          <ns3:TrackPointExtension>
            <ns3:atemp>33.0</ns3:atemp>
            <ns3:hr>140</ns3:hr>
            <ns3:cad>84</ns3:cad>
          </ns3:TrackPointExtension>
        </extensions>
      </trkpt>
      <trkpt lat="22.55220961757004261016845703125" lon="114.0109045989811420440673828125">
        <ele>19.799999237060546875</ele>
        <time>2026-08-12T22:31:05.000Z</time>
        <extensions>
          <ns3:TrackPointExtension>
            <ns3:atemp>33.0</ns3:atemp>
            <ns3:hr>140</ns3:hr>
            <ns3:cad>85</ns3:cad>
          </ns3:TrackPointExtension>
        </extensions>
      </trkpt>
      <trkpt lat="22.5522046722471714019775390625" lon="114.01093217544257640838623046875">
        <ele>19.799999237060546875</ele>
        <time>2026-08-12T22:31:06.000Z</time>
        <extensions>
          <ns3:TrackPointExtension>
            <ns3:atemp>33.0</ns3:atemp>
            <ns3:hr>140</ns3:hr>
            <ns3:cad>86</ns3:cad>
          </ns3:TrackPointExtension>
        </extensions>
      </trkpt>
      <trkpt lat="22.55220257677137851715087890625" lon="114.01094960980117321014404296875">
        <ele>19.6000003814697265625</ele>
        <time>2026-08-12T22:31:07.000Z</time>
        <extensions>
          <ns3:TrackPointExtension>
            <ns3:atemp>33.0</ns3:atemp>
            <ns3:hr>140</ns3:hr>
            <ns3:cad>86</ns3:cad>
          </ns3:TrackPointExtension>
        </extensions>
      </trkpt>
      <trkpt lat="22.55219235084950923919677734375" lon="114.01097425259649753570556640625">
        <ele>19.6000003814697265625</ele>
        <time>2026-08-12T22:31:08.000Z</time>
        <extensions>
          <ns3:TrackPointExtension>
            <ns3:atemp>33.0</ns3:atemp>
            <ns3:hr>140</ns3:hr>
            <ns3:cad>86</ns3:cad>
          </ns3:TrackPointExtension>
        </extensions>
      </trkpt>
      <trkpt lat="22.5521858967840671539306640625" lon="114.0109951235353946685791015625">
        <ele>19.6000003814697265625</ele>
        <time>2026-08-12T22:31:09.000Z</time>
        <extensions>
          <ns3:TrackPointExtension>
            <ns3:atemp>33.0</ns3:atemp>
            <ns3:hr>140</ns3:hr>
            <ns3:cad>85</ns3:cad>
          </ns3:TrackPointExtension>
        </extensions>
      </trkpt>
      <trkpt lat="22.55217826925218105316162109375" lon="114.01101700030267238616943359375">
        <ele>19.6000003814697265625</ele>
        <time>2026-08-12T22:31:10.000Z</time>
        <extensions>
          <ns3:TrackPointExtension>
            <ns3:atemp>33.0</ns3:atemp>
            <ns3:hr>141</ns3:hr>
            <ns3:cad>85</ns3:cad>
          </ns3:TrackPointExtension>
        </extensions>
      </trkpt>
      <trkpt lat="22.55217424593865871429443359375" lon="114.0110407210886478424072265625">
        <ele>19.6000003814697265625</ele>
        <time>2026-08-12T22:31:11.000Z</time>
        <extensions>
          <ns3:TrackPointExtension>
            <ns3:atemp>33.0</ns3:atemp>
            <ns3:hr>141</ns3:hr>
            <ns3:cad>85</ns3:cad>
          </ns3:TrackPointExtension>
        </extensions>
      </trkpt>
      <trkpt lat="22.55216971971094608306884765625" lon="114.01106201112270355224609375">
        <ele>19.6000003814697265625</ele>
        <time>2026-08-12T22:31:12.000Z</time>
        <extensions>
          <ns3:TrackPointExtension>
            <ns3:atemp>33.0</ns3:atemp>
            <ns3:hr>141</ns3:hr>
            <ns3:cad>85</ns3:cad>
          </ns3:TrackPointExtension>
        </extensions>
      </trkpt>
      <trkpt lat="22.5521584041416645050048828125" lon="114.01108657009899616241455078125">
        <ele>19.6000003814697265625</ele>
        <time>2026-08-12T22:31:13.000Z</time>
        <extensions>
          <ns3:TrackPointExtension>
            <ns3:atemp>33.0</ns3:atemp>
            <ns3:hr>142</ns3:hr>
            <ns3:cad>85</ns3:cad>
          </ns3:TrackPointExtension>
        </extensions>
      </trkpt>
      <trkpt lat="22.55215060897171497344970703125" lon="114.0111037530004978179931640625">
        <ele>19.6000003814697265625</ele>
        <time>2026-08-12T22:31:14.000Z</time>
        <extensions>
          <ns3:TrackPointExtension>
            <ns3:atemp>33.0</ns3:atemp>
            <ns3:hr>142</ns3:hr>
            <ns3:cad>86</ns3:cad>
          </ns3:TrackPointExtension>
        </extensions>
      </trkpt>
      <trkpt lat="22.5521366111934185028076171875" lon="114.011127389967441558837890625">
        <ele>19.3999996185302734375</ele>
        <time>2026-08-12T22:31:15.000Z</time>
        <extensions>
          <ns3:TrackPointExtension>
            <ns3:atemp>33.0</ns3:atemp>
            <ns3:hr>143</ns3:hr>
            <ns3:cad>86</ns3:cad>
          </ns3:TrackPointExtension>
        </extensions>
      </trkpt>
      <trkpt lat="22.55212663672864437103271484375" lon="114.01114918291568756103515625">
        <ele>19.3999996185302734375</ele>
        <time>2026-08-12T22:31:16.000Z</time>
        <extensions>
          <ns3:TrackPointExtension>
            <ns3:atemp>33.0</ns3:atemp>
            <ns3:hr>143</ns3:hr>
            <ns3:cad>86</ns3:cad>
          </ns3:TrackPointExtension>
        </extensions>
      </trkpt>
      <trkpt lat="22.55211758427321910858154296875" lon="114.01116737164556980133056640625">
        <ele>19.3999996185302734375</ele>
        <time>2026-08-12T22:31:17.000Z</time>
        <extensions>
          <ns3:TrackPointExtension>
            <ns3:atemp>33.0</ns3:atemp>
            <ns3:hr>144</ns3:hr>
            <ns3:cad>85</ns3:cad>
          </ns3:TrackPointExtension>
        </extensions>
      </trkpt>
      <trkpt lat="22.552106268703937530517578125" lon="114.01119167916476726531982421875">
        <ele>19.3999996185302734375</ele>
        <time>2026-08-12T22:31:18.000Z</time>
        <extensions>
          <ns3:TrackPointExtension>
            <ns3:atemp>33.0</ns3:atemp>
            <ns3:hr>144</ns3:hr>
            <ns3:cad>85</ns3:cad>
          </ns3:TrackPointExtension>
        </extensions>
      </trkpt>
      <trkpt lat="22.55210082046687602996826171875" lon="114.01120819151401519775390625">
        <ele>19.200000762939453125</ele>
        <time>2026-08-12T22:31:19.000Z</time>
        <extensions>
          <ns3:TrackPointExtension>
            <ns3:atemp>33.0</ns3:atemp>
            <ns3:hr>144</ns3:hr>
            <ns3:cad>85</ns3:cad>
          </ns3:TrackPointExtension>
        </extensions>
      </trkpt>
      <trkpt lat="22.55208657123148441314697265625" lon="114.01123023591935634613037109375">
        <ele>19.200000762939453125</ele>
        <time>2026-08-12T22:31:20.000Z</time>
        <extensions>
          <ns3:TrackPointExtension>
            <ns3:atemp>33.0</ns3:atemp>
            <ns3:hr>144</ns3:hr>
            <ns3:cad>85</ns3:cad>
          </ns3:TrackPointExtension>
        </extensions>
      </trkpt>
      <trkpt lat="22.552075423300266265869140625" lon="114.0112482570111751556396484375">
        <ele>19.200000762939453125</ele>
        <time>2026-08-12T22:31:21.000Z</time>
        <extensions>
          <ns3:TrackPointExtension>
            <ns3:atemp>33.0</ns3:atemp>
            <ns3:hr>144</ns3:hr>
            <ns3:cad>85</ns3:cad>
          </ns3:TrackPointExtension>
        </extensions>
      </trkpt>
      <trkpt lat="22.5520630180835723876953125" lon="114.011267535388469696044921875">
        <ele>19.200000762939453125</ele>
        <time>2026-08-12T22:31:22.000Z</time>
        <extensions>
          <ns3:TrackPointExtension>
            <ns3:atemp>33.0</ns3:atemp>
            <ns3:hr>143</ns3:hr>
            <ns3:cad>85</ns3:cad>
          </ns3:TrackPointExtension>
        </extensions>
      </trkpt>
      <trkpt lat="22.55204533226788043975830078125" lon="114.01128589175641536712646484375">
        <ele>19.200000762939453125</ele>
        <time>2026-08-12T22:31:23.000Z</time>
        <extensions>
          <ns3:TrackPointExtension>
            <ns3:atemp>33.0</ns3:atemp>
            <ns3:hr>143</ns3:hr>
            <ns3:cad>85</ns3:cad>
          </ns3:TrackPointExtension>
        </extensions>
      </trkpt>
      <trkpt lat="22.55203326232731342315673828125" lon="114.01130768470466136932373046875">
        <ele>19.200000762939453125</ele>
        <time>2026-08-12T22:31:24.000Z</time>
        <extensions>
          <ns3:TrackPointExtension>
            <ns3:atemp>33.0</ns3:atemp>
            <ns3:hr>143</ns3:hr>
            <ns3:cad>85</ns3:cad>
          </ns3:TrackPointExtension>
        </extensions>
      </trkpt>
      <trkpt lat="22.55201783962547779083251953125" lon="114.01132780127227306365966796875">
        <ele>19.200000762939453125</ele>
        <time>2026-08-12T22:31:25.000Z</time>
        <extensions>
          <ns3:TrackPointExtension>
            <ns3:atemp>33.0</ns3:atemp>
            <ns3:hr>143</ns3:hr>
            <ns3:cad>85</ns3:cad>
          </ns3:TrackPointExtension>
        </extensions>
      </trkpt>
      <trkpt lat="22.552007697522640228271484375" lon="114.011348001658916473388671875">
        <ele>19.200000762939453125</ele>
        <time>2026-08-12T22:31:26.000Z</time>
        <extensions>
          <ns3:TrackPointExtension>
            <ns3:atemp>33.0</ns3:atemp>
            <ns3:hr>143</ns3:hr>
            <ns3:cad>85</ns3:cad>
          </ns3:TrackPointExtension>
        </extensions>
      </trkpt>
      <trkpt lat="22.55199261009693145751953125" lon="114.01136987842619419097900390625">
        <ele>19</ele>
        <time>2026-08-12T22:31:27.000Z</time>
        <extensions>
          <ns3:TrackPointExtension>
            <ns3:atemp>33.0</ns3:atemp>
            <ns3:hr>143</ns3:hr>
            <ns3:cad>84</ns3:cad>
          </ns3:TrackPointExtension>
        </extensions>
      </trkpt>
      <trkpt lat="22.55198380909860134124755859375" lon="114.011391587555408477783203125">
        <ele>19</ele>
        <time>2026-08-12T22:31:28.000Z</time>
        <extensions>
          <ns3:TrackPointExtension>
            <ns3:atemp>33.0</ns3:atemp>
            <ns3:hr>142</ns3:hr>
            <ns3:cad>84</ns3:cad>
          </ns3:TrackPointExtension>
        </extensions>
      </trkpt>
      <trkpt lat="22.5519726611673831939697265625" lon="114.01141111738979816436767578125">
        <ele>19</ele>
        <time>2026-08-12T22:31:29.000Z</time>
        <extensions>
          <ns3:TrackPointExtension>
            <ns3:atemp>33.0</ns3:atemp>
            <ns3:hr>142</ns3:hr>
            <ns3:cad>85</ns3:cad>
          </ns3:TrackPointExtension>
        </extensions>
      </trkpt>
      <trkpt lat="22.55196184851229190826416015625" lon="114.0114309825003147125244140625">
        <ele>19</ele>
        <time>2026-08-12T22:31:30.000Z</time>
        <extensions>
          <ns3:TrackPointExtension>
            <ns3:atemp>33.0</ns3:atemp>
            <ns3:hr>142</ns3:hr>
            <ns3:cad>85</ns3:cad>
          </ns3:TrackPointExtension>
        </extensions>
      </trkpt>
      <trkpt lat="22.551954723894596099853515625" lon="114.01144866831600666046142578125">
        <ele>18.799999237060546875</ele>
        <time>2026-08-12T22:31:31.000Z</time>
        <extensions>
          <ns3:TrackPointExtension>
            <ns3:atemp>33.0</ns3:atemp>
            <ns3:hr>143</ns3:hr>
            <ns3:cad>85</ns3:cad>
          </ns3:TrackPointExtension>
        </extensions>
      </trkpt>
      <trkpt lat="22.55193871445953845977783203125" lon="114.01146794669330120086669921875">
        <ele>18.799999237060546875</ele>
        <time>2026-08-12T22:31:32.000Z</time>
        <extensions>
          <ns3:TrackPointExtension>
            <ns3:atemp>33.0</ns3:atemp>
            <ns3:hr>142</ns3:hr>
            <ns3:cad>85</ns3:cad>
          </ns3:TrackPointExtension>
        </extensions>
      </trkpt>
      <trkpt lat="22.55193502642214298248291015625" lon="114.01148370467126369476318359375">
        <ele>18.799999237060546875</ele>
        <time>2026-08-12T22:31:33.000Z</time>
        <extensions>
          <ns3:TrackPointExtension>
            <ns3:atemp>33.0</ns3:atemp>
            <ns3:hr>142</ns3:hr>
            <ns3:cad>86</ns3:cad>
          </ns3:TrackPointExtension>
        </extensions>
      </trkpt>
      <trkpt lat="22.55192010663449764251708984375" lon="114.01150952093303203582763671875">
        <ele>18.799999237060546875</ele>
        <time>2026-08-12T22:31:34.000Z</time>
        <extensions>
          <ns3:TrackPointExtension>
            <ns3:atemp>33.0</ns3:atemp>
            <ns3:hr>142</ns3:hr>
            <ns3:cad>86</ns3:cad>
          </ns3:TrackPointExtension>
        </extensions>
      </trkpt>
      <trkpt lat="22.55191440694034099578857421875" lon="114.011529386043548583984375">
        <ele>18.799999237060546875</ele>
        <time>2026-08-12T22:31:35.000Z</time>
        <extensions>
          <ns3:TrackPointExtension>
            <ns3:atemp>33.0</ns3:atemp>
            <ns3:hr>141</ns3:hr>
            <ns3:cad>86</ns3:cad>
          </ns3:TrackPointExtension>
        </extensions>
      </trkpt>
      <trkpt lat="22.551902420818805694580078125" lon="114.01154958643019199371337890625">
        <ele>18.799999237060546875</ele>
        <time>2026-08-12T22:31:36.000Z</time>
        <extensions>
          <ns3:TrackPointExtension>
            <ns3:atemp>33.0</ns3:atemp>
            <ns3:hr>141</ns3:hr>
            <ns3:cad>87</ns3:cad>
          </ns3:TrackPointExtension>
        </extensions>
      </trkpt>
      <trkpt lat="22.55189026705920696258544921875" lon="114.01157188229262828826904296875">
        <ele>18.799999237060546875</ele>
        <time>2026-08-12T22:31:37.000Z</time>
        <extensions>
          <ns3:TrackPointExtension>
            <ns3:atemp>33.0</ns3:atemp>
            <ns3:hr>141</ns3:hr>
            <ns3:cad>87</ns3:cad>
          </ns3:TrackPointExtension>
        </extensions>
      </trkpt>
      <trkpt lat="22.551879622042179107666015625" lon="114.0115905739367008209228515625">
        <ele>18.799999237060546875</ele>
        <time>2026-08-12T22:31:38.000Z</time>
        <extensions>
          <ns3:TrackPointExtension>
            <ns3:atemp>33.0</ns3:atemp>
            <ns3:hr>142</ns3:hr>
            <ns3:cad>87</ns3:cad>
          </ns3:TrackPointExtension>
        </extensions>
      </trkpt>
      <trkpt lat="22.551865540444850921630859375" lon="114.0116085112094879150390625">
        <ele>18.799999237060546875</ele>
        <time>2026-08-12T22:31:39.000Z</time>
        <extensions>
          <ns3:TrackPointExtension>
            <ns3:atemp>33.0</ns3:atemp>
            <ns3:hr>141</ns3:hr>
            <ns3:cad>87</ns3:cad>
          </ns3:TrackPointExtension>
        </extensions>
      </trkpt>
      <trkpt lat="22.5518516264855861663818359375" lon="114.01162385009229183197021484375">
        <ele>18.799999237060546875</ele>
        <time>2026-08-12T22:31:40.000Z</time>
        <extensions>
          <ns3:TrackPointExtension>
            <ns3:atemp>33.0</ns3:atemp>
            <ns3:hr>141</ns3:hr>
            <ns3:cad>87</ns3:cad>
          </ns3:TrackPointExtension>
        </extensions>
      </trkpt>
      <trkpt lat="22.55183561705052852630615234375" lon="114.01164673268795013427734375">
        <ele>18.799999237060546875</ele>
        <time>2026-08-12T22:31:41.000Z</time>
        <extensions>
          <ns3:TrackPointExtension>
            <ns3:atemp>33.0</ns3:atemp>
            <ns3:hr>142</ns3:hr>
            <ns3:cad>87</ns3:cad>
          </ns3:TrackPointExtension>
        </extensions>
      </trkpt>
      <trkpt lat="22.55182371474802494049072265625" lon="114.01166240684688091278076171875">
        <ele>18.799999237060546875</ele>
        <time>2026-08-12T22:31:42.000Z</time>
        <extensions>
          <ns3:TrackPointExtension>
            <ns3:atemp>33.0</ns3:atemp>
            <ns3:hr>142</ns3:hr>
            <ns3:cad>87</ns3:cad>
          </ns3:TrackPointExtension>
        </extensions>
      </trkpt>
      <trkpt lat="22.5518127344548702239990234375" lon="114.01168168522417545318603515625">
        <ele>18.6000003814697265625</ele>
        <time>2026-08-12T22:31:43.000Z</time>
        <extensions>
          <ns3:TrackPointExtension>
            <ns3:atemp>33.0</ns3:atemp>
            <ns3:hr>142</ns3:hr>
            <ns3:cad>87</ns3:cad>
          </ns3:TrackPointExtension>
        </extensions>
      </trkpt>
      <trkpt lat="22.5518020056188106536865234375" lon="114.011700712144374847412109375">
        <ele>18.6000003814697265625</ele>
        <time>2026-08-12T22:31:44.000Z</time>
        <extensions>
          <ns3:TrackPointExtension>
            <ns3:atemp>33.0</ns3:atemp>
            <ns3:hr>143</ns3:hr>
            <ns3:cad>87</ns3:cad>
          </ns3:TrackPointExtension>
        </extensions>
      </trkpt>
      <trkpt lat="22.55178364925086498260498046875" lon="114.011720158159732818603515625">
        <ele>18.6000003814697265625</ele>
        <time>2026-08-12T22:31:45.000Z</time>
        <extensions>
          <ns3:TrackPointExtension>
            <ns3:atemp>33.0</ns3:atemp>
            <ns3:hr>143</ns3:hr>
            <ns3:cad>86</ns3:cad>
          </ns3:TrackPointExtension>
        </extensions>
      </trkpt>
      <trkpt lat="22.55176923237740993499755859375" lon="114.0117407776415348052978515625">
        <ele>18.6000003814697265625</ele>
        <time>2026-08-12T22:31:46.000Z</time>
        <extensions>
          <ns3:TrackPointExtension>
            <ns3:atemp>33.0</ns3:atemp>
            <ns3:hr>143</ns3:hr>
            <ns3:cad>87</ns3:cad>
          </ns3:TrackPointExtension>
        </extensions>
      </trkpt>
      <trkpt lat="22.55175733007490634918212890625" lon="114.0117613971233367919921875">
        <ele>18.3999996185302734375</ele>
        <time>2026-08-12T22:31:47.000Z</time>
        <extensions>
          <ns3:TrackPointExtension>
            <ns3:atemp>33.0</ns3:atemp>
            <ns3:hr>143</ns3:hr>
            <ns3:cad>87</ns3:cad>
          </ns3:TrackPointExtension>
        </extensions>
      </trkpt>
      <trkpt lat="22.55174023099243640899658203125" lon="114.0117826871573925018310546875">
        <ele>18.3999996185302734375</ele>
        <time>2026-08-12T22:31:48.000Z</time>
        <extensions>
          <ns3:TrackPointExtension>
            <ns3:atemp>33.0</ns3:atemp>
            <ns3:hr>143</ns3:hr>
            <ns3:cad>87</ns3:cad>
          </ns3:TrackPointExtension>
        </extensions>
      </trkpt>
      <trkpt lat="22.5517322681844234466552734375" lon="114.01180339045822620391845703125">
        <ele>18.3999996185302734375</ele>
        <time>2026-08-12T22:31:49.000Z</time>
        <extensions>
          <ns3:TrackPointExtension>
            <ns3:atemp>33.0</ns3:atemp>
            <ns3:hr>143</ns3:hr>
            <ns3:cad>87</ns3:cad>
          </ns3:TrackPointExtension>
        </extensions>
      </trkpt>
      <trkpt lat="22.551715336740016937255859375" lon="114.01182602159678936004638671875">
        <ele>18.3999996185302734375</ele>
        <time>2026-08-12T22:31:50.000Z</time>
        <extensions>
          <ns3:TrackPointExtension>
            <ns3:atemp>33.0</ns3:atemp>
            <ns3:hr>143</ns3:hr>
            <ns3:cad>87</ns3:cad>
          </ns3:TrackPointExtension>
        </extensions>
      </trkpt>
      <trkpt lat="22.55170569755136966705322265625" lon="114.01184521615505218505859375">
        <ele>18.3999996185302734375</ele>
        <time>2026-08-12T22:31:51.000Z</time>
        <extensions>
          <ns3:TrackPointExtension>
            <ns3:atemp>33.0</ns3:atemp>
            <ns3:hr>143</ns3:hr>
            <ns3:cad>87</ns3:cad>
          </ns3:TrackPointExtension>
        </extensions>
      </trkpt>
      <trkpt lat="22.55168859846889972686767578125" lon="114.0118660032749176025390625">
        <ele>18.3999996185302734375</ele>
        <time>2026-08-12T22:31:52.000Z</time>
        <extensions>
          <ns3:TrackPointExtension>
            <ns3:atemp>33.0</ns3:atemp>
            <ns3:hr>143</ns3:hr>
            <ns3:cad>87</ns3:cad>
          </ns3:TrackPointExtension>
        </extensions>
      </trkpt>
      <trkpt lat="22.55168105475604534149169921875" lon="114.01188687421381473541259765625">
        <ele>18.200000762939453125</ele>
        <time>2026-08-12T22:31:53.000Z</time>
        <extensions>
          <ns3:TrackPointExtension>
            <ns3:atemp>33.0</ns3:atemp>
            <ns3:hr>143</ns3:hr>
            <ns3:cad>87</ns3:cad>
          </ns3:TrackPointExtension>
        </extensions>
      </trkpt>
      <trkpt lat="22.5516645424067974090576171875" lon="114.0119060687720775604248046875">
        <ele>18.200000762939453125</ele>
        <time>2026-08-12T22:31:54.000Z</time>
        <extensions>
          <ns3:TrackPointExtension>
            <ns3:atemp>33.0</ns3:atemp>
            <ns3:hr>143</ns3:hr>
            <ns3:cad>87</ns3:cad>
          </ns3:TrackPointExtension>
        </extensions>
      </trkpt>
      <trkpt lat="22.551650963723659515380859375" lon="114.0119276940822601318359375">
        <ele>18.200000762939453125</ele>
        <time>2026-08-12T22:31:55.000Z</time>
        <extensions>
          <ns3:TrackPointExtension>
            <ns3:atemp>33.0</ns3:atemp>
            <ns3:hr>143</ns3:hr>
            <ns3:cad>87</ns3:cad>
          </ns3:TrackPointExtension>
        </extensions>
      </trkpt>
      <trkpt lat="22.551640234887599945068359375" lon="114.01195292361080646514892578125">
        <ele>18.200000762939453125</ele>
        <time>2026-08-12T22:31:56.000Z</time>
        <extensions>
          <ns3:TrackPointExtension>
            <ns3:atemp>33.0</ns3:atemp>
            <ns3:hr>143</ns3:hr>
            <ns3:cad>87</ns3:cad>
          </ns3:TrackPointExtension>
        </extensions>
      </trkpt>
      <trkpt lat="22.55162405781447887420654296875" lon="114.01197454892098903656005859375">
        <ele>18.200000762939453125</ele>
        <time>2026-08-12T22:31:57.000Z</time>
        <extensions>
          <ns3:TrackPointExtension>
            <ns3:atemp>33.0</ns3:atemp>
            <ns3:hr>142</ns3:hr>
            <ns3:cad>86</ns3:cad>
          </ns3:TrackPointExtension>
        </extensions>
      </trkpt>
      <trkpt lat="22.55161316134035587310791015625" lon="114.01199148036539554595947265625">
        <ele>18</ele>
        <time>2026-08-12T22:31:58.000Z</time>
        <extensions>
          <ns3:TrackPointExtension>
            <ns3:atemp>33.0</ns3:atemp>
            <ns3:hr>142</ns3:hr>
            <ns3:cad>86</ns3:cad>
          </ns3:TrackPointExtension>
        </extensions>
      </trkpt>
      <trkpt lat="22.55159656517207622528076171875" lon="114.012012518942356109619140625">
        <ele>18</ele>
        <time>2026-08-12T22:31:59.000Z</time>
        <extensions>
          <ns3:TrackPointExtension>
            <ns3:atemp>33.0</ns3:atemp>
            <ns3:hr>142</ns3:hr>
            <ns3:cad>86</ns3:cad>
          </ns3:TrackPointExtension>
        </extensions>
      </trkpt>
      <trkpt lat="22.5515867583453655242919921875" lon="114.0120281092822551727294921875">
        <ele>18</ele>
        <time>2026-08-12T22:32:00.000Z</time>
        <extensions>
          <ns3:TrackPointExtension>
            <ns3:atemp>33.0</ns3:atemp>
            <ns3:hr>142</ns3:hr>
            <ns3:cad>86</ns3:cad>
          </ns3:TrackPointExtension>
        </extensions>
      </trkpt>
      <trkpt lat="22.5515733473002910614013671875" lon="114.01205434463918209075927734375">
        <ele>17.799999237060546875</ele>
        <time>2026-08-12T22:32:01.000Z</time>
        <extensions>
          <ns3:TrackPointExtension>
            <ns3:atemp>33.0</ns3:atemp>
            <ns3:hr>142</ns3:hr>
            <ns3:cad>86</ns3:cad>
          </ns3:TrackPointExtension>
        </extensions>
      </trkpt>
      <trkpt lat="22.55156555213034152984619140625" lon="114.01207513175904750823974609375">
        <ele>17.799999237060546875</ele>
        <time>2026-08-12T22:32:02.000Z</time>
        <extensions>
          <ns3:TrackPointExtension>
            <ns3:atemp>33.0</ns3:atemp>
            <ns3:hr>142</ns3:hr>
            <ns3:cad>86</ns3:cad>
          </ns3:TrackPointExtension>
        </extensions>
      </trkpt>
      <trkpt lat="22.55155541002750396728515625" lon="114.01209541596472263336181640625">
        <ele>18</ele>
        <time>2026-08-12T22:32:03.000Z</time>
        <extensions>
          <ns3:TrackPointExtension>
            <ns3:atemp>33.0</ns3:atemp>
            <ns3:hr>141</ns3:hr>
            <ns3:cad>86</ns3:cad>
          </ns3:TrackPointExtension>
        </extensions>
      </trkpt>
      <trkpt lat="22.551547698676586151123046875" lon="114.01211855001747608184814453125">
        <ele>17.799999237060546875</ele>
        <time>2026-08-12T22:32:04.000Z</time>
        <extensions>
          <ns3:TrackPointExtension>
            <ns3:atemp>33.0</ns3:atemp>
            <ns3:hr>141</ns3:hr>
            <ns3:cad>86</ns3:cad>
          </ns3:TrackPointExtension>
        </extensions>
      </trkpt>
      <trkpt lat="22.55153856240212917327880859375" lon="114.01213581673800945281982421875">
        <ele>18</ele>
        <time>2026-08-12T22:32:05.000Z</time>
        <extensions>
          <ns3:TrackPointExtension>
            <ns3:atemp>33.0</ns3:atemp>
            <ns3:hr>142</ns3:hr>
            <ns3:cad>86</ns3:cad>
          </ns3:TrackPointExtension>
        </extensions>
      </trkpt>
      <trkpt lat="22.55152297206223011016845703125" lon="114.01215945370495319366455078125">
        <ele>18</ele>
        <time>2026-08-12T22:32:06.000Z</time>
        <extensions>
          <ns3:TrackPointExtension>
            <ns3:atemp>33.0</ns3:atemp>
            <ns3:hr>142</ns3:hr>
            <ns3:cad>87</ns3:cad>
          </ns3:TrackPointExtension>
        </extensions>
      </trkpt>
      <trkpt lat="22.5515133328735828399658203125" lon="114.0121756307780742645263671875">
        <ele>17.799999237060546875</ele>
        <time>2026-08-12T22:32:07.000Z</time>
        <extensions>
          <ns3:TrackPointExtension>
            <ns3:atemp>33.0</ns3:atemp>
            <ns3:hr>143</ns3:hr>
            <ns3:cad>87</ns3:cad>
          </ns3:TrackPointExtension>
        </extensions>
      </trkpt>
      <trkpt lat="22.5515019334852695465087890625" lon="114.0121972560882568359375">
        <ele>17.799999237060546875</ele>
        <time>2026-08-12T22:32:08.000Z</time>
        <extensions>
          <ns3:TrackPointExtension>
            <ns3:atemp>33.0</ns3:atemp>
            <ns3:hr>143</ns3:hr>
            <ns3:cad>87</ns3:cad>
          </ns3:TrackPointExtension>
        </extensions>
      </trkpt>
      <trkpt lat="22.55149313248693943023681640625" lon="114.0122138522565364837646484375">
        <ele>17.799999237060546875</ele>
        <time>2026-08-12T22:32:09.000Z</time>
        <extensions>
          <ns3:TrackPointExtension>
            <ns3:atemp>33.0</ns3:atemp>
            <ns3:hr>143</ns3:hr>
            <ns3:cad>87</ns3:cad>
          </ns3:TrackPointExtension>
        </extensions>
      </trkpt>
      <trkpt lat="22.55147871561348438262939453125" lon="114.01223354972898960113525390625">
        <ele>17.6000003814697265625</ele>
        <time>2026-08-12T22:32:10.000Z</time>
        <extensions>
          <ns3:TrackPointExtension>
            <ns3:atemp>33.0</ns3:atemp>
            <ns3:hr>144</ns3:hr>
            <ns3:cad>87</ns3:cad>
          </ns3:TrackPointExtension>
        </extensions>
      </trkpt>
      <trkpt lat="22.55146823823451995849609375" lon="114.01225333102047443389892578125">
        <ele>17.6000003814697265625</ele>
        <time>2026-08-12T22:32:11.000Z</time>
        <extensions>
          <ns3:TrackPointExtension>
            <ns3:atemp>33.0</ns3:atemp>
            <ns3:hr>144</ns3:hr>
            <ns3:cad>87</ns3:cad>
          </ns3:TrackPointExtension>
        </extensions>
      </trkpt>
      <trkpt lat="22.55145549774169921875" lon="114.01227227412164211273193359375">
        <ele>17.6000003814697265625</ele>
        <time>2026-08-12T22:32:12.000Z</time>
        <extensions>
          <ns3:TrackPointExtension>
            <ns3:atemp>33.0</ns3:atemp>
            <ns3:hr>145</ns3:hr>
            <ns3:cad>87</ns3:cad>
          </ns3:TrackPointExtension>
        </extensions>
      </trkpt>
      <trkpt lat="22.55143948830664157867431640625" lon="114.01229306124150753021240234375">
        <ele>17.6000003814697265625</ele>
        <time>2026-08-12T22:32:13.000Z</time>
        <extensions>
          <ns3:TrackPointExtension>
            <ns3:atemp>33.0</ns3:atemp>
            <ns3:hr>145</ns3:hr>
            <ns3:cad>86</ns3:cad>
          </ns3:TrackPointExtension>
        </extensions>
      </trkpt>
      <trkpt lat="22.55143144167959690093994140625" lon="114.01230915449559688568115234375">
        <ele>17.6000003814697265625</ele>
        <time>2026-08-12T22:32:14.000Z</time>
        <extensions>
          <ns3:TrackPointExtension>
            <ns3:atemp>33.0</ns3:atemp>
            <ns3:hr>144</ns3:hr>
            <ns3:cad>86</ns3:cad>
          </ns3:TrackPointExtension>
        </extensions>
      </trkpt>
      <trkpt lat="22.55141518078744411468505859375" lon="114.0123311989009380340576171875">
        <ele>17.3999996185302734375</ele>
        <time>2026-08-12T22:32:15.000Z</time>
        <extensions>
          <ns3:TrackPointExtension>
            <ns3:atemp>33.0</ns3:atemp>
            <ns3:hr>144</ns3:hr>
            <ns3:cad>86</ns3:cad>
          </ns3:TrackPointExtension>
        </extensions>
      </trkpt>
      <trkpt lat="22.5514073856174945831298828125" lon="114.01234854944050312042236328125">
        <ele>17.3999996185302734375</ele>
        <time>2026-08-12T22:32:16.000Z</time>
        <extensions>
          <ns3:TrackPointExtension>
            <ns3:atemp>33.0</ns3:atemp>
            <ns3:hr>144</ns3:hr>
            <ns3:cad>86</ns3:cad>
          </ns3:TrackPointExtension>
        </extensions>
      </trkpt>
      <trkpt lat="22.5513876043260097503662109375" lon="114.0123670734465122222900390625">
        <ele>17.3999996185302734375</ele>
        <time>2026-08-12T22:32:17.000Z</time>
        <extensions>
          <ns3:TrackPointExtension>
            <ns3:atemp>33.0</ns3:atemp>
            <ns3:hr>144</ns3:hr>
            <ns3:cad>86</ns3:cad>
          </ns3:TrackPointExtension>
        </extensions>
      </trkpt>
      <trkpt lat="22.55137679167091846466064453125" lon="114.01238442398607730865478515625">
        <ele>17.3999996185302734375</ele>
        <time>2026-08-12T22:32:18.000Z</time>
        <extensions>
          <ns3:TrackPointExtension>
            <ns3:atemp>33.0</ns3:atemp>
            <ns3:hr>144</ns3:hr>
            <ns3:cad>86</ns3:cad>
          </ns3:TrackPointExtension>
        </extensions>
      </trkpt>
      <trkpt lat="22.551361955702304840087890625" lon="114.0124022774398326873779296875">
        <ele>17.3999996185302734375</ele>
        <time>2026-08-12T22:32:19.000Z</time>
        <extensions>
          <ns3:TrackPointExtension>
            <ns3:atemp>33.0</ns3:atemp>
            <ns3:hr>144</ns3:hr>
            <ns3:cad>86</ns3:cad>
          </ns3:TrackPointExtension>
        </extensions>
      </trkpt>
      <trkpt lat="22.551348209381103515625" lon="114.0124227292835712432861328125">
        <ele>17.200000762939453125</ele>
        <time>2026-08-12T22:32:20.000Z</time>
        <extensions>
          <ns3:TrackPointExtension>
            <ns3:atemp>33.0</ns3:atemp>
            <ns3:hr>144</ns3:hr>
            <ns3:cad>86</ns3:cad>
          </ns3:TrackPointExtension>
        </extensions>
      </trkpt>
      <trkpt lat="22.55133706144988536834716796875" lon="114.01243991218507289886474609375">
        <ele>17.200000762939453125</ele>
        <time>2026-08-12T22:32:21.000Z</time>
        <extensions>
          <ns3:TrackPointExtension>
            <ns3:atemp>33.0</ns3:atemp>
            <ns3:hr>144</ns3:hr>
            <ns3:cad>86</ns3:cad>
          </ns3:TrackPointExtension>
        </extensions>
      </trkpt>
      <trkpt lat="22.55131878890097141265869140625" lon="114.0124569274485111236572265625">
        <ele>17.200000762939453125</ele>
        <time>2026-08-12T22:32:22.000Z</time>
        <extensions>
          <ns3:TrackPointExtension>
            <ns3:atemp>33.0</ns3:atemp>
            <ns3:hr>144</ns3:hr>
            <ns3:cad>86</ns3:cad>
          </ns3:TrackPointExtension>
        </extensions>
      </trkpt>
      <trkpt lat="22.551306970417499542236328125" lon="114.012469165027141571044921875">
        <ele>17.200000762939453125</ele>
        <time>2026-08-12T22:32:23.000Z</time>
        <extensions>
          <ns3:TrackPointExtension>
            <ns3:atemp>33.0</ns3:atemp>
            <ns3:hr>144</ns3:hr>
            <ns3:cad>86</ns3:cad>
          </ns3:TrackPointExtension>
        </extensions>
      </trkpt>
      <trkpt lat="22.55128475837409496307373046875" lon="114.01248760521411895751953125">
        <ele>17</ele>
        <time>2026-08-12T22:32:24.000Z</time>
        <extensions>
          <ns3:TrackPointExtension>
            <ns3:atemp>33.0</ns3:atemp>
            <ns3:hr>144</ns3:hr>
            <ns3:cad>86</ns3:cad>
          </ns3:TrackPointExtension>
        </extensions>
      </trkpt>
      <trkpt lat="22.55126866512000560760498046875" lon="114.01250277645885944366455078125">
        <ele>17</ele>
        <time>2026-08-12T22:32:25.000Z</time>
        <extensions>
          <ns3:TrackPointExtension>
            <ns3:atemp>33.0</ns3:atemp>
            <ns3:hr>144</ns3:hr>
            <ns3:cad>86</ns3:cad>
          </ns3:TrackPointExtension>
        </extensions>
      </trkpt>
      <trkpt lat="22.5512511469423770904541015625" lon="114.01252021081745624542236328125">
        <ele>17</ele>
        <time>2026-08-12T22:32:26.000Z</time>
        <extensions>
          <ns3:TrackPointExtension>
            <ns3:atemp>33.0</ns3:atemp>
            <ns3:hr>145</ns3:hr>
            <ns3:cad>86</ns3:cad>
          </ns3:TrackPointExtension>
        </extensions>
      </trkpt>
      <trkpt lat="22.55123849026858806610107421875" lon="114.01253647170960903167724609375">
        <ele>17</ele>
        <time>2026-08-12T22:32:27.000Z</time>
        <extensions>
          <ns3:TrackPointExtension>
            <ns3:atemp>33.0</ns3:atemp>
            <ns3:hr>144</ns3:hr>
            <ns3:cad>86</ns3:cad>
          </ns3:TrackPointExtension>
        </extensions>
      </trkpt>
      <trkpt lat="22.551231868565082550048828125" lon="114.01255692355334758758544921875">
        <ele>17</ele>
        <time>2026-08-12T22:32:28.000Z</time>
        <extensions>
          <ns3:TrackPointExtension>
            <ns3:atemp>33.0</ns3:atemp>
            <ns3:hr>145</ns3:hr>
            <ns3:cad>86</ns3:cad>
          </ns3:TrackPointExtension>
        </extensions>
      </trkpt>
      <trkpt lat="22.55122415721416473388671875" lon="114.0125796385109424591064453125">
        <ele>17</ele>
        <time>2026-08-12T22:32:29.000Z</time>
        <extensions>
          <ns3:TrackPointExtension>
            <ns3:atemp>33.0</ns3:atemp>
            <ns3:hr>145</ns3:hr>
            <ns3:cad>86</ns3:cad>
          </ns3:TrackPointExtension>
        </extensions>
      </trkpt>
      <trkpt lat="22.5512186251580715179443359375" lon="114.01260034181177616119384765625">
        <ele>17</ele>
        <time>2026-08-12T22:32:30.000Z</time>
        <extensions>
          <ns3:TrackPointExtension>
            <ns3:atemp>33.0</ns3:atemp>
            <ns3:hr>145</ns3:hr>
            <ns3:cad>86</ns3:cad>
          </ns3:TrackPointExtension>
        </extensions>
      </trkpt>
      <trkpt lat="22.55120001733303070068359375" lon="114.0126235596835613250732421875">
        <ele>17</ele>
        <time>2026-08-12T22:32:31.000Z</time>
        <extensions>
          <ns3:TrackPointExtension>
            <ns3:atemp>33.0</ns3:atemp>
            <ns3:hr>146</ns3:hr>
            <ns3:cad>86</ns3:cad>
          </ns3:TrackPointExtension>
        </extensions>
      </trkpt>
      <trkpt lat="22.551188953220844268798828125" lon="114.01264040730893611907958984375">
        <ele>17</ele>
        <time>2026-08-12T22:32:32.000Z</time>
        <extensions>
          <ns3:TrackPointExtension>
            <ns3:atemp>33.0</ns3:atemp>
            <ns3:hr>146</ns3:hr>
            <ns3:cad>86</ns3:cad>
          </ns3:TrackPointExtension>
        </extensions>
      </trkpt>
      <trkpt lat="22.551170177757740020751953125" lon="114.0126587636768817901611328125">
        <ele>16.799999237060546875</ele>
        <time>2026-08-12T22:32:33.000Z</time>
        <extensions>
          <ns3:TrackPointExtension>
            <ns3:atemp>33.0</ns3:atemp>
            <ns3:hr>146</ns3:hr>
            <ns3:cad>86</ns3:cad>
          </ns3:TrackPointExtension>
        </extensions>
      </trkpt>
      <trkpt lat="22.5511515699326992034912109375" lon="114.012674354016780853271484375">
        <ele>16.799999237060546875</ele>
        <time>2026-08-12T22:32:34.000Z</time>
        <extensions>
          <ns3:TrackPointExtension>
            <ns3:atemp>33.0</ns3:atemp>
            <ns3:hr>146</ns3:hr>
            <ns3:cad>86</ns3:cad>
          </ns3:TrackPointExtension>
        </extensions>
      </trkpt>
      <trkpt lat="22.55113539285957813262939453125" lon="114.01268918998539447784423828125">
        <ele>17</ele>
        <time>2026-08-12T22:32:35.000Z</time>
        <extensions>
          <ns3:TrackPointExtension>
            <ns3:atemp>33.0</ns3:atemp>
            <ns3:hr>146</ns3:hr>
            <ns3:cad>86</ns3:cad>
          </ns3:TrackPointExtension>
        </extensions>
      </trkpt>
      <trkpt lat="22.551122568547725677490234375" lon="114.01271081529557704925537109375">
        <ele>17</ele>
        <time>2026-08-12T22:32:36.000Z</time>
        <extensions>
          <ns3:TrackPointExtension>
            <ns3:atemp>33.0</ns3:atemp>
            <ns3:hr>146</ns3:hr>
            <ns3:cad>86</ns3:cad>
          </ns3:TrackPointExtension>
        </extensions>
      </trkpt>
      <trkpt lat="22.55111007951200008392333984375" lon="114.01273227296769618988037109375">
        <ele>17</ele>
        <time>2026-08-12T22:32:37.000Z</time>
        <extensions>
          <ns3:TrackPointExtension>
            <ns3:atemp>33.0</ns3:atemp>
            <ns3:hr>146</ns3:hr>
            <ns3:cad>86</ns3:cad>
          </ns3:TrackPointExtension>
        </extensions>
      </trkpt>
      <trkpt lat="22.551090382039546966552734375" lon="114.012754820287227630615234375">
        <ele>17</ele>
        <time>2026-08-12T22:32:38.000Z</time>
        <extensions>
          <ns3:TrackPointExtension>
            <ns3:atemp>33.0</ns3:atemp>
            <ns3:hr>147</ns3:hr>
            <ns3:cad>86</ns3:cad>
          </ns3:TrackPointExtension>
        </extensions>
      </trkpt>
      <trkpt lat="22.5510784797370433807373046875" lon="114.01277233846485614776611328125">
        <ele>16.799999237060546875</ele>
        <time>2026-08-12T22:32:39.000Z</time>
        <extensions>
          <ns3:TrackPointExtension>
            <ns3:atemp>33.0</ns3:atemp>
            <ns3:hr>147</ns3:hr>
            <ns3:cad>86</ns3:cad>
          </ns3:TrackPointExtension>
        </extensions>
      </trkpt>
      <trkpt lat="22.55105542950332164764404296875" lon="114.0127841569483280181884765625">
        <ele>16.799999237060546875</ele>
        <time>2026-08-12T22:32:40.000Z</time>
        <extensions>
          <ns3:TrackPointExtension>
            <ns3:atemp>33.0</ns3:atemp>
            <ns3:hr>147</ns3:hr>
            <ns3:cad>86</ns3:cad>
          </ns3:TrackPointExtension>
        </extensions>
      </trkpt>
      <trkpt lat="22.55104084499180316925048828125" lon="114.012796394526958465576171875">
        <ele>16.799999237060546875</ele>
        <time>2026-08-12T22:32:41.000Z</time>
        <extensions>
          <ns3:TrackPointExtension>
            <ns3:atemp>33.0</ns3:atemp>
            <ns3:hr>147</ns3:hr>
            <ns3:cad>86</ns3:cad>
          </ns3:TrackPointExtension>
        </extensions>
      </trkpt>
      <trkpt lat="22.55102274008095264434814453125" lon="114.01281190104782581329345703125">
        <ele>16.799999237060546875</ele>
        <time>2026-08-12T22:32:42.000Z</time>
        <extensions>
          <ns3:TrackPointExtension>
            <ns3:atemp>33.0</ns3:atemp>
            <ns3:hr>147</ns3:hr>
            <ns3:cad>86</ns3:cad>
          </ns3:TrackPointExtension>
        </extensions>
      </trkpt>
      <trkpt lat="22.55100480280816555023193359375" lon="114.0128243900835514068603515625">
        <ele>16.799999237060546875</ele>
        <time>2026-08-12T22:32:43.000Z</time>
        <extensions>
          <ns3:TrackPointExtension>
            <ns3:atemp>33.0</ns3:atemp>
            <ns3:hr>147</ns3:hr>
            <ns3:cad>86</ns3:cad>
          </ns3:TrackPointExtension>
        </extensions>
      </trkpt>
      <trkpt lat="22.550995163619518280029296875" lon="114.012839309871196746826171875">
        <ele>16.6000003814697265625</ele>
        <time>2026-08-12T22:32:44.000Z</time>
        <extensions>
          <ns3:TrackPointExtension>
            <ns3:atemp>33.0</ns3:atemp>
            <ns3:hr>146</ns3:hr>
            <ns3:cad>86</ns3:cad>
          </ns3:TrackPointExtension>
        </extensions>
      </trkpt>
      <trkpt lat="22.55097513087093830108642578125" lon="114.0128612704575061798095703125">
        <ele>16.6000003814697265625</ele>
        <time>2026-08-12T22:32:45.000Z</time>
        <extensions>
          <ns3:TrackPointExtension>
            <ns3:atemp>33.0</ns3:atemp>
            <ns3:hr>147</ns3:hr>
            <ns3:cad>86</ns3:cad>
          </ns3:TrackPointExtension>
        </extensions>
      </trkpt>
      <trkpt lat="22.55096473731100559234619140625" lon="114.01287727989256381988525390625">
        <ele>16.6000003814697265625</ele>
        <time>2026-08-12T22:32:46.000Z</time>
        <extensions>
          <ns3:TrackPointExtension>
            <ns3:atemp>33.0</ns3:atemp>
            <ns3:hr>147</ns3:hr>
            <ns3:cad>86</ns3:cad>
          </ns3:TrackPointExtension>
        </extensions>
      </trkpt>
      <trkpt lat="22.55094713531434535980224609375" lon="114.0128959715366363525390625">
        <ele>16.6000003814697265625</ele>
        <time>2026-08-12T22:32:47.000Z</time>
        <extensions>
          <ns3:TrackPointExtension>
            <ns3:atemp>33.0</ns3:atemp>
            <ns3:hr>147</ns3:hr>
            <ns3:cad>86</ns3:cad>
          </ns3:TrackPointExtension>
        </extensions>
      </trkpt>
      <trkpt lat="22.55093238316476345062255859375" lon="114.012909047305583953857421875">
        <ele>16.6000003814697265625</ele>
        <time>2026-08-12T22:32:48.000Z</time>
        <extensions>
          <ns3:TrackPointExtension>
            <ns3:atemp>33.0</ns3:atemp>
            <ns3:hr>147</ns3:hr>
            <ns3:cad>86</ns3:cad>
          </ns3:TrackPointExtension>
        </extensions>
      </trkpt>
      <trkpt lat="22.55091126076877117156982421875" lon="114.01292002759873867034912109375">
        <ele>16.6000003814697265625</ele>
        <time>2026-08-12T22:32:49.000Z</time>
        <extensions>
          <ns3:TrackPointExtension>
            <ns3:atemp>33.0</ns3:atemp>
            <ns3:hr>146</ns3:hr>
            <ns3:cad>85</ns3:cad>
          </ns3:TrackPointExtension>
        </extensions>
      </trkpt>
      <trkpt lat="22.55089784972369670867919921875" lon="114.01293427683413028717041015625">
        <ele>16.6000003814697265625</ele>
        <time>2026-08-12T22:32:50.000Z</time>
        <extensions>
          <ns3:TrackPointExtension>
            <ns3:atemp>33.0</ns3:atemp>
            <ns3:hr>147</ns3:hr>
            <ns3:cad>85</ns3:cad>
          </ns3:TrackPointExtension>
        </extensions>
      </trkpt>
      <trkpt lat="22.55087806843221187591552734375" lon="114.01295238174498081207275390625">
        <ele>16.3999996185302734375</ele>
        <time>2026-08-12T22:32:51.000Z</time>
        <extensions>
          <ns3:TrackPointExtension>
            <ns3:atemp>33.0</ns3:atemp>
            <ns3:hr>147</ns3:hr>
            <ns3:cad>85</ns3:cad>
          </ns3:TrackPointExtension>
        </extensions>
      </trkpt>
      <trkpt lat="22.55085677839815616607666015625" lon="114.0129722468554973602294921875">
        <ele>16.3999996185302734375</ele>
        <time>2026-08-12T22:32:52.000Z</time>
        <extensions>
          <ns3:TrackPointExtension>
            <ns3:atemp>33.0</ns3:atemp>
            <ns3:hr>146</ns3:hr>
            <ns3:cad>86</ns3:cad>
          </ns3:TrackPointExtension>
        </extensions>
      </trkpt>
      <trkpt lat="22.5508437864482402801513671875" lon="114.01298624463379383087158203125">
        <ele>16.3999996185302734375</ele>
        <time>2026-08-12T22:32:53.000Z</time>
        <extensions>
          <ns3:TrackPointExtension>
            <ns3:atemp>33.0</ns3:atemp>
            <ns3:hr>146</ns3:hr>
            <ns3:cad>86</ns3:cad>
          </ns3:TrackPointExtension>
        </extensions>
      </trkpt>
      <trkpt lat="22.55082341842353343963623046875" lon="114.0130047686398029327392578125">
        <ele>16.3999996185302734375</ele>
        <time>2026-08-12T22:32:54.000Z</time>
        <extensions>
          <ns3:TrackPointExtension>
            <ns3:atemp>33.0</ns3:atemp>
            <ns3:hr>146</ns3:hr>
            <ns3:cad>87</ns3:cad>
          </ns3:TrackPointExtension>
        </extensions>
      </trkpt>
      <trkpt lat="22.55081067793071269989013671875" lon="114.0130191855132579803466796875">
        <ele>16.3999996185302734375</ele>
        <time>2026-08-12T22:32:55.000Z</time>
        <extensions>
          <ns3:TrackPointExtension>
            <ns3:atemp>33.0</ns3:atemp>
            <ns3:hr>146</ns3:hr>
            <ns3:cad>87</ns3:cad>
          </ns3:TrackPointExtension>
        </extensions>
      </trkpt>
      <trkpt lat="22.5507898069918155670166015625" lon="114.01303988881409168243408203125">
        <ele>16.200000762939453125</ele>
        <time>2026-08-12T22:32:56.000Z</time>
        <extensions>
          <ns3:TrackPointExtension>
            <ns3:atemp>33.0</ns3:atemp>
            <ns3:hr>146</ns3:hr>
            <ns3:cad>87</ns3:cad>
          </ns3:TrackPointExtension>
        </extensions>
      </trkpt>
      <trkpt lat="22.55077413283288478851318359375" lon="114.0130550600588321685791015625">
        <ele>16.200000762939453125</ele>
        <time>2026-08-12T22:32:57.000Z</time>
        <extensions>
          <ns3:TrackPointExtension>
            <ns3:atemp>33.0</ns3:atemp>
            <ns3:hr>146</ns3:hr>
            <ns3:cad>87</ns3:cad>
          </ns3:TrackPointExtension>
        </extensions>
      </trkpt>
      <trkpt lat="22.55075787194073200225830078125" lon="114.0130703151226043701171875">
        <ele>16.200000762939453125</ele>
        <time>2026-08-12T22:32:58.000Z</time>
        <extensions>
          <ns3:TrackPointExtension>
            <ns3:atemp>33.0</ns3:atemp>
            <ns3:hr>146</ns3:hr>
            <ns3:cad>86</ns3:cad>
          </ns3:TrackPointExtension>
        </extensions>
      </trkpt>
      <trkpt lat="22.55074161104857921600341796875" lon="114.01308397762477397918701171875">
        <ele>16.3999996185302734375</ele>
        <time>2026-08-12T22:32:59.000Z</time>
        <extensions>
          <ns3:TrackPointExtension>
            <ns3:atemp>33.0</ns3:atemp>
            <ns3:hr>146</ns3:hr>
            <ns3:cad>86</ns3:cad>
          </ns3:TrackPointExtension>
        </extensions>
      </trkpt>
      <trkpt lat="22.55072526633739471435546875" lon="114.0130973048508167266845703125">
        <ele>16.200000762939453125</ele>
        <time>2026-08-12T22:33:00.000Z</time>
        <extensions>
          <ns3:TrackPointExtension>
            <ns3:atemp>33.0</ns3:atemp>
            <ns3:hr>146</ns3:hr>
            <ns3:cad>85</ns3:cad>
          </ns3:TrackPointExtension>
        </extensions>
      </trkpt>
      <trkpt lat="22.55070154555141925811767578125" lon="114.0131105482578277587890625">
        <ele>16.200000762939453125</ele>
        <time>2026-08-12T22:33:01.000Z</time>
        <extensions>
          <ns3:TrackPointExtension>
            <ns3:atemp>33.0</ns3:atemp>
            <ns3:hr>146</ns3:hr>
            <ns3:cad>85</ns3:cad>
          </ns3:TrackPointExtension>
        </extensions>
      </trkpt>
      <trkpt lat="22.5506865419447422027587890625" lon="114.01312655769288539886474609375">
        <ele>16.3999996185302734375</ele>
        <time>2026-08-12T22:33:02.000Z</time>
        <extensions>
          <ns3:TrackPointExtension>
            <ns3:atemp>33.0</ns3:atemp>
            <ns3:hr>146</ns3:hr>
            <ns3:cad>85</ns3:cad>
          </ns3:TrackPointExtension>
        </extensions>
      </trkpt>
      <trkpt lat="22.55066567100584506988525390625" lon="114.013142399489879608154296875">
        <ele>16.200000762939453125</ele>
        <time>2026-08-12T22:33:03.000Z</time>
        <extensions>
          <ns3:TrackPointExtension>
            <ns3:atemp>33.0</ns3:atemp>
            <ns3:hr>145</ns3:hr>
            <ns3:cad>85</ns3:cad>
          </ns3:TrackPointExtension>
        </extensions>
      </trkpt>
      <trkpt lat="22.550647817552089691162109375" lon="114.0131576545536518096923828125">
        <ele>16.200000762939453125</ele>
        <time>2026-08-12T22:33:04.000Z</time>
        <extensions>
          <ns3:TrackPointExtension>
            <ns3:atemp>33.0</ns3:atemp>
            <ns3:hr>146</ns3:hr>
            <ns3:cad>85</ns3:cad>
          </ns3:TrackPointExtension>
        </extensions>
      </trkpt>
      <trkpt lat="22.5506293773651123046875" lon="114.01316897012293338775634765625">
        <ele>16.200000762939453125</ele>
        <time>2026-08-12T22:33:05.000Z</time>
        <extensions>
          <ns3:TrackPointExtension>
            <ns3:atemp>33.0</ns3:atemp>
            <ns3:hr>146</ns3:hr>
            <ns3:cad>86</ns3:cad>
          </ns3:TrackPointExtension>
        </extensions>
      </trkpt>
      <trkpt lat="22.55060984753072261810302734375" lon="114.01318271644413471221923828125">
        <ele>16.200000762939453125</ele>
        <time>2026-08-12T22:33:06.000Z</time>
        <extensions>
          <ns3:TrackPointExtension>
            <ns3:atemp>33.0</ns3:atemp>
            <ns3:hr>146</ns3:hr>
            <ns3:cad>87</ns3:cad>
          </ns3:TrackPointExtension>
        </extensions>
      </trkpt>
      <trkpt lat="22.5505950115621089935302734375" lon="114.01319880969822406768798828125">
        <ele>16</ele>
        <time>2026-08-12T22:33:07.000Z</time>
        <extensions>
          <ns3:TrackPointExtension>
            <ns3:atemp>33.0</ns3:atemp>
            <ns3:hr>145</ns3:hr>
            <ns3:cad>87</ns3:cad>
          </ns3:TrackPointExtension>
        </extensions>
      </trkpt>
      <trkpt lat="22.55056835711002349853515625" lon="114.0132089518010616302490234375">
        <ele>16</ele>
        <time>2026-08-12T22:33:08.000Z</time>
        <extensions>
          <ns3:TrackPointExtension>
            <ns3:atemp>33.0</ns3:atemp>
            <ns3:hr>146</ns3:hr>
            <ns3:cad>85</ns3:cad>
          </ns3:TrackPointExtension>
        </extensions>
      </trkpt>
      <trkpt lat="22.55055134184658527374267578125" lon="114.0132243745028972625732421875">
        <ele>16</ele>
        <time>2026-08-12T22:33:09.000Z</time>
        <extensions>
          <ns3:TrackPointExtension>
            <ns3:atemp>33.0</ns3:atemp>
            <ns3:hr>146</ns3:hr>
            <ns3:cad>85</ns3:cad>
          </ns3:TrackPointExtension>
        </extensions>
      </trkpt>
      <trkpt lat="22.550531141459941864013671875" lon="114.0132384561002254486083984375">
        <ele>16</ele>
        <time>2026-08-12T22:33:10.000Z</time>
        <extensions>
          <ns3:TrackPointExtension>
            <ns3:atemp>33.0</ns3:atemp>
            <ns3:hr>145</ns3:hr>
            <ns3:cad>85</ns3:cad>
          </ns3:TrackPointExtension>
        </extensions>
      </trkpt>
      <trkpt lat="22.55050876177847385406494140625" lon="114.0132515318691730499267578125">
        <ele>16</ele>
        <time>2026-08-12T22:33:11.000Z</time>
        <extensions>
          <ns3:TrackPointExtension>
            <ns3:atemp>33.0</ns3:atemp>
            <ns3:hr>146</ns3:hr>
            <ns3:cad>85</ns3:cad>
          </ns3:TrackPointExtension>
        </extensions>
      </trkpt>
      <trkpt lat="22.55049216561019420623779296875" lon="114.013265110552310943603515625">
        <ele>16</ele>
        <time>2026-08-12T22:33:12.000Z</time>
        <extensions>
          <ns3:TrackPointExtension>
            <ns3:atemp>33.0</ns3:atemp>
            <ns3:hr>146</ns3:hr>
            <ns3:cad>86</ns3:cad>
          </ns3:TrackPointExtension>
        </extensions>
      </trkpt>
      <trkpt lat="22.550476491451263427734375" lon="114.01327961124479770660400390625">
        <ele>16</ele>
        <time>2026-08-12T22:33:13.000Z</time>
        <extensions>
          <ns3:TrackPointExtension>
            <ns3:atemp>33.0</ns3:atemp>
            <ns3:hr>146</ns3:hr>
            <ns3:cad>86</ns3:cad>
          </ns3:TrackPointExtension>
        </extensions>
      </trkpt>
      <trkpt lat="22.5504612363874912261962890625" lon="114.0132904238998889923095703125">
        <ele>16</ele>
        <time>2026-08-12T22:33:14.000Z</time>
        <extensions>
          <ns3:TrackPointExtension>
            <ns3:atemp>33.0</ns3:atemp>
            <ns3:hr>146</ns3:hr>
            <ns3:cad>86</ns3:cad>
          </ns3:TrackPointExtension>
        </extensions>
      </trkpt>
      <trkpt lat="22.5504397787153720855712890625" lon="114.0133041702210903167724609375">
        <ele>15.80000019073486328125</ele>
        <time>2026-08-12T22:33:15.000Z</time>
        <extensions>
          <ns3:TrackPointExtension>
            <ns3:atemp>33.0</ns3:atemp>
            <ns3:hr>146</ns3:hr>
            <ns3:cad>86</ns3:cad>
          </ns3:TrackPointExtension>
        </extensions>
      </trkpt>
      <trkpt lat="22.55042527802288532257080078125" lon="114.01332202367484569549560546875">
        <ele>15.80000019073486328125</ele>
        <time>2026-08-12T22:33:16.000Z</time>
        <extensions>
          <ns3:TrackPointExtension>
            <ns3:atemp>33.0</ns3:atemp>
            <ns3:hr>145</ns3:hr>
            <ns3:cad>86</ns3:cad>
          </ns3:TrackPointExtension>
        </extensions>
      </trkpt>
      <trkpt lat="22.55040968768298625946044921875" lon="114.013346917927265167236328125">
        <ele>15.80000019073486328125</ele>
        <time>2026-08-12T22:33:17.000Z</time>
        <extensions>
          <ns3:TrackPointExtension>
            <ns3:atemp>33.0</ns3:atemp>
            <ns3:hr>146</ns3:hr>
            <ns3:cad>86</ns3:cad>
          </ns3:TrackPointExtension>
        </extensions>
      </trkpt>
      <trkpt lat="22.5504092685878276824951171875" lon="114.01337164454162120819091796875">
        <ele>15.80000019073486328125</ele>
        <time>2026-08-12T22:33:18.000Z</time>
        <extensions>
          <ns3:TrackPointExtension>
            <ns3:atemp>33.0</ns3:atemp>
            <ns3:hr>145</ns3:hr>
            <ns3:cad>86</ns3:cad>
          </ns3:TrackPointExtension>
        </extensions>
      </trkpt>
      <trkpt lat="22.55040952004492282867431640625" lon="114.013390503823757171630859375">
        <ele>15.80000019073486328125</ele>
        <time>2026-08-12T22:33:19.000Z</time>
        <extensions>
          <ns3:TrackPointExtension>
            <ns3:atemp>33.0</ns3:atemp>
            <ns3:hr>145</ns3:hr>
            <ns3:cad>86</ns3:cad>
          </ns3:TrackPointExtension>
        </extensions>
      </trkpt>
      <trkpt lat="22.550415135920047760009765625" lon="114.0134154818952083587646484375">
        <ele>15.80000019073486328125</ele>
        <time>2026-08-12T22:33:20.000Z</time>
        <extensions>
          <ns3:TrackPointExtension>
            <ns3:atemp>33.0</ns3:atemp>
            <ns3:hr>145</ns3:hr>
            <ns3:cad>86</ns3:cad>
          </ns3:TrackPointExtension>
        </extensions>
      </trkpt>
      <trkpt lat="22.55042351782321929931640625" lon="114.01343283243477344512939453125">
        <ele>15.80000019073486328125</ele>
        <time>2026-08-12T22:33:21.000Z</time>
        <extensions>
          <ns3:TrackPointExtension>
            <ns3:atemp>33.0</ns3:atemp>
            <ns3:hr>146</ns3:hr>
            <ns3:cad>86</ns3:cad>
          </ns3:TrackPointExtension>
        </extensions>
      </trkpt>
      <trkpt lat="22.55043030716478824615478515625" lon="114.0134619176387786865234375">
        <ele>15.80000019073486328125</ele>
        <time>2026-08-12T22:33:22.000Z</time>
        <extensions>
          <ns3:TrackPointExtension>
            <ns3:atemp>33.0</ns3:atemp>
            <ns3:hr>146</ns3:hr>
            <ns3:cad>85</ns3:cad>
          </ns3:TrackPointExtension>
        </extensions>
      </trkpt>
      <trkpt lat="22.550437264144420623779296875" lon="114.0134832076728343963623046875">
        <ele>16</ele>
        <time>2026-08-12T22:33:23.000Z</time>
        <extensions>
          <ns3:TrackPointExtension>
            <ns3:atemp>33.0</ns3:atemp>
            <ns3:hr>146</ns3:hr>
            <ns3:cad>85</ns3:cad>
          </ns3:TrackPointExtension>
        </extensions>
      </trkpt>
      <trkpt lat="22.55044707097113132476806640625" lon="114.0135050006210803985595703125">
        <ele>16</ele>
        <time>2026-08-12T22:33:24.000Z</time>
        <extensions>
          <ns3:TrackPointExtension>
            <ns3:atemp>33.0</ns3:atemp>
            <ns3:hr>146</ns3:hr>
            <ns3:cad>84</ns3:cad>
          </ns3:TrackPointExtension>
        </extensions>
      </trkpt>
      <trkpt lat="22.55046148784458637237548828125" lon="114.01352872140705585479736328125">
        <ele>15.80000019073486328125</ele>
        <time>2026-08-12T22:33:25.000Z</time>
        <extensions>
          <ns3:TrackPointExtension>
            <ns3:atemp>33.0</ns3:atemp>
            <ns3:hr>146</ns3:hr>
            <ns3:cad>84</ns3:cad>
          </ns3:TrackPointExtension>
        </extensions>
      </trkpt>
      <trkpt lat="22.55047313868999481201171875" lon="114.01354573667049407958984375">
        <ele>15.80000019073486328125</ele>
        <time>2026-08-12T22:33:26.000Z</time>
        <extensions>
          <ns3:TrackPointExtension>
            <ns3:atemp>33.0</ns3:atemp>
            <ns3:hr>147</ns3:hr>
            <ns3:cad>84</ns3:cad>
          </ns3:TrackPointExtension>
        </extensions>
      </trkpt>
      <trkpt lat="22.5504823587834835052490234375" lon="114.01357281021773815155029296875">
        <ele>15.80000019073486328125</ele>
        <time>2026-08-12T22:33:27.000Z</time>
        <extensions>
          <ns3:TrackPointExtension>
            <ns3:atemp>33.0</ns3:atemp>
            <ns3:hr>147</ns3:hr>
            <ns3:cad>85</ns3:cad>
          </ns3:TrackPointExtension>
        </extensions>
      </trkpt>
      <trkpt lat="22.5504917465150356292724609375" lon="114.01359041221439838409423828125">
        <ele>15.80000019073486328125</ele>
        <time>2026-08-12T22:33:28.000Z</time>
        <extensions>
          <ns3:TrackPointExtension>
            <ns3:atemp>33.0</ns3:atemp>
            <ns3:hr>147</ns3:hr>
            <ns3:cad>85</ns3:cad>
          </ns3:TrackPointExtension>
        </extensions>
      </trkpt>
      <trkpt lat="22.55049635656177997589111328125" lon="114.01361706666648387908935546875">
        <ele>15.6000003814697265625</ele>
        <time>2026-08-12T22:33:29.000Z</time>
        <extensions>
          <ns3:TrackPointExtension>
            <ns3:atemp>33.0</ns3:atemp>
            <ns3:hr>147</ns3:hr>
            <ns3:cad>85</ns3:cad>
          </ns3:TrackPointExtension>
        </extensions>
      </trkpt>
      <trkpt lat="22.55050255917012691497802734375" lon="114.0136387757956981658935546875">
        <ele>15.6000003814697265625</ele>
        <time>2026-08-12T22:33:30.000Z</time>
        <extensions>
          <ns3:TrackPointExtension>
            <ns3:atemp>33.0</ns3:atemp>
            <ns3:hr>147</ns3:hr>
            <ns3:cad>85</ns3:cad>
          </ns3:TrackPointExtension>
        </extensions>
      </trkpt>
      <trkpt lat="22.55050557665526866912841796875" lon="114.01365931145846843719482421875">
        <ele>15.6000003814697265625</ele>
        <time>2026-08-12T22:33:31.000Z</time>
        <extensions>
          <ns3:TrackPointExtension>
            <ns3:atemp>33.0</ns3:atemp>
            <ns3:hr>147</ns3:hr>
            <ns3:cad>85</ns3:cad>
          </ns3:TrackPointExtension>
        </extensions>
      </trkpt>
      <trkpt lat="22.550504989922046661376953125" lon="114.01368579827249050140380859375">
        <ele>15.6000003814697265625</ele>
        <time>2026-08-12T22:33:32.000Z</time>
        <extensions>
          <ns3:TrackPointExtension>
            <ns3:atemp>33.0</ns3:atemp>
            <ns3:hr>148</ns3:hr>
            <ns3:cad>85</ns3:cad>
          </ns3:TrackPointExtension>
        </extensions>
      </trkpt>
      <trkpt lat="22.55050607956945896148681640625" lon="114.01370465755462646484375">
        <ele>15.3999996185302734375</ele>
        <time>2026-08-12T22:33:33.000Z</time>
        <extensions>
          <ns3:TrackPointExtension>
            <ns3:atemp>33.0</ns3:atemp>
            <ns3:hr>148</ns3:hr>
            <ns3:cad>85</ns3:cad>
          </ns3:TrackPointExtension>
        </extensions>
      </trkpt>
      <trkpt lat="22.5504890643060207366943359375" lon="114.0137326531112194061279296875">
        <ele>15.3999996185302734375</ele>
        <time>2026-08-12T22:33:34.000Z</time>
        <extensions>
          <ns3:TrackPointExtension>
            <ns3:atemp>33.0</ns3:atemp>
            <ns3:hr>148</ns3:hr>
            <ns3:cad>85</ns3:cad>
          </ns3:TrackPointExtension>
        </extensions>
      </trkpt>
      <trkpt lat="22.5504796765744686126708984375" lon="114.01375251822173595428466796875">
        <ele>15.3999996185302734375</ele>
        <time>2026-08-12T22:33:35.000Z</time>
        <extensions>
          <ns3:TrackPointExtension>
            <ns3:atemp>33.0</ns3:atemp>
            <ns3:hr>148</ns3:hr>
            <ns3:cad>85</ns3:cad>
          </ns3:TrackPointExtension>
        </extensions>
      </trkpt>
      <trkpt lat="22.550464086234569549560546875" lon="114.01377598755061626434326171875">
        <ele>15.3999996185302734375</ele>
        <time>2026-08-12T22:33:36.000Z</time>
        <extensions>
          <ns3:TrackPointExtension>
            <ns3:atemp>33.0</ns3:atemp>
            <ns3:hr>149</ns3:hr>
            <ns3:cad>85</ns3:cad>
          </ns3:TrackPointExtension>
        </extensions>
      </trkpt>
      <trkpt lat="22.55045075900852680206298828125" lon="114.01380012743175029754638671875">
        <ele>15.3999996185302734375</ele>
        <time>2026-08-12T22:33:37.000Z</time>
        <extensions>
          <ns3:TrackPointExtension>
            <ns3:atemp>33.0</ns3:atemp>
            <ns3:hr>149</ns3:hr>
            <ns3:cad>85</ns3:cad>
          </ns3:TrackPointExtension>
        </extensions>
      </trkpt>
      <trkpt lat="22.550438605248928070068359375" lon="114.01382376439869403839111328125">
        <ele>15.19999980926513671875</ele>
        <time>2026-08-12T22:33:38.000Z</time>
        <extensions>
          <ns3:TrackPointExtension>
            <ns3:atemp>33.0</ns3:atemp>
            <ns3:hr>149</ns3:hr>
            <ns3:cad>85</ns3:cad>
          </ns3:TrackPointExtension>
        </extensions>
      </trkpt>
      <trkpt lat="22.5504280440509319305419921875" lon="114.0138516761362552642822265625">
        <ele>15.19999980926513671875</ele>
        <time>2026-08-12T22:33:39.000Z</time>
        <extensions>
          <ns3:TrackPointExtension>
            <ns3:atemp>33.0</ns3:atemp>
            <ns3:hr>148</ns3:hr>
            <ns3:cad>85</ns3:cad>
          </ns3:TrackPointExtension>
        </extensions>
      </trkpt>
      <trkpt lat="22.55042661912739276885986328125" lon="114.01387237943708896636962890625">
        <ele>15.19999980926513671875</ele>
        <time>2026-08-12T22:33:40.000Z</time>
        <extensions>
          <ns3:TrackPointExtension>
            <ns3:atemp>33.0</ns3:atemp>
            <ns3:hr>149</ns3:hr>
            <ns3:cad>85</ns3:cad>
          </ns3:TrackPointExtension>
        </extensions>
      </trkpt>
      <trkpt lat="22.55042125470936298370361328125" lon="114.0139012970030307769775390625">
        <ele>15.19999980926513671875</ele>
        <time>2026-08-12T22:33:41.000Z</time>
        <extensions>
          <ns3:TrackPointExtension>
            <ns3:atemp>33.0</ns3:atemp>
            <ns3:hr>149</ns3:hr>
            <ns3:cad>85</ns3:cad>
          </ns3:TrackPointExtension>
        </extensions>
      </trkpt>
      <trkpt lat="22.550422847270965576171875" lon="114.01391923427581787109375">
        <ele>15.19999980926513671875</ele>
        <time>2026-08-12T22:33:42.000Z</time>
        <extensions>
          <ns3:TrackPointExtension>
            <ns3:atemp>33.0</ns3:atemp>
            <ns3:hr>149</ns3:hr>
            <ns3:cad>85</ns3:cad>
          </ns3:TrackPointExtension>
        </extensions>
      </trkpt>
      <trkpt lat="22.55043022334575653076171875" lon="114.01394027285277843475341796875">
        <ele>15.3999996185302734375</ele>
        <time>2026-08-12T22:33:43.000Z</time>
        <extensions>
          <ns3:TrackPointExtension>
            <ns3:atemp>33.0</ns3:atemp>
            <ns3:hr>149</ns3:hr>
            <ns3:cad>85</ns3:cad>
          </ns3:TrackPointExtension>
        </extensions>
      </trkpt>
      <trkpt lat="22.550441958010196685791015625" lon="114.01395837776362895965576171875">
        <ele>15.3999996185302734375</ele>
        <time>2026-08-12T22:33:44.000Z</time>
        <extensions>
          <ns3:TrackPointExtension>
            <ns3:atemp>33.0</ns3:atemp>
            <ns3:hr>150</ns3:hr>
            <ns3:cad>86</ns3:cad>
          </ns3:TrackPointExtension>
        </extensions>
      </trkpt>
      <trkpt lat="22.55045528523623943328857421875" lon="114.01396952569484710693359375">
        <ele>15.6000003814697265625</ele>
        <time>2026-08-12T22:33:45.000Z</time>
        <extensions>
          <ns3:TrackPointExtension>
            <ns3:atemp>33.0</ns3:atemp>
            <ns3:hr>150</ns3:hr>
            <ns3:cad>86</ns3:cad>
          </ns3:TrackPointExtension>
        </extensions>
      </trkpt>
      <trkpt lat="22.5504793412983417510986328125" lon="114.01398721151053905487060546875">
        <ele>15.6000003814697265625</ele>
        <time>2026-08-12T22:33:46.000Z</time>
        <extensions>
          <ns3:TrackPointExtension>
            <ns3:atemp>33.0</ns3:atemp>
            <ns3:hr>150</ns3:hr>
            <ns3:cad>86</ns3:cad>
          </ns3:TrackPointExtension>
        </extensions>
      </trkpt>
      <trkpt lat="22.550496272742748260498046875" lon="114.01399425230920314788818359375">
        <ele>15.6000003814697265625</ele>
        <time>2026-08-12T22:33:47.000Z</time>
        <extensions>
          <ns3:TrackPointExtension>
            <ns3:atemp>33.0</ns3:atemp>
            <ns3:hr>150</ns3:hr>
            <ns3:cad>85</ns3:cad>
          </ns3:TrackPointExtension>
        </extensions>
      </trkpt>
      <trkpt lat="22.5505195744335651397705078125" lon="114.01400179602205753326416015625">
        <ele>15.6000003814697265625</ele>
        <time>2026-08-12T22:33:48.000Z</time>
        <extensions>
          <ns3:TrackPointExtension>
            <ns3:atemp>33.0</ns3:atemp>
            <ns3:hr>151</ns3:hr>
            <ns3:cad>85</ns3:cad>
          </ns3:TrackPointExtension>
        </extensions>
      </trkpt>
      <trkpt lat="22.55053960718214511871337890625" lon="114.01400682516396045684814453125">
        <ele>15.6000003814697265625</ele>
        <time>2026-08-12T22:33:49.000Z</time>
        <extensions>
          <ns3:TrackPointExtension>
            <ns3:atemp>33.0</ns3:atemp>
            <ns3:hr>151</ns3:hr>
            <ns3:cad>85</ns3:cad>
          </ns3:TrackPointExtension>
        </extensions>
      </trkpt>
      <trkpt lat="22.55055787973105907440185546875" lon="114.01401252485811710357666015625">
        <ele>15.80000019073486328125</ele>
        <time>2026-08-12T22:33:50.000Z</time>
        <extensions>
          <ns3:TrackPointExtension>
            <ns3:atemp>33.0</ns3:atemp>
            <ns3:hr>151</ns3:hr>
            <ns3:cad>85</ns3:cad>
          </ns3:TrackPointExtension>
        </extensions>
      </trkpt>
      <trkpt lat="22.5505816005170345306396484375" lon="114.0140189789235591888427734375">
        <ele>15.80000019073486328125</ele>
        <time>2026-08-12T22:33:51.000Z</time>
        <extensions>
          <ns3:TrackPointExtension>
            <ns3:atemp>33.0</ns3:atemp>
            <ns3:hr>152</ns3:hr>
            <ns3:cad>85</ns3:cad>
          </ns3:TrackPointExtension>
        </extensions>
      </trkpt>
      <trkpt lat="22.55059476010501384735107421875" lon="114.01402275077998638153076171875">
        <ele>15.80000019073486328125</ele>
        <time>2026-08-12T22:33:52.000Z</time>
        <extensions>
          <ns3:TrackPointExtension>
            <ns3:atemp>33.0</ns3:atemp>
            <ns3:hr>152</ns3:hr>
            <ns3:cad>85</ns3:cad>
          </ns3:TrackPointExtension>
        </extensions>
      </trkpt>
      <trkpt lat="22.55061638541519641876220703125" lon="114.0140303783118724822998046875">
        <ele>15.80000019073486328125</ele>
        <time>2026-08-12T22:33:53.000Z</time>
        <extensions>
          <ns3:TrackPointExtension>
            <ns3:atemp>33.0</ns3:atemp>
            <ns3:hr>153</ns3:hr>
            <ns3:cad>85</ns3:cad>
          </ns3:TrackPointExtension>
        </extensions>
      </trkpt>
      <trkpt lat="22.550633735954761505126953125" lon="114.01403632946312427520751953125">
        <ele>15.80000019073486328125</ele>
        <time>2026-08-12T22:33:54.000Z</time>
        <extensions>
          <ns3:TrackPointExtension>
            <ns3:atemp>33.0</ns3:atemp>
            <ns3:hr>154</ns3:hr>
            <ns3:cad>85</ns3:cad>
          </ns3:TrackPointExtension>
        </extensions>
      </trkpt>
      <trkpt lat="22.55065142177045345306396484375" lon="114.0140468068420886993408203125">
        <ele>16</ele>
        <time>2026-08-12T22:33:55.000Z</time>
        <extensions>
          <ns3:TrackPointExtension>
            <ns3:atemp>33.0</ns3:atemp>
            <ns3:hr>154</ns3:hr>
            <ns3:cad>85</ns3:cad>
          </ns3:TrackPointExtension>
        </extensions>
      </trkpt>
      <trkpt lat="22.55067036487162113189697265625" lon="114.01405544020235538482666015625">
        <ele>15.80000019073486328125</ele>
        <time>2026-08-12T22:33:56.000Z</time>
        <extensions>
          <ns3:TrackPointExtension>
            <ns3:atemp>33.0</ns3:atemp>
            <ns3:hr>154</ns3:hr>
            <ns3:cad>85</ns3:cad>
          </ns3:TrackPointExtension>
        </extensions>
      </trkpt>
      <trkpt lat="22.550687380135059356689453125" lon="114.0140627324581146240234375">
        <ele>16</ele>
        <time>2026-08-12T22:33:57.000Z</time>
        <extensions>
          <ns3:TrackPointExtension>
            <ns3:atemp>33.0</ns3:atemp>
            <ns3:hr>154</ns3:hr>
            <ns3:cad>85</ns3:cad>
          </ns3:TrackPointExtension>
        </extensions>
      </trkpt>
      <trkpt lat="22.5507069937884807586669921875" lon="114.01407404802739620208740234375">
        <ele>16</ele>
        <time>2026-08-12T22:33:58.000Z</time>
        <extensions>
          <ns3:TrackPointExtension>
            <ns3:atemp>33.0</ns3:atemp>
            <ns3:hr>154</ns3:hr>
            <ns3:cad>85</ns3:cad>
          </ns3:TrackPointExtension>
        </extensions>
      </trkpt>
      <trkpt lat="22.55072099156677722930908203125" lon="114.0140773169696331024169921875">
        <ele>16</ele>
        <time>2026-08-12T22:33:59.000Z</time>
        <extensions>
          <ns3:TrackPointExtension>
            <ns3:atemp>33.0</ns3:atemp>
            <ns3:hr>154</ns3:hr>
            <ns3:cad>85</ns3:cad>
          </ns3:TrackPointExtension>
        </extensions>
      </trkpt>
      <trkpt lat="22.550739012658596038818359375" lon="114.01408393867313861846923828125">
        <ele>16</ele>
        <time>2026-08-12T22:34:00.000Z</time>
        <extensions>
          <ns3:TrackPointExtension>
            <ns3:atemp>33.0</ns3:atemp>
            <ns3:hr>155</ns3:hr>
            <ns3:cad>85</ns3:cad>
          </ns3:TrackPointExtension>
        </extensions>
      </trkpt>
      <trkpt lat="22.550754435360431671142578125" lon="114.014089219272136688232421875">
        <ele>16</ele>
        <time>2026-08-12T22:34:01.000Z</time>
        <extensions>
          <ns3:TrackPointExtension>
            <ns3:atemp>33.0</ns3:atemp>
            <ns3:hr>154</ns3:hr>
            <ns3:cad>85</ns3:cad>
          </ns3:TrackPointExtension>
        </extensions>
      </trkpt>
      <trkpt lat="22.55077329464256763458251953125" lon="114.01409869082272052764892578125">
        <ele>16</ele>
        <time>2026-08-12T22:34:02.000Z</time>
        <extensions>
          <ns3:TrackPointExtension>
            <ns3:atemp>33.0</ns3:atemp>
            <ns3:hr>154</ns3:hr>
            <ns3:cad>85</ns3:cad>
          </ns3:TrackPointExtension>
        </extensions>
      </trkpt>
      <trkpt lat="22.5507961772382259368896484375" lon="114.01410656981170177459716796875">
        <ele>16</ele>
        <time>2026-08-12T22:34:03.000Z</time>
        <extensions>
          <ns3:TrackPointExtension>
            <ns3:atemp>33.0</ns3:atemp>
            <ns3:hr>154</ns3:hr>
            <ns3:cad>85</ns3:cad>
          </ns3:TrackPointExtension>
        </extensions>
      </trkpt>
      <trkpt lat="22.55081369541585445404052734375" lon="114.0141091682016849517822265625">
        <ele>16.200000762939453125</ele>
        <time>2026-08-12T22:34:04.000Z</time>
        <extensions>
          <ns3:TrackPointExtension>
            <ns3:atemp>33.0</ns3:atemp>
            <ns3:hr>154</ns3:hr>
            <ns3:cad>85</ns3:cad>
          </ns3:TrackPointExtension>
        </extensions>
      </trkpt>
      <trkpt lat="22.5508377514779567718505859375" lon="114.01411914266645908355712890625">
        <ele>16.200000762939453125</ele>
        <time>2026-08-12T22:34:05.000Z</time>
        <extensions>
          <ns3:TrackPointExtension>
            <ns3:atemp>33.0</ns3:atemp>
            <ns3:hr>155</ns3:hr>
            <ns3:cad>86</ns3:cad>
          </ns3:TrackPointExtension>
        </extensions>
      </trkpt>
      <trkpt lat="22.55085258744657039642333984375" lon="114.01412383653223514556884765625">
        <ele>16.200000762939453125</ele>
        <time>2026-08-12T22:34:06.000Z</time>
        <extensions>
          <ns3:TrackPointExtension>
            <ns3:atemp>33.0</ns3:atemp>
            <ns3:hr>154</ns3:hr>
            <ns3:cad>86</ns3:cad>
          </ns3:TrackPointExtension>
        </extensions>
      </trkpt>
      <trkpt lat="22.55087547004222869873046875" lon="114.01413707993924617767333984375">
        <ele>16.200000762939453125</ele>
        <time>2026-08-12T22:34:07.000Z</time>
        <extensions>
          <ns3:TrackPointExtension>
            <ns3:atemp>33.0</ns3:atemp>
            <ns3:hr>154</ns3:hr>
            <ns3:cad>86</ns3:cad>
          </ns3:TrackPointExtension>
        </extensions>
      </trkpt>
      <trkpt lat="22.55089768208563327789306640625" lon="114.01414931751787662506103515625">
        <ele>16.3999996185302734375</ele>
        <time>2026-08-12T22:34:08.000Z</time>
        <extensions>
          <ns3:TrackPointExtension>
            <ns3:atemp>33.0</ns3:atemp>
            <ns3:hr>153</ns3:hr>
            <ns3:cad>85</ns3:cad>
          </ns3:TrackPointExtension>
        </extensions>
      </trkpt>
      <trkpt lat="22.550919391214847564697265625" lon="114.01415518485009670257568359375">
        <ele>16.3999996185302734375</ele>
        <time>2026-08-12T22:34:09.000Z</time>
        <extensions>
          <ns3:TrackPointExtension>
            <ns3:atemp>33.0</ns3:atemp>
            <ns3:hr>153</ns3:hr>
            <ns3:cad>85</ns3:cad>
          </ns3:TrackPointExtension>
        </extensions>
      </trkpt>
      <trkpt lat="22.5509450398385524749755859375" lon="114.01416373439133167266845703125">
        <ele>16.200000762939453125</ele>
        <time>2026-08-12T22:34:10.000Z</time>
        <extensions>
          <ns3:TrackPointExtension>
            <ns3:atemp>33.0</ns3:atemp>
            <ns3:hr>153</ns3:hr>
            <ns3:cad>84</ns3:cad>
          </ns3:TrackPointExtension>
        </extensions>
      </trkpt>
      <trkpt lat="22.5509597919881343841552734375" lon="114.0141624771058559417724609375">
        <ele>16.200000762939453125</ele>
        <time>2026-08-12T22:34:11.000Z</time>
        <extensions>
          <ns3:TrackPointExtension>
            <ns3:atemp>33.0</ns3:atemp>
            <ns3:hr>153</ns3:hr>
            <ns3:cad>84</ns3:cad>
          </ns3:TrackPointExtension>
        </extensions>
      </trkpt>
      <trkpt lat="22.55098368041217327117919921875" lon="114.0141700208187103271484375">
        <ele>16.3999996185302734375</ele>
        <time>2026-08-12T22:34:12.000Z</time>
        <extensions>
          <ns3:TrackPointExtension>
            <ns3:atemp>33.0</ns3:atemp>
            <ns3:hr>153</ns3:hr>
            <ns3:cad>84</ns3:cad>
          </ns3:TrackPointExtension>
        </extensions>
      </trkpt>
      <trkpt lat="22.55100295878946781158447265625" lon="114.014174379408359527587890625">
        <ele>16.3999996185302734375</ele>
        <time>2026-08-12T22:34:13.000Z</time>
        <extensions>
          <ns3:TrackPointExtension>
            <ns3:atemp>33.0</ns3:atemp>
            <ns3:hr>153</ns3:hr>
            <ns3:cad>85</ns3:cad>
          </ns3:TrackPointExtension>
        </extensions>
      </trkpt>
      <trkpt lat="22.551023662090301513671875" lon="114.01418167166411876678466796875">
        <ele>16.3999996185302734375</ele>
        <time>2026-08-12T22:34:14.000Z</time>
        <extensions>
          <ns3:TrackPointExtension>
            <ns3:atemp>33.0</ns3:atemp>
            <ns3:hr>152</ns3:hr>
            <ns3:cad>85</ns3:cad>
          </ns3:TrackPointExtension>
        </extensions>
      </trkpt>
      <trkpt lat="22.55104436539113521575927734375" lon="114.01418804191052913665771484375">
        <ele>16.3999996185302734375</ele>
        <time>2026-08-12T22:34:15.000Z</time>
        <extensions>
          <ns3:TrackPointExtension>
            <ns3:atemp>33.0</ns3:atemp>
            <ns3:hr>153</ns3:hr>
            <ns3:cad>85</ns3:cad>
          </ns3:TrackPointExtension>
        </extensions>
      </trkpt>
      <trkpt lat="22.55106322467327117919921875" lon="114.01419323869049549102783203125">
        <ele>16.3999996185302734375</ele>
        <time>2026-08-12T22:34:16.000Z</time>
        <extensions>
          <ns3:TrackPointExtension>
            <ns3:atemp>33.0</ns3:atemp>
            <ns3:hr>153</ns3:hr>
            <ns3:cad>86</ns3:cad>
          </ns3:TrackPointExtension>
        </extensions>
      </trkpt>
      <trkpt lat="22.55108334124088287353515625" lon="114.014201872050762176513671875">
        <ele>16.3999996185302734375</ele>
        <time>2026-08-12T22:34:17.000Z</time>
        <extensions>
          <ns3:TrackPointExtension>
            <ns3:atemp>33.0</ns3:atemp>
            <ns3:hr>153</ns3:hr>
            <ns3:cad>86</ns3:cad>
          </ns3:TrackPointExtension>
        </extensions>
      </trkpt>
      <trkpt lat="22.5510959140956401824951171875" lon="114.0142053924500942230224609375">
        <ele>16.3999996185302734375</ele>
        <time>2026-08-12T22:34:18.000Z</time>
        <extensions>
          <ns3:TrackPointExtension>
            <ns3:atemp>33.0</ns3:atemp>
            <ns3:hr>153</ns3:hr>
            <ns3:cad>86</ns3:cad>
          </ns3:TrackPointExtension>
        </extensions>
      </trkpt>
      <trkpt lat="22.5511177070438861846923828125" lon="114.01421419344842433929443359375">
        <ele>16.3999996185302734375</ele>
        <time>2026-08-12T22:34:19.000Z</time>
        <extensions>
          <ns3:TrackPointExtension>
            <ns3:atemp>33.0</ns3:atemp>
            <ns3:hr>153</ns3:hr>
            <ns3:cad>86</ns3:cad>
          </ns3:TrackPointExtension>
        </extensions>
      </trkpt>
      <trkpt lat="22.5511297769844532012939453125" lon="114.014219976961612701416015625">
        <ele>16.3999996185302734375</ele>
        <time>2026-08-12T22:34:20.000Z</time>
        <extensions>
          <ns3:TrackPointExtension>
            <ns3:atemp>33.0</ns3:atemp>
            <ns3:hr>153</ns3:hr>
            <ns3:cad>86</ns3:cad>
          </ns3:TrackPointExtension>
        </extensions>
      </trkpt>
      <trkpt lat="22.55115400068461894989013671875" lon="114.0142332203686237335205078125">
        <ele>16.3999996185302734375</ele>
        <time>2026-08-12T22:34:21.000Z</time>
        <extensions>
          <ns3:TrackPointExtension>
            <ns3:atemp>33.0</ns3:atemp>
            <ns3:hr>154</ns3:hr>
            <ns3:cad>86</ns3:cad>
          </ns3:TrackPointExtension>
        </extensions>
      </trkpt>
      <trkpt lat="22.55117445252835750579833984375" lon="114.0142426081001758575439453125">
        <ele>16.6000003814697265625</ele>
        <time>2026-08-12T22:34:22.000Z</time>
        <extensions>
          <ns3:TrackPointExtension>
            <ns3:atemp>33.0</ns3:atemp>
            <ns3:hr>154</ns3:hr>
            <ns3:cad>86</ns3:cad>
          </ns3:TrackPointExtension>
        </extensions>
      </trkpt>
      <trkpt lat="22.5511964969336986541748046875" lon="114.01424956507980823516845703125">
        <ele>16.6000003814697265625</ele>
        <time>2026-08-12T22:34:23.000Z</time>
        <extensions>
          <ns3:TrackPointExtension>
            <ns3:atemp>33.0</ns3:atemp>
            <ns3:hr>154</ns3:hr>
            <ns3:cad>86</ns3:cad>
          </ns3:TrackPointExtension>
        </extensions>
      </trkpt>
      <trkpt lat="22.551225163042545318603515625" lon="114.01425643824040889739990234375">
        <ele>16.6000003814697265625</ele>
        <time>2026-08-12T22:34:24.000Z</time>
        <extensions>
          <ns3:TrackPointExtension>
            <ns3:atemp>33.0</ns3:atemp>
            <ns3:hr>153</ns3:hr>
            <ns3:cad>86</ns3:cad>
          </ns3:TrackPointExtension>
        </extensions>
      </trkpt>
      <trkpt lat="22.55124418996274471282958984375" lon="114.01426264084875583648681640625">
        <ele>16.6000003814697265625</ele>
        <time>2026-08-12T22:34:25.000Z</time>
        <extensions>
          <ns3:TrackPointExtension>
            <ns3:atemp>33.0</ns3:atemp>
            <ns3:hr>153</ns3:hr>
            <ns3:cad>86</ns3:cad>
          </ns3:TrackPointExtension>
        </extensions>
      </trkpt>
      <trkpt lat="22.551270760595798492431640625" lon="114.01427127420902252197265625">
        <ele>16.6000003814697265625</ele>
        <time>2026-08-12T22:34:26.000Z</time>
        <extensions>
          <ns3:TrackPointExtension>
            <ns3:atemp>33.0</ns3:atemp>
            <ns3:hr>154</ns3:hr>
            <ns3:cad>86</ns3:cad>
          </ns3:TrackPointExtension>
        </extensions>
      </trkpt>
      <trkpt lat="22.5512851774692535400390625" lon="114.0142747946083545684814453125">
        <ele>16.6000003814697265625</ele>
        <time>2026-08-12T22:34:27.000Z</time>
        <extensions>
          <ns3:TrackPointExtension>
            <ns3:atemp>33.0</ns3:atemp>
            <ns3:hr>154</ns3:hr>
            <ns3:cad>86</ns3:cad>
          </ns3:TrackPointExtension>
        </extensions>
      </trkpt>
      <trkpt lat="22.55130806006491184234619140625" lon="114.01428066194057464599609375">
        <ele>16.6000003814697265625</ele>
        <time>2026-08-12T22:34:28.000Z</time>
        <extensions>
          <ns3:TrackPointExtension>
            <ns3:atemp>33.0</ns3:atemp>
            <ns3:hr>154</ns3:hr>
            <ns3:cad>86</ns3:cad>
          </ns3:TrackPointExtension>
        </extensions>
      </trkpt>
      <trkpt lat="22.55132901482284069061279296875" lon="114.01428711600601673126220703125">
        <ele>16.6000003814697265625</ele>
        <time>2026-08-12T22:34:29.000Z</time>
        <extensions>
          <ns3:TrackPointExtension>
            <ns3:atemp>33.0</ns3:atemp>
            <ns3:hr>154</ns3:hr>
            <ns3:cad>86</ns3:cad>
          </ns3:TrackPointExtension>
        </extensions>
      </trkpt>
      <trkpt lat="22.55134913139045238494873046875" lon="114.014294408261775970458984375">
        <ele>16.6000003814697265625</ele>
        <time>2026-08-12T22:34:30.000Z</time>
        <extensions>
          <ns3:TrackPointExtension>
            <ns3:atemp>33.0</ns3:atemp>
            <ns3:hr>155</ns3:hr>
            <ns3:cad>86</ns3:cad>
          </ns3:TrackPointExtension>
        </extensions>
      </trkpt>
      <trkpt lat="22.55137075670063495635986328125" lon="114.01429952122271060943603515625">
        <ele>16.6000003814697265625</ele>
        <time>2026-08-12T22:34:31.000Z</time>
        <extensions>
          <ns3:TrackPointExtension>
            <ns3:atemp>33.0</ns3:atemp>
            <ns3:hr>154</ns3:hr>
            <ns3:cad>86</ns3:cad>
          </ns3:TrackPointExtension>
        </extensions>
      </trkpt>
      <trkpt lat="22.5513892807066440582275390625" lon="114.01430153287947177886962890625">
        <ele>16.6000003814697265625</ele>
        <time>2026-08-12T22:34:32.000Z</time>
        <extensions>
          <ns3:TrackPointExtension>
            <ns3:atemp>33.0</ns3:atemp>
            <ns3:hr>154</ns3:hr>
            <ns3:cad>86</ns3:cad>
          </ns3:TrackPointExtension>
        </extensions>
      </trkpt>
      <trkpt lat="22.55140922963619232177734375" lon="114.014305807650089263916015625">
        <ele>16.6000003814697265625</ele>
        <time>2026-08-12T22:34:33.000Z</time>
        <extensions>
          <ns3:TrackPointExtension>
            <ns3:atemp>33.0</ns3:atemp>
            <ns3:hr>155</ns3:hr>
            <ns3:cad>85</ns3:cad>
          </ns3:TrackPointExtension>
        </extensions>
      </trkpt>
      <trkpt lat="22.551425658166408538818359375" lon="114.01430890895426273345947265625">
        <ele>16.6000003814697265625</ele>
        <time>2026-08-12T22:34:34.000Z</time>
        <extensions>
          <ns3:TrackPointExtension>
            <ns3:atemp>33.0</ns3:atemp>
            <ns3:hr>154</ns3:hr>
            <ns3:cad>85</ns3:cad>
          </ns3:TrackPointExtension>
        </extensions>
      </trkpt>
      <trkpt lat="22.551447451114654541015625" lon="114.01431511156260967254638671875">
        <ele>16.6000003814697265625</ele>
        <time>2026-08-12T22:34:35.000Z</time>
        <extensions>
          <ns3:TrackPointExtension>
            <ns3:atemp>33.0</ns3:atemp>
            <ns3:hr>154</ns3:hr>
            <ns3:cad>85</ns3:cad>
          </ns3:TrackPointExtension>
        </extensions>
      </trkpt>
      <trkpt lat="22.5514707528054714202880859375" lon="114.0143203921616077423095703125">
        <ele>16.799999237060546875</ele>
        <time>2026-08-12T22:34:36.000Z</time>
        <extensions>
          <ns3:TrackPointExtension>
            <ns3:atemp>33.0</ns3:atemp>
            <ns3:hr>155</ns3:hr>
            <ns3:cad>86</ns3:cad>
          </ns3:TrackPointExtension>
        </extensions>
      </trkpt>
      <trkpt lat="22.55149061791598796844482421875" lon="114.01432919315993785858154296875">
        <ele>16.799999237060546875</ele>
        <time>2026-08-12T22:34:37.000Z</time>
        <extensions>
          <ns3:TrackPointExtension>
            <ns3:atemp>33.0</ns3:atemp>
            <ns3:hr>154</ns3:hr>
            <ns3:cad>86</ns3:cad>
          </ns3:TrackPointExtension>
        </extensions>
      </trkpt>
      <trkpt lat="22.55151023156940937042236328125" lon="114.0143361501395702362060546875">
        <ele>16.799999237060546875</ele>
        <time>2026-08-12T22:34:38.000Z</time>
        <extensions>
          <ns3:TrackPointExtension>
            <ns3:atemp>33.0</ns3:atemp>
            <ns3:hr>154</ns3:hr>
            <ns3:cad>86</ns3:cad>
          </ns3:TrackPointExtension>
        </extensions>
      </trkpt>
      <trkpt lat="22.551525570452213287353515625" lon="114.014340341091156005859375">
        <ele>16.799999237060546875</ele>
        <time>2026-08-12T22:34:39.000Z</time>
        <extensions>
          <ns3:TrackPointExtension>
            <ns3:atemp>33.0</ns3:atemp>
            <ns3:hr>155</ns3:hr>
            <ns3:cad>85</ns3:cad>
          </ns3:TrackPointExtension>
        </extensions>
      </trkpt>
      <trkpt lat="22.55154225043952465057373046875" lon="114.01434813626110553741455078125">
        <ele>16.799999237060546875</ele>
        <time>2026-08-12T22:34:40.000Z</time>
        <extensions>
          <ns3:TrackPointExtension>
            <ns3:atemp>33.0</ns3:atemp>
            <ns3:hr>154</ns3:hr>
            <ns3:cad>86</ns3:cad>
          </ns3:TrackPointExtension>
        </extensions>
      </trkpt>
      <trkpt lat="22.55155733786523342132568359375" lon="114.0143562667071819305419921875">
        <ele>16.799999237060546875</ele>
        <time>2026-08-12T22:34:41.000Z</time>
        <extensions>
          <ns3:TrackPointExtension>
            <ns3:atemp>33.0</ns3:atemp>
            <ns3:hr>154</ns3:hr>
            <ns3:cad>86</ns3:cad>
          </ns3:TrackPointExtension>
        </extensions>
      </trkpt>
      <trkpt lat="22.55157996900379657745361328125" lon="114.01436976157128810882568359375">
        <ele>16.799999237060546875</ele>
        <time>2026-08-12T22:34:42.000Z</time>
        <extensions>
          <ns3:TrackPointExtension>
            <ns3:atemp>33.0</ns3:atemp>
            <ns3:hr>154</ns3:hr>
            <ns3:cad>86</ns3:cad>
          </ns3:TrackPointExtension>
        </extensions>
      </trkpt>
      <trkpt lat="22.55159807391464710235595703125" lon="114.0143790654838085174560546875">
        <ele>16.799999237060546875</ele>
        <time>2026-08-12T22:34:43.000Z</time>
        <extensions>
          <ns3:TrackPointExtension>
            <ns3:atemp>33.0</ns3:atemp>
            <ns3:hr>155</ns3:hr>
            <ns3:cad>86</ns3:cad>
          </ns3:TrackPointExtension>
        </extensions>
      </trkpt>
      <trkpt lat="22.55161735229194164276123046875" lon="114.014388285577297210693359375">
        <ele>16.799999237060546875</ele>
        <time>2026-08-12T22:34:44.000Z</time>
        <extensions>
          <ns3:TrackPointExtension>
            <ns3:atemp>33.0</ns3:atemp>
            <ns3:hr>154</ns3:hr>
            <ns3:cad>86</ns3:cad>
          </ns3:TrackPointExtension>
        </extensions>
      </trkpt>
      <trkpt lat="22.55164165981113910675048828125" lon="114.014397002756595611572265625">
        <ele>16.799999237060546875</ele>
        <time>2026-08-12T22:34:45.000Z</time>
        <extensions>
          <ns3:TrackPointExtension>
            <ns3:atemp>33.0</ns3:atemp>
            <ns3:hr>154</ns3:hr>
            <ns3:cad>85</ns3:cad>
          </ns3:TrackPointExtension>
        </extensions>
      </trkpt>
      <trkpt lat="22.55166001617908477783203125" lon="114.01440245099365711212158203125">
        <ele>17</ele>
        <time>2026-08-12T22:34:46.000Z</time>
        <extensions>
          <ns3:TrackPointExtension>
            <ns3:atemp>33.0</ns3:atemp>
            <ns3:hr>154</ns3:hr>
            <ns3:cad>85</ns3:cad>
          </ns3:TrackPointExtension>
        </extensions>
      </trkpt>
      <trkpt lat="22.55168172530829906463623046875" lon="114.01440848596394062042236328125">
        <ele>17</ele>
        <time>2026-08-12T22:34:47.000Z</time>
        <extensions>
          <ns3:TrackPointExtension>
            <ns3:atemp>33.0</ns3:atemp>
            <ns3:hr>154</ns3:hr>
            <ns3:cad>85</ns3:cad>
          </ns3:TrackPointExtension>
        </extensions>
      </trkpt>
      <trkpt lat="22.55170159041881561279296875" lon="114.0144167840480804443359375">
        <ele>17</ele>
        <time>2026-08-12T22:34:48.000Z</time>
        <extensions>
          <ns3:TrackPointExtension>
            <ns3:atemp>33.0</ns3:atemp>
            <ns3:hr>154</ns3:hr>
            <ns3:cad>85</ns3:cad>
          </ns3:TrackPointExtension>
        </extensions>
      </trkpt>
      <trkpt lat="22.5517218746244907379150390625" lon="114.01442625559866428375244140625">
        <ele>17</ele>
        <time>2026-08-12T22:34:49.000Z</time>
        <extensions>
          <ns3:TrackPointExtension>
            <ns3:atemp>33.0</ns3:atemp>
            <ns3:hr>155</ns3:hr>
            <ns3:cad>85</ns3:cad>
          </ns3:TrackPointExtension>
        </extensions>
      </trkpt>
      <trkpt lat="22.55174324847757816314697265625" lon="114.0144357271492481231689453125">
        <ele>17</ele>
        <time>2026-08-12T22:34:50.000Z</time>
        <extensions>
          <ns3:TrackPointExtension>
            <ns3:atemp>33.0</ns3:atemp>
            <ns3:hr>154</ns3:hr>
            <ns3:cad>85</ns3:cad>
          </ns3:TrackPointExtension>
        </extensions>
      </trkpt>
      <trkpt lat="22.55176168866455554962158203125" lon="114.01444838382303714752197265625">
        <ele>17.200000762939453125</ele>
        <time>2026-08-12T22:34:51.000Z</time>
        <extensions>
          <ns3:TrackPointExtension>
            <ns3:atemp>33.0</ns3:atemp>
            <ns3:hr>154</ns3:hr>
            <ns3:cad>85</ns3:cad>
          </ns3:TrackPointExtension>
        </extensions>
      </trkpt>
      <trkpt lat="22.55178415216505527496337890625" lon="114.0144659020006656646728515625">
        <ele>17.200000762939453125</ele>
        <time>2026-08-12T22:34:52.000Z</time>
        <extensions>
          <ns3:TrackPointExtension>
            <ns3:atemp>33.0</ns3:atemp>
            <ns3:hr>154</ns3:hr>
            <ns3:cad>85</ns3:cad>
          </ns3:TrackPointExtension>
        </extensions>
      </trkpt>
      <trkpt lat="22.55179680883884429931640625" lon="114.0144742839038372039794921875">
        <ele>17.200000762939453125</ele>
        <time>2026-08-12T22:34:53.000Z</time>
        <extensions>
          <ns3:TrackPointExtension>
            <ns3:atemp>33.0</ns3:atemp>
            <ns3:hr>154</ns3:hr>
            <ns3:cad>85</ns3:cad>
          </ns3:TrackPointExtension>
        </extensions>
      </trkpt>
      <trkpt lat="22.55182228982448577880859375" lon="114.01448861695826053619384765625">
        <ele>17.200000762939453125</ele>
        <time>2026-08-12T22:34:54.000Z</time>
        <extensions>
          <ns3:TrackPointExtension>
            <ns3:atemp>33.0</ns3:atemp>
            <ns3:hr>154</ns3:hr>
            <ns3:cad>85</ns3:cad>
          </ns3:TrackPointExtension>
        </extensions>
      </trkpt>
      <trkpt lat="22.5518395565450191497802734375" lon="114.014496244490146636962890625">
        <ele>17.200000762939453125</ele>
        <time>2026-08-12T22:34:55.000Z</time>
        <extensions>
          <ns3:TrackPointExtension>
            <ns3:atemp>33.0</ns3:atemp>
            <ns3:hr>154</ns3:hr>
            <ns3:cad>85</ns3:cad>
          </ns3:TrackPointExtension>
        </extensions>
      </trkpt>
      <trkpt lat="22.55186646245419979095458984375" lon="114.01450864970684051513671875">
        <ele>17.200000762939453125</ele>
        <time>2026-08-12T22:34:56.000Z</time>
        <extensions>
          <ns3:TrackPointExtension>
            <ns3:atemp>33.0</ns3:atemp>
            <ns3:hr>154</ns3:hr>
            <ns3:cad>86</ns3:cad>
          </ns3:TrackPointExtension>
        </extensions>
      </trkpt>
      <trkpt lat="22.55188993178308010101318359375" lon="114.0145202167332172393798828125">
        <ele>17.200000762939453125</ele>
        <time>2026-08-12T22:34:57.000Z</time>
        <extensions>
          <ns3:TrackPointExtension>
            <ns3:atemp>33.0</ns3:atemp>
            <ns3:hr>154</ns3:hr>
            <ns3:cad>86</ns3:cad>
          </ns3:TrackPointExtension>
        </extensions>
      </trkpt>
      <trkpt lat="22.55190501920878887176513671875" lon="114.01452901773154735565185546875">
        <ele>17.200000762939453125</ele>
        <time>2026-08-12T22:34:58.000Z</time>
        <extensions>
          <ns3:TrackPointExtension>
            <ns3:atemp>33.0</ns3:atemp>
            <ns3:hr>155</ns3:hr>
            <ns3:cad>86</ns3:cad>
          </ns3:TrackPointExtension>
        </extensions>
      </trkpt>
      <trkpt lat="22.55192496813833713531494140625" lon="114.0145420096814632415771484375">
        <ele>17.3999996185302734375</ele>
        <time>2026-08-12T22:34:59.000Z</time>
        <extensions>
          <ns3:TrackPointExtension>
            <ns3:atemp>33.0</ns3:atemp>
            <ns3:hr>155</ns3:hr>
            <ns3:cad>86</ns3:cad>
          </ns3:TrackPointExtension>
        </extensions>
      </trkpt>
      <trkpt lat="22.55194173194468021392822265625" lon="114.0145497210323810577392578125">
        <ele>17.3999996185302734375</ele>
        <time>2026-08-12T22:35:00.000Z</time>
        <extensions>
          <ns3:TrackPointExtension>
            <ns3:atemp>33.0</ns3:atemp>
            <ns3:hr>155</ns3:hr>
            <ns3:cad>85</ns3:cad>
          </ns3:TrackPointExtension>
        </extensions>
      </trkpt>
      <trkpt lat="22.55196335725486278533935546875" lon="114.0145584382116794586181640625">
        <ele>17.3999996185302734375</ele>
        <time>2026-08-12T22:35:01.000Z</time>
        <extensions>
          <ns3:TrackPointExtension>
            <ns3:atemp>33.0</ns3:atemp>
            <ns3:hr>155</ns3:hr>
            <ns3:cad>85</ns3:cad>
          </ns3:TrackPointExtension>
        </extensions>
      </trkpt>
      <trkpt lat="22.55198347382247447967529296875" lon="114.014565311372280120849609375">
        <ele>17.3999996185302734375</ele>
        <time>2026-08-12T22:35:02.000Z</time>
        <extensions>
          <ns3:TrackPointExtension>
            <ns3:atemp>33.0</ns3:atemp>
            <ns3:hr>156</ns3:hr>
            <ns3:cad>85</ns3:cad>
          </ns3:TrackPointExtension>
        </extensions>
      </trkpt>
      <trkpt lat="22.55200593732297420501708984375" lon="114.01457092724740505218505859375">
        <ele>17.3999996185302734375</ele>
        <time>2026-08-12T22:35:03.000Z</time>
        <extensions>
          <ns3:TrackPointExtension>
            <ns3:atemp>33.0</ns3:atemp>
            <ns3:hr>156</ns3:hr>
            <ns3:cad>85</ns3:cad>
          </ns3:TrackPointExtension>
        </extensions>
      </trkpt>
      <trkpt lat="22.5520306639373302459716796875" lon="114.01457880623638629913330078125">
        <ele>17.3999996185302734375</ele>
        <time>2026-08-12T22:35:04.000Z</time>
        <extensions>
          <ns3:TrackPointExtension>
            <ns3:atemp>33.0</ns3:atemp>
            <ns3:hr>155</ns3:hr>
            <ns3:cad>85</ns3:cad>
          </ns3:TrackPointExtension>
        </extensions>
      </trkpt>
      <trkpt lat="22.55204717628657817840576171875" lon="114.0145855955779552459716796875">
        <ele>17.6000003814697265625</ele>
        <time>2026-08-12T22:35:05.000Z</time>
        <extensions>
          <ns3:TrackPointExtension>
            <ns3:atemp>33.0</ns3:atemp>
            <ns3:hr>155</ns3:hr>
            <ns3:cad>85</ns3:cad>
          </ns3:TrackPointExtension>
        </extensions>
      </trkpt>
      <trkpt lat="22.5520682148635387420654296875" lon="114.01459515094757080078125">
        <ele>17.6000003814697265625</ele>
        <time>2026-08-12T22:35:06.000Z</time>
        <extensions>
          <ns3:TrackPointExtension>
            <ns3:atemp>33.0</ns3:atemp>
            <ns3:hr>154</ns3:hr>
            <ns3:cad>85</ns3:cad>
          </ns3:TrackPointExtension>
        </extensions>
      </trkpt>
      <trkpt lat="22.55208288319408893585205078125" lon="114.0145993418991565704345703125">
        <ele>17.6000003814697265625</ele>
        <time>2026-08-12T22:35:07.000Z</time>
        <extensions>
          <ns3:TrackPointExtension>
            <ns3:atemp>33.0</ns3:atemp>
            <ns3:hr>155</ns3:hr>
            <ns3:cad>85</ns3:cad>
          </ns3:TrackPointExtension>
        </extensions>
      </trkpt>
      <trkpt lat="22.5521059334278106689453125" lon="114.0146070532500743865966796875">
        <ele>17.6000003814697265625</ele>
        <time>2026-08-12T22:35:08.000Z</time>
        <extensions>
          <ns3:TrackPointExtension>
            <ns3:atemp>33.0</ns3:atemp>
            <ns3:hr>155</ns3:hr>
            <ns3:cad>85</ns3:cad>
          </ns3:TrackPointExtension>
        </extensions>
      </trkpt>
      <trkpt lat="22.552123703062534332275390625" lon="114.01461032219231128692626953125">
        <ele>17.6000003814697265625</ele>
        <time>2026-08-12T22:35:09.000Z</time>
        <extensions>
          <ns3:TrackPointExtension>
            <ns3:atemp>33.0</ns3:atemp>
            <ns3:hr>155</ns3:hr>
            <ns3:cad>85</ns3:cad>
          </ns3:TrackPointExtension>
        </extensions>
      </trkpt>
      <trkpt lat="22.5521443225443363189697265625" lon="114.01461367495357990264892578125">
        <ele>17.6000003814697265625</ele>
        <time>2026-08-12T22:35:10.000Z</time>
        <extensions>
          <ns3:TrackPointExtension>
            <ns3:atemp>33.0</ns3:atemp>
            <ns3:hr>155</ns3:hr>
            <ns3:cad>85</ns3:cad>
          </ns3:TrackPointExtension>
        </extensions>
      </trkpt>
      <trkpt lat="22.55216963589191436767578125" lon="114.014617614448070526123046875">
        <ele>17.6000003814697265625</ele>
        <time>2026-08-12T22:35:11.000Z</time>
        <extensions>
          <ns3:TrackPointExtension>
            <ns3:atemp>33.0</ns3:atemp>
            <ns3:hr>154</ns3:hr>
            <ns3:cad>85</ns3:cad>
          </ns3:TrackPointExtension>
        </extensions>
      </trkpt>
      <trkpt lat="22.55218480713665485382080078125" lon="114.0146184526383876800537109375">
        <ele>17.6000003814697265625</ele>
        <time>2026-08-12T22:35:12.000Z</time>
        <extensions>
          <ns3:TrackPointExtension>
            <ns3:atemp>33.0</ns3:atemp>
            <ns3:hr>154</ns3:hr>
            <ns3:cad>85</ns3:cad>
          </ns3:TrackPointExtension>
        </extensions>
      </trkpt>
      <trkpt lat="22.55220693536102771759033203125" lon="114.01462021283805370330810546875">
        <ele>17.799999237060546875</ele>
        <time>2026-08-12T22:35:13.000Z</time>
        <extensions>
          <ns3:TrackPointExtension>
            <ns3:atemp>33.0</ns3:atemp>
            <ns3:hr>154</ns3:hr>
            <ns3:cad>85</ns3:cad>
          </ns3:TrackPointExtension>
        </extensions>
      </trkpt>
      <trkpt lat="22.552226297557353973388671875" lon="114.0146174468100070953369140625">
        <ele>17.799999237060546875</ele>
        <time>2026-08-12T22:35:14.000Z</time>
        <extensions>
          <ns3:TrackPointExtension>
            <ns3:atemp>33.0</ns3:atemp>
            <ns3:hr>154</ns3:hr>
            <ns3:cad>84</ns3:cad>
          </ns3:TrackPointExtension>
        </extensions>
      </trkpt>
      <trkpt lat="22.55224876105785369873046875" lon="114.01461887173354625701904296875">
        <ele>17.799999237060546875</ele>
        <time>2026-08-12T22:35:15.000Z</time>
        <extensions>
          <ns3:TrackPointExtension>
            <ns3:atemp>33.0</ns3:atemp>
            <ns3:hr>154</ns3:hr>
            <ns3:cad>84</ns3:cad>
          </ns3:TrackPointExtension>
        </extensions>
      </trkpt>
      <trkpt lat="22.55227432586252689361572265625" lon="114.0146228112280368804931640625">
        <ele>17.799999237060546875</ele>
        <time>2026-08-12T22:35:16.000Z</time>
        <extensions>
          <ns3:TrackPointExtension>
            <ns3:atemp>33.0</ns3:atemp>
            <ns3:hr>153</ns3:hr>
            <ns3:cad>84</ns3:cad>
          </ns3:TrackPointExtension>
        </extensions>
      </trkpt>
      <trkpt lat="22.5522908382117748260498046875" lon="114.01461820118129253387451171875">
        <ele>17.799999237060546875</ele>
        <time>2026-08-12T22:35:17.000Z</time>
        <extensions>
          <ns3:TrackPointExtension>
            <ns3:atemp>33.0</ns3:atemp>
            <ns3:hr>153</ns3:hr>
            <ns3:cad>85</ns3:cad>
          </ns3:TrackPointExtension>
        </extensions>
      </trkpt>
      <trkpt lat="22.55231556482613086700439453125" lon="114.0146201290190219879150390625">
        <ele>17.799999237060546875</ele>
        <time>2026-08-12T22:35:18.000Z</time>
        <extensions>
          <ns3:TrackPointExtension>
            <ns3:atemp>33.0</ns3:atemp>
            <ns3:hr>153</ns3:hr>
            <ns3:cad>85</ns3:cad>
          </ns3:TrackPointExtension>
        </extensions>
      </trkpt>
      <trkpt lat="22.55233199335634708404541015625" lon="114.0146201290190219879150390625">
        <ele>17.799999237060546875</ele>
        <time>2026-08-12T22:35:19.000Z</time>
        <extensions>
          <ns3:TrackPointExtension>
            <ns3:atemp>33.0</ns3:atemp>
            <ns3:hr>153</ns3:hr>
            <ns3:cad>85</ns3:cad>
          </ns3:TrackPointExtension>
        </extensions>
      </trkpt>
      <trkpt lat="22.55235797725617885589599609375" lon="114.01462356559932231903076171875">
        <ele>17.799999237060546875</ele>
        <time>2026-08-12T22:35:20.000Z</time>
        <extensions>
          <ns3:TrackPointExtension>
            <ns3:atemp>33.0</ns3:atemp>
            <ns3:hr>153</ns3:hr>
            <ns3:cad>85</ns3:cad>
          </ns3:TrackPointExtension>
        </extensions>
      </trkpt>
      <trkpt lat="22.5523766689002513885498046875" lon="114.01462398469448089599609375">
        <ele>17.799999237060546875</ele>
        <time>2026-08-12T22:35:21.000Z</time>
        <extensions>
          <ns3:TrackPointExtension>
            <ns3:atemp>33.0</ns3:atemp>
            <ns3:hr>153</ns3:hr>
            <ns3:cad>85</ns3:cad>
          </ns3:TrackPointExtension>
        </extensions>
      </trkpt>
      <trkpt lat="22.55240072496235370635986328125" lon="114.0146211348474025726318359375">
        <ele>18</ele>
        <time>2026-08-12T22:35:22.000Z</time>
        <extensions>
          <ns3:TrackPointExtension>
            <ns3:atemp>33.0</ns3:atemp>
            <ns3:hr>153</ns3:hr>
            <ns3:cad>85</ns3:cad>
          </ns3:TrackPointExtension>
        </extensions>
      </trkpt>
      <trkpt lat="22.55241832695901393890380859375" lon="114.01461862027645111083984375">
        <ele>18</ele>
        <time>2026-08-12T22:35:23.000Z</time>
        <extensions>
          <ns3:TrackPointExtension>
            <ns3:atemp>33.0</ns3:atemp>
            <ns3:hr>154</ns3:hr>
            <ns3:cad>85</ns3:cad>
          </ns3:TrackPointExtension>
        </extensions>
      </trkpt>
      <trkpt lat="22.55243844352662563323974609375" lon="114.0146150998771190643310546875">
        <ele>18</ele>
        <time>2026-08-12T22:35:24.000Z</time>
        <extensions>
          <ns3:TrackPointExtension>
            <ns3:atemp>33.0</ns3:atemp>
            <ns3:hr>153</ns3:hr>
            <ns3:cad>86</ns3:cad>
          </ns3:TrackPointExtension>
        </extensions>
      </trkpt>
      <trkpt lat="22.5524584762752056121826171875" lon="114.014610908925533294677734375">
        <ele>18</ele>
        <time>2026-08-12T22:35:25.000Z</time>
        <extensions>
          <ns3:TrackPointExtension>
            <ns3:atemp>33.0</ns3:atemp>
            <ns3:hr>153</ns3:hr>
            <ns3:cad>86</ns3:cad>
          </ns3:TrackPointExtension>
        </extensions>
      </trkpt>
      <trkpt lat="22.55247515626251697540283203125" lon="114.01460277847945690155029296875">
        <ele>18.200000762939453125</ele>
        <time>2026-08-12T22:35:26.000Z</time>
        <extensions>
          <ns3:TrackPointExtension>
            <ns3:atemp>33.0</ns3:atemp>
            <ns3:hr>153</ns3:hr>
            <ns3:cad>87</ns3:cad>
          </ns3:TrackPointExtension>
        </extensions>
      </trkpt>
      <trkpt lat="22.552491836249828338623046875" lon="114.0145943127572536468505859375">
        <ele>18.3999996185302734375</ele>
        <time>2026-08-12T22:35:27.000Z</time>
        <extensions>
          <ns3:TrackPointExtension>
            <ns3:atemp>33.0</ns3:atemp>
            <ns3:hr>153</ns3:hr>
            <ns3:cad>87</ns3:cad>
          </ns3:TrackPointExtension>
        </extensions>
      </trkpt>
      <trkpt lat="22.55250667221844196319580078125" lon="114.01458551175892353057861328125">
        <ele>18.6000003814697265625</ele>
        <time>2026-08-12T22:35:28.000Z</time>
        <extensions>
          <ns3:TrackPointExtension>
            <ns3:atemp>33.0</ns3:atemp>
            <ns3:hr>153</ns3:hr>
            <ns3:cad>87</ns3:cad>
          </ns3:TrackPointExtension>
        </extensions>
      </trkpt>
      <trkpt lat="22.55252444185316562652587890625" lon="114.0145728550851345062255859375">
        <ele>18.3999996185302734375</ele>
        <time>2026-08-12T22:35:29.000Z</time>
        <extensions>
          <ns3:TrackPointExtension>
            <ns3:atemp>33.0</ns3:atemp>
            <ns3:hr>154</ns3:hr>
            <ns3:cad>87</ns3:cad>
          </ns3:TrackPointExtension>
        </extensions>
      </trkpt>
      <trkpt lat="22.55254271440207958221435546875" lon="114.01456120423972606658935546875">
        <ele>18.3999996185302734375</ele>
        <time>2026-08-12T22:35:30.000Z</time>
        <extensions>
          <ns3:TrackPointExtension>
            <ns3:atemp>33.0</ns3:atemp>
            <ns3:hr>154</ns3:hr>
            <ns3:cad>86</ns3:cad>
          </ns3:TrackPointExtension>
        </extensions>
      </trkpt>
      <trkpt lat="22.55256392061710357666015625" lon="114.0145517326891422271728515625">
        <ele>18.200000762939453125</ele>
        <time>2026-08-12T22:35:31.000Z</time>
        <extensions>
          <ns3:TrackPointExtension>
            <ns3:atemp>33.0</ns3:atemp>
            <ns3:hr>154</ns3:hr>
            <ns3:cad>86</ns3:cad>
          </ns3:TrackPointExtension>
        </extensions>
      </trkpt>
      <trkpt lat="22.5525842048227787017822265625" lon="114.01454092003405094146728515625">
        <ele>18.200000762939453125</ele>
        <time>2026-08-12T22:35:32.000Z</time>
        <extensions>
          <ns3:TrackPointExtension>
            <ns3:atemp>33.0</ns3:atemp>
            <ns3:hr>154</ns3:hr>
            <ns3:cad>86</ns3:cad>
          </ns3:TrackPointExtension>
        </extensions>
      </trkpt>
      <trkpt lat="22.552596442401409149169921875" lon="114.0145282633602619171142578125">
        <ele>18</ele>
        <time>2026-08-12T22:35:33.000Z</time>
        <extensions>
          <ns3:TrackPointExtension>
            <ns3:atemp>33.0</ns3:atemp>
            <ns3:hr>154</ns3:hr>
            <ns3:cad>86</ns3:cad>
          </ns3:TrackPointExtension>
        </extensions>
      </trkpt>
      <trkpt lat="22.5526120327413082122802734375" lon="114.0145128406584262847900390625">
        <ele>18</ele>
        <time>2026-08-12T22:35:34.000Z</time>
        <extensions>
          <ns3:TrackPointExtension>
            <ns3:atemp>33.0</ns3:atemp>
            <ns3:hr>154</ns3:hr>
            <ns3:cad>86</ns3:cad>
          </ns3:TrackPointExtension>
        </extensions>
      </trkpt>
      <trkpt lat="22.55262385122478008270263671875" lon="114.01450286619365215301513671875">
        <ele>18</ele>
        <time>2026-08-12T22:35:35.000Z</time>
        <extensions>
          <ns3:TrackPointExtension>
            <ns3:atemp>33.0</ns3:atemp>
            <ns3:hr>153</ns3:hr>
            <ns3:cad>85</ns3:cad>
          </ns3:TrackPointExtension>
        </extensions>
      </trkpt>
      <trkpt lat="22.55264103412628173828125" lon="114.0144893713295459747314453125">
        <ele>18</ele>
        <time>2026-08-12T22:35:36.000Z</time>
        <extensions>
          <ns3:TrackPointExtension>
            <ns3:atemp>33.0</ns3:atemp>
            <ns3:hr>153</ns3:hr>
            <ns3:cad>85</ns3:cad>
          </ns3:TrackPointExtension>
        </extensions>
      </trkpt>
      <trkpt lat="22.55265117622911930084228515625" lon="114.0144783072173595428466796875">
        <ele>18</ele>
        <time>2026-08-12T22:35:37.000Z</time>
        <extensions>
          <ns3:TrackPointExtension>
            <ns3:atemp>33.0</ns3:atemp>
            <ns3:hr>153</ns3:hr>
            <ns3:cad>86</ns3:cad>
          </ns3:TrackPointExtension>
        </extensions>
      </trkpt>
      <trkpt lat="22.55266693420708179473876953125" lon="114.0144659020006656646728515625">
        <ele>18</ele>
        <time>2026-08-12T22:35:38.000Z</time>
        <extensions>
          <ns3:TrackPointExtension>
            <ns3:atemp>33.0</ns3:atemp>
            <ns3:hr>153</ns3:hr>
            <ns3:cad>86</ns3:cad>
          </ns3:TrackPointExtension>
        </extensions>
      </trkpt>
      <trkpt lat="22.55268436856567859649658203125" lon="114.01445592753589153289794921875">
        <ele>18</ele>
        <time>2026-08-12T22:35:39.000Z</time>
        <extensions>
          <ns3:TrackPointExtension>
            <ns3:atemp>33.0</ns3:atemp>
            <ns3:hr>153</ns3:hr>
            <ns3:cad>86</ns3:cad>
          </ns3:TrackPointExtension>
        </extensions>
      </trkpt>
      <trkpt lat="22.55269945599138736724853515625" lon="114.0144404210150241851806640625">
        <ele>18.200000762939453125</ele>
        <time>2026-08-12T22:35:40.000Z</time>
        <extensions>
          <ns3:TrackPointExtension>
            <ns3:atemp>33.0</ns3:atemp>
            <ns3:hr>153</ns3:hr>
            <ns3:cad>86</ns3:cad>
          </ns3:TrackPointExtension>
        </extensions>
      </trkpt>
      <trkpt lat="22.55271387286484241485595703125" lon="114.0144263394176959991455078125">
        <ele>18.200000762939453125</ele>
        <time>2026-08-12T22:35:41.000Z</time>
        <extensions>
          <ns3:TrackPointExtension>
            <ns3:atemp>33.0</ns3:atemp>
            <ns3:hr>153</ns3:hr>
            <ns3:cad>86</ns3:cad>
          </ns3:TrackPointExtension>
        </extensions>
      </trkpt>
      <trkpt lat="22.5527263619005680084228515625" lon="114.01440940797328948974609375">
        <ele>18.200000762939453125</ele>
        <time>2026-08-12T22:35:42.000Z</time>
        <extensions>
          <ns3:TrackPointExtension>
            <ns3:atemp>33.0</ns3:atemp>
            <ns3:hr>153</ns3:hr>
            <ns3:cad>86</ns3:cad>
          </ns3:TrackPointExtension>
        </extensions>
      </trkpt>
      <trkpt lat="22.55273700691759586334228515625" lon="114.01439121924340724945068359375">
        <ele>18.200000762939453125</ele>
        <time>2026-08-12T22:35:43.000Z</time>
        <extensions>
          <ns3:TrackPointExtension>
            <ns3:atemp>33.0</ns3:atemp>
            <ns3:hr>153</ns3:hr>
            <ns3:cad>88</ns3:cad>
          </ns3:TrackPointExtension>
        </extensions>
      </trkpt>
      <trkpt lat="22.55275033414363861083984375" lon="114.01437747292220592498779296875">
        <ele>18.200000762939453125</ele>
        <time>2026-08-12T22:35:44.000Z</time>
        <extensions>
          <ns3:TrackPointExtension>
            <ns3:atemp>33.0</ns3:atemp>
            <ns3:hr>153</ns3:hr>
            <ns3:cad>87</ns3:cad>
          </ns3:TrackPointExtension>
        </extensions>
      </trkpt>
      <trkpt lat="22.55276785232126712799072265625" lon="114.01435852982103824615478515625">
        <ele>18.200000762939453125</ele>
        <time>2026-08-12T22:35:45.000Z</time>
        <extensions>
          <ns3:TrackPointExtension>
            <ns3:atemp>33.0</ns3:atemp>
            <ns3:hr>154</ns3:hr>
            <ns3:cad>88</ns3:cad>
          </ns3:TrackPointExtension>
        </extensions>
      </trkpt>
      <trkpt lat="22.55277841351926326751708984375" lon="114.01434076018631458282470703125">
        <ele>18</ele>
        <time>2026-08-12T22:35:46.000Z</time>
        <extensions>
          <ns3:TrackPointExtension>
            <ns3:atemp>33.0</ns3:atemp>
            <ns3:hr>153</ns3:hr>
            <ns3:cad>87</ns3:cad>
          </ns3:TrackPointExtension>
        </extensions>
      </trkpt>
      <trkpt lat="22.55279727280139923095703125" lon="114.01431963779032230377197265625">
        <ele>18</ele>
        <time>2026-08-12T22:35:47.000Z</time>
        <extensions>
          <ns3:TrackPointExtension>
            <ns3:atemp>33.0</ns3:atemp>
            <ns3:hr>154</ns3:hr>
            <ns3:cad>88</ns3:cad>
          </ns3:TrackPointExtension>
        </extensions>
      </trkpt>
      <trkpt lat="22.55281009711325168609619140625" lon="114.0143012814223766326904296875">
        <ele>18</ele>
        <time>2026-08-12T22:35:48.000Z</time>
        <extensions>
          <ns3:TrackPointExtension>
            <ns3:atemp>33.0</ns3:atemp>
            <ns3:hr>154</ns3:hr>
            <ns3:cad>87</ns3:cad>
          </ns3:TrackPointExtension>
        </extensions>
      </trkpt>
      <trkpt lat="22.5528239272534847259521484375" lon="114.01428476907312870025634765625">
        <ele>18</ele>
        <time>2026-08-12T22:35:49.000Z</time>
        <extensions>
          <ns3:TrackPointExtension>
            <ns3:atemp>33.0</ns3:atemp>
            <ns3:hr>155</ns3:hr>
            <ns3:cad>87</ns3:cad>
          </ns3:TrackPointExtension>
        </extensions>
      </trkpt>
      <trkpt lat="22.55283750593662261962890625" lon="114.01426917873322963714599609375">
        <ele>18</ele>
        <time>2026-08-12T22:35:50.000Z</time>
        <extensions>
          <ns3:TrackPointExtension>
            <ns3:atemp>33.0</ns3:atemp>
            <ns3:hr>155</ns3:hr>
            <ns3:cad>87</ns3:cad>
          </ns3:TrackPointExtension>
        </extensions>
      </trkpt>
      <trkpt lat="22.55285049788653850555419921875" lon="114.01425383985042572021484375">
        <ele>18</ele>
        <time>2026-08-12T22:35:51.000Z</time>
        <extensions>
          <ns3:TrackPointExtension>
            <ns3:atemp>33.0</ns3:atemp>
            <ns3:hr>155</ns3:hr>
            <ns3:cad>87</ns3:cad>
          </ns3:TrackPointExtension>
        </extensions>
      </trkpt>
      <trkpt lat="22.5528708659112453460693359375" lon="114.014236070215702056884765625">
        <ele>18</ele>
        <time>2026-08-12T22:35:52.000Z</time>
        <extensions>
          <ns3:TrackPointExtension>
            <ns3:atemp>33.0</ns3:atemp>
            <ns3:hr>155</ns3:hr>
            <ns3:cad>87</ns3:cad>
          </ns3:TrackPointExtension>
        </extensions>
      </trkpt>
      <trkpt lat="22.55288352258503437042236328125" lon="114.0142184682190418243408203125">
        <ele>18</ele>
        <time>2026-08-12T22:35:53.000Z</time>
        <extensions>
          <ns3:TrackPointExtension>
            <ns3:atemp>33.0</ns3:atemp>
            <ns3:hr>156</ns3:hr>
            <ns3:cad>86</ns3:cad>
          </ns3:TrackPointExtension>
        </extensions>
      </trkpt>
      <trkpt lat="22.5529023818671703338623046875" lon="114.014199860394001007080078125">
        <ele>18</ele>
        <time>2026-08-12T22:35:54.000Z</time>
        <extensions>
          <ns3:TrackPointExtension>
            <ns3:atemp>33.0</ns3:atemp>
            <ns3:hr>156</ns3:hr>
            <ns3:cad>86</ns3:cad>
          </ns3:TrackPointExtension>
        </extensions>
      </trkpt>
      <trkpt lat="22.55290967412292957305908203125" lon="114.01418418623507022857666015625">
        <ele>18.200000762939453125</ele>
        <time>2026-08-12T22:35:55.000Z</time>
        <extensions>
          <ns3:TrackPointExtension>
            <ns3:atemp>33.0</ns3:atemp>
            <ns3:hr>156</ns3:hr>
            <ns3:cad>86</ns3:cad>
          </ns3:TrackPointExtension>
        </extensions>
      </trkpt>
      <trkpt lat="22.5529211573302745819091796875" lon="114.0141624771058559417724609375">
        <ele>18.200000762939453125</ele>
        <time>2026-08-12T22:35:56.000Z</time>
        <extensions>
          <ns3:TrackPointExtension>
            <ns3:atemp>33.0</ns3:atemp>
            <ns3:hr>156</ns3:hr>
            <ns3:cad>86</ns3:cad>
          </ns3:TrackPointExtension>
        </extensions>
      </trkpt>
      <trkpt lat="22.5529374182224273681640625" lon="114.014144204556941986083984375">
        <ele>18.200000762939453125</ele>
        <time>2026-08-12T22:35:57.000Z</time>
        <extensions>
          <ns3:TrackPointExtension>
            <ns3:atemp>33.0</ns3:atemp>
            <ns3:hr>156</ns3:hr>
            <ns3:cad>86</ns3:cad>
          </ns3:TrackPointExtension>
        </extensions>
      </trkpt>
      <trkpt lat="22.55295225419104099273681640625" lon="114.01412500999867916107177734375">
        <ele>18.200000762939453125</ele>
        <time>2026-08-12T22:35:58.000Z</time>
        <extensions>
          <ns3:TrackPointExtension>
            <ns3:atemp>33.0</ns3:atemp>
            <ns3:hr>155</ns3:hr>
            <ns3:cad>86</ns3:cad>
          </ns3:TrackPointExtension>
        </extensions>
      </trkpt>
      <trkpt lat="22.552968598902225494384765625" lon="114.014104641973972320556640625">
        <ele>18.200000762939453125</ele>
        <time>2026-08-12T22:35:59.000Z</time>
        <extensions>
          <ns3:TrackPointExtension>
            <ns3:atemp>33.0</ns3:atemp>
            <ns3:hr>155</ns3:hr>
            <ns3:cad>86</ns3:cad>
          </ns3:TrackPointExtension>
        </extensions>
      </trkpt>
      <trkpt lat="22.55298125557601451873779296875" lon="114.01409014128148555755615234375">
        <ele>18.200000762939453125</ele>
        <time>2026-08-12T22:36:00.000Z</time>
        <extensions>
          <ns3:TrackPointExtension>
            <ns3:atemp>33.0</ns3:atemp>
            <ns3:hr>155</ns3:hr>
            <ns3:cad>86</ns3:cad>
          </ns3:TrackPointExtension>
        </extensions>
      </trkpt>
      <trkpt lat="22.55299039185047149658203125" lon="114.014070443809032440185546875">
        <ele>18.200000762939453125</ele>
        <time>2026-08-12T22:36:01.000Z</time>
        <extensions>
          <ns3:TrackPointExtension>
            <ns3:atemp>33.0</ns3:atemp>
            <ns3:hr>155</ns3:hr>
            <ns3:cad>86</ns3:cad>
          </ns3:TrackPointExtension>
        </extensions>
      </trkpt>
      <trkpt lat="22.553001455962657928466796875" lon="114.01405627839267253875732421875">
        <ele>18.200000762939453125</ele>
        <time>2026-08-12T22:36:02.000Z</time>
        <extensions>
          <ns3:TrackPointExtension>
            <ns3:atemp>33.0</ns3:atemp>
            <ns3:hr>155</ns3:hr>
            <ns3:cad>87</ns3:cad>
          </ns3:TrackPointExtension>
        </extensions>
      </trkpt>
      <trkpt lat="22.5530150346457958221435546875" lon="114.01404060423374176025390625">
        <ele>18.200000762939453125</ele>
        <time>2026-08-12T22:36:03.000Z</time>
        <extensions>
          <ns3:TrackPointExtension>
            <ns3:atemp>33.0</ns3:atemp>
            <ns3:hr>155</ns3:hr>
            <ns3:cad>87</ns3:cad>
          </ns3:TrackPointExtension>
        </extensions>
      </trkpt>
      <trkpt lat="22.55302534438669681549072265625" lon="114.01402316987514495849609375">
        <ele>18.200000762939453125</ele>
        <time>2026-08-12T22:36:04.000Z</time>
        <extensions>
          <ns3:TrackPointExtension>
            <ns3:atemp>33.0</ns3:atemp>
            <ns3:hr>155</ns3:hr>
            <ns3:cad>87</ns3:cad>
          </ns3:TrackPointExtension>
        </extensions>
      </trkpt>
      <trkpt lat="22.5530374981462955474853515625" lon="114.01400766335427761077880859375">
        <ele>18.3999996185302734375</ele>
        <time>2026-08-12T22:36:05.000Z</time>
        <extensions>
          <ns3:TrackPointExtension>
            <ns3:atemp>33.0</ns3:atemp>
            <ns3:hr>154</ns3:hr>
            <ns3:cad>86</ns3:cad>
          </ns3:TrackPointExtension>
        </extensions>
      </trkpt>
      <trkpt lat="22.5530492328107357025146484375" lon="114.01399307884275913238525390625">
        <ele>18.200000762939453125</ele>
        <time>2026-08-12T22:36:06.000Z</time>
        <extensions>
          <ns3:TrackPointExtension>
            <ns3:atemp>33.0</ns3:atemp>
            <ns3:hr>154</ns3:hr>
            <ns3:cad>86</ns3:cad>
          </ns3:TrackPointExtension>
        </extensions>
      </trkpt>
      <trkpt lat="22.5530562736093997955322265625" lon="114.013972543179988861083984375">
        <ele>18.200000762939453125</ele>
        <time>2026-08-12T22:36:07.000Z</time>
        <extensions>
          <ns3:TrackPointExtension>
            <ns3:atemp>33.0</ns3:atemp>
            <ns3:hr>154</ns3:hr>
            <ns3:cad>86</ns3:cad>
          </ns3:TrackPointExtension>
        </extensions>
      </trkpt>
      <trkpt lat="22.55306976847350597381591796875" lon="114.0139532648026943206787109375">
        <ele>18.3999996185302734375</ele>
        <time>2026-08-12T22:36:08.000Z</time>
        <extensions>
          <ns3:TrackPointExtension>
            <ns3:atemp>33.0</ns3:atemp>
            <ns3:hr>155</ns3:hr>
            <ns3:cad>86</ns3:cad>
          </ns3:TrackPointExtension>
        </extensions>
      </trkpt>
      <trkpt lat="22.55308158695697784423828125" lon="114.0139341540634632110595703125">
        <ele>18.200000762939453125</ele>
        <time>2026-08-12T22:36:09.000Z</time>
        <extensions>
          <ns3:TrackPointExtension>
            <ns3:atemp>33.0</ns3:atemp>
            <ns3:hr>154</ns3:hr>
            <ns3:cad>86</ns3:cad>
          </ns3:TrackPointExtension>
        </extensions>
      </trkpt>
      <trkpt lat="22.5530991889536380767822265625" lon="114.01391412131488323211669921875">
        <ele>18.200000762939453125</ele>
        <time>2026-08-12T22:36:10.000Z</time>
        <extensions>
          <ns3:TrackPointExtension>
            <ns3:atemp>33.0</ns3:atemp>
            <ns3:hr>154</ns3:hr>
            <ns3:cad>86</ns3:cad>
          </ns3:TrackPointExtension>
        </extensions>
      </trkpt>
      <trkpt lat="22.5531105883419513702392578125" lon="114.013896770775318145751953125">
        <ele>18.200000762939453125</ele>
        <time>2026-08-12T22:36:11.000Z</time>
        <extensions>
          <ns3:TrackPointExtension>
            <ns3:atemp>33.0</ns3:atemp>
            <ns3:hr>153</ns3:hr>
            <ns3:cad>86</ns3:cad>
          </ns3:TrackPointExtension>
        </extensions>
      </trkpt>
      <trkpt lat="22.55312961526215076446533203125" lon="114.0138811804354190826416015625">
        <ele>18.3999996185302734375</ele>
        <time>2026-08-12T22:36:12.000Z</time>
        <extensions>
          <ns3:TrackPointExtension>
            <ns3:atemp>33.0</ns3:atemp>
            <ns3:hr>154</ns3:hr>
            <ns3:cad>86</ns3:cad>
          </ns3:TrackPointExtension>
        </extensions>
      </trkpt>
      <trkpt lat="22.55314487032592296600341796875" lon="114.01386064477264881134033203125">
        <ele>18.3999996185302734375</ele>
        <time>2026-08-12T22:36:13.000Z</time>
        <extensions>
          <ns3:TrackPointExtension>
            <ns3:atemp>33.0</ns3:atemp>
            <ns3:hr>153</ns3:hr>
            <ns3:cad>86</ns3:cad>
          </ns3:TrackPointExtension>
        </extensions>
      </trkpt>
      <trkpt lat="22.55315995775163173675537109375" lon="114.013843126595020294189453125">
        <ele>18.3999996185302734375</ele>
        <time>2026-08-12T22:36:14.000Z</time>
        <extensions>
          <ns3:TrackPointExtension>
            <ns3:atemp>33.0</ns3:atemp>
            <ns3:hr>153</ns3:hr>
            <ns3:cad>86</ns3:cad>
          </ns3:TrackPointExtension>
        </extensions>
      </trkpt>
      <trkpt lat="22.55316968075931072235107421875" lon="114.0138268657028675079345703125">
        <ele>18.3999996185302734375</ele>
        <time>2026-08-12T22:36:15.000Z</time>
        <extensions>
          <ns3:TrackPointExtension>
            <ns3:atemp>33.0</ns3:atemp>
            <ns3:hr>153</ns3:hr>
            <ns3:cad>86</ns3:cad>
          </ns3:TrackPointExtension>
        </extensions>
      </trkpt>
      <trkpt lat="22.55318082869052886962890625" lon="114.0138084255158901214599609375">
        <ele>18.3999996185302734375</ele>
        <time>2026-08-12T22:36:16.000Z</time>
        <extensions>
          <ns3:TrackPointExtension>
            <ns3:atemp>33.0</ns3:atemp>
            <ns3:hr>153</ns3:hr>
            <ns3:cad>86</ns3:cad>
          </ns3:TrackPointExtension>
        </extensions>
      </trkpt>
      <trkpt lat="22.5532042980194091796875" lon="114.01379023678600788116455078125">
        <ele>18.3999996185302734375</ele>
        <time>2026-08-12T22:36:17.000Z</time>
        <extensions>
          <ns3:TrackPointExtension>
            <ns3:atemp>33.0</ns3:atemp>
            <ns3:hr>153</ns3:hr>
            <ns3:cad>86</ns3:cad>
          </ns3:TrackPointExtension>
        </extensions>
      </trkpt>
      <trkpt lat="22.5532131828367710113525390625" lon="114.013774394989013671875">
        <ele>18.3999996185302734375</ele>
        <time>2026-08-12T22:36:18.000Z</time>
        <extensions>
          <ns3:TrackPointExtension>
            <ns3:atemp>33.0</ns3:atemp>
            <ns3:hr>153</ns3:hr>
            <ns3:cad>86</ns3:cad>
          </ns3:TrackPointExtension>
        </extensions>
      </trkpt>
      <trkpt lat="22.5532316230237483978271484375" lon="114.01375494897365570068359375">
        <ele>18.3999996185302734375</ele>
        <time>2026-08-12T22:36:19.000Z</time>
        <extensions>
          <ns3:TrackPointExtension>
            <ns3:atemp>33.0</ns3:atemp>
            <ns3:hr>153</ns3:hr>
            <ns3:cad>86</ns3:cad>
          </ns3:TrackPointExtension>
        </extensions>
      </trkpt>
      <trkpt lat="22.55324042402207851409912109375" lon="114.01374044828116893768310546875">
        <ele>18.3999996185302734375</ele>
        <time>2026-08-12T22:36:20.000Z</time>
        <extensions>
          <ns3:TrackPointExtension>
            <ns3:atemp>33.0</ns3:atemp>
            <ns3:hr>153</ns3:hr>
            <ns3:cad>86</ns3:cad>
          </ns3:TrackPointExtension>
        </extensions>
      </trkpt>
      <trkpt lat="22.553250901401042938232421875" lon="114.0137220919132232666015625">
        <ele>18.6000003814697265625</ele>
        <time>2026-08-12T22:36:21.000Z</time>
        <extensions>
          <ns3:TrackPointExtension>
            <ns3:atemp>33.0</ns3:atemp>
            <ns3:hr>154</ns3:hr>
            <ns3:cad>87</ns3:cad>
          </ns3:TrackPointExtension>
        </extensions>
      </trkpt>
      <trkpt lat="22.553268335759639739990234375" lon="114.0137061662971973419189453125">
        <ele>18.6000003814697265625</ele>
        <time>2026-08-12T22:36:22.000Z</time>
        <extensions>
          <ns3:TrackPointExtension>
            <ns3:atemp>33.0</ns3:atemp>
            <ns3:hr>153</ns3:hr>
            <ns3:cad>86</ns3:cad>
          </ns3:TrackPointExtension>
        </extensions>
      </trkpt>
      <trkpt lat="22.5532782264053821563720703125" lon="114.01369032450020313262939453125">
        <ele>18.6000003814697265625</ele>
        <time>2026-08-12T22:36:23.000Z</time>
        <extensions>
          <ns3:TrackPointExtension>
            <ns3:atemp>33.0</ns3:atemp>
            <ns3:hr>153</ns3:hr>
            <ns3:cad>86</ns3:cad>
          </ns3:TrackPointExtension>
        </extensions>
      </trkpt>
      <trkpt lat="22.55329960025846958160400390625" lon="114.01367356069386005401611328125">
        <ele>18.6000003814697265625</ele>
        <time>2026-08-12T22:36:24.000Z</time>
        <extensions>
          <ns3:TrackPointExtension>
            <ns3:atemp>33.0</ns3:atemp>
            <ns3:hr>153</ns3:hr>
            <ns3:cad>86</ns3:cad>
          </ns3:TrackPointExtension>
        </extensions>
      </trkpt>
      <trkpt lat="22.55331066437065601348876953125" lon="114.01365729980170726776123046875">
        <ele>18.3999996185302734375</ele>
        <time>2026-08-12T22:36:25.000Z</time>
        <extensions>
          <ns3:TrackPointExtension>
            <ns3:atemp>33.0</ns3:atemp>
            <ns3:hr>154</ns3:hr>
            <ns3:cad>86</ns3:cad>
          </ns3:TrackPointExtension>
        </extensions>
      </trkpt>
      <trkpt lat="22.55332524888217449188232421875" lon="114.01363248936831951141357421875">
        <ele>18.3999996185302734375</ele>
        <time>2026-08-12T22:36:26.000Z</time>
        <extensions>
          <ns3:TrackPointExtension>
            <ns3:atemp>33.0</ns3:atemp>
            <ns3:hr>154</ns3:hr>
            <ns3:cad>86</ns3:cad>
          </ns3:TrackPointExtension>
        </extensions>
      </trkpt>
      <trkpt lat="22.55333933047950267791748046875" lon="114.0136169828474521636962890625">
        <ele>18.3999996185302734375</ele>
        <time>2026-08-12T22:36:27.000Z</time>
        <extensions>
          <ns3:TrackPointExtension>
            <ns3:atemp>33.0</ns3:atemp>
            <ns3:hr>154</ns3:hr>
            <ns3:cad>86</ns3:cad>
          </ns3:TrackPointExtension>
        </extensions>
      </trkpt>
      <trkpt lat="22.55335383117198944091796875" lon="114.01359979994595050811767578125">
        <ele>18.6000003814697265625</ele>
        <time>2026-08-12T22:36:28.000Z</time>
        <extensions>
          <ns3:TrackPointExtension>
            <ns3:atemp>33.0</ns3:atemp>
            <ns3:hr>154</ns3:hr>
            <ns3:cad>86</ns3:cad>
          </ns3:TrackPointExtension>
        </extensions>
      </trkpt>
      <trkpt lat="22.5533657334744930267333984375" lon="114.0135824494063854217529296875">
        <ele>18.6000003814697265625</ele>
        <time>2026-08-12T22:36:29.000Z</time>
        <extensions>
          <ns3:TrackPointExtension>
            <ns3:atemp>33.0</ns3:atemp>
            <ns3:hr>154</ns3:hr>
            <ns3:cad>86</ns3:cad>
          </ns3:TrackPointExtension>
        </extensions>
      </trkpt>
      <trkpt lat="22.5533821620047092437744140625" lon="114.0135623328387737274169921875">
        <ele>18.6000003814697265625</ele>
        <time>2026-08-12T22:36:30.000Z</time>
        <extensions>
          <ns3:TrackPointExtension>
            <ns3:atemp>33.0</ns3:atemp>
            <ns3:hr>155</ns3:hr>
            <ns3:cad>85</ns3:cad>
          </ns3:TrackPointExtension>
        </extensions>
      </trkpt>
      <trkpt lat="22.55339750088751316070556640625" lon="114.0135412104427814483642578125">
        <ele>18.6000003814697265625</ele>
        <time>2026-08-12T22:36:31.000Z</time>
        <extensions>
          <ns3:TrackPointExtension>
            <ns3:atemp>33.0</ns3:atemp>
            <ns3:hr>154</ns3:hr>
            <ns3:cad>85</ns3:cad>
          </ns3:TrackPointExtension>
        </extensions>
      </trkpt>
      <trkpt lat="22.55341141484677791595458984375" lon="114.01352293789386749267578125">
        <ele>18.799999237060546875</ele>
        <time>2026-08-12T22:36:32.000Z</time>
        <extensions>
          <ns3:TrackPointExtension>
            <ns3:atemp>33.0</ns3:atemp>
            <ns3:hr>155</ns3:hr>
            <ns3:cad>86</ns3:cad>
          </ns3:TrackPointExtension>
        </extensions>
      </trkpt>
      <trkpt lat="22.5534280948340892791748046875" lon="114.01350022293627262115478515625">
        <ele>18.799999237060546875</ele>
        <time>2026-08-12T22:36:33.000Z</time>
        <extensions>
          <ns3:TrackPointExtension>
            <ns3:atemp>33.0</ns3:atemp>
            <ns3:hr>155</ns3:hr>
            <ns3:cad>86</ns3:cad>
          </ns3:TrackPointExtension>
        </extensions>
      </trkpt>
      <trkpt lat="22.55343991331756114959716796875" lon="114.0134848840534687042236328125">
        <ele>18.799999237060546875</ele>
        <time>2026-08-12T22:36:34.000Z</time>
        <extensions>
          <ns3:TrackPointExtension>
            <ns3:atemp>33.0</ns3:atemp>
            <ns3:hr>155</ns3:hr>
            <ns3:cad>86</ns3:cad>
          </ns3:TrackPointExtension>
        </extensions>
      </trkpt>
      <trkpt lat="22.55345935933291912078857421875" lon="114.01346401311457157135009765625">
        <ele>18.799999237060546875</ele>
        <time>2026-08-12T22:36:35.000Z</time>
        <extensions>
          <ns3:TrackPointExtension>
            <ns3:atemp>33.0</ns3:atemp>
            <ns3:hr>155</ns3:hr>
            <ns3:cad>86</ns3:cad>
          </ns3:TrackPointExtension>
        </extensions>
      </trkpt>
      <trkpt lat="22.553470171988010406494140625" lon="114.0134490095078945159912109375">
        <ele>18.799999237060546875</ele>
        <time>2026-08-12T22:36:36.000Z</time>
        <extensions>
          <ns3:TrackPointExtension>
            <ns3:atemp>33.0</ns3:atemp>
            <ns3:hr>155</ns3:hr>
            <ns3:cad>86</ns3:cad>
          </ns3:TrackPointExtension>
        </extensions>
      </trkpt>
      <trkpt lat="22.55348115228116512298583984375" lon="114.0134285576641559600830078125">
        <ele>18.799999237060546875</ele>
        <time>2026-08-12T22:36:37.000Z</time>
        <extensions>
          <ns3:TrackPointExtension>
            <ns3:atemp>33.0</ns3:atemp>
            <ns3:hr>156</ns3:hr>
            <ns3:cad>86</ns3:cad>
          </ns3:TrackPointExtension>
        </extensions>
      </trkpt>
      <trkpt lat="22.55349540151655673980712890625" lon="114.0134070999920368194580078125">
        <ele>18.799999237060546875</ele>
        <time>2026-08-12T22:36:38.000Z</time>
        <extensions>
          <ns3:TrackPointExtension>
            <ns3:atemp>33.0</ns3:atemp>
            <ns3:hr>156</ns3:hr>
            <ns3:cad>86</ns3:cad>
          </ns3:TrackPointExtension>
        </extensions>
      </trkpt>
      <trkpt lat="22.553508393466472625732421875" lon="114.01338974945247173309326171875">
        <ele>18.799999237060546875</ele>
        <time>2026-08-12T22:36:39.000Z</time>
        <extensions>
          <ns3:TrackPointExtension>
            <ns3:atemp>33.0</ns3:atemp>
            <ns3:hr>156</ns3:hr>
            <ns3:cad>86</ns3:cad>
          </ns3:TrackPointExtension>
        </extensions>
      </trkpt>
      <trkpt lat="22.5535261631011962890625" lon="114.01336963288486003875732421875">
        <ele>19</ele>
        <time>2026-08-12T22:36:40.000Z</time>
        <extensions>
          <ns3:TrackPointExtension>
            <ns3:atemp>33.0</ns3:atemp>
            <ns3:hr>156</ns3:hr>
            <ns3:cad>86</ns3:cad>
          </ns3:TrackPointExtension>
        </extensions>
      </trkpt>
      <trkpt lat="22.55353982560336589813232421875" lon="114.0133507736027240753173828125">
        <ele>18.799999237060546875</ele>
        <time>2026-08-12T22:36:41.000Z</time>
        <extensions>
          <ns3:TrackPointExtension>
            <ns3:atemp>33.0</ns3:atemp>
            <ns3:hr>156</ns3:hr>
            <ns3:cad>86</ns3:cad>
          </ns3:TrackPointExtension>
        </extensions>
      </trkpt>
      <trkpt lat="22.55356036126613616943359375" lon="114.01333074085414409637451171875">
        <ele>18.799999237060546875</ele>
        <time>2026-08-12T22:36:42.000Z</time>
        <extensions>
          <ns3:TrackPointExtension>
            <ns3:atemp>33.0</ns3:atemp>
            <ns3:hr>156</ns3:hr>
            <ns3:cad>86</ns3:cad>
          </ns3:TrackPointExtension>
        </extensions>
      </trkpt>
      <trkpt lat="22.55357335321605205535888671875" lon="114.01331447996199131011962890625">
        <ele>18.799999237060546875</ele>
        <time>2026-08-12T22:36:43.000Z</time>
        <extensions>
          <ns3:TrackPointExtension>
            <ns3:atemp>33.0</ns3:atemp>
            <ns3:hr>156</ns3:hr>
            <ns3:cad>86</ns3:cad>
          </ns3:TrackPointExtension>
        </extensions>
      </trkpt>
      <trkpt lat="22.55358852446079254150390625" lon="114.01329620741307735443115234375">
        <ele>18.799999237060546875</ele>
        <time>2026-08-12T22:36:44.000Z</time>
        <extensions>
          <ns3:TrackPointExtension>
            <ns3:atemp>33.0</ns3:atemp>
            <ns3:hr>157</ns3:hr>
            <ns3:cad>85</ns3:cad>
          </ns3:TrackPointExtension>
        </extensions>
      </trkpt>
      <trkpt lat="22.55360470153391361236572265625" lon="114.01327759958803653717041015625">
        <ele>18.799999237060546875</ele>
        <time>2026-08-12T22:36:45.000Z</time>
        <extensions>
          <ns3:TrackPointExtension>
            <ns3:atemp>33.0</ns3:atemp>
            <ns3:hr>157</ns3:hr>
            <ns3:cad>85</ns3:cad>
          </ns3:TrackPointExtension>
        </extensions>
      </trkpt>
      <trkpt lat="22.55361534655094146728515625" lon="114.01326267980039119720458984375">
        <ele>19</ele>
        <time>2026-08-12T22:36:46.000Z</time>
        <extensions>
          <ns3:TrackPointExtension>
            <ns3:atemp>33.0</ns3:atemp>
            <ns3:hr>157</ns3:hr>
            <ns3:cad>86</ns3:cad>
          </ns3:TrackPointExtension>
        </extensions>
      </trkpt>
      <trkpt lat="22.5536309368908405303955078125" lon="114.01324138976633548736572265625">
        <ele>19</ele>
        <time>2026-08-12T22:36:47.000Z</time>
        <extensions>
          <ns3:TrackPointExtension>
            <ns3:atemp>33.0</ns3:atemp>
            <ns3:hr>157</ns3:hr>
            <ns3:cad>86</ns3:cad>
          </ns3:TrackPointExtension>
        </extensions>
      </trkpt>
      <trkpt lat="22.5536373071372509002685546875" lon="114.01322915218770503997802734375">
        <ele>19</ele>
        <time>2026-08-12T22:36:48.000Z</time>
        <extensions>
          <ns3:TrackPointExtension>
            <ns3:atemp>33.0</ns3:atemp>
            <ns3:hr>157</ns3:hr>
            <ns3:cad>86</ns3:cad>
          </ns3:TrackPointExtension>
        </extensions>
      </trkpt>
      <trkpt lat="22.553649879992008209228515625" lon="114.01320668868720531463623046875">
        <ele>19</ele>
        <time>2026-08-12T22:36:49.000Z</time>
        <extensions>
          <ns3:TrackPointExtension>
            <ns3:atemp>33.0</ns3:atemp>
            <ns3:hr>156</ns3:hr>
            <ns3:cad>86</ns3:cad>
          </ns3:TrackPointExtension>
        </extensions>
      </trkpt>
      <trkpt lat="22.55366186611354351043701171875" lon="114.0131905116140842437744140625">
        <ele>19</ele>
        <time>2026-08-12T22:36:50.000Z</time>
        <extensions>
          <ns3:TrackPointExtension>
            <ns3:atemp>33.0</ns3:atemp>
            <ns3:hr>156</ns3:hr>
            <ns3:cad>86</ns3:cad>
          </ns3:TrackPointExtension>
        </extensions>
      </trkpt>
      <trkpt lat="22.55367477424442768096923828125" lon="114.01316829957067966461181640625">
        <ele>19</ele>
        <time>2026-08-12T22:36:51.000Z</time>
        <extensions>
          <ns3:TrackPointExtension>
            <ns3:atemp>33.0</ns3:atemp>
            <ns3:hr>156</ns3:hr>
            <ns3:cad>85</ns3:cad>
          </ns3:TrackPointExtension>
        </extensions>
      </trkpt>
      <trkpt lat="22.5536932982504367828369140625" lon="114.0131412260234355926513671875">
        <ele>19</ele>
        <time>2026-08-12T22:36:52.000Z</time>
        <extensions>
          <ns3:TrackPointExtension>
            <ns3:atemp>33.0</ns3:atemp>
            <ns3:hr>156</ns3:hr>
            <ns3:cad>85</ns3:cad>
          </ns3:TrackPointExtension>
        </extensions>
      </trkpt>
      <trkpt lat="22.55370520055294036865234375" lon="114.01312236674129962921142578125">
        <ele>19</ele>
        <time>2026-08-12T22:36:53.000Z</time>
        <extensions>
          <ns3:TrackPointExtension>
            <ns3:atemp>33.0</ns3:atemp>
            <ns3:hr>156</ns3:hr>
            <ns3:cad>86</ns3:cad>
          </ns3:TrackPointExtension>
        </extensions>
      </trkpt>
      <trkpt lat="22.553725652396678924560546875" lon="114.0130979754030704498291015625">
        <ele>19.200000762939453125</ele>
        <time>2026-08-12T22:36:54.000Z</time>
        <extensions>
          <ns3:TrackPointExtension>
            <ns3:atemp>33.0</ns3:atemp>
            <ns3:hr>156</ns3:hr>
            <ns3:cad>86</ns3:cad>
          </ns3:TrackPointExtension>
        </extensions>
      </trkpt>
      <trkpt lat="22.55373780615627765655517578125" lon="114.01308230124413967132568359375">
        <ele>19.200000762939453125</ele>
        <time>2026-08-12T22:36:55.000Z</time>
        <extensions>
          <ns3:TrackPointExtension>
            <ns3:atemp>33.0</ns3:atemp>
            <ns3:hr>157</ns3:hr>
            <ns3:cad>86</ns3:cad>
          </ns3:TrackPointExtension>
        </extensions>
      </trkpt>
      <trkpt lat="22.55374811589717864990234375" lon="114.0130624361336231231689453125">
        <ele>19.200000762939453125</ele>
        <time>2026-08-12T22:36:56.000Z</time>
        <extensions>
          <ns3:TrackPointExtension>
            <ns3:atemp>33.0</ns3:atemp>
            <ns3:hr>156</ns3:hr>
            <ns3:cad>86</ns3:cad>
          </ns3:TrackPointExtension>
        </extensions>
      </trkpt>
      <trkpt lat="22.5537576712667942047119140625" lon="114.01304676197469234466552734375">
        <ele>19.200000762939453125</ele>
        <time>2026-08-12T22:36:57.000Z</time>
        <extensions>
          <ns3:TrackPointExtension>
            <ns3:atemp>33.0</ns3:atemp>
            <ns3:hr>156</ns3:hr>
            <ns3:cad>86</ns3:cad>
          </ns3:TrackPointExtension>
        </extensions>
      </trkpt>
      <trkpt lat="22.55376555025577545166015625" lon="114.0130255557596683502197265625">
        <ele>19.200000762939453125</ele>
        <time>2026-08-12T22:36:58.000Z</time>
        <extensions>
          <ns3:TrackPointExtension>
            <ns3:atemp>33.0</ns3:atemp>
            <ns3:hr>156</ns3:hr>
            <ns3:cad>86</ns3:cad>
          </ns3:TrackPointExtension>
        </extensions>
      </trkpt>
      <trkpt lat="22.553786002099514007568359375" lon="114.01300661265850067138671875">
        <ele>19.200000762939453125</ele>
        <time>2026-08-12T22:36:59.000Z</time>
        <extensions>
          <ns3:TrackPointExtension>
            <ns3:atemp>33.0</ns3:atemp>
            <ns3:hr>156</ns3:hr>
            <ns3:cad>86</ns3:cad>
          </ns3:TrackPointExtension>
        </extensions>
      </trkpt>
      <trkpt lat="22.5537989102303981781005859375" lon="114.0129896812140941619873046875">
        <ele>19.200000762939453125</ele>
        <time>2026-08-12T22:37:00.000Z</time>
        <extensions>
          <ns3:TrackPointExtension>
            <ns3:atemp>33.0</ns3:atemp>
            <ns3:hr>156</ns3:hr>
            <ns3:cad>86</ns3:cad>
          </ns3:TrackPointExtension>
        </extensions>
      </trkpt>
      <trkpt lat="22.55381793715059757232666015625" lon="114.01296545751392841339111328125">
        <ele>19.200000762939453125</ele>
        <time>2026-08-12T22:37:01.000Z</time>
        <extensions>
          <ns3:TrackPointExtension>
            <ns3:atemp>33.0</ns3:atemp>
            <ns3:hr>156</ns3:hr>
            <ns3:cad>86</ns3:cad>
          </ns3:TrackPointExtension>
        </extensions>
      </trkpt>
      <trkpt lat="22.5538277439773082733154296875" lon="114.012948609888553619384765625">
        <ele>19.200000762939453125</ele>
        <time>2026-08-12T22:37:02.000Z</time>
        <extensions>
          <ns3:TrackPointExtension>
            <ns3:atemp>33.0</ns3:atemp>
            <ns3:hr>156</ns3:hr>
            <ns3:cad>86</ns3:cad>
          </ns3:TrackPointExtension>
        </extensions>
      </trkpt>
      <trkpt lat="22.55384559743106365203857421875" lon="114.01292488910257816314697265625">
        <ele>19.200000762939453125</ele>
        <time>2026-08-12T22:37:03.000Z</time>
        <extensions>
          <ns3:TrackPointExtension>
            <ns3:atemp>33.0</ns3:atemp>
            <ns3:hr>157</ns3:hr>
            <ns3:cad>86</ns3:cad>
          </ns3:TrackPointExtension>
        </extensions>
      </trkpt>
      <trkpt lat="22.553857080638408660888671875" lon="114.012907035648822784423828125">
        <ele>19.200000762939453125</ele>
        <time>2026-08-12T22:37:04.000Z</time>
        <extensions>
          <ns3:TrackPointExtension>
            <ns3:atemp>33.0</ns3:atemp>
            <ns3:hr>156</ns3:hr>
            <ns3:cad>86</ns3:cad>
          </ns3:TrackPointExtension>
        </extensions>
      </trkpt>
      <trkpt lat="22.55386881530284881591796875" lon="114.01288968510925769805908203125">
        <ele>19.200000762939453125</ele>
        <time>2026-08-12T22:37:05.000Z</time>
        <extensions>
          <ns3:TrackPointExtension>
            <ns3:atemp>33.0</ns3:atemp>
            <ns3:hr>156</ns3:hr>
            <ns3:cad>86</ns3:cad>
          </ns3:TrackPointExtension>
        </extensions>
      </trkpt>
      <trkpt lat="22.55388482473790645599365234375" lon="114.01287250220775604248046875">
        <ele>19.200000762939453125</ele>
        <time>2026-08-12T22:37:06.000Z</time>
        <extensions>
          <ns3:TrackPointExtension>
            <ns3:atemp>33.0</ns3:atemp>
            <ns3:hr>156</ns3:hr>
            <ns3:cad>86</ns3:cad>
          </ns3:TrackPointExtension>
        </extensions>
      </trkpt>
      <trkpt lat="22.5538941286504268646240234375" lon="114.01285565458238124847412109375">
        <ele>19.3999996185302734375</ele>
        <time>2026-08-12T22:37:07.000Z</time>
        <extensions>
          <ns3:TrackPointExtension>
            <ns3:atemp>33.0</ns3:atemp>
            <ns3:hr>156</ns3:hr>
            <ns3:cad>85</ns3:cad>
          </ns3:TrackPointExtension>
        </extensions>
      </trkpt>
      <trkpt lat="22.55390703678131103515625" lon="114.01283721439540386199951171875">
        <ele>19.3999996185302734375</ele>
        <time>2026-08-12T22:37:08.000Z</time>
        <extensions>
          <ns3:TrackPointExtension>
            <ns3:atemp>33.0</ns3:atemp>
            <ns3:hr>155</ns3:hr>
            <ns3:cad>85</ns3:cad>
          </ns3:TrackPointExtension>
        </extensions>
      </trkpt>
      <trkpt lat="22.5539149157702922821044921875" lon="114.01282464154064655303955078125">
        <ele>19.3999996185302734375</ele>
        <time>2026-08-12T22:37:09.000Z</time>
        <extensions>
          <ns3:TrackPointExtension>
            <ns3:atemp>33.0</ns3:atemp>
            <ns3:hr>155</ns3:hr>
            <ns3:cad>86</ns3:cad>
          </ns3:TrackPointExtension>
        </extensions>
      </trkpt>
      <trkpt lat="22.5539351999759674072265625" lon="114.012811146676540374755859375">
        <ele>19.3999996185302734375</ele>
        <time>2026-08-12T22:37:10.000Z</time>
        <extensions>
          <ns3:TrackPointExtension>
            <ns3:atemp>33.0</ns3:atemp>
            <ns3:hr>155</ns3:hr>
            <ns3:cad>86</ns3:cad>
          </ns3:TrackPointExtension>
        </extensions>
      </trkpt>
      <trkpt lat="22.55394970066845417022705078125" lon="114.0127992443740367889404296875">
        <ele>19.3999996185302734375</ele>
        <time>2026-08-12T22:37:11.000Z</time>
        <extensions>
          <ns3:TrackPointExtension>
            <ns3:atemp>33.0</ns3:atemp>
            <ns3:hr>155</ns3:hr>
            <ns3:cad>86</ns3:cad>
          </ns3:TrackPointExtension>
        </extensions>
      </trkpt>
      <trkpt lat="22.55396713502705097198486328125" lon="114.01278105564415454864501953125">
        <ele>19.3999996185302734375</ele>
        <time>2026-08-12T22:37:12.000Z</time>
        <extensions>
          <ns3:TrackPointExtension>
            <ns3:atemp>33.0</ns3:atemp>
            <ns3:hr>155</ns3:hr>
            <ns3:cad>86</ns3:cad>
          </ns3:TrackPointExtension>
        </extensions>
      </trkpt>
      <trkpt lat="22.55397937260568141937255859375" lon="114.01276253163814544677734375">
        <ele>19.6000003814697265625</ele>
        <time>2026-08-12T22:37:13.000Z</time>
        <extensions>
          <ns3:TrackPointExtension>
            <ns3:atemp>33.0</ns3:atemp>
            <ns3:hr>154</ns3:hr>
            <ns3:cad>85</ns3:cad>
          </ns3:TrackPointExtension>
        </extensions>
      </trkpt>
      <trkpt lat="22.55399622023105621337890625" lon="114.01274434290826320648193359375">
        <ele>19.6000003814697265625</ele>
        <time>2026-08-12T22:37:14.000Z</time>
        <extensions>
          <ns3:TrackPointExtension>
            <ns3:atemp>33.0</ns3:atemp>
            <ns3:hr>155</ns3:hr>
            <ns3:cad>85</ns3:cad>
          </ns3:TrackPointExtension>
        </extensions>
      </trkpt>
      <trkpt lat="22.554029412567615509033203125" lon="114.01272992603480815887451171875">
        <ele>19.6000003814697265625</ele>
        <time>2026-08-12T22:37:15.000Z</time>
        <extensions>
          <ns3:TrackPointExtension>
            <ns3:atemp>33.0</ns3:atemp>
            <ns3:hr>155</ns3:hr>
            <ns3:cad>85</ns3:cad>
          </ns3:TrackPointExtension>
        </extensions>
      </trkpt>
      <trkpt lat="22.55404760129749774932861328125" lon="114.012716598808765411376953125">
        <ele>19.6000003814697265625</ele>
        <time>2026-08-12T22:37:16.000Z</time>
        <extensions>
          <ns3:TrackPointExtension>
            <ns3:atemp>33.0</ns3:atemp>
            <ns3:hr>154</ns3:hr>
            <ns3:cad>85</ns3:cad>
          </ns3:TrackPointExtension>
        </extensions>
      </trkpt>
      <trkpt lat="22.55407459102571010589599609375" lon="114.01270494796335697174072265625">
        <ele>19.6000003814697265625</ele>
        <time>2026-08-12T22:37:17.000Z</time>
        <extensions>
          <ns3:TrackPointExtension>
            <ns3:atemp>33.0</ns3:atemp>
            <ns3:hr>154</ns3:hr>
            <ns3:cad>85</ns3:cad>
          </ns3:TrackPointExtension>
        </extensions>
      </trkpt>
      <trkpt lat="22.5540973059833049774169921875" lon="114.0126922912895679473876953125">
        <ele>19.3999996185302734375</ele>
        <time>2026-08-12T22:37:18.000Z</time>
        <extensions>
          <ns3:TrackPointExtension>
            <ns3:atemp>33.0</ns3:atemp>
            <ns3:hr>154</ns3:hr>
            <ns3:cad>85</ns3:cad>
          </ns3:TrackPointExtension>
        </extensions>
      </trkpt>
      <trkpt lat="22.55412370897829532623291015625" lon="114.01267996989190578460693359375">
        <ele>19.6000003814697265625</ele>
        <time>2026-08-12T22:37:19.000Z</time>
        <extensions>
          <ns3:TrackPointExtension>
            <ns3:atemp>33.0</ns3:atemp>
            <ns3:hr>153</ns3:hr>
            <ns3:cad>85</ns3:cad>
          </ns3:TrackPointExtension>
        </extensions>
      </trkpt>
      <trkpt lat="22.5541497766971588134765625" lon="114.0126661397516727447509765625">
        <ele>19.3999996185302734375</ele>
        <time>2026-08-12T22:37:20.000Z</time>
        <extensions>
          <ns3:TrackPointExtension>
            <ns3:atemp>33.0</ns3:atemp>
            <ns3:hr>153</ns3:hr>
            <ns3:cad>85</ns3:cad>
          </ns3:TrackPointExtension>
        </extensions>
      </trkpt>
      <trkpt lat="22.55416980944573879241943359375" lon="114.0126547403633594512939453125">
        <ele>19.3999996185302734375</ele>
        <time>2026-08-12T22:37:21.000Z</time>
        <extensions>
          <ns3:TrackPointExtension>
            <ns3:atemp>33.0</ns3:atemp>
            <ns3:hr>153</ns3:hr>
            <ns3:cad>85</ns3:cad>
          </ns3:TrackPointExtension>
        </extensions>
      </trkpt>
      <trkpt lat="22.55419763736426830291748046875" lon="114.01264250278472900390625">
        <ele>19.6000003814697265625</ele>
        <time>2026-08-12T22:37:22.000Z</time>
        <extensions>
          <ns3:TrackPointExtension>
            <ns3:atemp>33.0</ns3:atemp>
            <ns3:hr>153</ns3:hr>
            <ns3:cad>85</ns3:cad>
          </ns3:TrackPointExtension>
        </extensions>
      </trkpt>
      <trkpt lat="22.55421540699899196624755859375" lon="114.012635461986064910888671875">
        <ele>19.6000003814697265625</ele>
        <time>2026-08-12T22:37:23.000Z</time>
        <extensions>
          <ns3:TrackPointExtension>
            <ns3:atemp>33.0</ns3:atemp>
            <ns3:hr>153</ns3:hr>
            <ns3:cad>86</ns3:cad>
          </ns3:TrackPointExtension>
        </extensions>
      </trkpt>
      <trkpt lat="22.5542384572327136993408203125" lon="114.01262716390192508697509765625">
        <ele>19.6000003814697265625</ele>
        <time>2026-08-12T22:37:24.000Z</time>
        <extensions>
          <ns3:TrackPointExtension>
            <ns3:atemp>33.0</ns3:atemp>
            <ns3:hr>152</ns3:hr>
            <ns3:cad>86</ns3:cad>
          </ns3:TrackPointExtension>
        </extensions>
      </trkpt>
      <trkpt lat="22.55425999872386455535888671875" lon="114.01262045837938785552978515625">
        <ele>19.6000003814697265625</ele>
        <time>2026-08-12T22:37:25.000Z</time>
        <extensions>
          <ns3:TrackPointExtension>
            <ns3:atemp>33.0</ns3:atemp>
            <ns3:hr>152</ns3:hr>
            <ns3:cad>86</ns3:cad>
          </ns3:TrackPointExtension>
        </extensions>
      </trkpt>
      <trkpt lat="22.554280199110507965087890625" lon="114.01261358521878719329833984375">
        <ele>19.6000003814697265625</ele>
        <time>2026-08-12T22:37:26.000Z</time>
        <extensions>
          <ns3:TrackPointExtension>
            <ns3:atemp>33.0</ns3:atemp>
            <ns3:hr>152</ns3:hr>
            <ns3:cad>86</ns3:cad>
          </ns3:TrackPointExtension>
        </extensions>
      </trkpt>
      <trkpt lat="22.55430442281067371368408203125" lon="114.01260721497237682342529296875">
        <ele>19.6000003814697265625</ele>
        <time>2026-08-12T22:37:27.000Z</time>
        <extensions>
          <ns3:TrackPointExtension>
            <ns3:atemp>33.0</ns3:atemp>
            <ns3:hr>152</ns3:hr>
            <ns3:cad>85</ns3:cad>
          </ns3:TrackPointExtension>
        </extensions>
      </trkpt>
      <trkpt lat="22.55432185716927051544189453125" lon="114.01260294020175933837890625">
        <ele>19.6000003814697265625</ele>
        <time>2026-08-12T22:37:28.000Z</time>
        <extensions>
          <ns3:TrackPointExtension>
            <ns3:atemp>33.0</ns3:atemp>
            <ns3:hr>152</ns3:hr>
            <ns3:cad>85</ns3:cad>
          </ns3:TrackPointExtension>
        </extensions>
      </trkpt>
      <trkpt lat="22.5543484278023242950439453125" lon="114.01260235346853733062744140625">
        <ele>19.799999237060546875</ele>
        <time>2026-08-12T22:37:29.000Z</time>
        <extensions>
          <ns3:TrackPointExtension>
            <ns3:atemp>33.0</ns3:atemp>
            <ns3:hr>152</ns3:hr>
            <ns3:cad>85</ns3:cad>
          </ns3:TrackPointExtension>
        </extensions>
      </trkpt>
      <trkpt lat="22.55437013693153858184814453125" lon="114.01259883306920528411865234375">
        <ele>19.799999237060546875</ele>
        <time>2026-08-12T22:37:30.000Z</time>
        <extensions>
          <ns3:TrackPointExtension>
            <ns3:atemp>33.0</ns3:atemp>
            <ns3:hr>152</ns3:hr>
            <ns3:cad>85</ns3:cad>
          </ns3:TrackPointExtension>
        </extensions>
      </trkpt>
      <trkpt lat="22.5543933548033237457275390625" lon="114.01260319165885448455810546875">
        <ele>19.6000003814697265625</ele>
        <time>2026-08-12T22:37:31.000Z</time>
        <extensions>
          <ns3:TrackPointExtension>
            <ns3:atemp>33.0</ns3:atemp>
            <ns3:hr>151</ns3:hr>
            <ns3:cad>85</ns3:cad>
          </ns3:TrackPointExtension>
        </extensions>
      </trkpt>
      <trkpt lat="22.5544178299605846405029296875" lon="114.01260402984917163848876953125">
        <ele>19.6000003814697265625</ele>
        <time>2026-08-12T22:37:32.000Z</time>
        <extensions>
          <ns3:TrackPointExtension>
            <ns3:atemp>33.0</ns3:atemp>
            <ns3:hr>152</ns3:hr>
            <ns3:cad>85</ns3:cad>
          </ns3:TrackPointExtension>
        </extensions>
      </trkpt>
      <trkpt lat="22.5544362701475620269775390625" lon="114.01260017417371273040771484375">
        <ele>19.6000003814697265625</ele>
        <time>2026-08-12T22:37:33.000Z</time>
        <extensions>
          <ns3:TrackPointExtension>
            <ns3:atemp>33.0</ns3:atemp>
            <ns3:hr>152</ns3:hr>
            <ns3:cad>85</ns3:cad>
          </ns3:TrackPointExtension>
        </extensions>
      </trkpt>
      <trkpt lat="22.55445781163871288299560546875" lon="114.0126014314591884613037109375">
        <ele>19.6000003814697265625</ele>
        <time>2026-08-12T22:37:34.000Z</time>
        <extensions>
          <ns3:TrackPointExtension>
            <ns3:atemp>33.0</ns3:atemp>
            <ns3:hr>151</ns3:hr>
            <ns3:cad>85</ns3:cad>
          </ns3:TrackPointExtension>
        </extensions>
      </trkpt>
      <trkpt lat="22.55447675473988056182861328125" lon="114.01260302402079105377197265625">
        <ele>19.3999996185302734375</ele>
        <time>2026-08-12T22:37:35.000Z</time>
        <extensions>
          <ns3:TrackPointExtension>
            <ns3:atemp>33.0</ns3:atemp>
            <ns3:hr>152</ns3:hr>
            <ns3:cad>86</ns3:cad>
          </ns3:TrackPointExtension>
        </extensions>
      </trkpt>
      <trkpt lat="22.55449754185974597930908203125" lon="114.01260302402079105377197265625">
        <ele>19.6000003814697265625</ele>
        <time>2026-08-12T22:37:36.000Z</time>
        <extensions>
          <ns3:TrackPointExtension>
            <ns3:atemp>33.0</ns3:atemp>
            <ns3:hr>152</ns3:hr>
            <ns3:cad>86</ns3:cad>
          </ns3:TrackPointExtension>
        </extensions>
      </trkpt>
      <trkpt lat="22.5545177422463893890380859375" lon="114.01260118000209331512451171875">
        <ele>19.6000003814697265625</ele>
        <time>2026-08-12T22:37:37.000Z</time>
        <extensions>
          <ns3:TrackPointExtension>
            <ns3:atemp>33.0</ns3:atemp>
            <ns3:hr>151</ns3:hr>
            <ns3:cad>86</ns3:cad>
          </ns3:TrackPointExtension>
        </extensions>
      </trkpt>
      <trkpt lat="22.55454246886074542999267578125" lon="114.0126034431159496307373046875">
        <ele>19.6000003814697265625</ele>
        <time>2026-08-12T22:37:38.000Z</time>
        <extensions>
          <ns3:TrackPointExtension>
            <ns3:atemp>33.0</ns3:atemp>
            <ns3:hr>152</ns3:hr>
            <ns3:cad>86</ns3:cad>
          </ns3:TrackPointExtension>
        </extensions>
      </trkpt>
      <trkpt lat="22.5545636750757694244384765625" lon="114.01260419748723506927490234375">
        <ele>19.6000003814697265625</ele>
        <time>2026-08-12T22:37:39.000Z</time>
        <extensions>
          <ns3:TrackPointExtension>
            <ns3:atemp>33.0</ns3:atemp>
            <ns3:hr>152</ns3:hr>
            <ns3:cad>86</ns3:cad>
          </ns3:TrackPointExtension>
        </extensions>
      </trkpt>
      <trkpt lat="22.5545847974717617034912109375" lon="114.0126027725636959075927734375">
        <ele>19.6000003814697265625</ele>
        <time>2026-08-12T22:37:40.000Z</time>
        <extensions>
          <ns3:TrackPointExtension>
            <ns3:atemp>33.0</ns3:atemp>
            <ns3:hr>151</ns3:hr>
            <ns3:cad>86</ns3:cad>
          </ns3:TrackPointExtension>
        </extensions>
      </trkpt>
      <trkpt lat="22.55460935644805431365966796875" lon="114.0126074664294719696044921875">
        <ele>19.6000003814697265625</ele>
        <time>2026-08-12T22:37:41.000Z</time>
        <extensions>
          <ns3:TrackPointExtension>
            <ns3:atemp>33.0</ns3:atemp>
            <ns3:hr>152</ns3:hr>
            <ns3:cad>86</ns3:cad>
          </ns3:TrackPointExtension>
        </extensions>
      </trkpt>
      <trkpt lat="22.55462880246341228485107421875" lon="114.0126094780862331390380859375">
        <ele>19.6000003814697265625</ele>
        <time>2026-08-12T22:37:42.000Z</time>
        <extensions>
          <ns3:TrackPointExtension>
            <ns3:atemp>33.0</ns3:atemp>
            <ns3:hr>153</ns3:hr>
            <ns3:cad>86</ns3:cad>
          </ns3:TrackPointExtension>
        </extensions>
      </trkpt>
      <trkpt lat="22.55465604364871978759765625" lon="114.01260721497237682342529296875">
        <ele>19.6000003814697265625</ele>
        <time>2026-08-12T22:37:43.000Z</time>
        <extensions>
          <ns3:TrackPointExtension>
            <ns3:atemp>33.0</ns3:atemp>
            <ns3:hr>153</ns3:hr>
            <ns3:cad>86</ns3:cad>
          </ns3:TrackPointExtension>
        </extensions>
      </trkpt>
      <trkpt lat="22.55467523820698261260986328125" lon="114.01260620914399623870849609375">
        <ele>19.6000003814697265625</ele>
        <time>2026-08-12T22:37:44.000Z</time>
        <extensions>
          <ns3:TrackPointExtension>
            <ns3:atemp>33.0</ns3:atemp>
            <ns3:hr>153</ns3:hr>
            <ns3:cad>86</ns3:cad>
          </ns3:TrackPointExtension>
        </extensions>
      </trkpt>
      <trkpt lat="22.554703652858734130859375" lon="114.0126034431159496307373046875">
        <ele>19.6000003814697265625</ele>
        <time>2026-08-12T22:37:45.000Z</time>
        <extensions>
          <ns3:TrackPointExtension>
            <ns3:atemp>33.0</ns3:atemp>
            <ns3:hr>154</ns3:hr>
            <ns3:cad>86</ns3:cad>
          </ns3:TrackPointExtension>
        </extensions>
      </trkpt>
      <trkpt lat="22.55472586490213871002197265625" lon="114.01260201819241046905517578125">
        <ele>19.6000003814697265625</ele>
        <time>2026-08-12T22:37:46.000Z</time>
        <extensions>
          <ns3:TrackPointExtension>
            <ns3:atemp>33.0</ns3:atemp>
            <ns3:hr>155</ns3:hr>
            <ns3:cad>86</ns3:cad>
          </ns3:TrackPointExtension>
        </extensions>
      </trkpt>
      <trkpt lat="22.55475352518260478973388671875" lon="114.0126054547727108001708984375">
        <ele>19.6000003814697265625</ele>
        <time>2026-08-12T22:37:47.000Z</time>
        <extensions>
          <ns3:TrackPointExtension>
            <ns3:atemp>33.0</ns3:atemp>
            <ns3:hr>155</ns3:hr>
            <ns3:cad>86</ns3:cad>
          </ns3:TrackPointExtension>
        </extensions>
      </trkpt>
      <trkpt lat="22.55477850325405597686767578125" lon="114.01260972954332828521728515625">
        <ele>19.6000003814697265625</ele>
        <time>2026-08-12T22:37:48.000Z</time>
        <extensions>
          <ns3:TrackPointExtension>
            <ns3:atemp>33.0</ns3:atemp>
            <ns3:hr>155</ns3:hr>
            <ns3:cad>86</ns3:cad>
          </ns3:TrackPointExtension>
        </extensions>
      </trkpt>
      <trkpt lat="22.55480096675455570220947265625" lon="114.012610651552677154541015625">
        <ele>19.6000003814697265625</ele>
        <time>2026-08-12T22:37:49.000Z</time>
        <extensions>
          <ns3:TrackPointExtension>
            <ns3:atemp>33.0</ns3:atemp>
            <ns3:hr>155</ns3:hr>
            <ns3:cad>86</ns3:cad>
          </ns3:TrackPointExtension>
        </extensions>
      </trkpt>
      <trkpt lat="22.5548248551785945892333984375" lon="114.0126131661236286163330078125">
        <ele>19.6000003814697265625</ele>
        <time>2026-08-12T22:37:50.000Z</time>
        <extensions>
          <ns3:TrackPointExtension>
            <ns3:atemp>33.0</ns3:atemp>
            <ns3:hr>155</ns3:hr>
            <ns3:cad>86</ns3:cad>
          </ns3:TrackPointExtension>
        </extensions>
      </trkpt>
      <trkpt lat="22.5548429600894451141357421875" lon="114.01261526159942150115966796875">
        <ele>19.3999996185302734375</ele>
        <time>2026-08-12T22:37:51.000Z</time>
        <extensions>
          <ns3:TrackPointExtension>
            <ns3:atemp>33.0</ns3:atemp>
            <ns3:hr>156</ns3:hr>
            <ns3:cad>86</ns3:cad>
          </ns3:TrackPointExtension>
        </extensions>
      </trkpt>
      <trkpt lat="22.554870285093784332275390625" lon="114.012616015970706939697265625">
        <ele>19.6000003814697265625</ele>
        <time>2026-08-12T22:37:52.000Z</time>
        <extensions>
          <ns3:TrackPointExtension>
            <ns3:atemp>33.0</ns3:atemp>
            <ns3:hr>156</ns3:hr>
            <ns3:cad>86</ns3:cad>
          </ns3:TrackPointExtension>
        </extensions>
      </trkpt>
      <trkpt lat="22.5548885576426982879638671875" lon="114.0126151777803897857666015625">
        <ele>19.6000003814697265625</ele>
        <time>2026-08-12T22:37:53.000Z</time>
        <extensions>
          <ns3:TrackPointExtension>
            <ns3:atemp>33.0</ns3:atemp>
            <ns3:hr>156</ns3:hr>
            <ns3:cad>86</ns3:cad>
          </ns3:TrackPointExtension>
        </extensions>
      </trkpt>
      <trkpt lat="22.55491219460964202880859375" lon="114.0126145072281360626220703125">
        <ele>19.6000003814697265625</ele>
        <time>2026-08-12T22:37:54.000Z</time>
        <extensions>
          <ns3:TrackPointExtension>
            <ns3:atemp>33.0</ns3:atemp>
            <ns3:hr>156</ns3:hr>
            <ns3:cad>86</ns3:cad>
          </ns3:TrackPointExtension>
        </extensions>
      </trkpt>
      <trkpt lat="22.55493499338626861572265625" lon="114.01261576451361179351806640625">
        <ele>19.6000003814697265625</ele>
        <time>2026-08-12T22:37:55.000Z</time>
        <extensions>
          <ns3:TrackPointExtension>
            <ns3:atemp>33.0</ns3:atemp>
            <ns3:hr>156</ns3:hr>
            <ns3:cad>86</ns3:cad>
          </ns3:TrackPointExtension>
        </extensions>
      </trkpt>
      <trkpt lat="22.554955780506134033203125" lon="114.0126148425042629241943359375">
        <ele>19.6000003814697265625</ele>
        <time>2026-08-12T22:37:56.000Z</time>
        <extensions>
          <ns3:TrackPointExtension>
            <ns3:atemp>33.0</ns3:atemp>
            <ns3:hr>156</ns3:hr>
            <ns3:cad>86</ns3:cad>
          </ns3:TrackPointExtension>
        </extensions>
      </trkpt>
      <trkpt lat="22.554978244006633758544921875" lon="114.0126250684261322021484375">
        <ele>19.6000003814697265625</ele>
        <time>2026-08-12T22:37:57.000Z</time>
        <extensions>
          <ns3:TrackPointExtension>
            <ns3:atemp>33.0</ns3:atemp>
            <ns3:hr>156</ns3:hr>
            <ns3:cad>86</ns3:cad>
          </ns3:TrackPointExtension>
        </extensions>
      </trkpt>
      <trkpt lat="22.55499140359461307525634765625" lon="114.012639485299587249755859375">
        <ele>19.6000003814697265625</ele>
        <time>2026-08-12T22:37:58.000Z</time>
        <extensions>
          <ns3:TrackPointExtension>
            <ns3:atemp>33.0</ns3:atemp>
            <ns3:hr>156</ns3:hr>
            <ns3:cad>86</ns3:cad>
          </ns3:TrackPointExtension>
        </extensions>
      </trkpt>
      <trkpt lat="22.55500464700162410736083984375" lon="114.0126621164381504058837890625">
        <ele>19.799999237060546875</ele>
        <time>2026-08-12T22:37:59.000Z</time>
        <extensions>
          <ns3:TrackPointExtension>
            <ns3:atemp>33.0</ns3:atemp>
            <ns3:hr>156</ns3:hr>
            <ns3:cad>86</ns3:cad>
          </ns3:TrackPointExtension>
        </extensions>
      </trkpt>
      <trkpt lat="22.55501587875187397003173828125" lon="114.0126859210431575775146484375">
        <ele>19.799999237060546875</ele>
        <time>2026-08-12T22:38:00.000Z</time>
        <extensions>
          <ns3:TrackPointExtension>
            <ns3:atemp>33.0</ns3:atemp>
            <ns3:hr>156</ns3:hr>
            <ns3:cad>85</ns3:cad>
          </ns3:TrackPointExtension>
        </extensions>
      </trkpt>
      <trkpt lat="22.555026523768901824951171875" lon="114.01270796544849872589111328125">
        <ele>19.799999237060546875</ele>
        <time>2026-08-12T22:38:01.000Z</time>
        <extensions>
          <ns3:TrackPointExtension>
            <ns3:atemp>33.0</ns3:atemp>
            <ns3:hr>156</ns3:hr>
            <ns3:cad>85</ns3:cad>
          </ns3:TrackPointExtension>
        </extensions>
      </trkpt>
      <trkpt lat="22.55503884516656398773193359375" lon="114.01273302733898162841796875">
        <ele>20</ele>
        <time>2026-08-12T22:38:02.000Z</time>
        <extensions>
          <ns3:TrackPointExtension>
            <ns3:atemp>33.0</ns3:atemp>
            <ns3:hr>156</ns3:hr>
            <ns3:cad>85</ns3:cad>
          </ns3:TrackPointExtension>
        </extensions>
      </trkpt>
      <trkpt lat="22.55505301058292388916015625" lon="114.012751467525959014892578125">
        <ele>20</ele>
        <time>2026-08-12T22:38:03.000Z</time>
        <extensions>
          <ns3:TrackPointExtension>
            <ns3:atemp>33.0</ns3:atemp>
            <ns3:hr>156</ns3:hr>
            <ns3:cad>85</ns3:cad>
          </ns3:TrackPointExtension>
        </extensions>
      </trkpt>
      <trkpt lat="22.555065415799617767333984375" lon="114.0127752721309661865234375">
        <ele>20</ele>
        <time>2026-08-12T22:38:04.000Z</time>
        <extensions>
          <ns3:TrackPointExtension>
            <ns3:atemp>33.0</ns3:atemp>
            <ns3:hr>156</ns3:hr>
            <ns3:cad>85</ns3:cad>
          </ns3:TrackPointExtension>
        </extensions>
      </trkpt>
      <trkpt lat="22.5550711154937744140625" lon="114.01279346086084842681884765625">
        <ele>19.799999237060546875</ele>
        <time>2026-08-12T22:38:05.000Z</time>
        <extensions>
          <ns3:TrackPointExtension>
            <ns3:atemp>33.0</ns3:atemp>
            <ns3:hr>156</ns3:hr>
            <ns3:cad>85</ns3:cad>
          </ns3:TrackPointExtension>
        </extensions>
      </trkpt>
      <trkpt lat="22.55507740192115306854248046875" lon="114.0128190256655216217041015625">
        <ele>19.799999237060546875</ele>
        <time>2026-08-12T22:38:06.000Z</time>
        <extensions>
          <ns3:TrackPointExtension>
            <ns3:atemp>33.0</ns3:atemp>
            <ns3:hr>156</ns3:hr>
            <ns3:cad>85</ns3:cad>
          </ns3:TrackPointExtension>
        </extensions>
      </trkpt>
      <trkpt lat="22.55508075468242168426513671875" lon="114.0128398127853870391845703125">
        <ele>19.799999237060546875</ele>
        <time>2026-08-12T22:38:07.000Z</time>
        <extensions>
          <ns3:TrackPointExtension>
            <ns3:atemp>33.0</ns3:atemp>
            <ns3:hr>156</ns3:hr>
            <ns3:cad>85</ns3:cad>
          </ns3:TrackPointExtension>
        </extensions>
      </trkpt>
      <trkpt lat="22.55508611910045146942138671875" lon="114.01285951025784015655517578125">
        <ele>19.6000003814697265625</ele>
        <time>2026-08-12T22:38:08.000Z</time>
        <extensions>
          <ns3:TrackPointExtension>
            <ns3:atemp>33.0</ns3:atemp>
            <ns3:hr>156</ns3:hr>
            <ns3:cad>85</ns3:cad>
          </ns3:TrackPointExtension>
        </extensions>
      </trkpt>
      <trkpt lat="22.55508880130946636199951171875" lon="114.012881554663181304931640625">
        <ele>19.6000003814697265625</ele>
        <time>2026-08-12T22:38:09.000Z</time>
        <extensions>
          <ns3:TrackPointExtension>
            <ns3:atemp>33.0</ns3:atemp>
            <ns3:hr>156</ns3:hr>
            <ns3:cad>85</ns3:cad>
          </ns3:TrackPointExtension>
        </extensions>
      </trkpt>
      <trkpt lat="22.55508720874786376953125" lon="114.0129011683166027069091796875">
        <ele>19.6000003814697265625</ele>
        <time>2026-08-12T22:38:10.000Z</time>
        <extensions>
          <ns3:TrackPointExtension>
            <ns3:atemp>33.0</ns3:atemp>
            <ns3:hr>156</ns3:hr>
            <ns3:cad>85</ns3:cad>
          </ns3:TrackPointExtension>
        </extensions>
      </trkpt>
      <trkpt lat="22.5550826825201511383056640625" lon="114.01292589493095874786376953125">
        <ele>19.6000003814697265625</ele>
        <time>2026-08-12T22:38:11.000Z</time>
        <extensions>
          <ns3:TrackPointExtension>
            <ns3:atemp>33.0</ns3:atemp>
            <ns3:hr>156</ns3:hr>
            <ns3:cad>85</ns3:cad>
          </ns3:TrackPointExtension>
        </extensions>
      </trkpt>
      <trkpt lat="22.5550830177962779998779296875" lon="114.0129464305937290191650390625">
        <ele>19.3999996185302734375</ele>
        <time>2026-08-12T22:38:12.000Z</time>
        <extensions>
          <ns3:TrackPointExtension>
            <ns3:atemp>33.0</ns3:atemp>
            <ns3:hr>156</ns3:hr>
            <ns3:cad>85</ns3:cad>
          </ns3:TrackPointExtension>
        </extensions>
      </trkpt>
      <trkpt lat="22.55507991649210453033447265625" lon="114.01297015137970447540283203125">
        <ele>19.3999996185302734375</ele>
        <time>2026-08-12T22:38:13.000Z</time>
        <extensions>
          <ns3:TrackPointExtension>
            <ns3:atemp>33.0</ns3:atemp>
            <ns3:hr>156</ns3:hr>
            <ns3:cad>85</ns3:cad>
          </ns3:TrackPointExtension>
        </extensions>
      </trkpt>
      <trkpt lat="22.5550806708633899688720703125" lon="114.0129925310611724853515625">
        <ele>19.3999996185302734375</ele>
        <time>2026-08-12T22:38:14.000Z</time>
        <extensions>
          <ns3:TrackPointExtension>
            <ns3:atemp>33.0</ns3:atemp>
            <ns3:hr>156</ns3:hr>
            <ns3:cad>85</ns3:cad>
          </ns3:TrackPointExtension>
        </extensions>
      </trkpt>
      <trkpt lat="22.5550779886543750762939453125" lon="114.0130113065242767333984375">
        <ele>19.200000762939453125</ele>
        <time>2026-08-12T22:38:15.000Z</time>
        <extensions>
          <ns3:TrackPointExtension>
            <ns3:atemp>33.0</ns3:atemp>
            <ns3:hr>156</ns3:hr>
            <ns3:cad>85</ns3:cad>
          </ns3:TrackPointExtension>
        </extensions>
      </trkpt>
      <trkpt lat="22.55507849156856536865234375" lon="114.013035111129283905029296875">
        <ele>19.200000762939453125</ele>
        <time>2026-08-12T22:38:16.000Z</time>
        <extensions>
          <ns3:TrackPointExtension>
            <ns3:atemp>33.0</ns3:atemp>
            <ns3:hr>156</ns3:hr>
            <ns3:cad>85</ns3:cad>
          </ns3:TrackPointExtension>
        </extensions>
      </trkpt>
      <trkpt lat="22.55508377216756343841552734375" lon="114.0130513720214366912841796875">
        <ele>19.200000762939453125</ele>
        <time>2026-08-12T22:38:17.000Z</time>
        <extensions>
          <ns3:TrackPointExtension>
            <ns3:atemp>33.0</ns3:atemp>
            <ns3:hr>156</ns3:hr>
            <ns3:cad>85</ns3:cad>
          </ns3:TrackPointExtension>
        </extensions>
      </trkpt>
      <trkpt lat="22.55508108995854854583740234375" lon="114.013074338436126708984375">
        <ele>19.200000762939453125</ele>
        <time>2026-08-12T22:38:18.000Z</time>
        <extensions>
          <ns3:TrackPointExtension>
            <ns3:atemp>33.0</ns3:atemp>
            <ns3:hr>155</ns3:hr>
            <ns3:cad>86</ns3:cad>
          </ns3:TrackPointExtension>
        </extensions>
      </trkpt>
      <trkpt lat="22.55507941357791423797607421875" lon="114.013090766966342926025390625">
        <ele>19.200000762939453125</ele>
        <time>2026-08-12T22:38:19.000Z</time>
        <extensions>
          <ns3:TrackPointExtension>
            <ns3:atemp>33.0</ns3:atemp>
            <ns3:hr>156</ns3:hr>
            <ns3:cad>86</ns3:cad>
          </ns3:TrackPointExtension>
        </extensions>
      </trkpt>
      <trkpt lat="22.5550800003111362457275390625" lon="114.013117589056491851806640625">
        <ele>19.200000762939453125</ele>
        <time>2026-08-12T22:38:20.000Z</time>
        <extensions>
          <ns3:TrackPointExtension>
            <ns3:atemp>33.0</ns3:atemp>
            <ns3:hr>156</ns3:hr>
            <ns3:cad>86</ns3:cad>
          </ns3:TrackPointExtension>
        </extensions>
      </trkpt>
      <trkpt lat="22.55508243106305599212646484375" lon="114.0131368674337863922119140625">
        <ele>19</ele>
        <time>2026-08-12T22:38:21.000Z</time>
        <extensions>
          <ns3:TrackPointExtension>
            <ns3:atemp>33.0</ns3:atemp>
            <ns3:hr>156</ns3:hr>
            <ns3:cad>86</ns3:cad>
          </ns3:TrackPointExtension>
        </extensions>
      </trkpt>
      <trkpt lat="22.55508427508175373077392578125" lon="114.013160169124603271484375">
        <ele>19</ele>
        <time>2026-08-12T22:38:22.000Z</time>
        <extensions>
          <ns3:TrackPointExtension>
            <ns3:atemp>33.0</ns3:atemp>
            <ns3:hr>156</ns3:hr>
            <ns3:cad>86</ns3:cad>
          </ns3:TrackPointExtension>
        </extensions>
      </trkpt>
      <trkpt lat="22.55508326925337314605712890625" lon="114.01318573392927646636962890625">
        <ele>19</ele>
        <time>2026-08-12T22:38:23.000Z</time>
        <extensions>
          <ns3:TrackPointExtension>
            <ns3:atemp>33.0</ns3:atemp>
            <ns3:hr>156</ns3:hr>
            <ns3:cad>86</ns3:cad>
          </ns3:TrackPointExtension>
        </extensions>
      </trkpt>
      <trkpt lat="22.55508377216756343841552734375" lon="114.01320652104914188385009765625">
        <ele>19</ele>
        <time>2026-08-12T22:38:24.000Z</time>
        <extensions>
          <ns3:TrackPointExtension>
            <ns3:atemp>33.0</ns3:atemp>
            <ns3:hr>156</ns3:hr>
            <ns3:cad>86</ns3:cad>
          </ns3:TrackPointExtension>
        </extensions>
      </trkpt>
      <trkpt lat="22.55508243106305599212646484375" lon="114.013230241835117340087890625">
        <ele>18.799999237060546875</ele>
        <time>2026-08-12T22:38:25.000Z</time>
        <extensions>
          <ns3:TrackPointExtension>
            <ns3:atemp>33.0</ns3:atemp>
            <ns3:hr>155</ns3:hr>
            <ns3:cad>86</ns3:cad>
          </ns3:TrackPointExtension>
        </extensions>
      </trkpt>
      <trkpt lat="22.55508209578692913055419921875" lon="114.0132528729736804962158203125">
        <ele>18.799999237060546875</ele>
        <time>2026-08-12T22:38:26.000Z</time>
        <extensions>
          <ns3:TrackPointExtension>
            <ns3:atemp>33.0</ns3:atemp>
            <ns3:hr>156</ns3:hr>
            <ns3:cad>86</ns3:cad>
          </ns3:TrackPointExtension>
        </extensions>
      </trkpt>
      <trkpt lat="22.55508209578692913055419921875" lon="114.01327692903578281402587890625">
        <ele>18.799999237060546875</ele>
        <time>2026-08-12T22:38:27.000Z</time>
        <extensions>
          <ns3:TrackPointExtension>
            <ns3:atemp>33.0</ns3:atemp>
            <ns3:hr>156</ns3:hr>
            <ns3:cad>85</ns3:cad>
          </ns3:TrackPointExtension>
        </extensions>
      </trkpt>
      <trkpt lat="22.555082179605960845947265625" lon="114.013302661478519439697265625">
        <ele>18.799999237060546875</ele>
        <time>2026-08-12T22:38:28.000Z</time>
        <extensions>
          <ns3:TrackPointExtension>
            <ns3:atemp>33.0</ns3:atemp>
            <ns3:hr>156</ns3:hr>
            <ns3:cad>85</ns3:cad>
          </ns3:TrackPointExtension>
        </extensions>
      </trkpt>
      <trkpt lat="22.5550831854343414306640625" lon="114.01332286186516284942626953125">
        <ele>18.799999237060546875</ele>
        <time>2026-08-12T22:38:29.000Z</time>
        <extensions>
          <ns3:TrackPointExtension>
            <ns3:atemp>33.0</ns3:atemp>
            <ns3:hr>155</ns3:hr>
            <ns3:cad>85</ns3:cad>
          </ns3:TrackPointExtension>
        </extensions>
      </trkpt>
      <trkpt lat="22.5550830177962779998779296875" lon="114.0133524499833583831787109375">
        <ele>18.799999237060546875</ele>
        <time>2026-08-12T22:38:30.000Z</time>
        <extensions>
          <ns3:TrackPointExtension>
            <ns3:atemp>33.0</ns3:atemp>
            <ns3:hr>155</ns3:hr>
            <ns3:cad>85</ns3:cad>
          </ns3:TrackPointExtension>
        </extensions>
      </trkpt>
      <trkpt lat="22.5550840236246585845947265625" lon="114.0133734047412872314453125">
        <ele>18.6000003814697265625</ele>
        <time>2026-08-12T22:38:31.000Z</time>
        <extensions>
          <ns3:TrackPointExtension>
            <ns3:atemp>33.0</ns3:atemp>
            <ns3:hr>155</ns3:hr>
            <ns3:cad>85</ns3:cad>
          </ns3:TrackPointExtension>
        </extensions>
      </trkpt>
      <trkpt lat="22.55508075468242168426513671875" lon="114.01340768672525882720947265625">
        <ele>18.6000003814697265625</ele>
        <time>2026-08-12T22:38:32.000Z</time>
        <extensions>
          <ns3:TrackPointExtension>
            <ns3:atemp>33.0</ns3:atemp>
            <ns3:hr>155</ns3:hr>
            <ns3:cad>85</ns3:cad>
          </ns3:TrackPointExtension>
        </extensions>
      </trkpt>
      <trkpt lat="22.55507974885404109954833984375" lon="114.01343308389186859130859375">
        <ele>18.6000003814697265625</ele>
        <time>2026-08-12T22:38:33.000Z</time>
        <extensions>
          <ns3:TrackPointExtension>
            <ns3:atemp>33.0</ns3:atemp>
            <ns3:hr>155</ns3:hr>
            <ns3:cad>85</ns3:cad>
          </ns3:TrackPointExtension>
        </extensions>
      </trkpt>
      <trkpt lat="22.55507773719727993011474609375" lon="114.01345093734562397003173828125">
        <ele>18.6000003814697265625</ele>
        <time>2026-08-12T22:38:34.000Z</time>
        <extensions>
          <ns3:TrackPointExtension>
            <ns3:atemp>33.0</ns3:atemp>
            <ns3:hr>155</ns3:hr>
            <ns3:cad>85</ns3:cad>
          </ns3:TrackPointExtension>
        </extensions>
      </trkpt>
      <trkpt lat="22.5550756417214870452880859375" lon="114.01347541250288486480712890625">
        <ele>18.6000003814697265625</ele>
        <time>2026-08-12T22:38:35.000Z</time>
        <extensions>
          <ns3:TrackPointExtension>
            <ns3:atemp>33.0</ns3:atemp>
            <ns3:hr>154</ns3:hr>
            <ns3:cad>85</ns3:cad>
          </ns3:TrackPointExtension>
        </extensions>
      </trkpt>
      <trkpt lat="22.55507639609277248382568359375" lon="114.013493098318576812744140625">
        <ele>18.3999996185302734375</ele>
        <time>2026-08-12T22:38:36.000Z</time>
        <extensions>
          <ns3:TrackPointExtension>
            <ns3:atemp>33.0</ns3:atemp>
            <ns3:hr>155</ns3:hr>
            <ns3:cad>85</ns3:cad>
          </ns3:TrackPointExtension>
        </extensions>
      </trkpt>
      <trkpt lat="22.555071450769901275634765625" lon="114.01351849548518657684326171875">
        <ele>18.3999996185302734375</ele>
        <time>2026-08-12T22:38:37.000Z</time>
        <extensions>
          <ns3:TrackPointExtension>
            <ns3:atemp>33.0</ns3:atemp>
            <ns3:hr>155</ns3:hr>
            <ns3:cad>85</ns3:cad>
          </ns3:TrackPointExtension>
        </extensions>
      </trkpt>
      <trkpt lat="22.5550726242363452911376953125" lon="114.01353995315730571746826171875">
        <ele>18.3999996185302734375</ele>
        <time>2026-08-12T22:38:38.000Z</time>
        <extensions>
          <ns3:TrackPointExtension>
            <ns3:atemp>33.0</ns3:atemp>
            <ns3:hr>155</ns3:hr>
            <ns3:cad>85</ns3:cad>
          </ns3:TrackPointExtension>
        </extensions>
      </trkpt>
      <trkpt lat="22.555072121322154998779296875" lon="114.01356677524745464324951171875">
        <ele>18.3999996185302734375</ele>
        <time>2026-08-12T22:38:39.000Z</time>
        <extensions>
          <ns3:TrackPointExtension>
            <ns3:atemp>33.0</ns3:atemp>
            <ns3:hr>155</ns3:hr>
            <ns3:cad>85</ns3:cad>
          </ns3:TrackPointExtension>
        </extensions>
      </trkpt>
      <trkpt lat="22.5550692714750766754150390625" lon="114.01359208859503269195556640625">
        <ele>18.200000762939453125</ele>
        <time>2026-08-12T22:38:40.000Z</time>
        <extensions>
          <ns3:TrackPointExtension>
            <ns3:atemp>33.0</ns3:atemp>
            <ns3:hr>155</ns3:hr>
            <ns3:cad>85</ns3:cad>
          </ns3:TrackPointExtension>
        </extensions>
      </trkpt>
      <trkpt lat="22.555071450769901275634765625" lon="114.01361949741840362548828125">
        <ele>18.200000762939453125</ele>
        <time>2026-08-12T22:38:41.000Z</time>
        <extensions>
          <ns3:TrackPointExtension>
            <ns3:atemp>33.0</ns3:atemp>
            <ns3:hr>155</ns3:hr>
            <ns3:cad>85</ns3:cad>
          </ns3:TrackPointExtension>
        </extensions>
      </trkpt>
      <trkpt lat="22.555069439113140106201171875" lon="114.01364908553659915924072265625">
        <ele>18.200000762939453125</ele>
        <time>2026-08-12T22:38:42.000Z</time>
        <extensions>
          <ns3:TrackPointExtension>
            <ns3:atemp>33.0</ns3:atemp>
            <ns3:hr>155</ns3:hr>
            <ns3:cad>85</ns3:cad>
          </ns3:TrackPointExtension>
        </extensions>
      </trkpt>
      <trkpt lat="22.5550711154937744140625" lon="114.0136716328561305999755859375">
        <ele>18.200000762939453125</ele>
        <time>2026-08-12T22:38:43.000Z</time>
        <extensions>
          <ns3:TrackPointExtension>
            <ns3:atemp>33.0</ns3:atemp>
            <ns3:hr>155</ns3:hr>
            <ns3:cad>85</ns3:cad>
          </ns3:TrackPointExtension>
        </extensions>
      </trkpt>
      <trkpt lat="22.5550682656466960906982421875" lon="114.01370130479335784912109375">
        <ele>18</ele>
        <time>2026-08-12T22:38:44.000Z</time>
        <extensions>
          <ns3:TrackPointExtension>
            <ns3:atemp>33.0</ns3:atemp>
            <ns3:hr>155</ns3:hr>
            <ns3:cad>85</ns3:cad>
          </ns3:TrackPointExtension>
        </extensions>
      </trkpt>
      <trkpt lat="22.5550709478557109832763671875" lon="114.013728797435760498046875">
        <ele>18</ele>
        <time>2026-08-12T22:38:45.000Z</time>
        <extensions>
          <ns3:TrackPointExtension>
            <ns3:atemp>33.0</ns3:atemp>
            <ns3:hr>156</ns3:hr>
            <ns3:cad>85</ns3:cad>
          </ns3:TrackPointExtension>
        </extensions>
      </trkpt>
      <trkpt lat="22.5550749711692333221435546875" lon="114.01375419460237026214599609375">
        <ele>18</ele>
        <time>2026-08-12T22:38:46.000Z</time>
        <extensions>
          <ns3:TrackPointExtension>
            <ns3:atemp>33.0</ns3:atemp>
            <ns3:hr>155</ns3:hr>
            <ns3:cad>84</ns3:cad>
          </ns3:TrackPointExtension>
        </extensions>
      </trkpt>
      <trkpt lat="22.55507807247340679168701171875" lon="114.01377749629318714141845703125">
        <ele>18</ele>
        <time>2026-08-12T22:38:47.000Z</time>
        <extensions>
          <ns3:TrackPointExtension>
            <ns3:atemp>33.0</ns3:atemp>
            <ns3:hr>155</ns3:hr>
            <ns3:cad>84</ns3:cad>
          </ns3:TrackPointExtension>
        </extensions>
      </trkpt>
      <trkpt lat="22.5550846941769123077392578125" lon="114.01379786431789398193359375">
        <ele>18</ele>
        <time>2026-08-12T22:38:48.000Z</time>
        <extensions>
          <ns3:TrackPointExtension>
            <ns3:atemp>33.0</ns3:atemp>
            <ns3:hr>155</ns3:hr>
            <ns3:cad>84</ns3:cad>
          </ns3:TrackPointExtension>
        </extensions>
      </trkpt>
      <trkpt lat="22.555090226233005523681640625" lon="114.01382309384644031524658203125">
        <ele>18</ele>
        <time>2026-08-12T22:38:49.000Z</time>
        <extensions>
          <ns3:TrackPointExtension>
            <ns3:atemp>33.0</ns3:atemp>
            <ns3:hr>154</ns3:hr>
            <ns3:cad>84</ns3:cad>
          </ns3:TrackPointExtension>
        </extensions>
      </trkpt>
      <trkpt lat="22.5550940819084644317626953125" lon="114.0138432942330837249755859375">
        <ele>18</ele>
        <time>2026-08-12T22:38:50.000Z</time>
        <extensions>
          <ns3:TrackPointExtension>
            <ns3:atemp>33.0</ns3:atemp>
            <ns3:hr>153</ns3:hr>
            <ns3:cad>85</ns3:cad>
          </ns3:TrackPointExtension>
        </extensions>
      </trkpt>
      <trkpt lat="22.5550947524607181549072265625" lon="114.0138704515993595123291015625">
        <ele>17.799999237060546875</ele>
        <time>2026-08-12T22:38:51.000Z</time>
        <extensions>
          <ns3:TrackPointExtension>
            <ns3:atemp>33.0</ns3:atemp>
            <ns3:hr>153</ns3:hr>
            <ns3:cad>85</ns3:cad>
          </ns3:TrackPointExtension>
        </extensions>
      </trkpt>
      <trkpt lat="22.555090226233005523681640625" lon="114.0138942562043666839599609375">
        <ele>17.799999237060546875</ele>
        <time>2026-08-12T22:38:52.000Z</time>
        <extensions>
          <ns3:TrackPointExtension>
            <ns3:atemp>33.0</ns3:atemp>
            <ns3:hr>152</ns3:hr>
            <ns3:cad>85</ns3:cad>
          </ns3:TrackPointExtension>
        </extensions>
      </trkpt>
      <trkpt lat="22.555090896785259246826171875" lon="114.013911187648773193359375">
        <ele>17.6000003814697265625</ele>
        <time>2026-08-12T22:38:53.000Z</time>
        <extensions>
          <ns3:TrackPointExtension>
            <ns3:atemp>33.0</ns3:atemp>
            <ns3:hr>152</ns3:hr>
            <ns3:cad>85</ns3:cad>
          </ns3:TrackPointExtension>
        </extensions>
      </trkpt>
      <trkpt lat="22.55508829839527606964111328125" lon="114.01393759064376354217529296875">
        <ele>17.799999237060546875</ele>
        <time>2026-08-12T22:38:54.000Z</time>
        <extensions>
          <ns3:TrackPointExtension>
            <ns3:atemp>33.0</ns3:atemp>
            <ns3:hr>151</ns3:hr>
            <ns3:cad>85</ns3:cad>
          </ns3:TrackPointExtension>
        </extensions>
      </trkpt>
      <trkpt lat="22.555089890956878662109375" lon="114.01395418681204319000244140625">
        <ele>17.6000003814697265625</ele>
        <time>2026-08-12T22:38:55.000Z</time>
        <extensions>
          <ns3:TrackPointExtension>
            <ns3:atemp>33.0</ns3:atemp>
            <ns3:hr>151</ns3:hr>
            <ns3:cad>85</ns3:cad>
          </ns3:TrackPointExtension>
        </extensions>
      </trkpt>
      <trkpt lat="22.5550885498523712158203125" lon="114.01398268528282642364501953125">
        <ele>17.6000003814697265625</ele>
        <time>2026-08-12T22:38:56.000Z</time>
        <extensions>
          <ns3:TrackPointExtension>
            <ns3:atemp>33.0</ns3:atemp>
            <ns3:hr>151</ns3:hr>
            <ns3:cad>85</ns3:cad>
          </ns3:TrackPointExtension>
        </extensions>
      </trkpt>
      <trkpt lat="22.55508779548108577728271484375" lon="114.01400414295494556427001953125">
        <ele>17.6000003814697265625</ele>
        <time>2026-08-12T22:38:57.000Z</time>
        <extensions>
          <ns3:TrackPointExtension>
            <ns3:atemp>33.0</ns3:atemp>
            <ns3:hr>150</ns3:hr>
            <ns3:cad>85</ns3:cad>
          </ns3:TrackPointExtension>
        </extensions>
      </trkpt>
      <trkpt lat="22.555088214576244354248046875" lon="114.0140250138938426971435546875">
        <ele>17.6000003814697265625</ele>
        <time>2026-08-12T22:38:58.000Z</time>
        <extensions>
          <ns3:TrackPointExtension>
            <ns3:atemp>33.0</ns3:atemp>
            <ns3:hr>150</ns3:hr>
            <ns3:cad>85</ns3:cad>
          </ns3:TrackPointExtension>
        </extensions>
      </trkpt>
      <trkpt lat="22.55508829839527606964111328125" lon="114.0140484832227230072021484375">
        <ele>17.6000003814697265625</ele>
        <time>2026-08-12T22:38:59.000Z</time>
        <extensions>
          <ns3:TrackPointExtension>
            <ns3:atemp>33.0</ns3:atemp>
            <ns3:hr>150</ns3:hr>
            <ns3:cad>85</ns3:cad>
          </ns3:TrackPointExtension>
        </extensions>
      </trkpt>
      <trkpt lat="22.55509215407073497772216796875" lon="114.01406767778098583221435546875">
        <ele>17.3999996185302734375</ele>
        <time>2026-08-12T22:39:00.000Z</time>
        <extensions>
          <ns3:TrackPointExtension>
            <ns3:atemp>33.0</ns3:atemp>
            <ns3:hr>149</ns3:hr>
            <ns3:cad>85</ns3:cad>
          </ns3:TrackPointExtension>
        </extensions>
      </trkpt>
      <trkpt lat="22.5550957582890987396240234375" lon="114.01409265585243701934814453125">
        <ele>17.3999996185302734375</ele>
        <time>2026-08-12T22:39:01.000Z</time>
        <extensions>
          <ns3:TrackPointExtension>
            <ns3:atemp>33.0</ns3:atemp>
            <ns3:hr>149</ns3:hr>
            <ns3:cad>85</ns3:cad>
          </ns3:TrackPointExtension>
        </extensions>
      </trkpt>
      <trkpt lat="22.5551011227071285247802734375" lon="114.0141158737242221832275390625">
        <ele>17.3999996185302734375</ele>
        <time>2026-08-12T22:39:02.000Z</time>
        <extensions>
          <ns3:TrackPointExtension>
            <ns3:atemp>33.0</ns3:atemp>
            <ns3:hr>149</ns3:hr>
            <ns3:cad>84</ns3:cad>
          </ns3:TrackPointExtension>
        </extensions>
      </trkpt>
      <trkpt lat="22.5551031343638896942138671875" lon="114.01413825340569019317626953125">
        <ele>17.3999996185302734375</ele>
        <time>2026-08-12T22:39:03.000Z</time>
        <extensions>
          <ns3:TrackPointExtension>
            <ns3:atemp>33.0</ns3:atemp>
            <ns3:hr>149</ns3:hr>
            <ns3:cad>84</ns3:cad>
          </ns3:TrackPointExtension>
        </extensions>
      </trkpt>
      <trkpt lat="22.55510522983968257904052734375" lon="114.01416155509650707244873046875">
        <ele>17.3999996185302734375</ele>
        <time>2026-08-12T22:39:04.000Z</time>
        <extensions>
          <ns3:TrackPointExtension>
            <ns3:atemp>33.0</ns3:atemp>
            <ns3:hr>149</ns3:hr>
            <ns3:cad>84</ns3:cad>
          </ns3:TrackPointExtension>
        </extensions>
      </trkpt>
      <trkpt lat="22.5551068224012851715087890625" lon="114.01418619789183139801025390625">
        <ele>17.200000762939453125</ele>
        <time>2026-08-12T22:39:05.000Z</time>
        <extensions>
          <ns3:TrackPointExtension>
            <ns3:atemp>33.0</ns3:atemp>
            <ns3:hr>149</ns3:hr>
            <ns3:cad>85</ns3:cad>
          </ns3:TrackPointExtension>
        </extensions>
      </trkpt>
      <trkpt lat="22.555104978382587432861328125" lon="114.0142127685248851776123046875">
        <ele>17.200000762939453125</ele>
        <time>2026-08-12T22:39:06.000Z</time>
        <extensions>
          <ns3:TrackPointExtension>
            <ns3:atemp>33.0</ns3:atemp>
            <ns3:hr>149</ns3:hr>
            <ns3:cad>85</ns3:cad>
          </ns3:TrackPointExtension>
        </extensions>
      </trkpt>
      <trkpt lat="22.55510506220161914825439453125" lon="114.01423615403473377227783203125">
        <ele>17.200000762939453125</ele>
        <time>2026-08-12T22:39:07.000Z</time>
        <extensions>
          <ns3:TrackPointExtension>
            <ns3:atemp>33.0</ns3:atemp>
            <ns3:hr>149</ns3:hr>
            <ns3:cad>85</ns3:cad>
          </ns3:TrackPointExtension>
        </extensions>
      </trkpt>
      <trkpt lat="22.55510271526873111724853515625" lon="114.0142603777348995208740234375">
        <ele>17</ele>
        <time>2026-08-12T22:39:08.000Z</time>
        <extensions>
          <ns3:TrackPointExtension>
            <ns3:atemp>33.0</ns3:atemp>
            <ns3:hr>149</ns3:hr>
            <ns3:cad>85</ns3:cad>
          </ns3:TrackPointExtension>
        </extensions>
      </trkpt>
      <trkpt lat="22.5551044754683971405029296875" lon="114.01428393088281154632568359375">
        <ele>17</ele>
        <time>2026-08-12T22:39:09.000Z</time>
        <extensions>
          <ns3:TrackPointExtension>
            <ns3:atemp>33.0</ns3:atemp>
            <ns3:hr>148</ns3:hr>
            <ns3:cad>85</ns3:cad>
          </ns3:TrackPointExtension>
        </extensions>
      </trkpt>
      <trkpt lat="22.5551044754683971405029296875" lon="114.01431125588715076446533203125">
        <ele>17</ele>
        <time>2026-08-12T22:39:10.000Z</time>
        <extensions>
          <ns3:TrackPointExtension>
            <ns3:atemp>33.0</ns3:atemp>
            <ns3:hr>148</ns3:hr>
            <ns3:cad>85</ns3:cad>
          </ns3:TrackPointExtension>
        </extensions>
      </trkpt>
      <trkpt lat="22.55510237999260425567626953125" lon="114.0143348090350627899169921875">
        <ele>17</ele>
        <time>2026-08-12T22:39:11.000Z</time>
        <extensions>
          <ns3:TrackPointExtension>
            <ns3:atemp>33.0</ns3:atemp>
            <ns3:hr>148</ns3:hr>
            <ns3:cad>85</ns3:cad>
          </ns3:TrackPointExtension>
        </extensions>
      </trkpt>
      <trkpt lat="22.555102966725826263427734375" lon="114.0143569372594356536865234375">
        <ele>16.799999237060546875</ele>
        <time>2026-08-12T22:39:12.000Z</time>
        <extensions>
          <ns3:TrackPointExtension>
            <ns3:atemp>33.0</ns3:atemp>
            <ns3:hr>148</ns3:hr>
            <ns3:cad>85</ns3:cad>
          </ns3:TrackPointExtension>
        </extensions>
      </trkpt>
      <trkpt lat="22.555104307830333709716796875" lon="114.01438124477863311767578125">
        <ele>16.799999237060546875</ele>
        <time>2026-08-12T22:39:13.000Z</time>
        <extensions>
          <ns3:TrackPointExtension>
            <ns3:atemp>33.0</ns3:atemp>
            <ns3:hr>149</ns3:hr>
            <ns3:cad>84</ns3:cad>
          </ns3:TrackPointExtension>
        </extensions>
      </trkpt>
      <trkpt lat="22.5551074929535388946533203125" lon="114.014403708279132843017578125">
        <ele>16.799999237060546875</ele>
        <time>2026-08-12T22:39:14.000Z</time>
        <extensions>
          <ns3:TrackPointExtension>
            <ns3:atemp>33.0</ns3:atemp>
            <ns3:hr>148</ns3:hr>
            <ns3:cad>84</ns3:cad>
          </ns3:TrackPointExtension>
        </extensions>
      </trkpt>
      <trkpt lat="22.5551140308380126953125" lon="114.0144301950931549072265625">
        <ele>16.799999237060546875</ele>
        <time>2026-08-12T22:39:15.000Z</time>
        <extensions>
          <ns3:TrackPointExtension>
            <ns3:atemp>33.0</ns3:atemp>
            <ns3:hr>148</ns3:hr>
            <ns3:cad>85</ns3:cad>
          </ns3:TrackPointExtension>
        </extensions>
      </trkpt>
      <trkpt lat="22.55511738359928131103515625" lon="114.0144555084407329559326171875">
        <ele>16.6000003814697265625</ele>
        <time>2026-08-12T22:39:16.000Z</time>
        <extensions>
          <ns3:TrackPointExtension>
            <ns3:atemp>33.0</ns3:atemp>
            <ns3:hr>149</ns3:hr>
            <ns3:cad>85</ns3:cad>
          </ns3:TrackPointExtension>
        </extensions>
      </trkpt>
      <trkpt lat="22.55512115545570850372314453125" lon="114.01447872631251811981201171875">
        <ele>16.6000003814697265625</ele>
        <time>2026-08-12T22:39:17.000Z</time>
        <extensions>
          <ns3:TrackPointExtension>
            <ns3:atemp>33.0</ns3:atemp>
            <ns3:hr>149</ns3:hr>
            <ns3:cad>85</ns3:cad>
          </ns3:TrackPointExtension>
        </extensions>
      </trkpt>
      <trkpt lat="22.55512408912181854248046875" lon="114.01450370438396930694580078125">
        <ele>16.6000003814697265625</ele>
        <time>2026-08-12T22:39:18.000Z</time>
        <extensions>
          <ns3:TrackPointExtension>
            <ns3:atemp>33.0</ns3:atemp>
            <ns3:hr>149</ns3:hr>
            <ns3:cad>85</ns3:cad>
          </ns3:TrackPointExtension>
        </extensions>
      </trkpt>
      <trkpt lat="22.555126436054706573486328125" lon="114.0145282633602619171142578125">
        <ele>16.6000003814697265625</ele>
        <time>2026-08-12T22:39:19.000Z</time>
        <extensions>
          <ns3:TrackPointExtension>
            <ns3:atemp>33.0</ns3:atemp>
            <ns3:hr>149</ns3:hr>
            <ns3:cad>85</ns3:cad>
          </ns3:TrackPointExtension>
        </extensions>
      </trkpt>
      <trkpt lat="22.5551252625882625579833984375" lon="114.01455600745975971221923828125">
        <ele>16.3999996185302734375</ele>
        <time>2026-08-12T22:39:20.000Z</time>
        <extensions>
          <ns3:TrackPointExtension>
            <ns3:atemp>33.0</ns3:atemp>
            <ns3:hr>150</ns3:hr>
            <ns3:cad>85</ns3:cad>
          </ns3:TrackPointExtension>
        </extensions>
      </trkpt>
      <trkpt lat="22.5551282800734043121337890625" lon="114.01458081789314746856689453125">
        <ele>16.3999996185302734375</ele>
        <time>2026-08-12T22:39:21.000Z</time>
        <extensions>
          <ns3:TrackPointExtension>
            <ns3:atemp>33.0</ns3:atemp>
            <ns3:hr>150</ns3:hr>
            <ns3:cad>85</ns3:cad>
          </ns3:TrackPointExtension>
        </extensions>
      </trkpt>
      <trkpt lat="22.55512677133083343505859375" lon="114.0146104060113430023193359375">
        <ele>16.3999996185302734375</ele>
        <time>2026-08-12T22:39:22.000Z</time>
        <extensions>
          <ns3:TrackPointExtension>
            <ns3:atemp>33.0</ns3:atemp>
            <ns3:hr>150</ns3:hr>
            <ns3:cad>85</ns3:cad>
          </ns3:TrackPointExtension>
        </extensions>
      </trkpt>
      <trkpt lat="22.55512383766472339630126953125" lon="114.0146348811686038970947265625">
        <ele>16.3999996185302734375</ele>
        <time>2026-08-12T22:39:23.000Z</time>
        <extensions>
          <ns3:TrackPointExtension>
            <ns3:atemp>33.0</ns3:atemp>
            <ns3:hr>150</ns3:hr>
            <ns3:cad>85</ns3:cad>
          </ns3:TrackPointExtension>
        </extensions>
      </trkpt>
      <trkpt lat="22.5551259331405162811279296875" lon="114.01465692557394504547119140625">
        <ele>16.200000762939453125</ele>
        <time>2026-08-12T22:39:24.000Z</time>
        <extensions>
          <ns3:TrackPointExtension>
            <ns3:atemp>33.0</ns3:atemp>
            <ns3:hr>150</ns3:hr>
            <ns3:cad>85</ns3:cad>
          </ns3:TrackPointExtension>
        </extensions>
      </trkpt>
      <trkpt lat="22.555128447711467742919921875" lon="114.01468257419764995574951171875">
        <ele>16.200000762939453125</ele>
        <time>2026-08-12T22:39:25.000Z</time>
        <extensions>
          <ns3:TrackPointExtension>
            <ns3:atemp>33.0</ns3:atemp>
            <ns3:hr>150</ns3:hr>
            <ns3:cad>85</ns3:cad>
          </ns3:TrackPointExtension>
        </extensions>
      </trkpt>
      <trkpt lat="22.55512936972081661224365234375" lon="114.01470855809748172760009765625">
        <ele>16.200000762939453125</ele>
        <time>2026-08-12T22:39:26.000Z</time>
        <extensions>
          <ns3:TrackPointExtension>
            <ns3:atemp>33.0</ns3:atemp>
            <ns3:hr>150</ns3:hr>
            <ns3:cad>85</ns3:cad>
          </ns3:TrackPointExtension>
        </extensions>
      </trkpt>
      <trkpt lat="22.55513221956789493560791015625" lon="114.01473655365407466888427734375">
        <ele>16.200000762939453125</ele>
        <time>2026-08-12T22:39:27.000Z</time>
        <extensions>
          <ns3:TrackPointExtension>
            <ns3:atemp>33.0</ns3:atemp>
            <ns3:hr>149</ns3:hr>
            <ns3:cad>85</ns3:cad>
          </ns3:TrackPointExtension>
        </extensions>
      </trkpt>
      <trkpt lat="22.55513121373951435089111328125" lon="114.01476119644939899444580078125">
        <ele>16</ele>
        <time>2026-08-12T22:39:28.000Z</time>
        <extensions>
          <ns3:TrackPointExtension>
            <ns3:atemp>33.0</ns3:atemp>
            <ns3:hr>150</ns3:hr>
            <ns3:cad>85</ns3:cad>
          </ns3:TrackPointExtension>
        </extensions>
      </trkpt>
      <trkpt lat="22.555132806301116943359375" lon="114.01478650979697704315185546875">
        <ele>16</ele>
        <time>2026-08-12T22:39:29.000Z</time>
        <extensions>
          <ns3:TrackPointExtension>
            <ns3:atemp>33.0</ns3:atemp>
            <ns3:hr>150</ns3:hr>
            <ns3:cad>85</ns3:cad>
          </ns3:TrackPointExtension>
        </extensions>
      </trkpt>
      <trkpt lat="22.55512886680662631988525390625" lon="114.0148145891726016998291015625">
        <ele>16</ele>
        <time>2026-08-12T22:39:30.000Z</time>
        <extensions>
          <ns3:TrackPointExtension>
            <ns3:atemp>33.0</ns3:atemp>
            <ns3:hr>149</ns3:hr>
            <ns3:cad>85</ns3:cad>
          </ns3:TrackPointExtension>
        </extensions>
      </trkpt>
      <trkpt lat="22.55513037554919719696044921875" lon="114.01483680121600627899169921875">
        <ele>16</ele>
        <time>2026-08-12T22:39:31.000Z</time>
        <extensions>
          <ns3:TrackPointExtension>
            <ns3:atemp>33.0</ns3:atemp>
            <ns3:hr>149</ns3:hr>
            <ns3:cad>85</ns3:cad>
          </ns3:TrackPointExtension>
        </extensions>
      </trkpt>
      <trkpt lat="22.555131129920482635498046875" lon="114.0148638747632503509521484375">
        <ele>16</ele>
        <time>2026-08-12T22:39:32.000Z</time>
        <extensions>
          <ns3:TrackPointExtension>
            <ns3:atemp>33.0</ns3:atemp>
            <ns3:hr>149</ns3:hr>
            <ns3:cad>85</ns3:cad>
          </ns3:TrackPointExtension>
        </extensions>
      </trkpt>
      <trkpt lat="22.555135153234004974365234375" lon="114.014886505901813507080078125">
        <ele>16</ele>
        <time>2026-08-12T22:39:33.000Z</time>
        <extensions>
          <ns3:TrackPointExtension>
            <ns3:atemp>33.0</ns3:atemp>
            <ns3:hr>149</ns3:hr>
            <ns3:cad>85</ns3:cad>
          </ns3:TrackPointExtension>
        </extensions>
      </trkpt>
      <trkpt lat="22.5551363267004489898681640625" lon="114.01491156779229640960693359375">
        <ele>16</ele>
        <time>2026-08-12T22:39:34.000Z</time>
        <extensions>
          <ns3:TrackPointExtension>
            <ns3:atemp>33.0</ns3:atemp>
            <ns3:hr>150</ns3:hr>
            <ns3:cad>85</ns3:cad>
          </ns3:TrackPointExtension>
        </extensions>
      </trkpt>
      <trkpt lat="22.5551368296146392822265625" lon="114.01493822224438190460205078125">
        <ele>16</ele>
        <time>2026-08-12T22:39:35.000Z</time>
        <extensions>
          <ns3:TrackPointExtension>
            <ns3:atemp>33.0</ns3:atemp>
            <ns3:hr>149</ns3:hr>
            <ns3:cad>85</ns3:cad>
          </ns3:TrackPointExtension>
        </extensions>
      </trkpt>
      <trkpt lat="22.5551386736333370208740234375" lon="114.01495666243135929107666015625">
        <ele>15.80000019073486328125</ele>
        <time>2026-08-12T22:39:36.000Z</time>
        <extensions>
          <ns3:TrackPointExtension>
            <ns3:atemp>33.0</ns3:atemp>
            <ns3:hr>149</ns3:hr>
            <ns3:cad>85</ns3:cad>
          </ns3:TrackPointExtension>
        </extensions>
      </trkpt>
      <trkpt lat="22.55513624288141727447509765625" lon="114.014985077083110809326171875">
        <ele>15.80000019073486328125</ele>
        <time>2026-08-12T22:39:37.000Z</time>
        <extensions>
          <ns3:TrackPointExtension>
            <ns3:atemp>33.0</ns3:atemp>
            <ns3:hr>149</ns3:hr>
            <ns3:cad>85</ns3:cad>
          </ns3:TrackPointExtension>
        </extensions>
      </trkpt>
      <trkpt lat="22.555135823786258697509765625" lon="114.01500913314521312713623046875">
        <ele>15.80000019073486328125</ele>
        <time>2026-08-12T22:39:38.000Z</time>
        <extensions>
          <ns3:TrackPointExtension>
            <ns3:atemp>33.0</ns3:atemp>
            <ns3:hr>150</ns3:hr>
            <ns3:cad>84</ns3:cad>
          </ns3:TrackPointExtension>
        </extensions>
      </trkpt>
      <trkpt lat="22.5551314651966094970703125" lon="114.01503981091082096099853515625">
        <ele>15.80000019073486328125</ele>
        <time>2026-08-12T22:39:39.000Z</time>
        <extensions>
          <ns3:TrackPointExtension>
            <ns3:atemp>33.0</ns3:atemp>
            <ns3:hr>150</ns3:hr>
            <ns3:cad>84</ns3:cad>
          </ns3:TrackPointExtension>
        </extensions>
      </trkpt>
      <trkpt lat="22.55512920208275318145751953125" lon="114.01506680063903331756591796875">
        <ele>15.80000019073486328125</ele>
        <time>2026-08-12T22:39:40.000Z</time>
        <extensions>
          <ns3:TrackPointExtension>
            <ns3:atemp>33.0</ns3:atemp>
            <ns3:hr>150</ns3:hr>
            <ns3:cad>84</ns3:cad>
          </ns3:TrackPointExtension>
        </extensions>
      </trkpt>
      <trkpt lat="22.5551299564540386199951171875" lon="114.0150928683578968048095703125">
        <ele>15.80000019073486328125</ele>
        <time>2026-08-12T22:39:41.000Z</time>
        <extensions>
          <ns3:TrackPointExtension>
            <ns3:atemp>33.0</ns3:atemp>
            <ns3:hr>150</ns3:hr>
            <ns3:cad>85</ns3:cad>
          </ns3:TrackPointExtension>
        </extensions>
      </trkpt>
      <trkpt lat="22.55512685514986515045166015625" lon="114.01511943899095058441162109375">
        <ele>15.80000019073486328125</ele>
        <time>2026-08-12T22:39:42.000Z</time>
        <extensions>
          <ns3:TrackPointExtension>
            <ns3:atemp>33.0</ns3:atemp>
            <ns3:hr>149</ns3:hr>
            <ns3:cad>85</ns3:cad>
          </ns3:TrackPointExtension>
        </extensions>
      </trkpt>
      <trkpt lat="22.5551239214837551116943359375" lon="114.015141315758228302001953125">
        <ele>15.6000003814697265625</ele>
        <time>2026-08-12T22:39:43.000Z</time>
        <extensions>
          <ns3:TrackPointExtension>
            <ns3:atemp>33.0</ns3:atemp>
            <ns3:hr>150</ns3:hr>
            <ns3:cad>85</ns3:cad>
          </ns3:TrackPointExtension>
        </extensions>
      </trkpt>
      <trkpt lat="22.55511344410479068756103515625" lon="114.0151704847812652587890625">
        <ele>15.6000003814697265625</ele>
        <time>2026-08-12T22:39:44.000Z</time>
        <extensions>
          <ns3:TrackPointExtension>
            <ns3:atemp>33.0</ns3:atemp>
            <ns3:hr>150</ns3:hr>
            <ns3:cad>86</ns3:cad>
          </ns3:TrackPointExtension>
        </extensions>
      </trkpt>
      <trkpt lat="22.55510573275387287139892578125" lon="114.0151917748153209686279296875">
        <ele>15.6000003814697265625</ele>
        <time>2026-08-12T22:39:45.000Z</time>
        <extensions>
          <ns3:TrackPointExtension>
            <ns3:atemp>33.0</ns3:atemp>
            <ns3:hr>150</ns3:hr>
            <ns3:cad>86</ns3:cad>
          </ns3:TrackPointExtension>
        </extensions>
      </trkpt>
      <trkpt lat="22.5550987757742404937744140625" lon="114.01521733961999416351318359375">
        <ele>15.6000003814697265625</ele>
        <time>2026-08-12T22:39:46.000Z</time>
        <extensions>
          <ns3:TrackPointExtension>
            <ns3:atemp>33.0</ns3:atemp>
            <ns3:hr>150</ns3:hr>
            <ns3:cad>86</ns3:cad>
          </ns3:TrackPointExtension>
        </extensions>
      </trkpt>
      <trkpt lat="22.555086873471736907958984375" lon="114.01523888111114501953125">
        <ele>15.3999996185302734375</ele>
        <time>2026-08-12T22:39:47.000Z</time>
        <extensions>
          <ns3:TrackPointExtension>
            <ns3:atemp>33.0</ns3:atemp>
            <ns3:hr>150</ns3:hr>
            <ns3:cad>85</ns3:cad>
          </ns3:TrackPointExtension>
        </extensions>
      </trkpt>
      <trkpt lat="22.5550800003111362457275390625" lon="114.01525908149778842926025390625">
        <ele>15.3999996185302734375</ele>
        <time>2026-08-12T22:39:48.000Z</time>
        <extensions>
          <ns3:TrackPointExtension>
            <ns3:atemp>33.0</ns3:atemp>
            <ns3:hr>150</ns3:hr>
            <ns3:cad>85</ns3:cad>
          </ns3:TrackPointExtension>
        </extensions>
      </trkpt>
      <trkpt lat="22.55506952293217182159423828125" lon="114.0152839757502079010009765625">
        <ele>15.3999996185302734375</ele>
        <time>2026-08-12T22:39:49.000Z</time>
        <extensions>
          <ns3:TrackPointExtension>
            <ns3:atemp>33.0</ns3:atemp>
            <ns3:hr>150</ns3:hr>
            <ns3:cad>84</ns3:cad>
          </ns3:TrackPointExtension>
        </extensions>
      </trkpt>
      <trkpt lat="22.555062063038349151611328125" lon="114.01530652306973934173583984375">
        <ele>15.3999996185302734375</ele>
        <time>2026-08-12T22:39:50.000Z</time>
        <extensions>
          <ns3:TrackPointExtension>
            <ns3:atemp>33.0</ns3:atemp>
            <ns3:hr>150</ns3:hr>
            <ns3:cad>84</ns3:cad>
          </ns3:TrackPointExtension>
        </extensions>
      </trkpt>
      <trkpt lat="22.55504672415554523468017578125" lon="114.01533585973083972930908203125">
        <ele>15.19999980926513671875</ele>
        <time>2026-08-12T22:39:51.000Z</time>
        <extensions>
          <ns3:TrackPointExtension>
            <ns3:atemp>33.0</ns3:atemp>
            <ns3:hr>150</ns3:hr>
            <ns3:cad>84</ns3:cad>
          </ns3:TrackPointExtension>
        </extensions>
      </trkpt>
      <trkpt lat="22.55503918044269084930419921875" lon="114.0153610892593860626220703125">
        <ele>15.19999980926513671875</ele>
        <time>2026-08-12T22:39:52.000Z</time>
        <extensions>
          <ns3:TrackPointExtension>
            <ns3:atemp>33.0</ns3:atemp>
            <ns3:hr>150</ns3:hr>
            <ns3:cad>84</ns3:cad>
          </ns3:TrackPointExtension>
        </extensions>
      </trkpt>
      <trkpt lat="22.55502895452082157135009765625" lon="114.01538439095020294189453125">
        <ele>15.19999980926513671875</ele>
        <time>2026-08-12T22:39:53.000Z</time>
        <extensions>
          <ns3:TrackPointExtension>
            <ns3:atemp>33.0</ns3:atemp>
            <ns3:hr>150</ns3:hr>
            <ns3:cad>84</ns3:cad>
          </ns3:TrackPointExtension>
        </extensions>
      </trkpt>
      <trkpt lat="22.555015124380588531494140625" lon="114.01540693826973438262939453125">
        <ele>15.19999980926513671875</ele>
        <time>2026-08-12T22:39:54.000Z</time>
        <extensions>
          <ns3:TrackPointExtension>
            <ns3:atemp>33.0</ns3:atemp>
            <ns3:hr>150</ns3:hr>
            <ns3:cad>84</ns3:cad>
          </ns3:TrackPointExtension>
        </extensions>
      </trkpt>
      <trkpt lat="22.555003724992275238037109375" lon="114.01542864739894866943359375">
        <ele>15.19999980926513671875</ele>
        <time>2026-08-12T22:39:55.000Z</time>
        <extensions>
          <ns3:TrackPointExtension>
            <ns3:atemp>33.0</ns3:atemp>
            <ns3:hr>150</ns3:hr>
            <ns3:cad>84</ns3:cad>
          </ns3:TrackPointExtension>
        </extensions>
      </trkpt>
      <trkpt lat="22.55498318932950496673583984375" lon="114.0154506079852581024169921875">
        <ele>15</ele>
        <time>2026-08-12T22:39:56.000Z</time>
        <extensions>
          <ns3:TrackPointExtension>
            <ns3:atemp>33.0</ns3:atemp>
            <ns3:hr>150</ns3:hr>
            <ns3:cad>84</ns3:cad>
          </ns3:TrackPointExtension>
        </extensions>
      </trkpt>
      <trkpt lat="22.5549660064280033111572265625" lon="114.01546611450612545013427734375">
        <ele>15</ele>
        <time>2026-08-12T22:39:57.000Z</time>
        <extensions>
          <ns3:TrackPointExtension>
            <ns3:atemp>33.0</ns3:atemp>
            <ns3:hr>150</ns3:hr>
            <ns3:cad>85</ns3:cad>
          </ns3:TrackPointExtension>
        </extensions>
      </trkpt>
      <trkpt lat="22.55494530312716960906982421875" lon="114.0154802799224853515625">
        <ele>15</ele>
        <time>2026-08-12T22:39:58.000Z</time>
        <extensions>
          <ns3:TrackPointExtension>
            <ns3:atemp>33.0</ns3:atemp>
            <ns3:hr>150</ns3:hr>
            <ns3:cad>85</ns3:cad>
          </ns3:TrackPointExtension>
        </extensions>
      </trkpt>
      <trkpt lat="22.5549264438450336456298828125" lon="114.015498720109462738037109375">
        <ele>15</ele>
        <time>2026-08-12T22:39:59.000Z</time>
        <extensions>
          <ns3:TrackPointExtension>
            <ns3:atemp>33.0</ns3:atemp>
            <ns3:hr>151</ns3:hr>
            <ns3:cad>85</ns3:cad>
          </ns3:TrackPointExtension>
        </extensions>
      </trkpt>
      <trkpt lat="22.5549120269715785980224609375" lon="114.01551573537290096282958984375">
        <ele>14.80000019073486328125</ele>
        <time>2026-08-12T22:40:00.000Z</time>
        <extensions>
          <ns3:TrackPointExtension>
            <ns3:atemp>33.0</ns3:atemp>
            <ns3:hr>150</ns3:hr>
            <ns3:cad>85</ns3:cad>
          </ns3:TrackPointExtension>
        </extensions>
      </trkpt>
      <trkpt lat="22.55489501170814037322998046875" lon="114.0155317448079586029052734375">
        <ele>14.80000019073486328125</ele>
        <time>2026-08-12T22:40:01.000Z</time>
        <extensions>
          <ns3:TrackPointExtension>
            <ns3:atemp>33.0</ns3:atemp>
            <ns3:hr>151</ns3:hr>
            <ns3:cad>85</ns3:cad>
          </ns3:TrackPointExtension>
        </extensions>
      </trkpt>
      <trkpt lat="22.55488059483468532562255859375" lon="114.01555077172815799713134765625">
        <ele>14.80000019073486328125</ele>
        <time>2026-08-12T22:40:02.000Z</time>
        <extensions>
          <ns3:TrackPointExtension>
            <ns3:atemp>33.0</ns3:atemp>
            <ns3:hr>151</ns3:hr>
            <ns3:cad>85</ns3:cad>
          </ns3:TrackPointExtension>
        </extensions>
      </trkpt>
      <trkpt lat="22.554862909018993377685546875" lon="114.01556544005870819091796875">
        <ele>14.80000019073486328125</ele>
        <time>2026-08-12T22:40:03.000Z</time>
        <extensions>
          <ns3:TrackPointExtension>
            <ns3:atemp>33.0</ns3:atemp>
            <ns3:hr>152</ns3:hr>
            <ns3:cad>85</ns3:cad>
          </ns3:TrackPointExtension>
        </extensions>
      </trkpt>
      <trkpt lat="22.55484379827976226806640625" lon="114.01558329351246356964111328125">
        <ele>14.6000003814697265625</ele>
        <time>2026-08-12T22:40:04.000Z</time>
        <extensions>
          <ns3:TrackPointExtension>
            <ns3:atemp>33.0</ns3:atemp>
            <ns3:hr>152</ns3:hr>
            <ns3:cad>85</ns3:cad>
          </ns3:TrackPointExtension>
        </extensions>
      </trkpt>
      <trkpt lat="22.55482904613018035888671875" lon="114.01560173369944095611572265625">
        <ele>14.6000003814697265625</ele>
        <time>2026-08-12T22:40:05.000Z</time>
        <extensions>
          <ns3:TrackPointExtension>
            <ns3:atemp>33.0</ns3:atemp>
            <ns3:hr>152</ns3:hr>
            <ns3:cad>84</ns3:cad>
          </ns3:TrackPointExtension>
        </extensions>
      </trkpt>
      <trkpt lat="22.55481018684804439544677734375" lon="114.01562486775219440460205078125">
        <ele>14.6000003814697265625</ele>
        <time>2026-08-12T22:40:06.000Z</time>
        <extensions>
          <ns3:TrackPointExtension>
            <ns3:atemp>33.0</ns3:atemp>
            <ns3:hr>152</ns3:hr>
            <ns3:cad>84</ns3:cad>
          </ns3:TrackPointExtension>
        </extensions>
      </trkpt>
      <trkpt lat="22.55479392595589160919189453125" lon="114.015643559396266937255859375">
        <ele>14.6000003814697265625</ele>
        <time>2026-08-12T22:40:07.000Z</time>
        <extensions>
          <ns3:TrackPointExtension>
            <ns3:atemp>33.0</ns3:atemp>
            <ns3:hr>152</ns3:hr>
            <ns3:cad>84</ns3:cad>
          </ns3:TrackPointExtension>
        </extensions>
      </trkpt>
      <trkpt lat="22.5547774136066436767578125" lon="114.01565554551780223846435546875">
        <ele>14.6000003814697265625</ele>
        <time>2026-08-12T22:40:08.000Z</time>
        <extensions>
          <ns3:TrackPointExtension>
            <ns3:atemp>33.0</ns3:atemp>
            <ns3:hr>152</ns3:hr>
            <ns3:cad>84</ns3:cad>
          </ns3:TrackPointExtension>
        </extensions>
      </trkpt>
      <trkpt lat="22.55475922487676143646240234375" lon="114.0156651847064495086669921875">
        <ele>14.6000003814697265625</ele>
        <time>2026-08-12T22:40:09.000Z</time>
        <extensions>
          <ns3:TrackPointExtension>
            <ns3:atemp>33.0</ns3:atemp>
            <ns3:hr>152</ns3:hr>
            <ns3:cad>84</ns3:cad>
          </ns3:TrackPointExtension>
        </extensions>
      </trkpt>
      <trkpt lat="22.55473994649946689605712890625" lon="114.01567482389509677886962890625">
        <ele>14.6000003814697265625</ele>
        <time>2026-08-12T22:40:10.000Z</time>
        <extensions>
          <ns3:TrackPointExtension>
            <ns3:atemp>33.0</ns3:atemp>
            <ns3:hr>152</ns3:hr>
            <ns3:cad>84</ns3:cad>
          </ns3:TrackPointExtension>
        </extensions>
      </trkpt>
      <trkpt lat="22.55471882410347461700439453125" lon="114.0156849659979343414306640625">
        <ele>14.3999996185302734375</ele>
        <time>2026-08-12T22:40:11.000Z</time>
        <extensions>
          <ns3:TrackPointExtension>
            <ns3:atemp>33.0</ns3:atemp>
            <ns3:hr>152</ns3:hr>
            <ns3:cad>84</ns3:cad>
          </ns3:TrackPointExtension>
        </extensions>
      </trkpt>
      <trkpt lat="22.55469971336424350738525390625" lon="114.01569678448140621185302734375">
        <ele>14.3999996185302734375</ele>
        <time>2026-08-12T22:40:12.000Z</time>
        <extensions>
          <ns3:TrackPointExtension>
            <ns3:atemp>33.0</ns3:atemp>
            <ns3:hr>152</ns3:hr>
            <ns3:cad>84</ns3:cad>
          </ns3:TrackPointExtension>
        </extensions>
      </trkpt>
      <trkpt lat="22.55467205308377742767333984375" lon="114.015708602964878082275390625">
        <ele>14.3999996185302734375</ele>
        <time>2026-08-12T22:40:13.000Z</time>
        <extensions>
          <ns3:TrackPointExtension>
            <ns3:atemp>33.0</ns3:atemp>
            <ns3:hr>152</ns3:hr>
            <ns3:cad>85</ns3:cad>
          </ns3:TrackPointExtension>
        </extensions>
      </trkpt>
      <trkpt lat="22.554654367268085479736328125" lon="114.01572293601930141448974609375">
        <ele>14.3999996185302734375</ele>
        <time>2026-08-12T22:40:14.000Z</time>
        <extensions>
          <ns3:TrackPointExtension>
            <ns3:atemp>33.0</ns3:atemp>
            <ns3:hr>152</ns3:hr>
            <ns3:cad>85</ns3:cad>
          </ns3:TrackPointExtension>
        </extensions>
      </trkpt>
      <trkpt lat="22.55462829954922199249267578125" lon="114.015732742846012115478515625">
        <ele>14.3999996185302734375</ele>
        <time>2026-08-12T22:40:15.000Z</time>
        <extensions>
          <ns3:TrackPointExtension>
            <ns3:atemp>33.0</ns3:atemp>
            <ns3:hr>152</ns3:hr>
            <ns3:cad>85</ns3:cad>
          </ns3:TrackPointExtension>
        </extensions>
      </trkpt>
      <trkpt lat="22.55460684187710285186767578125" lon="114.01573886163532733917236328125">
        <ele>14.19999980926513671875</ele>
        <time>2026-08-12T22:40:16.000Z</time>
        <extensions>
          <ns3:TrackPointExtension>
            <ns3:atemp>33.0</ns3:atemp>
            <ns3:hr>152</ns3:hr>
            <ns3:cad>85</ns3:cad>
          </ns3:TrackPointExtension>
        </extensions>
      </trkpt>
      <trkpt lat="22.5545871444046497344970703125" lon="114.01574992574751377105712890625">
        <ele>14.19999980926513671875</ele>
        <time>2026-08-12T22:40:17.000Z</time>
        <extensions>
          <ns3:TrackPointExtension>
            <ns3:atemp>33.0</ns3:atemp>
            <ns3:hr>152</ns3:hr>
            <ns3:cad>85</ns3:cad>
          </ns3:TrackPointExtension>
        </extensions>
      </trkpt>
      <trkpt lat="22.554563172161579132080078125" lon="114.01576132513582706451416015625">
        <ele>14</ele>
        <time>2026-08-12T22:40:18.000Z</time>
        <extensions>
          <ns3:TrackPointExtension>
            <ns3:atemp>33.0</ns3:atemp>
            <ns3:hr>153</ns3:hr>
            <ns3:cad>85</ns3:cad>
          </ns3:TrackPointExtension>
        </extensions>
      </trkpt>
      <trkpt lat="22.55454766564071178436279296875" lon="114.01577071286737918853759765625">
        <ele>14</ele>
        <time>2026-08-12T22:40:19.000Z</time>
        <extensions>
          <ns3:TrackPointExtension>
            <ns3:atemp>33.0</ns3:atemp>
            <ns3:hr>153</ns3:hr>
            <ns3:cad>85</ns3:cad>
          </ns3:TrackPointExtension>
        </extensions>
      </trkpt>
      <trkpt lat="22.55452805198729038238525390625" lon="114.01577926240861415863037109375">
        <ele>14</ele>
        <time>2026-08-12T22:40:20.000Z</time>
        <extensions>
          <ns3:TrackPointExtension>
            <ns3:atemp>33.0</ns3:atemp>
            <ns3:hr>153</ns3:hr>
            <ns3:cad>85</ns3:cad>
          </ns3:TrackPointExtension>
        </extensions>
      </trkpt>
      <trkpt lat="22.55450877360999584197998046875" lon="114.0157900750637054443359375">
        <ele>13.80000019073486328125</ele>
        <time>2026-08-12T22:40:21.000Z</time>
        <extensions>
          <ns3:TrackPointExtension>
            <ns3:atemp>33.0</ns3:atemp>
            <ns3:hr>152</ns3:hr>
            <ns3:cad>84</ns3:cad>
          </ns3:TrackPointExtension>
        </extensions>
      </trkpt>
      <trkpt lat="22.55449318327009677886962890625" lon="114.015799462795257568359375">
        <ele>13.80000019073486328125</ele>
        <time>2026-08-12T22:40:22.000Z</time>
        <extensions>
          <ns3:TrackPointExtension>
            <ns3:atemp>33.0</ns3:atemp>
            <ns3:hr>152</ns3:hr>
            <ns3:cad>84</ns3:cad>
          </ns3:TrackPointExtension>
        </extensions>
      </trkpt>
      <trkpt lat="22.55447071976959705352783203125" lon="114.01580776087939739227294921875">
        <ele>13.80000019073486328125</ele>
        <time>2026-08-12T22:40:23.000Z</time>
        <extensions>
          <ns3:TrackPointExtension>
            <ns3:atemp>33.0</ns3:atemp>
            <ns3:hr>152</ns3:hr>
            <ns3:cad>84</ns3:cad>
          </ns3:TrackPointExtension>
        </extensions>
      </trkpt>
      <trkpt lat="22.55445647053420543670654296875" lon="114.01581999845802783966064453125">
        <ele>13.80000019073486328125</ele>
        <time>2026-08-12T22:40:24.000Z</time>
        <extensions>
          <ns3:TrackPointExtension>
            <ns3:atemp>33.0</ns3:atemp>
            <ns3:hr>152</ns3:hr>
            <ns3:cad>84</ns3:cad>
          </ns3:TrackPointExtension>
        </extensions>
      </trkpt>
      <trkpt lat="22.554430402815341949462890625" lon="114.01582905091345310211181640625">
        <ele>13.80000019073486328125</ele>
        <time>2026-08-12T22:40:25.000Z</time>
        <extensions>
          <ns3:TrackPointExtension>
            <ns3:atemp>33.0</ns3:atemp>
            <ns3:hr>152</ns3:hr>
            <ns3:cad>84</ns3:cad>
          </ns3:TrackPointExtension>
        </extensions>
      </trkpt>
      <trkpt lat="22.55440886132419109344482421875" lon="114.0158422105014324188232421875">
        <ele>13.80000019073486328125</ele>
        <time>2026-08-12T22:40:26.000Z</time>
        <extensions>
          <ns3:TrackPointExtension>
            <ns3:atemp>33.0</ns3:atemp>
            <ns3:hr>151</ns3:hr>
            <ns3:cad>84</ns3:cad>
          </ns3:TrackPointExtension>
        </extensions>
      </trkpt>
      <trkpt lat="22.55438639782369136810302734375" lon="114.01585319079458713531494140625">
        <ele>13.80000019073486328125</ele>
        <time>2026-08-12T22:40:27.000Z</time>
        <extensions>
          <ns3:TrackPointExtension>
            <ns3:atemp>33.0</ns3:atemp>
            <ns3:hr>151</ns3:hr>
            <ns3:cad>84</ns3:cad>
          </ns3:TrackPointExtension>
        </extensions>
      </trkpt>
      <trkpt lat="22.55436158739030361175537109375" lon="114.0158666856586933135986328125">
        <ele>13.6000003814697265625</ele>
        <time>2026-08-12T22:40:28.000Z</time>
        <extensions>
          <ns3:TrackPointExtension>
            <ns3:atemp>33.0</ns3:atemp>
            <ns3:hr>150</ns3:hr>
            <ns3:cad>84</ns3:cad>
          </ns3:TrackPointExtension>
        </extensions>
      </trkpt>
      <trkpt lat="22.5543420575559139251708984375" lon="114.0158785879611968994140625">
        <ele>13.6000003814697265625</ele>
        <time>2026-08-12T22:40:29.000Z</time>
        <extensions>
          <ns3:TrackPointExtension>
            <ns3:atemp>33.0</ns3:atemp>
            <ns3:hr>149</ns3:hr>
            <ns3:cad>84</ns3:cad>
          </ns3:TrackPointExtension>
        </extensions>
      </trkpt>
      <trkpt lat="22.55432085134088993072509765625" lon="114.0158935077488422393798828125">
        <ele>13.6000003814697265625</ele>
        <time>2026-08-12T22:40:30.000Z</time>
        <extensions>
          <ns3:TrackPointExtension>
            <ns3:atemp>33.0</ns3:atemp>
            <ns3:hr>148</ns3:hr>
            <ns3:cad>84</ns3:cad>
          </ns3:TrackPointExtension>
        </extensions>
      </trkpt>
      <trkpt lat="22.55430090241134166717529296875" lon="114.01590339839458465576171875">
        <ele>13.6000003814697265625</ele>
        <time>2026-08-12T22:40:31.000Z</time>
        <extensions>
          <ns3:TrackPointExtension>
            <ns3:atemp>33.0</ns3:atemp>
            <ns3:hr>148</ns3:hr>
            <ns3:cad>84</ns3:cad>
          </ns3:TrackPointExtension>
        </extensions>
      </trkpt>
      <trkpt lat="22.55427961237728595733642578125" lon="114.0159163065254688262939453125">
        <ele>13.3999996185302734375</ele>
        <time>2026-08-12T22:40:32.000Z</time>
        <extensions>
          <ns3:TrackPointExtension>
            <ns3:atemp>33.0</ns3:atemp>
            <ns3:hr>148</ns3:hr>
            <ns3:cad>84</ns3:cad>
          </ns3:TrackPointExtension>
        </extensions>
      </trkpt>
      <trkpt lat="22.55425379611551761627197265625" lon="114.01592862792313098907470703125">
        <ele>13.3999996185302734375</ele>
        <time>2026-08-12T22:40:33.000Z</time>
        <extensions>
          <ns3:TrackPointExtension>
            <ns3:atemp>33.0</ns3:atemp>
            <ns3:hr>148</ns3:hr>
            <ns3:cad>84</ns3:cad>
          </ns3:TrackPointExtension>
        </extensions>
      </trkpt>
      <trkpt lat="22.55423803813755512237548828125" lon="114.01594287715852260589599609375">
        <ele>13.3999996185302734375</ele>
        <time>2026-08-12T22:40:34.000Z</time>
        <extensions>
          <ns3:TrackPointExtension>
            <ns3:atemp>33.0</ns3:atemp>
            <ns3:hr>148</ns3:hr>
            <ns3:cad>84</ns3:cad>
          </ns3:TrackPointExtension>
        </extensions>
      </trkpt>
      <trkpt lat="22.55421574227511882781982421875" lon="114.0159523487091064453125">
        <ele>13.3999996185302734375</ele>
        <time>2026-08-12T22:40:35.000Z</time>
        <extensions>
          <ns3:TrackPointExtension>
            <ns3:atemp>33.0</ns3:atemp>
            <ns3:hr>147</ns3:hr>
            <ns3:cad>84</ns3:cad>
          </ns3:TrackPointExtension>
        </extensions>
      </trkpt>
      <trkpt lat="22.5541992299258708953857421875" lon="114.0159671008586883544921875">
        <ele>13.3999996185302734375</ele>
        <time>2026-08-12T22:40:36.000Z</time>
        <extensions>
          <ns3:TrackPointExtension>
            <ns3:atemp>33.0</ns3:atemp>
            <ns3:hr>147</ns3:hr>
            <ns3:cad>84</ns3:cad>
          </ns3:TrackPointExtension>
        </extensions>
      </trkpt>
      <trkpt lat="22.5541771017014980316162109375" lon="114.0159813500940799713134765625">
        <ele>13.19999980926513671875</ele>
        <time>2026-08-12T22:40:37.000Z</time>
        <extensions>
          <ns3:TrackPointExtension>
            <ns3:atemp>33.0</ns3:atemp>
            <ns3:hr>147</ns3:hr>
            <ns3:cad>84</ns3:cad>
          </ns3:TrackPointExtension>
        </extensions>
      </trkpt>
      <trkpt lat="22.55415891297161579132080078125" lon="114.0159880556166172027587890625">
        <ele>13.19999980926513671875</ele>
        <time>2026-08-12T22:40:38.000Z</time>
        <extensions>
          <ns3:TrackPointExtension>
            <ns3:atemp>33.0</ns3:atemp>
            <ns3:hr>147</ns3:hr>
            <ns3:cad>84</ns3:cad>
          </ns3:TrackPointExtension>
        </extensions>
      </trkpt>
      <trkpt lat="22.554140724241733551025390625" lon="114.01599853299558162689208984375">
        <ele>13.19999980926513671875</ele>
        <time>2026-08-12T22:40:39.000Z</time>
        <extensions>
          <ns3:TrackPointExtension>
            <ns3:atemp>33.0</ns3:atemp>
            <ns3:hr>147</ns3:hr>
            <ns3:cad>84</ns3:cad>
          </ns3:TrackPointExtension>
        </extensions>
      </trkpt>
      <trkpt lat="22.554116584360599517822265625" lon="114.01601026766002178192138671875">
        <ele>13</ele>
        <time>2026-08-12T22:40:40.000Z</time>
        <extensions>
          <ns3:TrackPointExtension>
            <ns3:atemp>33.0</ns3:atemp>
            <ns3:hr>147</ns3:hr>
            <ns3:cad>84</ns3:cad>
          </ns3:TrackPointExtension>
        </extensions>
      </trkpt>
      <trkpt lat="22.5540996529161930084228515625" lon="114.01602351106703281402587890625">
        <ele>13</ele>
        <time>2026-08-12T22:40:41.000Z</time>
        <extensions>
          <ns3:TrackPointExtension>
            <ns3:atemp>33.0</ns3:atemp>
            <ns3:hr>147</ns3:hr>
            <ns3:cad>85</ns3:cad>
          </ns3:TrackPointExtension>
        </extensions>
      </trkpt>
      <trkpt lat="22.55407475866377353668212890625" lon="114.0160329826176166534423828125">
        <ele>13</ele>
        <time>2026-08-12T22:40:42.000Z</time>
        <extensions>
          <ns3:TrackPointExtension>
            <ns3:atemp>33.0</ns3:atemp>
            <ns3:hr>147</ns3:hr>
            <ns3:cad>85</ns3:cad>
          </ns3:TrackPointExtension>
        </extensions>
      </trkpt>
      <trkpt lat="22.5540590845048427581787109375" lon="114.01604832150042057037353515625">
        <ele>12.80000019073486328125</ele>
        <time>2026-08-12T22:40:43.000Z</time>
        <extensions>
          <ns3:TrackPointExtension>
            <ns3:atemp>33.0</ns3:atemp>
            <ns3:hr>146</ns3:hr>
            <ns3:cad>85</ns3:cad>
          </ns3:TrackPointExtension>
        </extensions>
      </trkpt>
      <trkpt lat="22.55404257215559482574462890625" lon="114.016061313450336456298828125">
        <ele>12.80000019073486328125</ele>
        <time>2026-08-12T22:40:44.000Z</time>
        <extensions>
          <ns3:TrackPointExtension>
            <ns3:atemp>33.0</ns3:atemp>
            <ns3:hr>147</ns3:hr>
            <ns3:cad>85</ns3:cad>
          </ns3:TrackPointExtension>
        </extensions>
      </trkpt>
      <trkpt lat="22.55401901900768280029296875" lon="114.01607564650475978851318359375">
        <ele>12.80000019073486328125</ele>
        <time>2026-08-12T22:40:45.000Z</time>
        <extensions>
          <ns3:TrackPointExtension>
            <ns3:atemp>33.0</ns3:atemp>
            <ns3:hr>147</ns3:hr>
            <ns3:cad>85</ns3:cad>
          </ns3:TrackPointExtension>
        </extensions>
      </trkpt>
      <trkpt lat="22.55400451831519603729248046875" lon="114.0160889737308025360107421875">
        <ele>12.6000003814697265625</ele>
        <time>2026-08-12T22:40:46.000Z</time>
        <extensions>
          <ns3:TrackPointExtension>
            <ns3:atemp>33.0</ns3:atemp>
            <ns3:hr>147</ns3:hr>
            <ns3:cad>85</ns3:cad>
          </ns3:TrackPointExtension>
        </extensions>
      </trkpt>
      <trkpt lat="22.55397920496761798858642578125" lon="114.01610246859490871429443359375">
        <ele>12.3999996185302734375</ele>
        <time>2026-08-12T22:40:47.000Z</time>
        <extensions>
          <ns3:TrackPointExtension>
            <ns3:atemp>33.0</ns3:atemp>
            <ns3:hr>148</ns3:hr>
            <ns3:cad>85</ns3:cad>
          </ns3:TrackPointExtension>
        </extensions>
      </trkpt>
      <trkpt lat="22.5539608485996723175048828125" lon="114.01611487381160259246826171875">
        <ele>12.3999996185302734375</ele>
        <time>2026-08-12T22:40:48.000Z</time>
        <extensions>
          <ns3:TrackPointExtension>
            <ns3:atemp>33.0</ns3:atemp>
            <ns3:hr>148</ns3:hr>
            <ns3:cad>85</ns3:cad>
          </ns3:TrackPointExtension>
        </extensions>
      </trkpt>
      <trkpt lat="22.553939558565616607666015625" lon="114.01612912304699420928955078125">
        <ele>12.3999996185302734375</ele>
        <time>2026-08-12T22:40:49.000Z</time>
        <extensions>
          <ns3:TrackPointExtension>
            <ns3:atemp>33.0</ns3:atemp>
            <ns3:hr>148</ns3:hr>
            <ns3:cad>85</ns3:cad>
          </ns3:TrackPointExtension>
        </extensions>
      </trkpt>
      <trkpt lat="22.553918100893497467041015625" lon="114.0161419473588466644287109375">
        <ele>12.3999996185302734375</ele>
        <time>2026-08-12T22:40:50.000Z</time>
        <extensions>
          <ns3:TrackPointExtension>
            <ns3:atemp>33.0</ns3:atemp>
            <ns3:hr>148</ns3:hr>
            <ns3:cad>85</ns3:cad>
          </ns3:TrackPointExtension>
        </extensions>
      </trkpt>
      <trkpt lat="22.55390368402004241943359375" lon="114.01615577749907970428466796875">
        <ele>12.3999996185302734375</ele>
        <time>2026-08-12T22:40:51.000Z</time>
        <extensions>
          <ns3:TrackPointExtension>
            <ns3:atemp>33.0</ns3:atemp>
            <ns3:hr>148</ns3:hr>
            <ns3:cad>84</ns3:cad>
          </ns3:TrackPointExtension>
        </extensions>
      </trkpt>
      <trkpt lat="22.55388566292822360992431640625" lon="114.01616985909640789031982421875">
        <ele>12.3999996185302734375</ele>
        <time>2026-08-12T22:40:52.000Z</time>
        <extensions>
          <ns3:TrackPointExtension>
            <ns3:atemp>33.0</ns3:atemp>
            <ns3:hr>148</ns3:hr>
            <ns3:cad>84</ns3:cad>
          </ns3:TrackPointExtension>
        </extensions>
      </trkpt>
      <trkpt lat="22.55387174896895885467529296875" lon="114.016180001199245452880859375">
        <ele>12.19999980926513671875</ele>
        <time>2026-08-12T22:40:53.000Z</time>
        <extensions>
          <ns3:TrackPointExtension>
            <ns3:atemp>33.0</ns3:atemp>
            <ns3:hr>148</ns3:hr>
            <ns3:cad>84</ns3:cad>
          </ns3:TrackPointExtension>
        </extensions>
      </trkpt>
      <trkpt lat="22.5538498722016811370849609375" lon="114.0161955915391445159912109375">
        <ele>12.19999980926513671875</ele>
        <time>2026-08-12T22:40:54.000Z</time>
        <extensions>
          <ns3:TrackPointExtension>
            <ns3:atemp>33.0</ns3:atemp>
            <ns3:hr>148</ns3:hr>
            <ns3:cad>85</ns3:cad>
          </ns3:TrackPointExtension>
        </extensions>
      </trkpt>
      <trkpt lat="22.55383051000535488128662109375" lon="114.016201794147491455078125">
        <ele>12.19999980926513671875</ele>
        <time>2026-08-12T22:40:55.000Z</time>
        <extensions>
          <ns3:TrackPointExtension>
            <ns3:atemp>33.0</ns3:atemp>
            <ns3:hr>149</ns3:hr>
            <ns3:cad>85</ns3:cad>
          </ns3:TrackPointExtension>
        </extensions>
      </trkpt>
      <trkpt lat="22.55380737595260143280029296875" lon="114.01621394790709018707275390625">
        <ele>12.19999980926513671875</ele>
        <time>2026-08-12T22:40:56.000Z</time>
        <extensions>
          <ns3:TrackPointExtension>
            <ns3:atemp>33.0</ns3:atemp>
            <ns3:hr>148</ns3:hr>
            <ns3:cad>85</ns3:cad>
          </ns3:TrackPointExtension>
        </extensions>
      </trkpt>
      <trkpt lat="22.5537828169763088226318359375" lon="114.01622350327670574188232421875">
        <ele>12</ele>
        <time>2026-08-12T22:40:57.000Z</time>
        <extensions>
          <ns3:TrackPointExtension>
            <ns3:atemp>33.0</ns3:atemp>
            <ns3:hr>148</ns3:hr>
            <ns3:cad>85</ns3:cad>
          </ns3:TrackPointExtension>
        </extensions>
      </trkpt>
      <trkpt lat="22.55376546643674373626708984375" lon="114.0162351541221141815185546875">
        <ele>12</ele>
        <time>2026-08-12T22:40:58.000Z</time>
        <extensions>
          <ns3:TrackPointExtension>
            <ns3:atemp>33.0</ns3:atemp>
            <ns3:hr>148</ns3:hr>
            <ns3:cad>85</ns3:cad>
          </ns3:TrackPointExtension>
        </extensions>
      </trkpt>
      <trkpt lat="22.55374233238399028778076171875" lon="114.0162482298910617828369140625">
        <ele>12</ele>
        <time>2026-08-12T22:40:59.000Z</time>
        <extensions>
          <ns3:TrackPointExtension>
            <ns3:atemp>33.0</ns3:atemp>
            <ns3:hr>148</ns3:hr>
            <ns3:cad>85</ns3:cad>
          </ns3:TrackPointExtension>
        </extensions>
      </trkpt>
      <trkpt lat="22.55372422747313976287841796875" lon="114.01625988073647022247314453125">
        <ele>12</ele>
        <time>2026-08-12T22:41:00.000Z</time>
        <extensions>
          <ns3:TrackPointExtension>
            <ns3:atemp>33.0</ns3:atemp>
            <ns3:hr>148</ns3:hr>
            <ns3:cad>85</ns3:cad>
          </ns3:TrackPointExtension>
        </extensions>
      </trkpt>
      <trkpt lat="22.553702183067798614501953125" lon="114.0162733756005764007568359375">
        <ele>11.80000019073486328125</ele>
        <time>2026-08-12T22:41:01.000Z</time>
        <extensions>
          <ns3:TrackPointExtension>
            <ns3:atemp>33.0</ns3:atemp>
            <ns3:hr>148</ns3:hr>
            <ns3:cad>85</ns3:cad>
          </ns3:TrackPointExtension>
        </extensions>
      </trkpt>
      <trkpt lat="22.55368382669985294342041015625" lon="114.01628418825566768646240234375">
        <ele>11.80000019073486328125</ele>
        <time>2026-08-12T22:41:02.000Z</time>
        <extensions>
          <ns3:TrackPointExtension>
            <ns3:atemp>33.0</ns3:atemp>
            <ns3:hr>148</ns3:hr>
            <ns3:cad>85</ns3:cad>
          </ns3:TrackPointExtension>
        </extensions>
      </trkpt>
      <trkpt lat="22.5536641292273998260498046875" lon="114.01629894040524959564208984375">
        <ele>11.80000019073486328125</ele>
        <time>2026-08-12T22:41:03.000Z</time>
        <extensions>
          <ns3:TrackPointExtension>
            <ns3:atemp>33.0</ns3:atemp>
            <ns3:hr>148</ns3:hr>
            <ns3:cad>85</ns3:cad>
          </ns3:TrackPointExtension>
        </extensions>
      </trkpt>
      <trkpt lat="22.55364242009818553924560546875" lon="114.01631033979356288909912109375">
        <ele>11.6000003814697265625</ele>
        <time>2026-08-12T22:41:04.000Z</time>
        <extensions>
          <ns3:TrackPointExtension>
            <ns3:atemp>33.0</ns3:atemp>
            <ns3:hr>147</ns3:hr>
            <ns3:cad>86</ns3:cad>
          </ns3:TrackPointExtension>
        </extensions>
      </trkpt>
      <trkpt lat="22.553622722625732421875" lon="114.01632316410541534423828125">
        <ele>11.6000003814697265625</ele>
        <time>2026-08-12T22:41:05.000Z</time>
        <extensions>
          <ns3:TrackPointExtension>
            <ns3:atemp>33.0</ns3:atemp>
            <ns3:hr>148</ns3:hr>
            <ns3:cad>86</ns3:cad>
          </ns3:TrackPointExtension>
        </extensions>
      </trkpt>
      <trkpt lat="22.553598918020725250244140625" lon="114.01633967645466327667236328125">
        <ele>11.6000003814697265625</ele>
        <time>2026-08-12T22:41:06.000Z</time>
        <extensions>
          <ns3:TrackPointExtension>
            <ns3:atemp>33.0</ns3:atemp>
            <ns3:hr>148</ns3:hr>
            <ns3:cad>87</ns3:cad>
          </ns3:TrackPointExtension>
        </extensions>
      </trkpt>
      <trkpt lat="22.55358609370887279510498046875" lon="114.01635526679456233978271484375">
        <ele>11.6000003814697265625</ele>
        <time>2026-08-12T22:41:07.000Z</time>
        <extensions>
          <ns3:TrackPointExtension>
            <ns3:atemp>33.0</ns3:atemp>
            <ns3:hr>148</ns3:hr>
            <ns3:cad>87</ns3:cad>
          </ns3:TrackPointExtension>
        </extensions>
      </trkpt>
      <trkpt lat="22.55356195382773876190185546875" lon="114.01637353934347629547119140625">
        <ele>11.6000003814697265625</ele>
        <time>2026-08-12T22:41:08.000Z</time>
        <extensions>
          <ns3:TrackPointExtension>
            <ns3:atemp>33.0</ns3:atemp>
            <ns3:hr>148</ns3:hr>
            <ns3:cad>87</ns3:cad>
          </ns3:TrackPointExtension>
        </extensions>
      </trkpt>
      <trkpt lat="22.5535484589636325836181640625" lon="114.0163887105882167816162109375">
        <ele>11.6000003814697265625</ele>
        <time>2026-08-12T22:41:09.000Z</time>
        <extensions>
          <ns3:TrackPointExtension>
            <ns3:atemp>33.0</ns3:atemp>
            <ns3:hr>148</ns3:hr>
            <ns3:cad>87</ns3:cad>
          </ns3:TrackPointExtension>
        </extensions>
      </trkpt>
      <trkpt lat="22.55352926440536975860595703125" lon="114.0164016187191009521484375">
        <ele>11.6000003814697265625</ele>
        <time>2026-08-12T22:41:10.000Z</time>
        <extensions>
          <ns3:TrackPointExtension>
            <ns3:atemp>33.0</ns3:atemp>
            <ns3:hr>148</ns3:hr>
            <ns3:cad>87</ns3:cad>
          </ns3:TrackPointExtension>
        </extensions>
      </trkpt>
      <trkpt lat="22.553513087332248687744140625" lon="114.0164175443351268768310546875">
        <ele>11.6000003814697265625</ele>
        <time>2026-08-12T22:41:11.000Z</time>
        <extensions>
          <ns3:TrackPointExtension>
            <ns3:atemp>33.0</ns3:atemp>
            <ns3:hr>148</ns3:hr>
            <ns3:cad>87</ns3:cad>
          </ns3:TrackPointExtension>
        </extensions>
      </trkpt>
      <trkpt lat="22.55349389277398586273193359375" lon="114.01642978191375732421875">
        <ele>11.3999996185302734375</ele>
        <time>2026-08-12T22:41:12.000Z</time>
        <extensions>
          <ns3:TrackPointExtension>
            <ns3:atemp>33.0</ns3:atemp>
            <ns3:hr>148</ns3:hr>
            <ns3:cad>86</ns3:cad>
          </ns3:TrackPointExtension>
        </extensions>
      </trkpt>
      <trkpt lat="22.5534706749022006988525390625" lon="114.016445539891719818115234375">
        <ele>11.3999996185302734375</ele>
        <time>2026-08-12T22:41:13.000Z</time>
        <extensions>
          <ns3:TrackPointExtension>
            <ns3:atemp>33.0</ns3:atemp>
            <ns3:hr>149</ns3:hr>
            <ns3:cad>86</ns3:cad>
          </ns3:TrackPointExtension>
        </extensions>
      </trkpt>
      <trkpt lat="22.553452737629413604736328125" lon="114.01646129786968231201171875">
        <ele>11.19999980926513671875</ele>
        <time>2026-08-12T22:41:14.000Z</time>
        <extensions>
          <ns3:TrackPointExtension>
            <ns3:atemp>33.0</ns3:atemp>
            <ns3:hr>149</ns3:hr>
            <ns3:cad>86</ns3:cad>
          </ns3:TrackPointExtension>
        </extensions>
      </trkpt>
      <trkpt lat="22.55343186669051647186279296875" lon="114.01647713966667652130126953125">
        <ele>11.19999980926513671875</ele>
        <time>2026-08-12T22:41:15.000Z</time>
        <extensions>
          <ns3:TrackPointExtension>
            <ns3:atemp>33.0</ns3:atemp>
            <ns3:hr>149</ns3:hr>
            <ns3:cad>85</ns3:cad>
          </ns3:TrackPointExtension>
        </extensions>
      </trkpt>
      <trkpt lat="22.55341392941772937774658203125" lon="114.016490466892719268798828125">
        <ele>11</ele>
        <time>2026-08-12T22:41:16.000Z</time>
        <extensions>
          <ns3:TrackPointExtension>
            <ns3:atemp>33.0</ns3:atemp>
            <ns3:hr>149</ns3:hr>
            <ns3:cad>85</ns3:cad>
          </ns3:TrackPointExtension>
        </extensions>
      </trkpt>
      <trkpt lat="22.55339716561138629913330078125" lon="114.0165050514042377471923828125">
        <ele>11</ele>
        <time>2026-08-12T22:41:17.000Z</time>
        <extensions>
          <ns3:TrackPointExtension>
            <ns3:atemp>33.0</ns3:atemp>
            <ns3:hr>150</ns3:hr>
            <ns3:cad>84</ns3:cad>
          </ns3:TrackPointExtension>
        </extensions>
      </trkpt>
      <trkpt lat="22.5533764623105525970458984375" lon="114.0165223181247711181640625">
        <ele>10.80000019073486328125</ele>
        <time>2026-08-12T22:41:18.000Z</time>
        <extensions>
          <ns3:TrackPointExtension>
            <ns3:atemp>33.0</ns3:atemp>
            <ns3:hr>150</ns3:hr>
            <ns3:cad>84</ns3:cad>
          </ns3:TrackPointExtension>
        </extensions>
      </trkpt>
      <trkpt lat="22.55336062051355838775634765625" lon="114.01653933338820934295654296875">
        <ele>10.80000019073486328125</ele>
        <time>2026-08-12T22:41:19.000Z</time>
        <extensions>
          <ns3:TrackPointExtension>
            <ns3:atemp>33.0</ns3:atemp>
            <ns3:hr>150</ns3:hr>
            <ns3:cad>85</ns3:cad>
          </ns3:TrackPointExtension>
        </extensions>
      </trkpt>
      <trkpt lat="22.553340084850788116455078125" lon="114.0165540017187595367431640625">
        <ele>10.80000019073486328125</ele>
        <time>2026-08-12T22:41:20.000Z</time>
        <extensions>
          <ns3:TrackPointExtension>
            <ns3:atemp>33.0</ns3:atemp>
            <ns3:hr>150</ns3:hr>
            <ns3:cad>85</ns3:cad>
          </ns3:TrackPointExtension>
        </extensions>
      </trkpt>
      <trkpt lat="22.55331787280738353729248046875" lon="114.01656850241124629974365234375">
        <ele>10.80000019073486328125</ele>
        <time>2026-08-12T22:41:21.000Z</time>
        <extensions>
          <ns3:TrackPointExtension>
            <ns3:atemp>33.0</ns3:atemp>
            <ns3:hr>151</ns3:hr>
            <ns3:cad>84</ns3:cad>
          </ns3:TrackPointExtension>
        </extensions>
      </trkpt>
      <trkpt lat="22.55329574458301067352294921875" lon="114.01658493094146251678466796875">
        <ele>11</ele>
        <time>2026-08-12T22:41:22.000Z</time>
        <extensions>
          <ns3:TrackPointExtension>
            <ns3:atemp>33.0</ns3:atemp>
            <ns3:hr>151</ns3:hr>
            <ns3:cad>84</ns3:cad>
          </ns3:TrackPointExtension>
        </extensions>
      </trkpt>
      <trkpt lat="22.55327495746314525604248046875" lon="114.01659716852009296417236328125">
        <ele>11</ele>
        <time>2026-08-12T22:41:23.000Z</time>
        <extensions>
          <ns3:TrackPointExtension>
            <ns3:atemp>33.0</ns3:atemp>
            <ns3:hr>151</ns3:hr>
            <ns3:cad>84</ns3:cad>
          </ns3:TrackPointExtension>
        </extensions>
      </trkpt>
      <trkpt lat="22.55325685255229473114013671875" lon="114.0166113339364528656005859375">
        <ele>11</ele>
        <time>2026-08-12T22:41:24.000Z</time>
        <extensions>
          <ns3:TrackPointExtension>
            <ns3:atemp>33.0</ns3:atemp>
            <ns3:hr>151</ns3:hr>
            <ns3:cad>84</ns3:cad>
          </ns3:TrackPointExtension>
        </extensions>
      </trkpt>
      <trkpt lat="22.55323288030922412872314453125" lon="114.016627259552478790283203125">
        <ele>11</ele>
        <time>2026-08-12T22:41:25.000Z</time>
        <extensions>
          <ns3:TrackPointExtension>
            <ns3:atemp>33.0</ns3:atemp>
            <ns3:hr>152</ns3:hr>
            <ns3:cad>85</ns3:cad>
          </ns3:TrackPointExtension>
        </extensions>
      </trkpt>
      <trkpt lat="22.5532168708741664886474609375" lon="114.0166421793401241302490234375">
        <ele>11</ele>
        <time>2026-08-12T22:41:26.000Z</time>
        <extensions>
          <ns3:TrackPointExtension>
            <ns3:atemp>33.0</ns3:atemp>
            <ns3:hr>152</ns3:hr>
            <ns3:cad>85</ns3:cad>
          </ns3:TrackPointExtension>
        </extensions>
      </trkpt>
      <trkpt lat="22.55319432355463504791259765625" lon="114.0166552551090717315673828125">
        <ele>11</ele>
        <time>2026-08-12T22:41:27.000Z</time>
        <extensions>
          <ns3:TrackPointExtension>
            <ns3:atemp>33.0</ns3:atemp>
            <ns3:hr>152</ns3:hr>
            <ns3:cad>85</ns3:cad>
          </ns3:TrackPointExtension>
        </extensions>
      </trkpt>
      <trkpt lat="22.55317772738635540008544921875" lon="114.01666740886867046356201171875">
        <ele>10.80000019073486328125</ele>
        <time>2026-08-12T22:41:28.000Z</time>
        <extensions>
          <ns3:TrackPointExtension>
            <ns3:atemp>33.0</ns3:atemp>
            <ns3:hr>152</ns3:hr>
            <ns3:cad>86</ns3:cad>
          </ns3:TrackPointExtension>
        </extensions>
      </trkpt>
      <trkpt lat="22.5531573593616485595703125" lon="114.01668014936149120330810546875">
        <ele>10.80000019073486328125</ele>
        <time>2026-08-12T22:41:29.000Z</time>
        <extensions>
          <ns3:TrackPointExtension>
            <ns3:atemp>33.0</ns3:atemp>
            <ns3:hr>152</ns3:hr>
            <ns3:cad>86</ns3:cad>
          </ns3:TrackPointExtension>
        </extensions>
      </trkpt>
      <trkpt lat="22.553140260279178619384765625" lon="114.0166934765875339508056640625">
        <ele>10.80000019073486328125</ele>
        <time>2026-08-12T22:41:30.000Z</time>
        <extensions>
          <ns3:TrackPointExtension>
            <ns3:atemp>33.0</ns3:atemp>
            <ns3:hr>153</ns3:hr>
            <ns3:cad>86</ns3:cad>
          </ns3:TrackPointExtension>
        </extensions>
      </trkpt>
      <trkpt lat="22.55312341265380382537841796875" lon="114.0167075581848621368408203125">
        <ele>10.80000019073486328125</ele>
        <time>2026-08-12T22:41:31.000Z</time>
        <extensions>
          <ns3:TrackPointExtension>
            <ns3:atemp>33.0</ns3:atemp>
            <ns3:hr>153</ns3:hr>
            <ns3:cad>86</ns3:cad>
          </ns3:TrackPointExtension>
        </extensions>
      </trkpt>
      <trkpt lat="22.55310446955263614654541015625" lon="114.01672013103961944580078125">
        <ele>10.80000019073486328125</ele>
        <time>2026-08-12T22:41:32.000Z</time>
        <extensions>
          <ns3:TrackPointExtension>
            <ns3:atemp>33.0</ns3:atemp>
            <ns3:hr>153</ns3:hr>
            <ns3:cad>86</ns3:cad>
          </ns3:TrackPointExtension>
        </extensions>
      </trkpt>
      <trkpt lat="22.55308820866048336029052734375" lon="114.01673262007534503936767578125">
        <ele>10.80000019073486328125</ele>
        <time>2026-08-12T22:41:33.000Z</time>
        <extensions>
          <ns3:TrackPointExtension>
            <ns3:atemp>33.0</ns3:atemp>
            <ns3:hr>153</ns3:hr>
            <ns3:cad>86</ns3:cad>
          </ns3:TrackPointExtension>
        </extensions>
      </trkpt>
      <trkpt lat="22.553061805665493011474609375" lon="114.01674586348235607147216796875">
        <ele>10.80000019073486328125</ele>
        <time>2026-08-12T22:41:34.000Z</time>
        <extensions>
          <ns3:TrackPointExtension>
            <ns3:atemp>33.0</ns3:atemp>
            <ns3:hr>153</ns3:hr>
            <ns3:cad>86</ns3:cad>
          </ns3:TrackPointExtension>
        </extensions>
      </trkpt>
      <trkpt lat="22.55304671823978424072265625" lon="114.01675960980355739593505859375">
        <ele>10.80000019073486328125</ele>
        <time>2026-08-12T22:41:35.000Z</time>
        <extensions>
          <ns3:TrackPointExtension>
            <ns3:atemp>33.0</ns3:atemp>
            <ns3:hr>153</ns3:hr>
            <ns3:cad>86</ns3:cad>
          </ns3:TrackPointExtension>
        </extensions>
      </trkpt>
      <trkpt lat="22.55302316509187221527099609375" lon="114.01677385903894901275634765625">
        <ele>10.80000019073486328125</ele>
        <time>2026-08-12T22:41:36.000Z</time>
        <extensions>
          <ns3:TrackPointExtension>
            <ns3:atemp>33.0</ns3:atemp>
            <ns3:hr>153</ns3:hr>
            <ns3:cad>86</ns3:cad>
          </ns3:TrackPointExtension>
        </extensions>
      </trkpt>
      <trkpt lat="22.55300556309521198272705078125" lon="114.01678576134145259857177734375">
        <ele>10.80000019073486328125</ele>
        <time>2026-08-12T22:41:37.000Z</time>
        <extensions>
          <ns3:TrackPointExtension>
            <ns3:atemp>33.0</ns3:atemp>
            <ns3:hr>153</ns3:hr>
            <ns3:cad>86</ns3:cad>
          </ns3:TrackPointExtension>
        </extensions>
      </trkpt>
      <trkpt lat="22.55298712290823459625244140625" lon="114.016799591481685638427734375">
        <ele>10.80000019073486328125</ele>
        <time>2026-08-12T22:41:38.000Z</time>
        <extensions>
          <ns3:TrackPointExtension>
            <ns3:atemp>33.0</ns3:atemp>
            <ns3:hr>153</ns3:hr>
            <ns3:cad>86</ns3:cad>
          </ns3:TrackPointExtension>
        </extensions>
      </trkpt>
      <trkpt lat="22.55296759307384490966796875" lon="114.016813673079013824462890625">
        <ele>10.80000019073486328125</ele>
        <time>2026-08-12T22:41:39.000Z</time>
        <extensions>
          <ns3:TrackPointExtension>
            <ns3:atemp>33.0</ns3:atemp>
            <ns3:hr>153</ns3:hr>
            <ns3:cad>86</ns3:cad>
          </ns3:TrackPointExtension>
        </extensions>
      </trkpt>
      <trkpt lat="22.5529516674578189849853515625" lon="114.016827754676342010498046875">
        <ele>10.6000003814697265625</ele>
        <time>2026-08-12T22:41:40.000Z</time>
        <extensions>
          <ns3:TrackPointExtension>
            <ns3:atemp>33.0</ns3:atemp>
            <ns3:hr>153</ns3:hr>
            <ns3:cad>86</ns3:cad>
          </ns3:TrackPointExtension>
        </extensions>
      </trkpt>
      <trkpt lat="22.5529295392334461212158203125" lon="114.0168399922549724578857421875">
        <ele>10.6000003814697265625</ele>
        <time>2026-08-12T22:41:41.000Z</time>
        <extensions>
          <ns3:TrackPointExtension>
            <ns3:atemp>33.0</ns3:atemp>
            <ns3:hr>153</ns3:hr>
            <ns3:cad>86</ns3:cad>
          </ns3:TrackPointExtension>
        </extensions>
      </trkpt>
      <trkpt lat="22.55291319452226161956787109375" lon="114.0168534033000469207763671875">
        <ele>10.6000003814697265625</ele>
        <time>2026-08-12T22:41:42.000Z</time>
        <extensions>
          <ns3:TrackPointExtension>
            <ns3:atemp>33.0</ns3:atemp>
            <ns3:hr>154</ns3:hr>
            <ns3:cad>86</ns3:cad>
          </ns3:TrackPointExtension>
        </extensions>
      </trkpt>
      <trkpt lat="22.5528919883072376251220703125" lon="114.0168634615838527679443359375">
        <ele>10.6000003814697265625</ele>
        <time>2026-08-12T22:41:43.000Z</time>
        <extensions>
          <ns3:TrackPointExtension>
            <ns3:atemp>33.0</ns3:atemp>
            <ns3:hr>153</ns3:hr>
            <ns3:cad>86</ns3:cad>
          </ns3:TrackPointExtension>
        </extensions>
      </trkpt>
      <trkpt lat="22.55287731997668743133544921875" lon="114.01687695644795894622802734375">
        <ele>10.6000003814697265625</ele>
        <time>2026-08-12T22:41:44.000Z</time>
        <extensions>
          <ns3:TrackPointExtension>
            <ns3:atemp>33.0</ns3:atemp>
            <ns3:hr>153</ns3:hr>
            <ns3:cad>86</ns3:cad>
          </ns3:TrackPointExtension>
        </extensions>
      </trkpt>
      <trkpt lat="22.55285519175231456756591796875" lon="114.01689304970204830169677734375">
        <ele>10.3999996185302734375</ele>
        <time>2026-08-12T22:41:45.000Z</time>
        <extensions>
          <ns3:TrackPointExtension>
            <ns3:atemp>33.0</ns3:atemp>
            <ns3:hr>153</ns3:hr>
            <ns3:cad>86</ns3:cad>
          </ns3:TrackPointExtension>
        </extensions>
      </trkpt>
      <trkpt lat="22.55283105187118053436279296875" lon="114.01690579019486904144287109375">
        <ele>10.3999996185302734375</ele>
        <time>2026-08-12T22:41:46.000Z</time>
        <extensions>
          <ns3:TrackPointExtension>
            <ns3:atemp>33.0</ns3:atemp>
            <ns3:hr>153</ns3:hr>
            <ns3:cad>86</ns3:cad>
          </ns3:TrackPointExtension>
        </extensions>
      </trkpt>
      <trkpt lat="22.55281160585582256317138671875" lon="114.01692104525864124298095703125">
        <ele>10.3999996185302734375</ele>
        <time>2026-08-12T22:41:47.000Z</time>
        <extensions>
          <ns3:TrackPointExtension>
            <ns3:atemp>33.0</ns3:atemp>
            <ns3:hr>153</ns3:hr>
            <ns3:cad>86</ns3:cad>
          </ns3:TrackPointExtension>
        </extensions>
      </trkpt>
      <trkpt lat="22.5527890585362911224365234375" lon="114.01693445630371570587158203125">
        <ele>10.3999996185302734375</ele>
        <time>2026-08-12T22:41:48.000Z</time>
        <extensions>
          <ns3:TrackPointExtension>
            <ns3:atemp>33.0</ns3:atemp>
            <ns3:hr>152</ns3:hr>
            <ns3:cad>87</ns3:cad>
          </ns3:TrackPointExtension>
        </extensions>
      </trkpt>
      <trkpt lat="22.55277179181575775146484375" lon="114.0169486217200756072998046875">
        <ele>10.3999996185302734375</ele>
        <time>2026-08-12T22:41:49.000Z</time>
        <extensions>
          <ns3:TrackPointExtension>
            <ns3:atemp>33.0</ns3:atemp>
            <ns3:hr>152</ns3:hr>
            <ns3:cad>87</ns3:cad>
          </ns3:TrackPointExtension>
        </extensions>
      </trkpt>
      <trkpt lat="22.55274899303913116455078125" lon="114.0169616974890232086181640625">
        <ele>10.19999980926513671875</ele>
        <time>2026-08-12T22:41:50.000Z</time>
        <extensions>
          <ns3:TrackPointExtension>
            <ns3:atemp>33.0</ns3:atemp>
            <ns3:hr>152</ns3:hr>
            <ns3:cad>86</ns3:cad>
          </ns3:TrackPointExtension>
        </extensions>
      </trkpt>
      <trkpt lat="22.55273155868053436279296875" lon="114.016977287828922271728515625">
        <ele>10.3999996185302734375</ele>
        <time>2026-08-12T22:41:51.000Z</time>
        <extensions>
          <ns3:TrackPointExtension>
            <ns3:atemp>33.0</ns3:atemp>
            <ns3:hr>152</ns3:hr>
            <ns3:cad>86</ns3:cad>
          </ns3:TrackPointExtension>
        </extensions>
      </trkpt>
      <trkpt lat="22.5527075864374637603759765625" lon="114.0169925428926944732666015625">
        <ele>10.3999996185302734375</ele>
        <time>2026-08-12T22:41:52.000Z</time>
        <extensions>
          <ns3:TrackPointExtension>
            <ns3:atemp>33.0</ns3:atemp>
            <ns3:hr>152</ns3:hr>
            <ns3:cad>86</ns3:cad>
          </ns3:TrackPointExtension>
        </extensions>
      </trkpt>
      <trkpt lat="22.5526831112802028656005859375" lon="114.017005451023578643798828125">
        <ele>10.19999980926513671875</ele>
        <time>2026-08-12T22:41:53.000Z</time>
        <extensions>
          <ns3:TrackPointExtension>
            <ns3:atemp>33.0</ns3:atemp>
            <ns3:hr>152</ns3:hr>
            <ns3:cad>86</ns3:cad>
          </ns3:TrackPointExtension>
        </extensions>
      </trkpt>
      <trkpt lat="22.55266609601676464080810546875" lon="114.01701928116381168365478515625">
        <ele>10.19999980926513671875</ele>
        <time>2026-08-12T22:41:54.000Z</time>
        <extensions>
          <ns3:TrackPointExtension>
            <ns3:atemp>33.0</ns3:atemp>
            <ns3:hr>151</ns3:hr>
            <ns3:cad>86</ns3:cad>
          </ns3:TrackPointExtension>
        </extensions>
      </trkpt>
      <trkpt lat="22.55264396779239177703857421875" lon="114.01703420095145702362060546875">
        <ele>10.19999980926513671875</ele>
        <time>2026-08-12T22:41:55.000Z</time>
        <extensions>
          <ns3:TrackPointExtension>
            <ns3:atemp>33.0</ns3:atemp>
            <ns3:hr>152</ns3:hr>
            <ns3:cad>86</ns3:cad>
          </ns3:TrackPointExtension>
        </extensions>
      </trkpt>
      <trkpt lat="22.55262963473796844482421875" lon="114.017048366367816925048828125">
        <ele>10.19999980926513671875</ele>
        <time>2026-08-12T22:41:56.000Z</time>
        <extensions>
          <ns3:TrackPointExtension>
            <ns3:atemp>33.0</ns3:atemp>
            <ns3:hr>152</ns3:hr>
            <ns3:cad>86</ns3:cad>
          </ns3:TrackPointExtension>
        </extensions>
      </trkpt>
      <trkpt lat="22.55260507576167583465576171875" lon="114.01706286706030368804931640625">
        <ele>10</ele>
        <time>2026-08-12T22:41:57.000Z</time>
        <extensions>
          <ns3:TrackPointExtension>
            <ns3:atemp>33.0</ns3:atemp>
            <ns3:hr>151</ns3:hr>
            <ns3:cad>86</ns3:cad>
          </ns3:TrackPointExtension>
        </extensions>
      </trkpt>
      <trkpt lat="22.5525878928601741790771484375" lon="114.0170777030289173126220703125">
        <ele>10</ele>
        <time>2026-08-12T22:41:58.000Z</time>
        <extensions>
          <ns3:TrackPointExtension>
            <ns3:atemp>33.0</ns3:atemp>
            <ns3:hr>152</ns3:hr>
            <ns3:cad>86</ns3:cad>
          </ns3:TrackPointExtension>
        </extensions>
      </trkpt>
      <trkpt lat="22.55256794393062591552734375" lon="114.01709161698818206787109375">
        <ele>10</ele>
        <time>2026-08-12T22:41:59.000Z</time>
        <extensions>
          <ns3:TrackPointExtension>
            <ns3:atemp>33.0</ns3:atemp>
            <ns3:hr>152</ns3:hr>
            <ns3:cad>85</ns3:cad>
          </ns3:TrackPointExtension>
        </extensions>
      </trkpt>
      <trkpt lat="22.55254380404949188232421875" lon="114.01710645295679569244384765625">
        <ele>10</ele>
        <time>2026-08-12T22:42:00.000Z</time>
        <extensions>
          <ns3:TrackPointExtension>
            <ns3:atemp>33.0</ns3:atemp>
            <ns3:hr>151</ns3:hr>
            <ns3:cad>85</ns3:cad>
          </ns3:TrackPointExtension>
        </extensions>
      </trkpt>
      <trkpt lat="22.55252628587186336517333984375" lon="114.0171202830970287322998046875">
        <ele>10</ele>
        <time>2026-08-12T22:42:01.000Z</time>
        <extensions>
          <ns3:TrackPointExtension>
            <ns3:atemp>33.0</ns3:atemp>
            <ns3:hr>152</ns3:hr>
            <ns3:cad>85</ns3:cad>
          </ns3:TrackPointExtension>
        </extensions>
      </trkpt>
      <trkpt lat="22.55249862559139728546142578125" lon="114.0171360410749912261962890625">
        <ele>10</ele>
        <time>2026-08-12T22:42:02.000Z</time>
        <extensions>
          <ns3:TrackPointExtension>
            <ns3:atemp>33.0</ns3:atemp>
            <ns3:hr>152</ns3:hr>
            <ns3:cad>86</ns3:cad>
          </ns3:TrackPointExtension>
        </extensions>
      </trkpt>
      <trkpt lat="22.5524829514324665069580078125" lon="114.017152972519397735595703125">
        <ele>9.80000019073486328125</ele>
        <time>2026-08-12T22:42:03.000Z</time>
        <extensions>
          <ns3:TrackPointExtension>
            <ns3:atemp>33.0</ns3:atemp>
            <ns3:hr>151</ns3:hr>
            <ns3:cad>86</ns3:cad>
          </ns3:TrackPointExtension>
        </extensions>
      </trkpt>
      <trkpt lat="22.552459649741649627685546875" lon="114.01716730557382106781005859375">
        <ele>9.80000019073486328125</ele>
        <time>2026-08-12T22:42:04.000Z</time>
        <extensions>
          <ns3:TrackPointExtension>
            <ns3:atemp>33.0</ns3:atemp>
            <ns3:hr>152</ns3:hr>
            <ns3:cad>86</ns3:cad>
          </ns3:TrackPointExtension>
        </extensions>
      </trkpt>
      <trkpt lat="22.55244079045951366424560546875" lon="114.0171819739043712615966796875">
        <ele>9.80000019073486328125</ele>
        <time>2026-08-12T22:42:05.000Z</time>
        <extensions>
          <ns3:TrackPointExtension>
            <ns3:atemp>33.0</ns3:atemp>
            <ns3:hr>152</ns3:hr>
            <ns3:cad>86</ns3:cad>
          </ns3:TrackPointExtension>
        </extensions>
      </trkpt>
      <trkpt lat="22.5524179078638553619384765625" lon="114.01719496585428714752197265625">
        <ele>9.80000019073486328125</ele>
        <time>2026-08-12T22:42:06.000Z</time>
        <extensions>
          <ns3:TrackPointExtension>
            <ns3:atemp>33.0</ns3:atemp>
            <ns3:hr>151</ns3:hr>
            <ns3:cad>86</ns3:cad>
          </ns3:TrackPointExtension>
        </extensions>
      </trkpt>
      <trkpt lat="22.55239720456302165985107421875" lon="114.017207287251949310302734375">
        <ele>9.80000019073486328125</ele>
        <time>2026-08-12T22:42:07.000Z</time>
        <extensions>
          <ns3:TrackPointExtension>
            <ns3:atemp>33.0</ns3:atemp>
            <ns3:hr>152</ns3:hr>
            <ns3:cad>86</ns3:cad>
          </ns3:TrackPointExtension>
        </extensions>
      </trkpt>
      <trkpt lat="22.55237960256636142730712890625" lon="114.0172196924686431884765625">
        <ele>9.80000019073486328125</ele>
        <time>2026-08-12T22:42:08.000Z</time>
        <extensions>
          <ns3:TrackPointExtension>
            <ns3:atemp>33.0</ns3:atemp>
            <ns3:hr>152</ns3:hr>
            <ns3:cad>86</ns3:cad>
          </ns3:TrackPointExtension>
        </extensions>
      </trkpt>
      <trkpt lat="22.55235412158071994781494140625" lon="114.01723385788500308990478515625">
        <ele>9.80000019073486328125</ele>
        <time>2026-08-12T22:42:09.000Z</time>
        <extensions>
          <ns3:TrackPointExtension>
            <ns3:atemp>33.0</ns3:atemp>
            <ns3:hr>153</ns3:hr>
            <ns3:cad>86</ns3:cad>
          </ns3:TrackPointExtension>
        </extensions>
      </trkpt>
      <trkpt lat="22.552337944507598876953125" lon="114.0172486938536167144775390625">
        <ele>9.80000019073486328125</ele>
        <time>2026-08-12T22:42:10.000Z</time>
        <extensions>
          <ns3:TrackPointExtension>
            <ns3:atemp>33.0</ns3:atemp>
            <ns3:hr>153</ns3:hr>
            <ns3:cad>85</ns3:cad>
          </ns3:TrackPointExtension>
        </extensions>
      </trkpt>
      <trkpt lat="22.55231774412095546722412109375" lon="114.01725933887064456939697265625">
        <ele>9.6000003814697265625</ele>
        <time>2026-08-12T22:42:11.000Z</time>
        <extensions>
          <ns3:TrackPointExtension>
            <ns3:atemp>33.0</ns3:atemp>
            <ns3:hr>153</ns3:hr>
            <ns3:cad>85</ns3:cad>
          </ns3:TrackPointExtension>
        </extensions>
      </trkpt>
      <trkpt lat="22.5522951968014240264892578125" lon="114.0172741748392581939697265625">
        <ele>9.6000003814697265625</ele>
        <time>2026-08-12T22:42:12.000Z</time>
        <extensions>
          <ns3:TrackPointExtension>
            <ns3:atemp>33.0</ns3:atemp>
            <ns3:hr>153</ns3:hr>
            <ns3:cad>85</ns3:cad>
          </ns3:TrackPointExtension>
        </extensions>
      </trkpt>
      <trkpt lat="22.552278935909271240234375" lon="114.01728733442723751068115234375">
        <ele>9.6000003814697265625</ele>
        <time>2026-08-12T22:42:13.000Z</time>
        <extensions>
          <ns3:TrackPointExtension>
            <ns3:atemp>33.0</ns3:atemp>
            <ns3:hr>153</ns3:hr>
            <ns3:cad>85</ns3:cad>
          </ns3:TrackPointExtension>
        </extensions>
      </trkpt>
      <trkpt lat="22.5522569753229618072509765625" lon="114.017299823462963104248046875">
        <ele>9.6000003814697265625</ele>
        <time>2026-08-12T22:42:14.000Z</time>
        <extensions>
          <ns3:TrackPointExtension>
            <ns3:atemp>33.0</ns3:atemp>
            <ns3:hr>154</ns3:hr>
            <ns3:cad>85</ns3:cad>
          </ns3:TrackPointExtension>
        </extensions>
      </trkpt>
      <trkpt lat="22.55224146880209445953369140625" lon="114.01731449179351329803466796875">
        <ele>9.6000003814697265625</ele>
        <time>2026-08-12T22:42:15.000Z</time>
        <extensions>
          <ns3:TrackPointExtension>
            <ns3:atemp>33.0</ns3:atemp>
            <ns3:hr>154</ns3:hr>
            <ns3:cad>85</ns3:cad>
          </ns3:TrackPointExtension>
        </extensions>
      </trkpt>
      <trkpt lat="22.55221523344516754150390625" lon="114.01732899248600006103515625">
        <ele>9.3999996185302734375</ele>
        <time>2026-08-12T22:42:16.000Z</time>
        <extensions>
          <ns3:TrackPointExtension>
            <ns3:atemp>33.0</ns3:atemp>
            <ns3:hr>154</ns3:hr>
            <ns3:cad>85</ns3:cad>
          </ns3:TrackPointExtension>
        </extensions>
      </trkpt>
      <trkpt lat="22.55219788290560245513916015625" lon="114.01734181679785251617431640625">
        <ele>9.3999996185302734375</ele>
        <time>2026-08-12T22:42:17.000Z</time>
        <extensions>
          <ns3:TrackPointExtension>
            <ns3:atemp>33.0</ns3:atemp>
            <ns3:hr>154</ns3:hr>
            <ns3:cad>85</ns3:cad>
          </ns3:TrackPointExtension>
        </extensions>
      </trkpt>
      <trkpt lat="22.55217608995735645294189453125" lon="114.01735640130937099456787109375">
        <ele>9.3999996185302734375</ele>
        <time>2026-08-12T22:42:18.000Z</time>
        <extensions>
          <ns3:TrackPointExtension>
            <ns3:atemp>33.0</ns3:atemp>
            <ns3:hr>155</ns3:hr>
            <ns3:cad>85</ns3:cad>
          </ns3:TrackPointExtension>
        </extensions>
      </trkpt>
      <trkpt lat="22.5521543808281421661376953125" lon="114.0173714049160480499267578125">
        <ele>9.3999996185302734375</ele>
        <time>2026-08-12T22:42:19.000Z</time>
        <extensions>
          <ns3:TrackPointExtension>
            <ns3:atemp>33.0</ns3:atemp>
            <ns3:hr>155</ns3:hr>
            <ns3:cad>85</ns3:cad>
          </ns3:TrackPointExtension>
        </extensions>
      </trkpt>
      <trkpt lat="22.55213770084083080291748046875" lon="114.017386324703693389892578125">
        <ele>9.3999996185302734375</ele>
        <time>2026-08-12T22:42:20.000Z</time>
        <extensions>
          <ns3:TrackPointExtension>
            <ns3:atemp>33.0</ns3:atemp>
            <ns3:hr>155</ns3:hr>
            <ns3:cad>85</ns3:cad>
          </ns3:TrackPointExtension>
        </extensions>
      </trkpt>
      <trkpt lat="22.55211490206420421600341796875" lon="114.01739864610135555267333984375">
        <ele>9.3999996185302734375</ele>
        <time>2026-08-12T22:42:21.000Z</time>
        <extensions>
          <ns3:TrackPointExtension>
            <ns3:atemp>33.0</ns3:atemp>
            <ns3:hr>155</ns3:hr>
            <ns3:cad>85</ns3:cad>
          </ns3:TrackPointExtension>
        </extensions>
      </trkpt>
      <trkpt lat="22.55209931172430515289306640625" lon="114.01741423644125461578369140625">
        <ele>9.3999996185302734375</ele>
        <time>2026-08-12T22:42:22.000Z</time>
        <extensions>
          <ns3:TrackPointExtension>
            <ns3:atemp>33.0</ns3:atemp>
            <ns3:hr>155</ns3:hr>
            <ns3:cad>85</ns3:cad>
          </ns3:TrackPointExtension>
        </extensions>
      </trkpt>
      <trkpt lat="22.5520792789757251739501953125" lon="114.01742848567664623260498046875">
        <ele>9.3999996185302734375</ele>
        <time>2026-08-12T22:42:23.000Z</time>
        <extensions>
          <ns3:TrackPointExtension>
            <ns3:atemp>33.0</ns3:atemp>
            <ns3:hr>156</ns3:hr>
            <ns3:cad>85</ns3:cad>
          </ns3:TrackPointExtension>
        </extensions>
      </trkpt>
      <trkpt lat="22.5520581565797328948974609375" lon="114.01744491420686244964599609375">
        <ele>9.3999996185302734375</ele>
        <time>2026-08-12T22:42:24.000Z</time>
        <extensions>
          <ns3:TrackPointExtension>
            <ns3:atemp>33.0</ns3:atemp>
            <ns3:hr>156</ns3:hr>
            <ns3:cad>85</ns3:cad>
          </ns3:TrackPointExtension>
        </extensions>
      </trkpt>
      <trkpt lat="22.5520393811166286468505859375" lon="114.0174602530896663665771484375">
        <ele>9.19999980926513671875</ele>
        <time>2026-08-12T22:42:25.000Z</time>
        <extensions>
          <ns3:TrackPointExtension>
            <ns3:atemp>33.0</ns3:atemp>
            <ns3:hr>156</ns3:hr>
            <ns3:cad>85</ns3:cad>
          </ns3:TrackPointExtension>
        </extensions>
      </trkpt>
      <trkpt lat="22.5520132295787334442138671875" lon="114.017472825944423675537109375">
        <ele>9.19999980926513671875</ele>
        <time>2026-08-12T22:42:26.000Z</time>
        <extensions>
          <ns3:TrackPointExtension>
            <ns3:atemp>33.0</ns3:atemp>
            <ns3:hr>156</ns3:hr>
            <ns3:cad>85</ns3:cad>
          </ns3:TrackPointExtension>
        </extensions>
      </trkpt>
      <trkpt lat="22.55199797451496124267578125" lon="114.0174852311611175537109375">
        <ele>9.19999980926513671875</ele>
        <time>2026-08-12T22:42:27.000Z</time>
        <extensions>
          <ns3:TrackPointExtension>
            <ns3:atemp>33.0</ns3:atemp>
            <ns3:hr>157</ns3:hr>
            <ns3:cad>85</ns3:cad>
          </ns3:TrackPointExtension>
        </extensions>
      </trkpt>
      <trkpt lat="22.55197492428123950958251953125" lon="114.0175011567771434783935546875">
        <ele>9</ele>
        <time>2026-08-12T22:42:28.000Z</time>
        <extensions>
          <ns3:TrackPointExtension>
            <ns3:atemp>33.0</ns3:atemp>
            <ns3:hr>157</ns3:hr>
            <ns3:cad>85</ns3:cad>
          </ns3:TrackPointExtension>
        </extensions>
      </trkpt>
      <trkpt lat="22.55196101032197475433349609375" lon="114.01751565746963024139404296875">
        <ele>9</ele>
        <time>2026-08-12T22:42:29.000Z</time>
        <extensions>
          <ns3:TrackPointExtension>
            <ns3:atemp>33.0</ns3:atemp>
            <ns3:hr>157</ns3:hr>
            <ns3:cad>85</ns3:cad>
          </ns3:TrackPointExtension>
        </extensions>
      </trkpt>
      <trkpt lat="22.551943995058536529541015625" lon="114.017532505095005035400390625">
        <ele>9</ele>
        <time>2026-08-12T22:42:30.000Z</time>
        <extensions>
          <ns3:TrackPointExtension>
            <ns3:atemp>33.0</ns3:atemp>
            <ns3:hr>157</ns3:hr>
            <ns3:cad>85</ns3:cad>
          </ns3:TrackPointExtension>
        </extensions>
      </trkpt>
      <trkpt lat="22.5519253872334957122802734375" lon="114.01754633523523807525634765625">
        <ele>9</ele>
        <time>2026-08-12T22:42:31.000Z</time>
        <extensions>
          <ns3:TrackPointExtension>
            <ns3:atemp>33.0</ns3:atemp>
            <ns3:hr>156</ns3:hr>
            <ns3:cad>85</ns3:cad>
          </ns3:TrackPointExtension>
        </extensions>
      </trkpt>
      <trkpt lat="22.5519079528748989105224609375" lon="114.017559997737407684326171875">
        <ele>9</ele>
        <time>2026-08-12T22:42:32.000Z</time>
        <extensions>
          <ns3:TrackPointExtension>
            <ns3:atemp>33.0</ns3:atemp>
            <ns3:hr>156</ns3:hr>
            <ns3:cad>85</ns3:cad>
          </ns3:TrackPointExtension>
        </extensions>
      </trkpt>
      <trkpt lat="22.551884986460208892822265625" lon="114.0175724029541015625">
        <ele>9</ele>
        <time>2026-08-12T22:42:33.000Z</time>
        <extensions>
          <ns3:TrackPointExtension>
            <ns3:atemp>33.0</ns3:atemp>
            <ns3:hr>156</ns3:hr>
            <ns3:cad>85</ns3:cad>
          </ns3:TrackPointExtension>
        </extensions>
      </trkpt>
      <trkpt lat="22.551870904862880706787109375" lon="114.0175866521894931793212890625">
        <ele>9</ele>
        <time>2026-08-12T22:42:34.000Z</time>
        <extensions>
          <ns3:TrackPointExtension>
            <ns3:atemp>33.0</ns3:atemp>
            <ns3:hr>156</ns3:hr>
            <ns3:cad>85</ns3:cad>
          </ns3:TrackPointExtension>
        </extensions>
      </trkpt>
      <trkpt lat="22.5518459267914295196533203125" lon="114.01759981177747249603271484375">
        <ele>9</ele>
        <time>2026-08-12T22:42:35.000Z</time>
        <extensions>
          <ns3:TrackPointExtension>
            <ns3:atemp>33.0</ns3:atemp>
            <ns3:hr>155</ns3:hr>
            <ns3:cad>85</ns3:cad>
          </ns3:TrackPointExtension>
        </extensions>
      </trkpt>
      <trkpt lat="22.55182874388992786407470703125" lon="114.017612636089324951171875">
        <ele>9</ele>
        <time>2026-08-12T22:42:36.000Z</time>
        <extensions>
          <ns3:TrackPointExtension>
            <ns3:atemp>33.0</ns3:atemp>
            <ns3:hr>155</ns3:hr>
            <ns3:cad>85</ns3:cad>
          </ns3:TrackPointExtension>
        </extensions>
      </trkpt>
      <trkpt lat="22.5518077053129673004150390625" lon="114.01762537658214569091796875">
        <ele>9</ele>
        <time>2026-08-12T22:42:37.000Z</time>
        <extensions>
          <ns3:TrackPointExtension>
            <ns3:atemp>33.0</ns3:atemp>
            <ns3:hr>154</ns3:hr>
            <ns3:cad>85</ns3:cad>
          </ns3:TrackPointExtension>
        </extensions>
      </trkpt>
      <trkpt lat="22.55178582854568958282470703125" lon="114.0176409669220447540283203125">
        <ele>8.80000019073486328125</ele>
        <time>2026-08-12T22:42:38.000Z</time>
        <extensions>
          <ns3:TrackPointExtension>
            <ns3:atemp>33.0</ns3:atemp>
            <ns3:hr>154</ns3:hr>
            <ns3:cad>85</ns3:cad>
          </ns3:TrackPointExtension>
        </extensions>
      </trkpt>
      <trkpt lat="22.55176587961614131927490234375" lon="114.01765647344291210174560546875">
        <ele>8.80000019073486328125</ele>
        <time>2026-08-12T22:42:39.000Z</time>
        <extensions>
          <ns3:TrackPointExtension>
            <ns3:atemp>33.0</ns3:atemp>
            <ns3:hr>154</ns3:hr>
            <ns3:cad>84</ns3:cad>
          </ns3:TrackPointExtension>
        </extensions>
      </trkpt>
      <trkpt lat="22.5517403148114681243896484375" lon="114.01767072267830371856689453125">
        <ele>8.80000019073486328125</ele>
        <time>2026-08-12T22:42:40.000Z</time>
        <extensions>
          <ns3:TrackPointExtension>
            <ns3:atemp>33.0</ns3:atemp>
            <ns3:hr>154</ns3:hr>
            <ns3:cad>84</ns3:cad>
          </ns3:TrackPointExtension>
        </extensions>
      </trkpt>
      <trkpt lat="22.551725395023822784423828125" lon="114.017684720456600189208984375">
        <ele>8.80000019073486328125</ele>
        <time>2026-08-12T22:42:41.000Z</time>
        <extensions>
          <ns3:TrackPointExtension>
            <ns3:atemp>33.0</ns3:atemp>
            <ns3:hr>154</ns3:hr>
            <ns3:cad>86</ns3:cad>
          </ns3:TrackPointExtension>
        </extensions>
      </trkpt>
      <trkpt lat="22.55170083604753017425537109375" lon="114.017696119844913482666015625">
        <ele>8.6000003814697265625</ele>
        <time>2026-08-12T22:42:42.000Z</time>
        <extensions>
          <ns3:TrackPointExtension>
            <ns3:atemp>33.0</ns3:atemp>
            <ns3:hr>154</ns3:hr>
            <ns3:cad>86</ns3:cad>
          </ns3:TrackPointExtension>
        </extensions>
      </trkpt>
      <trkpt lat="22.55168373696506023406982421875" lon="114.017709530889987945556640625">
        <ele>8.6000003814697265625</ele>
        <time>2026-08-12T22:42:43.000Z</time>
        <extensions>
          <ns3:TrackPointExtension>
            <ns3:atemp>33.0</ns3:atemp>
            <ns3:hr>154</ns3:hr>
            <ns3:cad>86</ns3:cad>
          </ns3:TrackPointExtension>
        </extensions>
      </trkpt>
      <trkpt lat="22.5516625307500362396240234375" lon="114.0177217684686183929443359375">
        <ele>8.6000003814697265625</ele>
        <time>2026-08-12T22:42:44.000Z</time>
        <extensions>
          <ns3:TrackPointExtension>
            <ns3:atemp>33.0</ns3:atemp>
            <ns3:hr>154</ns3:hr>
            <ns3:cad>86</ns3:cad>
          </ns3:TrackPointExtension>
        </extensions>
      </trkpt>
      <trkpt lat="22.5516430847346782684326171875" lon="114.01773442514240741729736328125">
        <ele>8.6000003814697265625</ele>
        <time>2026-08-12T22:42:45.000Z</time>
        <extensions>
          <ns3:TrackPointExtension>
            <ns3:atemp>33.0</ns3:atemp>
            <ns3:hr>154</ns3:hr>
            <ns3:cad>86</ns3:cad>
          </ns3:TrackPointExtension>
        </extensions>
      </trkpt>
      <trkpt lat="22.5516253150999546051025390625" lon="114.017746411263942718505859375">
        <ele>8.6000003814697265625</ele>
        <time>2026-08-12T22:42:46.000Z</time>
        <extensions>
          <ns3:TrackPointExtension>
            <ns3:atemp>33.0</ns3:atemp>
            <ns3:hr>154</ns3:hr>
            <ns3:cad>86</ns3:cad>
          </ns3:TrackPointExtension>
        </extensions>
      </trkpt>
      <trkpt lat="22.5516048632562160491943359375" lon="114.0177593193948268890380859375">
        <ele>8.6000003814697265625</ele>
        <time>2026-08-12T22:42:47.000Z</time>
        <extensions>
          <ns3:TrackPointExtension>
            <ns3:atemp>33.0</ns3:atemp>
            <ns3:hr>155</ns3:hr>
            <ns3:cad>86</ns3:cad>
          </ns3:TrackPointExtension>
        </extensions>
      </trkpt>
      <trkpt lat="22.55159053020179271697998046875" lon="114.01777566410601139068603515625">
        <ele>8.6000003814697265625</ele>
        <time>2026-08-12T22:42:48.000Z</time>
        <extensions>
          <ns3:TrackPointExtension>
            <ns3:atemp>33.0</ns3:atemp>
            <ns3:hr>154</ns3:hr>
            <ns3:cad>86</ns3:cad>
          </ns3:TrackPointExtension>
        </extensions>
      </trkpt>
      <trkpt lat="22.55156672559678554534912109375" lon="114.017787314951419830322265625">
        <ele>8.3999996185302734375</ele>
        <time>2026-08-12T22:42:49.000Z</time>
        <extensions>
          <ns3:TrackPointExtension>
            <ns3:atemp>33.0</ns3:atemp>
            <ns3:hr>154</ns3:hr>
            <ns3:cad>86</ns3:cad>
          </ns3:TrackPointExtension>
        </extensions>
      </trkpt>
      <trkpt lat="22.55154979415237903594970703125" lon="114.017804749310016632080078125">
        <ele>8.3999996185302734375</ele>
        <time>2026-08-12T22:42:50.000Z</time>
        <extensions>
          <ns3:TrackPointExtension>
            <ns3:atemp>33.0</ns3:atemp>
            <ns3:hr>155</ns3:hr>
            <ns3:cad>86</ns3:cad>
          </ns3:TrackPointExtension>
        </extensions>
      </trkpt>
      <trkpt lat="22.5515287555754184722900390625" lon="114.01782008819282054901123046875">
        <ele>8.3999996185302734375</ele>
        <time>2026-08-12T22:42:51.000Z</time>
        <extensions>
          <ns3:TrackPointExtension>
            <ns3:atemp>33.0</ns3:atemp>
            <ns3:hr>154</ns3:hr>
            <ns3:cad>85</ns3:cad>
          </ns3:TrackPointExtension>
        </extensions>
      </trkpt>
      <trkpt lat="22.551506124436855316162109375" lon="114.01783467270433902740478515625">
        <ele>8.19999980926513671875</ele>
        <time>2026-08-12T22:42:52.000Z</time>
        <extensions>
          <ns3:TrackPointExtension>
            <ns3:atemp>33.0</ns3:atemp>
            <ns3:hr>155</ns3:hr>
            <ns3:cad>85</ns3:cad>
          </ns3:TrackPointExtension>
        </extensions>
      </trkpt>
      <trkpt lat="22.55149061791598796844482421875" lon="114.017845652997493743896484375">
        <ele>8.19999980926513671875</ele>
        <time>2026-08-12T22:42:53.000Z</time>
        <extensions>
          <ns3:TrackPointExtension>
            <ns3:atemp>33.0</ns3:atemp>
            <ns3:hr>155</ns3:hr>
            <ns3:cad>85</ns3:cad>
          </ns3:TrackPointExtension>
        </extensions>
      </trkpt>
      <trkpt lat="22.551467902958393096923828125" lon="114.01785872876644134521484375">
        <ele>8.19999980926513671875</ele>
        <time>2026-08-12T22:42:54.000Z</time>
        <extensions>
          <ns3:TrackPointExtension>
            <ns3:atemp>33.0</ns3:atemp>
            <ns3:hr>155</ns3:hr>
            <ns3:cad>86</ns3:cad>
          </ns3:TrackPointExtension>
        </extensions>
      </trkpt>
      <trkpt lat="22.5514529831707477569580078125" lon="114.01787213981151580810546875">
        <ele>8.19999980926513671875</ele>
        <time>2026-08-12T22:42:55.000Z</time>
        <extensions>
          <ns3:TrackPointExtension>
            <ns3:atemp>33.0</ns3:atemp>
            <ns3:hr>154</ns3:hr>
            <ns3:cad>86</ns3:cad>
          </ns3:TrackPointExtension>
        </extensions>
      </trkpt>
      <trkpt lat="22.551426328718662261962890625" lon="114.017886221408843994140625">
        <ele>8</ele>
        <time>2026-08-12T22:42:56.000Z</time>
        <extensions>
          <ns3:TrackPointExtension>
            <ns3:atemp>33.0</ns3:atemp>
            <ns3:hr>155</ns3:hr>
            <ns3:cad>86</ns3:cad>
          </ns3:TrackPointExtension>
        </extensions>
      </trkpt>
      <trkpt lat="22.55141098983585834503173828125" lon="114.0179001353681087493896484375">
        <ele>8</ele>
        <time>2026-08-12T22:42:57.000Z</time>
        <extensions>
          <ns3:TrackPointExtension>
            <ns3:atemp>33.0</ns3:atemp>
            <ns3:hr>155</ns3:hr>
            <ns3:cad>87</ns3:cad>
          </ns3:TrackPointExtension>
        </extensions>
      </trkpt>
      <trkpt lat="22.5513924658298492431640625" lon="114.01791279204189777374267578125">
        <ele>8</ele>
        <time>2026-08-12T22:42:58.000Z</time>
        <extensions>
          <ns3:TrackPointExtension>
            <ns3:atemp>33.0</ns3:atemp>
            <ns3:hr>154</ns3:hr>
            <ns3:cad>87</ns3:cad>
          </ns3:TrackPointExtension>
        </extensions>
      </trkpt>
      <trkpt lat="22.5513728521764278411865234375" lon="114.0179276280105113983154296875">
        <ele>8</ele>
        <time>2026-08-12T22:42:59.000Z</time>
        <extensions>
          <ns3:TrackPointExtension>
            <ns3:atemp>33.0</ns3:atemp>
            <ns3:hr>155</ns3:hr>
            <ns3:cad>87</ns3:cad>
          </ns3:TrackPointExtension>
        </extensions>
      </trkpt>
      <trkpt lat="22.5513540767133235931396484375" lon="114.0179393626749515533447265625">
        <ele>8</ele>
        <time>2026-08-12T22:43:00.000Z</time>
        <extensions>
          <ns3:TrackPointExtension>
            <ns3:atemp>33.0</ns3:atemp>
            <ns3:hr>155</ns3:hr>
            <ns3:cad>86</ns3:cad>
          </ns3:TrackPointExtension>
        </extensions>
      </trkpt>
      <trkpt lat="22.55133052356541156768798828125" lon="114.01795553974807262420654296875">
        <ele>8</ele>
        <time>2026-08-12T22:43:01.000Z</time>
        <extensions>
          <ns3:TrackPointExtension>
            <ns3:atemp>33.0</ns3:atemp>
            <ns3:hr>154</ns3:hr>
            <ns3:cad>86</ns3:cad>
          </ns3:TrackPointExtension>
        </extensions>
      </trkpt>
      <trkpt lat="22.5513178668916225433349609375" lon="114.0179685316979885101318359375">
        <ele>8</ele>
        <time>2026-08-12T22:43:02.000Z</time>
        <extensions>
          <ns3:TrackPointExtension>
            <ns3:atemp>33.0</ns3:atemp>
            <ns3:hr>155</ns3:hr>
            <ns3:cad>86</ns3:cad>
          </ns3:TrackPointExtension>
        </extensions>
      </trkpt>
      <trkpt lat="22.5512930564582347869873046875" lon="114.017985798418521881103515625">
        <ele>7.80000019073486328125</ele>
        <time>2026-08-12T22:43:03.000Z</time>
        <extensions>
          <ns3:TrackPointExtension>
            <ns3:atemp>33.0</ns3:atemp>
            <ns3:hr>155</ns3:hr>
            <ns3:cad>86</ns3:cad>
          </ns3:TrackPointExtension>
        </extensions>
      </trkpt>
      <trkpt lat="22.55127754993736743927001953125" lon="114.0179975330829620361328125">
        <ele>7.80000019073486328125</ele>
        <time>2026-08-12T22:43:04.000Z</time>
        <extensions>
          <ns3:TrackPointExtension>
            <ns3:atemp>33.0</ns3:atemp>
            <ns3:hr>155</ns3:hr>
            <ns3:cad>85</ns3:cad>
          </ns3:TrackPointExtension>
        </extensions>
      </trkpt>
      <trkpt lat="22.551259696483612060546875" lon="114.01800817809998989105224609375">
        <ele>7.80000019073486328125</ele>
        <time>2026-08-12T22:43:05.000Z</time>
        <extensions>
          <ns3:TrackPointExtension>
            <ns3:atemp>33.0</ns3:atemp>
            <ns3:hr>154</ns3:hr>
            <ns3:cad>85</ns3:cad>
          </ns3:TrackPointExtension>
        </extensions>
      </trkpt>
      <trkpt lat="22.5512427650392055511474609375" lon="114.018021337687969207763671875">
        <ele>7.80000019073486328125</ele>
        <time>2026-08-12T22:43:06.000Z</time>
        <extensions>
          <ns3:TrackPointExtension>
            <ns3:atemp>33.0</ns3:atemp>
            <ns3:hr>155</ns3:hr>
            <ns3:cad>85</ns3:cad>
          </ns3:TrackPointExtension>
        </extensions>
      </trkpt>
      <trkpt lat="22.55122859962284564971923828125" lon="114.01803315617144107818603515625">
        <ele>7.80000019073486328125</ele>
        <time>2026-08-12T22:43:07.000Z</time>
        <extensions>
          <ns3:TrackPointExtension>
            <ns3:atemp>33.0</ns3:atemp>
            <ns3:hr>155</ns3:hr>
            <ns3:cad>85</ns3:cad>
          </ns3:TrackPointExtension>
        </extensions>
      </trkpt>
      <trkpt lat="22.551209740340709686279296875" lon="114.01805193163454532623291015625">
        <ele>7.80000019073486328125</ele>
        <time>2026-08-12T22:43:08.000Z</time>
        <extensions>
          <ns3:TrackPointExtension>
            <ns3:atemp>33.0</ns3:atemp>
            <ns3:hr>156</ns3:hr>
            <ns3:cad>85</ns3:cad>
          </ns3:TrackPointExtension>
        </extensions>
      </trkpt>
      <trkpt lat="22.55119423381984233856201171875" lon="114.01806752197444438934326171875">
        <ele>7.80000019073486328125</ele>
        <time>2026-08-12T22:43:09.000Z</time>
        <extensions>
          <ns3:TrackPointExtension>
            <ns3:atemp>33.0</ns3:atemp>
            <ns3:hr>156</ns3:hr>
            <ns3:cad>85</ns3:cad>
          </ns3:TrackPointExtension>
        </extensions>
      </trkpt>
      <trkpt lat="22.5511713512241840362548828125" lon="114.01808411814272403717041015625">
        <ele>7.80000019073486328125</ele>
        <time>2026-08-12T22:43:10.000Z</time>
        <extensions>
          <ns3:TrackPointExtension>
            <ns3:atemp>33.0</ns3:atemp>
            <ns3:hr>156</ns3:hr>
            <ns3:cad>85</ns3:cad>
          </ns3:TrackPointExtension>
        </extensions>
      </trkpt>
      <trkpt lat="22.55114972591400146484375" lon="114.01809853501617908477783203125">
        <ele>7.80000019073486328125</ele>
        <time>2026-08-12T22:43:11.000Z</time>
        <extensions>
          <ns3:TrackPointExtension>
            <ns3:atemp>33.0</ns3:atemp>
            <ns3:hr>156</ns3:hr>
            <ns3:cad>85</ns3:cad>
          </ns3:TrackPointExtension>
        </extensions>
      </trkpt>
      <trkpt lat="22.5511297769844532012939453125" lon="114.01811278425157070159912109375">
        <ele>7.599999904632568359375</ele>
        <time>2026-08-12T22:43:12.000Z</time>
        <extensions>
          <ns3:TrackPointExtension>
            <ns3:atemp>33.0</ns3:atemp>
            <ns3:hr>156</ns3:hr>
            <ns3:cad>85</ns3:cad>
          </ns3:TrackPointExtension>
        </extensions>
      </trkpt>
      <trkpt lat="22.55110840313136577606201171875" lon="114.01812870986759662628173828125">
        <ele>7.599999904632568359375</ele>
        <time>2026-08-12T22:43:13.000Z</time>
        <extensions>
          <ns3:TrackPointExtension>
            <ns3:atemp>33.0</ns3:atemp>
            <ns3:hr>156</ns3:hr>
            <ns3:cad>85</ns3:cad>
          </ns3:TrackPointExtension>
        </extensions>
      </trkpt>
      <trkpt lat="22.5510918907821178436279296875" lon="114.01814463548362255096435546875">
        <ele>7.599999904632568359375</ele>
        <time>2026-08-12T22:43:14.000Z</time>
        <extensions>
          <ns3:TrackPointExtension>
            <ns3:atemp>33.0</ns3:atemp>
            <ns3:hr>157</ns3:hr>
            <ns3:cad>85</ns3:cad>
          </ns3:TrackPointExtension>
        </extensions>
      </trkpt>
      <trkpt lat="22.55106951110064983367919921875" lon="114.01816072873771190643310546875">
        <ele>7.400000095367431640625</ele>
        <time>2026-08-12T22:43:15.000Z</time>
        <extensions>
          <ns3:TrackPointExtension>
            <ns3:atemp>33.0</ns3:atemp>
            <ns3:hr>156</ns3:hr>
            <ns3:cad>85</ns3:cad>
          </ns3:TrackPointExtension>
        </extensions>
      </trkpt>
      <trkpt lat="22.5510493107140064239501953125" lon="114.01817363686859607696533203125">
        <ele>7.400000095367431640625</ele>
        <time>2026-08-12T22:43:16.000Z</time>
        <extensions>
          <ns3:TrackPointExtension>
            <ns3:atemp>33.0</ns3:atemp>
            <ns3:hr>156</ns3:hr>
            <ns3:cad>85</ns3:cad>
          </ns3:TrackPointExtension>
        </extensions>
      </trkpt>
      <trkpt lat="22.55103447474539279937744140625" lon="114.01818067766726016998291015625">
        <ele>7.400000095367431640625</ele>
        <time>2026-08-12T22:43:17.000Z</time>
        <extensions>
          <ns3:TrackPointExtension>
            <ns3:atemp>33.0</ns3:atemp>
            <ns3:hr>156</ns3:hr>
            <ns3:cad>84</ns3:cad>
          </ns3:TrackPointExtension>
        </extensions>
      </trkpt>
      <trkpt lat="22.551010586321353912353515625" lon="114.01819677092134952545166015625">
        <ele>7.400000095367431640625</ele>
        <time>2026-08-12T22:43:18.000Z</time>
        <extensions>
          <ns3:TrackPointExtension>
            <ns3:atemp>33.0</ns3:atemp>
            <ns3:hr>156</ns3:hr>
            <ns3:cad>84</ns3:cad>
          </ns3:TrackPointExtension>
        </extensions>
      </trkpt>
      <trkpt lat="22.55099616944789886474609375" lon="114.0182082541286945343017578125">
        <ele>7.400000095367431640625</ele>
        <time>2026-08-12T22:43:19.000Z</time>
        <extensions>
          <ns3:TrackPointExtension>
            <ns3:atemp>33.0</ns3:atemp>
            <ns3:hr>155</ns3:hr>
            <ns3:cad>84</ns3:cad>
          </ns3:TrackPointExtension>
        </extensions>
      </trkpt>
      <trkpt lat="22.55097605288028717041015625" lon="114.01822241954505443572998046875">
        <ele>7.400000095367431640625</ele>
        <time>2026-08-12T22:43:20.000Z</time>
        <extensions>
          <ns3:TrackPointExtension>
            <ns3:atemp>33.0</ns3:atemp>
            <ns3:hr>153</ns3:hr>
            <ns3:cad>83</ns3:cad>
          </ns3:TrackPointExtension>
        </extensions>
      </trkpt>
      <trkpt lat="22.55096138454973697662353515625" lon="114.01823650114238262176513671875">
        <ele>7.400000095367431640625</ele>
        <time>2026-08-12T22:43:21.000Z</time>
        <extensions>
          <ns3:TrackPointExtension>
            <ns3:atemp>33.0</ns3:atemp>
            <ns3:hr>153</ns3:hr>
            <ns3:cad>83</ns3:cad>
          </ns3:TrackPointExtension>
        </extensions>
      </trkpt>
      <trkpt lat="22.55094445310533046722412109375" lon="114.018250666558742523193359375">
        <ele>7.400000095367431640625</ele>
        <time>2026-08-12T22:43:22.000Z</time>
        <extensions>
          <ns3:TrackPointExtension>
            <ns3:atemp>33.0</ns3:atemp>
            <ns3:hr>153</ns3:hr>
            <ns3:cad>83</ns3:cad>
          </ns3:TrackPointExtension>
        </extensions>
      </trkpt>
      <trkpt lat="22.5509239174425601959228515625" lon="114.01826432906091213226318359375">
        <ele>7.19999980926513671875</ele>
        <time>2026-08-12T22:43:23.000Z</time>
        <extensions>
          <ns3:TrackPointExtension>
            <ns3:atemp>33.0</ns3:atemp>
            <ns3:hr>152</ns3:hr>
            <ns3:cad>84</ns3:cad>
          </ns3:TrackPointExtension>
        </extensions>
      </trkpt>
      <trkpt lat="22.55090841092169284820556640625" lon="114.01827514171600341796875">
        <ele>7.19999980926513671875</ele>
        <time>2026-08-12T22:43:24.000Z</time>
        <extensions>
          <ns3:TrackPointExtension>
            <ns3:atemp>33.0</ns3:atemp>
            <ns3:hr>152</ns3:hr>
            <ns3:cad>84</ns3:cad>
          </ns3:TrackPointExtension>
        </extensions>
      </trkpt>
      <trkpt lat="22.55088108591735363006591796875" lon="114.0182887203991413116455078125">
        <ele>7.19999980926513671875</ele>
        <time>2026-08-12T22:43:25.000Z</time>
        <extensions>
          <ns3:TrackPointExtension>
            <ns3:atemp>33.0</ns3:atemp>
            <ns3:hr>152</ns3:hr>
            <ns3:cad>85</ns3:cad>
          </ns3:TrackPointExtension>
        </extensions>
      </trkpt>
      <trkpt lat="22.55086381919682025909423828125" lon="114.0183007903397083282470703125">
        <ele>7.19999980926513671875</ele>
        <time>2026-08-12T22:43:26.000Z</time>
        <extensions>
          <ns3:TrackPointExtension>
            <ns3:atemp>33.0</ns3:atemp>
            <ns3:hr>152</ns3:hr>
            <ns3:cad>85</ns3:cad>
          </ns3:TrackPointExtension>
        </extensions>
      </trkpt>
      <trkpt lat="22.550840936601161956787109375" lon="114.0183220803737640380859375">
        <ele>7.19999980926513671875</ele>
        <time>2026-08-12T22:43:27.000Z</time>
        <extensions>
          <ns3:TrackPointExtension>
            <ns3:atemp>33.0</ns3:atemp>
            <ns3:hr>151</ns3:hr>
            <ns3:cad>85</ns3:cad>
          </ns3:TrackPointExtension>
        </extensions>
      </trkpt>
      <trkpt lat="22.5508240051567554473876953125" lon="114.01833440177142620086669921875">
        <ele>7.19999980926513671875</ele>
        <time>2026-08-12T22:43:28.000Z</time>
        <extensions>
          <ns3:TrackPointExtension>
            <ns3:atemp>33.0</ns3:atemp>
            <ns3:hr>152</ns3:hr>
            <ns3:cad>86</ns3:cad>
          </ns3:TrackPointExtension>
        </extensions>
      </trkpt>
      <trkpt lat="22.55080129019916057586669921875" lon="114.01835015974938869476318359375">
        <ele>7.19999980926513671875</ele>
        <time>2026-08-12T22:43:29.000Z</time>
        <extensions>
          <ns3:TrackPointExtension>
            <ns3:atemp>33.0</ns3:atemp>
            <ns3:hr>152</ns3:hr>
            <ns3:cad>86</ns3:cad>
          </ns3:TrackPointExtension>
        </extensions>
      </trkpt>
      <trkpt lat="22.550779245793819427490234375" lon="114.01836440898478031158447265625">
        <ele>7.19999980926513671875</ele>
        <time>2026-08-12T22:43:30.000Z</time>
        <extensions>
          <ns3:TrackPointExtension>
            <ns3:atemp>33.0</ns3:atemp>
            <ns3:hr>151</ns3:hr>
            <ns3:cad>86</ns3:cad>
          </ns3:TrackPointExtension>
        </extensions>
      </trkpt>
      <trkpt lat="22.5507606379687786102294921875" lon="114.01838117279112339019775390625">
        <ele>7</ele>
        <time>2026-08-12T22:43:31.000Z</time>
        <extensions>
          <ns3:TrackPointExtension>
            <ns3:atemp>33.0</ns3:atemp>
            <ns3:hr>152</ns3:hr>
            <ns3:cad>86</ns3:cad>
          </ns3:TrackPointExtension>
        </extensions>
      </trkpt>
      <trkpt lat="22.550739012658596038818359375" lon="114.01839542202651500701904296875">
        <ele>7</ele>
        <time>2026-08-12T22:43:32.000Z</time>
        <extensions>
          <ns3:TrackPointExtension>
            <ns3:atemp>33.0</ns3:atemp>
            <ns3:hr>152</ns3:hr>
            <ns3:cad>86</ns3:cad>
          </ns3:TrackPointExtension>
        </extensions>
      </trkpt>
      <trkpt lat="22.55072300322353839874267578125" lon="114.01840799488127231597900390625">
        <ele>7</ele>
        <time>2026-08-12T22:43:33.000Z</time>
        <extensions>
          <ns3:TrackPointExtension>
            <ns3:atemp>33.0</ns3:atemp>
            <ns3:hr>151</ns3:hr>
            <ns3:cad>87</ns3:cad>
          </ns3:TrackPointExtension>
        </extensions>
      </trkpt>
      <trkpt lat="22.5507004559040069580078125" lon="114.01841838844120502471923828125">
        <ele>7</ele>
        <time>2026-08-12T22:43:34.000Z</time>
        <extensions>
          <ns3:TrackPointExtension>
            <ns3:atemp>33.0</ns3:atemp>
            <ns3:hr>152</ns3:hr>
            <ns3:cad>87</ns3:cad>
          </ns3:TrackPointExtension>
        </extensions>
      </trkpt>
      <trkpt lat="22.55068394355475902557373046875" lon="114.01842962019145488739013671875">
        <ele>7</ele>
        <time>2026-08-12T22:43:35.000Z</time>
        <extensions>
          <ns3:TrackPointExtension>
            <ns3:atemp>33.0</ns3:atemp>
            <ns3:hr>152</ns3:hr>
            <ns3:cad>87</ns3:cad>
          </ns3:TrackPointExtension>
        </extensions>
      </trkpt>
      <trkpt lat="22.5506637431681156158447265625" lon="114.018441773951053619384765625">
        <ele>6.80000019073486328125</ele>
        <time>2026-08-12T22:43:36.000Z</time>
        <extensions>
          <ns3:TrackPointExtension>
            <ns3:atemp>33.0</ns3:atemp>
            <ns3:hr>151</ns3:hr>
            <ns3:cad>87</ns3:cad>
          </ns3:TrackPointExtension>
        </extensions>
      </trkpt>
      <trkpt lat="22.55064337514340877532958984375" lon="114.018451832234859466552734375">
        <ele>6.80000019073486328125</ele>
        <time>2026-08-12T22:43:37.000Z</time>
        <extensions>
          <ns3:TrackPointExtension>
            <ns3:atemp>33.0</ns3:atemp>
            <ns3:hr>152</ns3:hr>
            <ns3:cad>87</ns3:cad>
          </ns3:TrackPointExtension>
        </extensions>
      </trkpt>
      <trkpt lat="22.55062476731836795806884765625" lon="114.01846398599445819854736328125">
        <ele>6.80000019073486328125</ele>
        <time>2026-08-12T22:43:38.000Z</time>
        <extensions>
          <ns3:TrackPointExtension>
            <ns3:atemp>33.0</ns3:atemp>
            <ns3:hr>152</ns3:hr>
            <ns3:cad>87</ns3:cad>
          </ns3:TrackPointExtension>
        </extensions>
      </trkpt>
      <trkpt lat="22.55060448311269283294677734375" lon="114.01847940869629383087158203125">
        <ele>6.80000019073486328125</ele>
        <time>2026-08-12T22:43:39.000Z</time>
        <extensions>
          <ns3:TrackPointExtension>
            <ns3:atemp>33.0</ns3:atemp>
            <ns3:hr>151</ns3:hr>
            <ns3:cad>86</ns3:cad>
          </ns3:TrackPointExtension>
        </extensions>
      </trkpt>
      <trkpt lat="22.5505862943828105926513671875" lon="114.018495418131351470947265625">
        <ele>6.599999904632568359375</ele>
        <time>2026-08-12T22:43:40.000Z</time>
        <extensions>
          <ns3:TrackPointExtension>
            <ns3:atemp>33.0</ns3:atemp>
            <ns3:hr>152</ns3:hr>
            <ns3:cad>86</ns3:cad>
          </ns3:TrackPointExtension>
        </extensions>
      </trkpt>
      <trkpt lat="22.55056458525359630584716796875" lon="114.01850723661482334136962890625">
        <ele>6.599999904632568359375</ele>
        <time>2026-08-12T22:43:41.000Z</time>
        <extensions>
          <ns3:TrackPointExtension>
            <ns3:atemp>33.0</ns3:atemp>
            <ns3:hr>152</ns3:hr>
            <ns3:cad>85</ns3:cad>
          </ns3:TrackPointExtension>
        </extensions>
      </trkpt>
      <trkpt lat="22.55054849199950695037841796875" lon="114.018520899116992950439453125">
        <ele>6.80000019073486328125</ele>
        <time>2026-08-12T22:43:42.000Z</time>
        <extensions>
          <ns3:TrackPointExtension>
            <ns3:atemp>33.0</ns3:atemp>
            <ns3:hr>151</ns3:hr>
            <ns3:cad>85</ns3:cad>
          </ns3:TrackPointExtension>
        </extensions>
      </trkpt>
      <trkpt lat="22.5505262799561023712158203125" lon="114.01853598654270172119140625">
        <ele>6.80000019073486328125</ele>
        <time>2026-08-12T22:43:43.000Z</time>
        <extensions>
          <ns3:TrackPointExtension>
            <ns3:atemp>33.0</ns3:atemp>
            <ns3:hr>152</ns3:hr>
            <ns3:cad>85</ns3:cad>
          </ns3:TrackPointExtension>
        </extensions>
      </trkpt>
      <trkpt lat="22.55050775595009326934814453125" lon="114.01855484582483768463134765625">
        <ele>6.599999904632568359375</ele>
        <time>2026-08-12T22:43:44.000Z</time>
        <extensions>
          <ns3:TrackPointExtension>
            <ns3:atemp>33.0</ns3:atemp>
            <ns3:hr>152</ns3:hr>
            <ns3:cad>86</ns3:cad>
          </ns3:TrackPointExtension>
        </extensions>
      </trkpt>
      <trkpt lat="22.55048520863056182861328125" lon="114.01857496239244937896728515625">
        <ele>6.80000019073486328125</ele>
        <time>2026-08-12T22:43:45.000Z</time>
        <extensions>
          <ns3:TrackPointExtension>
            <ns3:atemp>33.0</ns3:atemp>
            <ns3:hr>152</ns3:hr>
            <ns3:cad>86</ns3:cad>
          </ns3:TrackPointExtension>
        </extensions>
      </trkpt>
      <trkpt lat="22.550463415682315826416015625" lon="114.0185903012752532958984375">
        <ele>6.599999904632568359375</ele>
        <time>2026-08-12T22:43:46.000Z</time>
        <extensions>
          <ns3:TrackPointExtension>
            <ns3:atemp>33.0</ns3:atemp>
            <ns3:hr>153</ns3:hr>
            <ns3:cad>86</ns3:cad>
          </ns3:TrackPointExtension>
        </extensions>
      </trkpt>
      <trkpt lat="22.55044723860919475555419921875" lon="114.0186032094061374664306640625">
        <ele>6.599999904632568359375</ele>
        <time>2026-08-12T22:43:47.000Z</time>
        <extensions>
          <ns3:TrackPointExtension>
            <ns3:atemp>33.0</ns3:atemp>
            <ns3:hr>153</ns3:hr>
            <ns3:cad>86</ns3:cad>
          </ns3:TrackPointExtension>
        </extensions>
      </trkpt>
      <trkpt lat="22.550424523651599884033203125" lon="114.0186166204512119293212890625">
        <ele>6.599999904632568359375</ele>
        <time>2026-08-12T22:43:48.000Z</time>
        <extensions>
          <ns3:TrackPointExtension>
            <ns3:atemp>33.0</ns3:atemp>
            <ns3:hr>153</ns3:hr>
            <ns3:cad>86</ns3:cad>
          </ns3:TrackPointExtension>
        </extensions>
      </trkpt>
      <trkpt lat="22.55040943622589111328125" lon="114.01862910948693752288818359375">
        <ele>6.599999904632568359375</ele>
        <time>2026-08-12T22:43:49.000Z</time>
        <extensions>
          <ns3:TrackPointExtension>
            <ns3:atemp>33.0</ns3:atemp>
            <ns3:hr>153</ns3:hr>
            <ns3:cad>86</ns3:cad>
          </ns3:TrackPointExtension>
        </extensions>
      </trkpt>
      <trkpt lat="22.5503841228783130645751953125" lon="114.01864017359912395477294921875">
        <ele>6.599999904632568359375</ele>
        <time>2026-08-12T22:43:50.000Z</time>
        <extensions>
          <ns3:TrackPointExtension>
            <ns3:atemp>33.0</ns3:atemp>
            <ns3:hr>153</ns3:hr>
            <ns3:cad>86</ns3:cad>
          </ns3:TrackPointExtension>
        </extensions>
      </trkpt>
      <trkpt lat="22.55036828108131885528564453125" lon="114.0186535008251667022705078125">
        <ele>6.599999904632568359375</ele>
        <time>2026-08-12T22:43:51.000Z</time>
        <extensions>
          <ns3:TrackPointExtension>
            <ns3:atemp>33.0</ns3:atemp>
            <ns3:hr>153</ns3:hr>
            <ns3:cad>86</ns3:cad>
          </ns3:TrackPointExtension>
        </extensions>
      </trkpt>
      <trkpt lat="22.55034632049500942230224609375" lon="114.018665738403797149658203125">
        <ele>6.599999904632568359375</ele>
        <time>2026-08-12T22:43:52.000Z</time>
        <extensions>
          <ns3:TrackPointExtension>
            <ns3:atemp>33.0</ns3:atemp>
            <ns3:hr>153</ns3:hr>
            <ns3:cad>86</ns3:cad>
          </ns3:TrackPointExtension>
        </extensions>
      </trkpt>
      <trkpt lat="22.55032603628933429718017578125" lon="114.0186793170869350433349609375">
        <ele>6.400000095367431640625</ele>
        <time>2026-08-12T22:43:53.000Z</time>
        <extensions>
          <ns3:TrackPointExtension>
            <ns3:atemp>33.0</ns3:atemp>
            <ns3:hr>153</ns3:hr>
            <ns3:cad>86</ns3:cad>
          </ns3:TrackPointExtension>
        </extensions>
      </trkpt>
      <trkpt lat="22.55030709318816661834716796875" lon="114.01869281195104122161865234375">
        <ele>6.400000095367431640625</ele>
        <time>2026-08-12T22:43:54.000Z</time>
        <extensions>
          <ns3:TrackPointExtension>
            <ns3:atemp>33.0</ns3:atemp>
            <ns3:hr>154</ns3:hr>
            <ns3:cad>86</ns3:cad>
          </ns3:TrackPointExtension>
        </extensions>
      </trkpt>
      <trkpt lat="22.55029049701988697052001953125" lon="114.01870471425354480743408203125">
        <ele>6.400000095367431640625</ele>
        <time>2026-08-12T22:43:55.000Z</time>
        <extensions>
          <ns3:TrackPointExtension>
            <ns3:atemp>33.0</ns3:atemp>
            <ns3:hr>154</ns3:hr>
            <ns3:cad>86</ns3:cad>
          </ns3:TrackPointExtension>
        </extensions>
      </trkpt>
      <trkpt lat="22.550274319946765899658203125" lon="114.0187195502221584320068359375">
        <ele>6.400000095367431640625</ele>
        <time>2026-08-12T22:43:56.000Z</time>
        <extensions>
          <ns3:TrackPointExtension>
            <ns3:atemp>33.0</ns3:atemp>
            <ns3:hr>154</ns3:hr>
            <ns3:cad>86</ns3:cad>
          </ns3:TrackPointExtension>
        </extensions>
      </trkpt>
      <trkpt lat="22.55025126971304416656494140625" lon="114.018730781972408294677734375">
        <ele>6.400000095367431640625</ele>
        <time>2026-08-12T22:43:57.000Z</time>
        <extensions>
          <ns3:TrackPointExtension>
            <ns3:atemp>33.0</ns3:atemp>
            <ns3:hr>155</ns3:hr>
            <ns3:cad>86</ns3:cad>
          </ns3:TrackPointExtension>
        </extensions>
      </trkpt>
      <trkpt lat="22.5502305664122104644775390625" lon="114.01874327100813388824462890625">
        <ele>6.400000095367431640625</ele>
        <time>2026-08-12T22:43:58.000Z</time>
        <extensions>
          <ns3:TrackPointExtension>
            <ns3:atemp>33.0</ns3:atemp>
            <ns3:hr>155</ns3:hr>
            <ns3:cad>86</ns3:cad>
          </ns3:TrackPointExtension>
        </extensions>
      </trkpt>
      <trkpt lat="22.5502114556729793548583984375" lon="114.018758274614810943603515625">
        <ele>6.400000095367431640625</ele>
        <time>2026-08-12T22:43:59.000Z</time>
        <extensions>
          <ns3:TrackPointExtension>
            <ns3:atemp>33.0</ns3:atemp>
            <ns3:hr>156</ns3:hr>
            <ns3:cad>86</ns3:cad>
          </ns3:TrackPointExtension>
        </extensions>
      </trkpt>
      <trkpt lat="22.550192177295684814453125" lon="114.0187705121934413909912109375">
        <ele>6.400000095367431640625</ele>
        <time>2026-08-12T22:44:00.000Z</time>
        <extensions>
          <ns3:TrackPointExtension>
            <ns3:atemp>33.0</ns3:atemp>
            <ns3:hr>156</ns3:hr>
            <ns3:cad>86</ns3:cad>
          </ns3:TrackPointExtension>
        </extensions>
      </trkpt>
      <trkpt lat="22.55017717368900775909423828125" lon="114.01878274977207183837890625">
        <ele>6.19999980926513671875</ele>
        <time>2026-08-12T22:44:01.000Z</time>
        <extensions>
          <ns3:TrackPointExtension>
            <ns3:atemp>33.0</ns3:atemp>
            <ns3:hr>157</ns3:hr>
            <ns3:cad>86</ns3:cad>
          </ns3:TrackPointExtension>
        </extensions>
      </trkpt>
      <trkpt lat="22.55015672184526920318603515625" lon="114.01879289187490940093994140625">
        <ele>6.19999980926513671875</ele>
        <time>2026-08-12T22:44:02.000Z</time>
        <extensions>
          <ns3:TrackPointExtension>
            <ns3:atemp>33.0</ns3:atemp>
            <ns3:hr>157</ns3:hr>
            <ns3:cad>86</ns3:cad>
          </ns3:TrackPointExtension>
        </extensions>
      </trkpt>
      <trkpt lat="22.55014196969568729400634765625" lon="114.01880479417741298675537109375">
        <ele>6.19999980926513671875</ele>
        <time>2026-08-12T22:44:03.000Z</time>
        <extensions>
          <ns3:TrackPointExtension>
            <ns3:atemp>33.0</ns3:atemp>
            <ns3:hr>157</ns3:hr>
            <ns3:cad>86</ns3:cad>
          </ns3:TrackPointExtension>
        </extensions>
      </trkpt>
      <trkpt lat="22.55012311041355133056640625" lon="114.0188214741647243499755859375">
        <ele>6</ele>
        <time>2026-08-12T22:44:04.000Z</time>
        <extensions>
          <ns3:TrackPointExtension>
            <ns3:atemp>33.0</ns3:atemp>
            <ns3:hr>158</ns3:hr>
            <ns3:cad>86</ns3:cad>
          </ns3:TrackPointExtension>
        </extensions>
      </trkpt>
      <trkpt lat="22.55010743625462055206298828125" lon="114.0188355557620525360107421875">
        <ele>6</ele>
        <time>2026-08-12T22:44:05.000Z</time>
        <extensions>
          <ns3:TrackPointExtension>
            <ns3:atemp>33.0</ns3:atemp>
            <ns3:hr>158</ns3:hr>
            <ns3:cad>85</ns3:cad>
          </ns3:TrackPointExtension>
        </extensions>
      </trkpt>
      <trkpt lat="22.55008899606764316558837890625" lon="114.01885139755904674530029296875">
        <ele>6</ele>
        <time>2026-08-12T22:44:06.000Z</time>
        <extensions>
          <ns3:TrackPointExtension>
            <ns3:atemp>33.0</ns3:atemp>
            <ns3:hr>158</ns3:hr>
            <ns3:cad>85</ns3:cad>
          </ns3:TrackPointExtension>
        </extensions>
      </trkpt>
      <trkpt lat="22.55006753839552402496337890625" lon="114.0188670717179775238037109375">
        <ele>6</ele>
        <time>2026-08-12T22:44:07.000Z</time>
        <extensions>
          <ns3:TrackPointExtension>
            <ns3:atemp>33.0</ns3:atemp>
            <ns3:hr>157</ns3:hr>
            <ns3:cad>86</ns3:cad>
          </ns3:TrackPointExtension>
        </extensions>
      </trkpt>
      <trkpt lat="22.55004775710403919219970703125" lon="114.01888241060078144073486328125">
        <ele>6</ele>
        <time>2026-08-12T22:44:08.000Z</time>
        <extensions>
          <ns3:TrackPointExtension>
            <ns3:atemp>33.0</ns3:atemp>
            <ns3:hr>157</ns3:hr>
            <ns3:cad>86</ns3:cad>
          </ns3:TrackPointExtension>
        </extensions>
      </trkpt>
      <trkpt lat="22.55003099329769611358642578125" lon="114.01889733038842678070068359375">
        <ele>6</ele>
        <time>2026-08-12T22:44:09.000Z</time>
        <extensions>
          <ns3:TrackPointExtension>
            <ns3:atemp>33.0</ns3:atemp>
            <ns3:hr>157</ns3:hr>
            <ns3:cad>86</ns3:cad>
          </ns3:TrackPointExtension>
        </extensions>
      </trkpt>
      <trkpt lat="22.550013475120067596435546875" lon="114.01891283690929412841796875">
        <ele>5.80000019073486328125</ele>
        <time>2026-08-12T22:44:10.000Z</time>
        <extensions>
          <ns3:TrackPointExtension>
            <ns3:atemp>33.0</ns3:atemp>
            <ns3:hr>157</ns3:hr>
            <ns3:cad>86</ns3:cad>
          </ns3:TrackPointExtension>
        </extensions>
      </trkpt>
      <trkpt lat="22.5499921850860118865966796875" lon="114.01892281137406826019287109375">
        <ele>5.80000019073486328125</ele>
        <time>2026-08-12T22:44:11.000Z</time>
        <extensions>
          <ns3:TrackPointExtension>
            <ns3:atemp>33.0</ns3:atemp>
            <ns3:hr>157</ns3:hr>
            <ns3:cad>86</ns3:cad>
          </ns3:TrackPointExtension>
        </extensions>
      </trkpt>
      <trkpt lat="22.5499710626900196075439453125" lon="114.0189374797046184539794921875">
        <ele>5.80000019073486328125</ele>
        <time>2026-08-12T22:44:12.000Z</time>
        <extensions>
          <ns3:TrackPointExtension>
            <ns3:atemp>33.0</ns3:atemp>
            <ns3:hr>156</ns3:hr>
            <ns3:cad>87</ns3:cad>
          </ns3:TrackPointExtension>
        </extensions>
      </trkpt>
      <trkpt lat="22.54995069466531276702880859375" lon="114.01895114220678806304931640625">
        <ele>5.80000019073486328125</ele>
        <time>2026-08-12T22:44:13.000Z</time>
        <extensions>
          <ns3:TrackPointExtension>
            <ns3:atemp>33.0</ns3:atemp>
            <ns3:hr>156</ns3:hr>
            <ns3:cad>86</ns3:cad>
          </ns3:TrackPointExtension>
        </extensions>
      </trkpt>
      <trkpt lat="22.5499328412115573883056640625" lon="114.01896405033767223358154296875">
        <ele>5.80000019073486328125</ele>
        <time>2026-08-12T22:44:14.000Z</time>
        <extensions>
          <ns3:TrackPointExtension>
            <ns3:atemp>33.0</ns3:atemp>
            <ns3:hr>156</ns3:hr>
            <ns3:cad>87</ns3:cad>
          </ns3:TrackPointExtension>
        </extensions>
      </trkpt>
      <trkpt lat="22.54991632886230945587158203125" lon="114.01897829957306385040283203125">
        <ele>5.80000019073486328125</ele>
        <time>2026-08-12T22:44:15.000Z</time>
        <extensions>
          <ns3:TrackPointExtension>
            <ns3:atemp>33.0</ns3:atemp>
            <ns3:hr>156</ns3:hr>
            <ns3:cad>86</ns3:cad>
          </ns3:TrackPointExtension>
        </extensions>
      </trkpt>
      <trkpt lat="22.5498957931995391845703125" lon="114.01899087242782115936279296875">
        <ele>5.80000019073486328125</ele>
        <time>2026-08-12T22:44:16.000Z</time>
        <extensions>
          <ns3:TrackPointExtension>
            <ns3:atemp>33.0</ns3:atemp>
            <ns3:hr>156</ns3:hr>
            <ns3:cad>87</ns3:cad>
          </ns3:TrackPointExtension>
        </extensions>
      </trkpt>
      <trkpt lat="22.549876011908054351806640625" lon="114.019005037844181060791015625">
        <ele>5.80000019073486328125</ele>
        <time>2026-08-12T22:44:17.000Z</time>
        <extensions>
          <ns3:TrackPointExtension>
            <ns3:atemp>33.0</ns3:atemp>
            <ns3:hr>156</ns3:hr>
            <ns3:cad>87</ns3:cad>
          </ns3:TrackPointExtension>
        </extensions>
      </trkpt>
      <trkpt lat="22.5498500280082225799560546875" lon="114.0190189518034458160400390625">
        <ele>5.80000019073486328125</ele>
        <time>2026-08-12T22:44:18.000Z</time>
        <extensions>
          <ns3:TrackPointExtension>
            <ns3:atemp>34.0</ns3:atemp>
            <ns3:hr>156</ns3:hr>
            <ns3:cad>87</ns3:cad>
          </ns3:TrackPointExtension>
        </extensions>
      </trkpt>
      <trkpt lat="22.5498322583734989166259765625" lon="114.01903077028691768646240234375">
        <ele>5.80000019073486328125</ele>
        <time>2026-08-12T22:44:19.000Z</time>
        <extensions>
          <ns3:TrackPointExtension>
            <ns3:atemp>33.0</ns3:atemp>
            <ns3:hr>156</ns3:hr>
            <ns3:cad>87</ns3:cad>
          </ns3:TrackPointExtension>
        </extensions>
      </trkpt>
      <trkpt lat="22.5498087890446186065673828125" lon="114.01904736645519733428955078125">
        <ele>5.599999904632568359375</ele>
        <time>2026-08-12T22:44:20.000Z</time>
        <extensions>
          <ns3:TrackPointExtension>
            <ns3:atemp>33.0</ns3:atemp>
            <ns3:hr>156</ns3:hr>
            <ns3:cad>86</ns3:cad>
          </ns3:TrackPointExtension>
        </extensions>
      </trkpt>
      <trkpt lat="22.54979319870471954345703125" lon="114.0190570056438446044921875">
        <ele>5.599999904632568359375</ele>
        <time>2026-08-12T22:44:21.000Z</time>
        <extensions>
          <ns3:TrackPointExtension>
            <ns3:atemp>33.0</ns3:atemp>
            <ns3:hr>155</ns3:hr>
            <ns3:cad>86</ns3:cad>
          </ns3:TrackPointExtension>
        </extensions>
      </trkpt>
      <trkpt lat="22.549773417413234710693359375" lon="114.01906681247055530548095703125">
        <ele>5.599999904632568359375</ele>
        <time>2026-08-12T22:44:22.000Z</time>
        <extensions>
          <ns3:TrackPointExtension>
            <ns3:atemp>33.0</ns3:atemp>
            <ns3:hr>155</ns3:hr>
            <ns3:cad>86</ns3:cad>
          </ns3:TrackPointExtension>
        </extensions>
      </trkpt>
      <trkpt lat="22.549757324159145355224609375" lon="114.01907837949693202972412109375">
        <ele>5.599999904632568359375</ele>
        <time>2026-08-12T22:44:23.000Z</time>
        <extensions>
          <ns3:TrackPointExtension>
            <ns3:atemp>33.0</ns3:atemp>
            <ns3:hr>155</ns3:hr>
            <ns3:cad>87</ns3:cad>
          </ns3:TrackPointExtension>
        </extensions>
      </trkpt>
      <trkpt lat="22.54973687231540679931640625" lon="114.0190880186855792999267578125">
        <ele>5.599999904632568359375</ele>
        <time>2026-08-12T22:44:24.000Z</time>
        <extensions>
          <ns3:TrackPointExtension>
            <ns3:atemp>33.0</ns3:atemp>
            <ns3:hr>155</ns3:hr>
            <ns3:cad>87</ns3:cad>
          </ns3:TrackPointExtension>
        </extensions>
      </trkpt>
      <trkpt lat="22.549715749919414520263671875" lon="114.01909765787422657012939453125">
        <ele>5.599999904632568359375</ele>
        <time>2026-08-12T22:44:25.000Z</time>
        <extensions>
          <ns3:TrackPointExtension>
            <ns3:atemp>33.0</ns3:atemp>
            <ns3:hr>154</ns3:hr>
            <ns3:cad>87</ns3:cad>
          </ns3:TrackPointExtension>
        </extensions>
      </trkpt>
      <trkpt lat="22.5496958009898662567138671875" lon="114.019110985100269317626953125">
        <ele>5.599999904632568359375</ele>
        <time>2026-08-12T22:44:26.000Z</time>
        <extensions>
          <ns3:TrackPointExtension>
            <ns3:atemp>33.0</ns3:atemp>
            <ns3:hr>155</ns3:hr>
            <ns3:cad>87</ns3:cad>
          </ns3:TrackPointExtension>
        </extensions>
      </trkpt>
      <trkpt lat="22.5496750138700008392333984375" lon="114.01912582106888294219970703125">
        <ele>5.400000095367431640625</ele>
        <time>2026-08-12T22:44:27.000Z</time>
        <extensions>
          <ns3:TrackPointExtension>
            <ns3:atemp>33.0</ns3:atemp>
            <ns3:hr>155</ns3:hr>
            <ns3:cad>86</ns3:cad>
          </ns3:TrackPointExtension>
        </extensions>
      </trkpt>
      <trkpt lat="22.54966034553945064544677734375" lon="114.0191428363323211669921875">
        <ele>5.400000095367431640625</ele>
        <time>2026-08-12T22:44:28.000Z</time>
        <extensions>
          <ns3:TrackPointExtension>
            <ns3:atemp>33.0</ns3:atemp>
            <ns3:hr>154</ns3:hr>
            <ns3:cad>86</ns3:cad>
          </ns3:TrackPointExtension>
        </extensions>
      </trkpt>
      <trkpt lat="22.5496404804289340972900390625" lon="114.01915783993899822235107421875">
        <ele>5.400000095367431640625</ele>
        <time>2026-08-12T22:44:29.000Z</time>
        <extensions>
          <ns3:TrackPointExtension>
            <ns3:atemp>33.0</ns3:atemp>
            <ns3:hr>155</ns3:hr>
            <ns3:cad>86</ns3:cad>
          </ns3:TrackPointExtension>
        </extensions>
      </trkpt>
      <trkpt lat="22.5496213696897029876708984375" lon="114.01917091570794582366943359375">
        <ele>5.400000095367431640625</ele>
        <time>2026-08-12T22:44:30.000Z</time>
        <extensions>
          <ns3:TrackPointExtension>
            <ns3:atemp>33.0</ns3:atemp>
            <ns3:hr>155</ns3:hr>
            <ns3:cad>86</ns3:cad>
          </ns3:TrackPointExtension>
        </extensions>
      </trkpt>
      <trkpt lat="22.5495975650846958160400390625" lon="114.01918767951428890228271484375">
        <ele>5.19999980926513671875</ele>
        <time>2026-08-12T22:44:31.000Z</time>
        <extensions>
          <ns3:TrackPointExtension>
            <ns3:atemp>33.0</ns3:atemp>
            <ns3:hr>155</ns3:hr>
            <ns3:cad>86</ns3:cad>
          </ns3:TrackPointExtension>
        </extensions>
      </trkpt>
      <trkpt lat="22.5495754368603229522705078125" lon="114.0192013420164585113525390625">
        <ele>5.19999980926513671875</ele>
        <time>2026-08-12T22:44:32.000Z</time>
        <extensions>
          <ns3:TrackPointExtension>
            <ns3:atemp>33.0</ns3:atemp>
            <ns3:hr>154</ns3:hr>
            <ns3:cad>85</ns3:cad>
          </ns3:TrackPointExtension>
        </extensions>
      </trkpt>
      <trkpt lat="22.5495569966733455657958984375" lon="114.01921567507088184356689453125">
        <ele>5.19999980926513671875</ele>
        <time>2026-08-12T22:44:33.000Z</time>
        <extensions>
          <ns3:TrackPointExtension>
            <ns3:atemp>33.0</ns3:atemp>
            <ns3:hr>155</ns3:hr>
            <ns3:cad>86</ns3:cad>
          </ns3:TrackPointExtension>
        </extensions>
      </trkpt>
      <trkpt lat="22.54953729920089244842529296875" lon="114.01923210360109806060791015625">
        <ele>5.19999980926513671875</ele>
        <time>2026-08-12T22:44:34.000Z</time>
        <extensions>
          <ns3:TrackPointExtension>
            <ns3:atemp>33.0</ns3:atemp>
            <ns3:hr>155</ns3:hr>
            <ns3:cad>86</ns3:cad>
          </ns3:TrackPointExtension>
        </extensions>
      </trkpt>
      <trkpt lat="22.549520619213581085205078125" lon="114.01924802921712398529052734375">
        <ele>5.19999980926513671875</ele>
        <time>2026-08-12T22:44:35.000Z</time>
        <extensions>
          <ns3:TrackPointExtension>
            <ns3:atemp>33.0</ns3:atemp>
            <ns3:hr>155</ns3:hr>
            <ns3:cad>86</ns3:cad>
          </ns3:TrackPointExtension>
        </extensions>
      </trkpt>
      <trkpt lat="22.54949748516082763671875" lon="114.019263200461864471435546875">
        <ele>5.19999980926513671875</ele>
        <time>2026-08-12T22:44:36.000Z</time>
        <extensions>
          <ns3:TrackPointExtension>
            <ns3:atemp>33.0</ns3:atemp>
            <ns3:hr>155</ns3:hr>
            <ns3:cad>86</ns3:cad>
          </ns3:TrackPointExtension>
        </extensions>
      </trkpt>
      <trkpt lat="22.54948206245899200439453125" lon="114.01927627623081207275390625">
        <ele>5.19999980926513671875</ele>
        <time>2026-08-12T22:44:37.000Z</time>
        <extensions>
          <ns3:TrackPointExtension>
            <ns3:atemp>33.0</ns3:atemp>
            <ns3:hr>154</ns3:hr>
            <ns3:cad>85</ns3:cad>
          </ns3:TrackPointExtension>
        </extensions>
      </trkpt>
      <trkpt lat="22.54946186207234859466552734375" lon="114.01929144747555255889892578125">
        <ele>5.19999980926513671875</ele>
        <time>2026-08-12T22:44:38.000Z</time>
        <extensions>
          <ns3:TrackPointExtension>
            <ns3:atemp>33.0</ns3:atemp>
            <ns3:hr>155</ns3:hr>
            <ns3:cad>85</ns3:cad>
          </ns3:TrackPointExtension>
        </extensions>
      </trkpt>
      <trkpt lat="22.54944241605699062347412109375" lon="114.0193032659590244293212890625">
        <ele>5.19999980926513671875</ele>
        <time>2026-08-12T22:44:39.000Z</time>
        <extensions>
          <ns3:TrackPointExtension>
            <ns3:atemp>33.0</ns3:atemp>
            <ns3:hr>155</ns3:hr>
            <ns3:cad>85</ns3:cad>
          </ns3:TrackPointExtension>
        </extensions>
      </trkpt>
      <trkpt lat="22.54942196421325206756591796875" lon="114.0193156711757183074951171875">
        <ele>5.19999980926513671875</ele>
        <time>2026-08-12T22:44:40.000Z</time>
        <extensions>
          <ns3:TrackPointExtension>
            <ns3:atemp>33.0</ns3:atemp>
            <ns3:hr>155</ns3:hr>
            <ns3:cad>85</ns3:cad>
          </ns3:TrackPointExtension>
        </extensions>
      </trkpt>
      <trkpt lat="22.549403943121433258056640625" lon="114.0193297527730464935302734375">
        <ele>5.19999980926513671875</ele>
        <time>2026-08-12T22:44:41.000Z</time>
        <extensions>
          <ns3:TrackPointExtension>
            <ns3:atemp>33.0</ns3:atemp>
            <ns3:hr>155</ns3:hr>
            <ns3:cad>85</ns3:cad>
          </ns3:TrackPointExtension>
        </extensions>
      </trkpt>
      <trkpt lat="22.54938676021993160247802734375" lon="114.01934358291327953338623046875">
        <ele>5.19999980926513671875</ele>
        <time>2026-08-12T22:44:42.000Z</time>
        <extensions>
          <ns3:TrackPointExtension>
            <ns3:atemp>33.0</ns3:atemp>
            <ns3:hr>155</ns3:hr>
            <ns3:cad>85</ns3:cad>
          </ns3:TrackPointExtension>
        </extensions>
      </trkpt>
      <trkpt lat="22.549366056919097900390625" lon="114.01935833506286144256591796875">
        <ele>5</ele>
        <time>2026-08-12T22:44:43.000Z</time>
        <extensions>
          <ns3:TrackPointExtension>
            <ns3:atemp>33.0</ns3:atemp>
            <ns3:hr>155</ns3:hr>
            <ns3:cad>86</ns3:cad>
          </ns3:TrackPointExtension>
        </extensions>
      </trkpt>
      <trkpt lat="22.54934971220791339874267578125" lon="114.01937509886920452117919921875">
        <ele>5</ele>
        <time>2026-08-12T22:44:44.000Z</time>
        <extensions>
          <ns3:TrackPointExtension>
            <ns3:atemp>33.0</ns3:atemp>
            <ns3:hr>156</ns3:hr>
            <ns3:cad>86</ns3:cad>
          </ns3:TrackPointExtension>
        </extensions>
      </trkpt>
      <trkpt lat="22.5493313558399677276611328125" lon="114.0193911083042621612548828125">
        <ele>5</ele>
        <time>2026-08-12T22:44:45.000Z</time>
        <extensions>
          <ns3:TrackPointExtension>
            <ns3:atemp>33.0</ns3:atemp>
            <ns3:hr>155</ns3:hr>
            <ns3:cad>86</ns3:cad>
          </ns3:TrackPointExtension>
        </extensions>
      </trkpt>
      <trkpt lat="22.54931174218654632568359375" lon="114.01940393261611461639404296875">
        <ele>5</ele>
        <time>2026-08-12T22:44:46.000Z</time>
        <extensions>
          <ns3:TrackPointExtension>
            <ns3:atemp>33.0</ns3:atemp>
            <ns3:hr>155</ns3:hr>
            <ns3:cad>86</ns3:cad>
          </ns3:TrackPointExtension>
        </extensions>
      </trkpt>
      <trkpt lat="22.54929254762828350067138671875" lon="114.019418768584728240966796875">
        <ele>5</ele>
        <time>2026-08-12T22:44:47.000Z</time>
        <extensions>
          <ns3:TrackPointExtension>
            <ns3:atemp>33.0</ns3:atemp>
            <ns3:hr>155</ns3:hr>
            <ns3:cad>86</ns3:cad>
          </ns3:TrackPointExtension>
        </extensions>
      </trkpt>
      <trkpt lat="22.54927192814648151397705078125" lon="114.01943159289658069610595703125">
        <ele>5</ele>
        <time>2026-08-12T22:44:48.000Z</time>
        <extensions>
          <ns3:TrackPointExtension>
            <ns3:atemp>33.0</ns3:atemp>
            <ns3:hr>155</ns3:hr>
            <ns3:cad>85</ns3:cad>
          </ns3:TrackPointExtension>
        </extensions>
      </trkpt>
      <trkpt lat="22.54925516434013843536376953125" lon="114.0194457583129405975341796875">
        <ele>4.80000019073486328125</ele>
        <time>2026-08-12T22:44:49.000Z</time>
        <extensions>
          <ns3:TrackPointExtension>
            <ns3:atemp>33.0</ns3:atemp>
            <ns3:hr>155</ns3:hr>
            <ns3:cad>85</ns3:cad>
          </ns3:TrackPointExtension>
        </extensions>
      </trkpt>
      <trkpt lat="22.549231611192226409912109375" lon="114.0194593369960784912109375">
        <ele>4.80000019073486328125</ele>
        <time>2026-08-12T22:44:50.000Z</time>
        <extensions>
          <ns3:TrackPointExtension>
            <ns3:atemp>33.0</ns3:atemp>
            <ns3:hr>155</ns3:hr>
            <ns3:cad>85</ns3:cad>
          </ns3:TrackPointExtension>
        </extensions>
      </trkpt>
      <trkpt lat="22.549212165176868438720703125" lon="114.01947199366986751556396484375">
        <ele>4.80000019073486328125</ele>
        <time>2026-08-12T22:44:51.000Z</time>
        <extensions>
          <ns3:TrackPointExtension>
            <ns3:atemp>33.0</ns3:atemp>
            <ns3:hr>156</ns3:hr>
            <ns3:cad>85</ns3:cad>
          </ns3:TrackPointExtension>
        </extensions>
      </trkpt>
      <trkpt lat="22.54919104278087615966796875" lon="114.0194859914481639862060546875">
        <ele>5</ele>
        <time>2026-08-12T22:44:52.000Z</time>
        <extensions>
          <ns3:TrackPointExtension>
            <ns3:atemp>33.0</ns3:atemp>
            <ns3:hr>156</ns3:hr>
            <ns3:cad>85</ns3:cad>
          </ns3:TrackPointExtension>
        </extensions>
      </trkpt>
      <trkpt lat="22.5491663999855518341064453125" lon="114.0195014141499996185302734375">
        <ele>4.80000019073486328125</ele>
        <time>2026-08-12T22:44:53.000Z</time>
        <extensions>
          <ns3:TrackPointExtension>
            <ns3:atemp>33.0</ns3:atemp>
            <ns3:hr>156</ns3:hr>
            <ns3:cad>85</ns3:cad>
          </ns3:TrackPointExtension>
        </extensions>
      </trkpt>
      <trkpt lat="22.54915005527436733245849609375" lon="114.0195156633853912353515625">
        <ele>4.80000019073486328125</ele>
        <time>2026-08-12T22:44:54.000Z</time>
        <extensions>
          <ns3:TrackPointExtension>
            <ns3:atemp>33.0</ns3:atemp>
            <ns3:hr>156</ns3:hr>
            <ns3:cad>85</ns3:cad>
          </ns3:TrackPointExtension>
        </extensions>
      </trkpt>
      <trkpt lat="22.5491275079548358917236328125" lon="114.019530080258846282958984375">
        <ele>4.80000019073486328125</ele>
        <time>2026-08-12T22:44:55.000Z</time>
        <extensions>
          <ns3:TrackPointExtension>
            <ns3:atemp>33.0</ns3:atemp>
            <ns3:hr>156</ns3:hr>
            <ns3:cad>85</ns3:cad>
          </ns3:TrackPointExtension>
        </extensions>
      </trkpt>
      <trkpt lat="22.54911250434815883636474609375" lon="114.0195460058748722076416015625">
        <ele>4.80000019073486328125</ele>
        <time>2026-08-12T22:44:56.000Z</time>
        <extensions>
          <ns3:TrackPointExtension>
            <ns3:atemp>33.0</ns3:atemp>
            <ns3:hr>156</ns3:hr>
            <ns3:cad>85</ns3:cad>
          </ns3:TrackPointExtension>
        </extensions>
      </trkpt>
      <trkpt lat="22.54909439943730831146240234375" lon="114.01955522596836090087890625">
        <ele>4.80000019073486328125</ele>
        <time>2026-08-12T22:44:57.000Z</time>
        <extensions>
          <ns3:TrackPointExtension>
            <ns3:atemp>33.0</ns3:atemp>
            <ns3:hr>156</ns3:hr>
            <ns3:cad>85</ns3:cad>
          </ns3:TrackPointExtension>
        </extensions>
      </trkpt>
      <trkpt lat="22.549077384173870086669921875" lon="114.01956235058605670928955078125">
        <ele>4.599999904632568359375</ele>
        <time>2026-08-12T22:44:58.000Z</time>
        <extensions>
          <ns3:TrackPointExtension>
            <ns3:atemp>33.0</ns3:atemp>
            <ns3:hr>156</ns3:hr>
            <ns3:cad>85</ns3:cad>
          </ns3:TrackPointExtension>
        </extensions>
      </trkpt>
      <trkpt lat="22.549060620367527008056640625" lon="114.019572325050830841064453125">
        <ele>4.599999904632568359375</ele>
        <time>2026-08-12T22:44:59.000Z</time>
        <extensions>
          <ns3:TrackPointExtension>
            <ns3:atemp>33.0</ns3:atemp>
            <ns3:hr>156</ns3:hr>
            <ns3:cad>86</ns3:cad>
          </ns3:TrackPointExtension>
        </extensions>
      </trkpt>
      <trkpt lat="22.54903891123831272125244140625" lon="114.019582383334636688232421875">
        <ele>4.599999904632568359375</ele>
        <time>2026-08-12T22:45:00.000Z</time>
        <extensions>
          <ns3:TrackPointExtension>
            <ns3:atemp>33.0</ns3:atemp>
            <ns3:hr>156</ns3:hr>
            <ns3:cad>86</ns3:cad>
          </ns3:TrackPointExtension>
        </extensions>
      </trkpt>
      <trkpt lat="22.54902608692646026611328125" lon="114.01959537528455257415771484375">
        <ele>4.599999904632568359375</ele>
        <time>2026-08-12T22:45:01.000Z</time>
        <extensions>
          <ns3:TrackPointExtension>
            <ns3:atemp>33.0</ns3:atemp>
            <ns3:hr>156</ns3:hr>
            <ns3:cad>85</ns3:cad>
          </ns3:TrackPointExtension>
        </extensions>
      </trkpt>
      <trkpt lat="22.54900328814983367919921875" lon="114.01961716823279857635498046875">
        <ele>4.599999904632568359375</ele>
        <time>2026-08-12T22:45:02.000Z</time>
        <extensions>
          <ns3:TrackPointExtension>
            <ns3:atemp>33.0</ns3:atemp>
            <ns3:hr>156</ns3:hr>
            <ns3:cad>85</ns3:cad>
          </ns3:TrackPointExtension>
        </extensions>
      </trkpt>
      <trkpt lat="22.5489880330860614776611328125" lon="114.0196405537426471710205078125">
        <ele>4.599999904632568359375</ele>
        <time>2026-08-12T22:45:03.000Z</time>
        <extensions>
          <ns3:TrackPointExtension>
            <ns3:atemp>33.0</ns3:atemp>
            <ns3:hr>155</ns3:hr>
            <ns3:cad>85</ns3:cad>
          </ns3:TrackPointExtension>
        </extensions>
      </trkpt>
      <trkpt lat="22.54897780716419219970703125" lon="114.0196623466908931732177734375">
        <ele>4.599999904632568359375</ele>
        <time>2026-08-12T22:45:04.000Z</time>
        <extensions>
          <ns3:TrackPointExtension>
            <ns3:atemp>33.0</ns3:atemp>
            <ns3:hr>155</ns3:hr>
            <ns3:cad>85</ns3:cad>
          </ns3:TrackPointExtension>
        </extensions>
      </trkpt>
      <trkpt lat="22.54896515049040317535400390625" lon="114.01968799531459808349609375">
        <ele>4.599999904632568359375</ele>
        <time>2026-08-12T22:45:05.000Z</time>
        <extensions>
          <ns3:TrackPointExtension>
            <ns3:atemp>33.0</ns3:atemp>
            <ns3:hr>155</ns3:hr>
            <ns3:cad>85</ns3:cad>
          </ns3:TrackPointExtension>
        </extensions>
      </trkpt>
      <trkpt lat="22.54895123653113842010498046875" lon="114.01970836333930492401123046875">
        <ele>4.599999904632568359375</ele>
        <time>2026-08-12T22:45:06.000Z</time>
        <extensions>
          <ns3:TrackPointExtension>
            <ns3:atemp>33.0</ns3:atemp>
            <ns3:hr>155</ns3:hr>
            <ns3:cad>85</ns3:cad>
          </ns3:TrackPointExtension>
        </extensions>
      </trkpt>
      <trkpt lat="22.5489300303161144256591796875" lon="114.01973116211593151092529296875">
        <ele>4.400000095367431640625</ele>
        <time>2026-08-12T22:45:07.000Z</time>
        <extensions>
          <ns3:TrackPointExtension>
            <ns3:atemp>33.0</ns3:atemp>
            <ns3:hr>155</ns3:hr>
            <ns3:cad>85</ns3:cad>
          </ns3:TrackPointExtension>
        </extensions>
      </trkpt>
      <trkpt lat="22.54891284741461277008056640625" lon="114.0197488479316234588623046875">
        <ele>4.400000095367431640625</ele>
        <time>2026-08-12T22:45:08.000Z</time>
        <extensions>
          <ns3:TrackPointExtension>
            <ns3:atemp>33.0</ns3:atemp>
            <ns3:hr>154</ns3:hr>
            <ns3:cad>84</ns3:cad>
          </ns3:TrackPointExtension>
        </extensions>
      </trkpt>
      <trkpt lat="22.548892311751842498779296875" lon="114.01976318098604679107666015625">
        <ele>4.400000095367431640625</ele>
        <time>2026-08-12T22:45:09.000Z</time>
        <extensions>
          <ns3:TrackPointExtension>
            <ns3:atemp>33.0</ns3:atemp>
            <ns3:hr>154</ns3:hr>
            <ns3:cad>84</ns3:cad>
          </ns3:TrackPointExtension>
        </extensions>
      </trkpt>
      <trkpt lat="22.548868842422962188720703125" lon="114.019774831831455230712890625">
        <ele>4.19999980926513671875</ele>
        <time>2026-08-12T22:45:10.000Z</time>
        <extensions>
          <ns3:TrackPointExtension>
            <ns3:atemp>33.0</ns3:atemp>
            <ns3:hr>154</ns3:hr>
            <ns3:cad>84</ns3:cad>
          </ns3:TrackPointExtension>
        </extensions>
      </trkpt>
      <trkpt lat="22.5488515757024288177490234375" lon="114.0197860635817050933837890625">
        <ele>4.19999980926513671875</ele>
        <time>2026-08-12T22:45:11.000Z</time>
        <extensions>
          <ns3:TrackPointExtension>
            <ns3:atemp>33.0</ns3:atemp>
            <ns3:hr>155</ns3:hr>
            <ns3:cad>84</ns3:cad>
          </ns3:TrackPointExtension>
        </extensions>
      </trkpt>
      <trkpt lat="22.54882634617388248443603515625" lon="114.019795618951320648193359375">
        <ele>4.19999980926513671875</ele>
        <time>2026-08-12T22:45:12.000Z</time>
        <extensions>
          <ns3:TrackPointExtension>
            <ns3:atemp>33.0</ns3:atemp>
            <ns3:hr>154</ns3:hr>
            <ns3:cad>84</ns3:cad>
          </ns3:TrackPointExtension>
        </extensions>
      </trkpt>
      <trkpt lat="22.5488066487014293670654296875" lon="114.01980735361576080322265625">
        <ele>4.400000095367431640625</ele>
        <time>2026-08-12T22:45:13.000Z</time>
        <extensions>
          <ns3:TrackPointExtension>
            <ns3:atemp>33.0</ns3:atemp>
            <ns3:hr>154</ns3:hr>
            <ns3:cad>85</ns3:cad>
          </ns3:TrackPointExtension>
        </extensions>
      </trkpt>
      <trkpt lat="22.548786699771881103515625" lon="114.0198202617466449737548828125">
        <ele>4.400000095367431640625</ele>
        <time>2026-08-12T22:45:14.000Z</time>
        <extensions>
          <ns3:TrackPointExtension>
            <ns3:atemp>33.0</ns3:atemp>
            <ns3:hr>154</ns3:hr>
            <ns3:cad>86</ns3:cad>
          </ns3:TrackPointExtension>
        </extensions>
      </trkpt>
      <trkpt lat="22.54876733757555484771728515625" lon="114.01983543299138545989990234375">
        <ele>4.400000095367431640625</ele>
        <time>2026-08-12T22:45:15.000Z</time>
        <extensions>
          <ns3:TrackPointExtension>
            <ns3:atemp>33.0</ns3:atemp>
            <ns3:hr>154</ns3:hr>
            <ns3:cad>86</ns3:cad>
          </ns3:TrackPointExtension>
        </extensions>
      </trkpt>
      <trkpt lat="22.54874956794083118438720703125" lon="114.01984800584614276885986328125">
        <ele>4.400000095367431640625</ele>
        <time>2026-08-12T22:45:16.000Z</time>
        <extensions>
          <ns3:TrackPointExtension>
            <ns3:atemp>33.0</ns3:atemp>
            <ns3:hr>154</ns3:hr>
            <ns3:cad>85</ns3:cad>
          </ns3:TrackPointExtension>
        </extensions>
      </trkpt>
      <trkpt lat="22.54872542805969715118408203125" lon="114.01986292563378810882568359375">
        <ele>4.400000095367431640625</ele>
        <time>2026-08-12T22:45:17.000Z</time>
        <extensions>
          <ns3:TrackPointExtension>
            <ns3:atemp>33.0</ns3:atemp>
            <ns3:hr>153</ns3:hr>
            <ns3:cad>85</ns3:cad>
          </ns3:TrackPointExtension>
        </extensions>
      </trkpt>
      <trkpt lat="22.54871168173849582672119140625" lon="114.01987801305949687957763671875">
        <ele>4.19999980926513671875</ele>
        <time>2026-08-12T22:45:18.000Z</time>
        <extensions>
          <ns3:TrackPointExtension>
            <ns3:atemp>33.0</ns3:atemp>
            <ns3:hr>153</ns3:hr>
            <ns3:cad>84</ns3:cad>
          </ns3:TrackPointExtension>
        </extensions>
      </trkpt>
      <trkpt lat="22.54868754185736179351806640625" lon="114.019891507923603057861328125">
        <ele>4</ele>
        <time>2026-08-12T22:45:19.000Z</time>
        <extensions>
          <ns3:TrackPointExtension>
            <ns3:atemp>33.0</ns3:atemp>
            <ns3:hr>153</ns3:hr>
            <ns3:cad>84</ns3:cad>
          </ns3:TrackPointExtension>
        </extensions>
      </trkpt>
      <trkpt lat="22.5486695207655429840087890625" lon="114.01990391314029693603515625">
        <ele>4.19999980926513671875</ele>
        <time>2026-08-12T22:45:20.000Z</time>
        <extensions>
          <ns3:TrackPointExtension>
            <ns3:atemp>33.0</ns3:atemp>
            <ns3:hr>153</ns3:hr>
            <ns3:cad>84</ns3:cad>
          </ns3:TrackPointExtension>
        </extensions>
      </trkpt>
      <trkpt lat="22.548644542694091796875" lon="114.01991656981408596038818359375">
        <ele>4.19999980926513671875</ele>
        <time>2026-08-12T22:45:21.000Z</time>
        <extensions>
          <ns3:TrackPointExtension>
            <ns3:atemp>33.0</ns3:atemp>
            <ns3:hr>153</ns3:hr>
            <ns3:cad>84</ns3:cad>
          </ns3:TrackPointExtension>
        </extensions>
      </trkpt>
      <trkpt lat="22.5486242584884166717529296875" lon="114.01993249543011188507080078125">
        <ele>4.19999980926513671875</ele>
        <time>2026-08-12T22:45:22.000Z</time>
        <extensions>
          <ns3:TrackPointExtension>
            <ns3:atemp>33.0</ns3:atemp>
            <ns3:hr>153</ns3:hr>
            <ns3:cad>84</ns3:cad>
          </ns3:TrackPointExtension>
        </extensions>
      </trkpt>
      <trkpt lat="22.54860389046370983123779296875" lon="114.01994884014129638671875">
        <ele>4.19999980926513671875</ele>
        <time>2026-08-12T22:45:23.000Z</time>
        <extensions>
          <ns3:TrackPointExtension>
            <ns3:atemp>34.0</ns3:atemp>
            <ns3:hr>153</ns3:hr>
            <ns3:cad>85</ns3:cad>
          </ns3:TrackPointExtension>
        </extensions>
      </trkpt>
      <trkpt lat="22.54858159460127353668212890625" lon="114.019966609776020050048828125">
        <ele>4.400000095367431640625</ele>
        <time>2026-08-12T22:45:24.000Z</time>
        <extensions>
          <ns3:TrackPointExtension>
            <ns3:atemp>33.0</ns3:atemp>
            <ns3:hr>153</ns3:hr>
            <ns3:cad>86</ns3:cad>
          </ns3:TrackPointExtension>
        </extensions>
      </trkpt>
      <trkpt lat="22.54856801591813564300537109375" lon="114.0199822001159191131591796875">
        <ele>4.19999980926513671875</ele>
        <time>2026-08-12T22:45:25.000Z</time>
        <extensions>
          <ns3:TrackPointExtension>
            <ns3:atemp>33.0</ns3:atemp>
            <ns3:hr>153</ns3:hr>
            <ns3:cad>86</ns3:cad>
          </ns3:TrackPointExtension>
        </extensions>
      </trkpt>
      <trkpt lat="22.5485447980463504791259765625" lon="114.01999720372259616851806640625">
        <ele>4.19999980926513671875</ele>
        <time>2026-08-12T22:45:26.000Z</time>
        <extensions>
          <ns3:TrackPointExtension>
            <ns3:atemp>33.0</ns3:atemp>
            <ns3:hr>154</ns3:hr>
            <ns3:cad>86</ns3:cad>
          </ns3:TrackPointExtension>
        </extensions>
      </trkpt>
      <trkpt lat="22.54852912388741970062255859375" lon="114.0200117044150829315185546875">
        <ele>4.19999980926513671875</ele>
        <time>2026-08-12T22:45:27.000Z</time>
        <extensions>
          <ns3:TrackPointExtension>
            <ns3:atemp>33.0</ns3:atemp>
            <ns3:hr>153</ns3:hr>
            <ns3:cad>85</ns3:cad>
          </ns3:TrackPointExtension>
        </extensions>
      </trkpt>
      <trkpt lat="22.5485095940530300140380859375" lon="114.02002838440239429473876953125">
        <ele>4.19999980926513671875</ele>
        <time>2026-08-12T22:45:28.000Z</time>
        <extensions>
          <ns3:TrackPointExtension>
            <ns3:atemp>33.0</ns3:atemp>
            <ns3:hr>154</ns3:hr>
            <ns3:cad>85</ns3:cad>
          </ns3:TrackPointExtension>
        </extensions>
      </trkpt>
      <trkpt lat="22.5484867952764034271240234375" lon="114.02004129253327846527099609375">
        <ele>4.19999980926513671875</ele>
        <time>2026-08-12T22:45:29.000Z</time>
        <extensions>
          <ns3:TrackPointExtension>
            <ns3:atemp>33.0</ns3:atemp>
            <ns3:hr>154</ns3:hr>
            <ns3:cad>85</ns3:cad>
          </ns3:TrackPointExtension>
        </extensions>
      </trkpt>
      <trkpt lat="22.548469863831996917724609375" lon="114.02005269192159175872802734375">
        <ele>4.19999980926513671875</ele>
        <time>2026-08-12T22:45:30.000Z</time>
        <extensions>
          <ns3:TrackPointExtension>
            <ns3:atemp>33.0</ns3:atemp>
            <ns3:hr>154</ns3:hr>
            <ns3:cad>84</ns3:cad>
          </ns3:TrackPointExtension>
        </extensions>
      </trkpt>
      <trkpt lat="22.54844010807573795318603515625" lon="114.02005277574062347412109375">
        <ele>4.19999980926513671875</ele>
        <time>2026-08-12T22:45:31.000Z</time>
        <extensions>
          <ns3:TrackPointExtension>
            <ns3:atemp>34.0</ns3:atemp>
            <ns3:hr>154</ns3:hr>
            <ns3:cad>84</ns3:cad>
          </ns3:TrackPointExtension>
        </extensions>
      </trkpt>
      <trkpt lat="22.5484200753271579742431640625" lon="114.0200536139309406280517578125">
        <ele>4.400000095367431640625</ele>
        <time>2026-08-12T22:45:32.000Z</time>
        <extensions>
          <ns3:TrackPointExtension>
            <ns3:atemp>33.0</ns3:atemp>
            <ns3:hr>155</ns3:hr>
            <ns3:cad>84</ns3:cad>
          </ns3:TrackPointExtension>
        </extensions>
      </trkpt>
      <trkpt lat="22.54839350469410419464111328125" lon="114.0200566314160823822021484375">
        <ele>4.400000095367431640625</ele>
        <time>2026-08-12T22:45:33.000Z</time>
        <extensions>
          <ns3:TrackPointExtension>
            <ns3:atemp>33.0</ns3:atemp>
            <ns3:hr>155</ns3:hr>
            <ns3:cad>84</ns3:cad>
          </ns3:TrackPointExtension>
        </extensions>
      </trkpt>
      <trkpt lat="22.54836651496589183807373046875" lon="114.02006576769053936004638671875">
        <ele>4.400000095367431640625</ele>
        <time>2026-08-12T22:45:34.000Z</time>
        <extensions>
          <ns3:TrackPointExtension>
            <ns3:atemp>33.0</ns3:atemp>
            <ns3:hr>155</ns3:hr>
            <ns3:cad>85</ns3:cad>
          </ns3:TrackPointExtension>
        </extensions>
      </trkpt>
      <trkpt lat="22.548345811665058135986328125" lon="114.02007532306015491485595703125">
        <ele>4.400000095367431640625</ele>
        <time>2026-08-12T22:45:35.000Z</time>
        <extensions>
          <ns3:TrackPointExtension>
            <ns3:atemp>33.0</ns3:atemp>
            <ns3:hr>155</ns3:hr>
            <ns3:cad>85</ns3:cad>
          </ns3:TrackPointExtension>
        </extensions>
      </trkpt>
      <trkpt lat="22.548316977918148040771484375" lon="114.02008923701941967010498046875">
        <ele>4.599999904632568359375</ele>
        <time>2026-08-12T22:45:36.000Z</time>
        <extensions>
          <ns3:TrackPointExtension>
            <ns3:atemp>33.0</ns3:atemp>
            <ns3:hr>155</ns3:hr>
            <ns3:cad>85</ns3:cad>
          </ns3:TrackPointExtension>
        </extensions>
      </trkpt>
      <trkpt lat="22.548299543559551239013671875" lon="114.0201003849506378173828125">
        <ele>4.599999904632568359375</ele>
        <time>2026-08-12T22:45:37.000Z</time>
        <extensions>
          <ns3:TrackPointExtension>
            <ns3:atemp>33.0</ns3:atemp>
            <ns3:hr>156</ns3:hr>
            <ns3:cad>83</ns3:cad>
          </ns3:TrackPointExtension>
        </extensions>
      </trkpt>
      <trkpt lat="22.54827029071748256683349609375" lon="114.02011438272893428802490234375">
        <ele>4.599999904632568359375</ele>
        <time>2026-08-12T22:45:38.000Z</time>
        <extensions>
          <ns3:TrackPointExtension>
            <ns3:atemp>33.0</ns3:atemp>
            <ns3:hr>156</ns3:hr>
            <ns3:cad>83</ns3:cad>
          </ns3:TrackPointExtension>
        </extensions>
      </trkpt>
      <trkpt lat="22.548250257968902587890625" lon="114.020128548145294189453125">
        <ele>4.599999904632568359375</ele>
        <time>2026-08-12T22:45:39.000Z</time>
        <extensions>
          <ns3:TrackPointExtension>
            <ns3:atemp>34.0</ns3:atemp>
            <ns3:hr>156</ns3:hr>
            <ns3:cad>84</ns3:cad>
          </ns3:TrackPointExtension>
        </extensions>
      </trkpt>
      <trkpt lat="22.54822972230613231658935546875" lon="114.02014195919036865234375">
        <ele>4.599999904632568359375</ele>
        <time>2026-08-12T22:45:40.000Z</time>
        <extensions>
          <ns3:TrackPointExtension>
            <ns3:atemp>33.0</ns3:atemp>
            <ns3:hr>156</ns3:hr>
            <ns3:cad>85</ns3:cad>
          </ns3:TrackPointExtension>
        </extensions>
      </trkpt>
      <trkpt lat="22.5482071749866008758544921875" lon="114.02015495114028453826904296875">
        <ele>4.599999904632568359375</ele>
        <time>2026-08-12T22:45:41.000Z</time>
        <extensions>
          <ns3:TrackPointExtension>
            <ns3:atemp>33.0</ns3:atemp>
            <ns3:hr>156</ns3:hr>
            <ns3:cad>85</ns3:cad>
          </ns3:TrackPointExtension>
        </extensions>
      </trkpt>
      <trkpt lat="22.548190243542194366455078125" lon="114.02016601525247097015380859375">
        <ele>4.599999904632568359375</ele>
        <time>2026-08-12T22:45:42.000Z</time>
        <extensions>
          <ns3:TrackPointExtension>
            <ns3:atemp>33.0</ns3:atemp>
            <ns3:hr>156</ns3:hr>
            <ns3:cad>85</ns3:cad>
          </ns3:TrackPointExtension>
        </extensions>
      </trkpt>
      <trkpt lat="22.548163421452045440673828125" lon="114.02018110267817974090576171875">
        <ele>4.80000019073486328125</ele>
        <time>2026-08-12T22:45:43.000Z</time>
        <extensions>
          <ns3:TrackPointExtension>
            <ns3:atemp>33.0</ns3:atemp>
            <ns3:hr>156</ns3:hr>
            <ns3:cad>85</ns3:cad>
          </ns3:TrackPointExtension>
        </extensions>
      </trkpt>
      <trkpt lat="22.54814757965505123138427734375" lon="114.02019350789487361907958984375">
        <ele>4.80000019073486328125</ele>
        <time>2026-08-12T22:45:44.000Z</time>
        <extensions>
          <ns3:TrackPointExtension>
            <ns3:atemp>33.0</ns3:atemp>
            <ns3:hr>156</ns3:hr>
            <ns3:cad>86</ns3:cad>
          </ns3:TrackPointExtension>
        </extensions>
      </trkpt>
      <trkpt lat="22.54812478087842464447021484375" lon="114.02020826004445552825927734375">
        <ele>4.80000019073486328125</ele>
        <time>2026-08-12T22:45:45.000Z</time>
        <extensions>
          <ns3:TrackPointExtension>
            <ns3:atemp>33.0</ns3:atemp>
            <ns3:hr>157</ns3:hr>
            <ns3:cad>86</ns3:cad>
          </ns3:TrackPointExtension>
        </extensions>
      </trkpt>
      <trkpt lat="22.5481059215962886810302734375" lon="114.0202219225466251373291015625">
        <ele>4.80000019073486328125</ele>
        <time>2026-08-12T22:45:46.000Z</time>
        <extensions>
          <ns3:TrackPointExtension>
            <ns3:atemp>33.0</ns3:atemp>
            <ns3:hr>157</ns3:hr>
            <ns3:cad>85</ns3:cad>
          </ns3:TrackPointExtension>
        </extensions>
      </trkpt>
      <trkpt lat="22.5480814464390277862548828125" lon="114.02023742906749248504638671875">
        <ele>5</ele>
        <time>2026-08-12T22:45:47.000Z</time>
        <extensions>
          <ns3:TrackPointExtension>
            <ns3:atemp>33.0</ns3:atemp>
            <ns3:hr>157</ns3:hr>
            <ns3:cad>85</ns3:cad>
          </ns3:TrackPointExtension>
        </extensions>
      </trkpt>
      <trkpt lat="22.54806057550013065338134765625" lon="114.0202510915696620941162109375">
        <ele>5.19999980926513671875</ele>
        <time>2026-08-12T22:45:48.000Z</time>
        <extensions>
          <ns3:TrackPointExtension>
            <ns3:atemp>33.0</ns3:atemp>
            <ns3:hr>157</ns3:hr>
            <ns3:cad>86</ns3:cad>
          </ns3:TrackPointExtension>
        </extensions>
      </trkpt>
      <trkpt lat="22.548042051494121551513671875" lon="114.02026508934795856475830078125">
        <ele>5.19999980926513671875</ele>
        <time>2026-08-12T22:45:49.000Z</time>
        <extensions>
          <ns3:TrackPointExtension>
            <ns3:atemp>33.0</ns3:atemp>
            <ns3:hr>157</ns3:hr>
            <ns3:cad>86</ns3:cad>
          </ns3:TrackPointExtension>
        </extensions>
      </trkpt>
      <trkpt lat="22.54802067764103412628173828125" lon="114.02027883566915988922119140625">
        <ele>5.400000095367431640625</ele>
        <time>2026-08-12T22:45:50.000Z</time>
        <extensions>
          <ns3:TrackPointExtension>
            <ns3:atemp>33.0</ns3:atemp>
            <ns3:hr>157</ns3:hr>
            <ns3:cad>86</ns3:cad>
          </ns3:TrackPointExtension>
        </extensions>
      </trkpt>
      <trkpt lat="22.54800793714821338653564453125" lon="114.02029073797166347503662109375">
        <ele>5.400000095367431640625</ele>
        <time>2026-08-12T22:45:51.000Z</time>
        <extensions>
          <ns3:TrackPointExtension>
            <ns3:atemp>33.0</ns3:atemp>
            <ns3:hr>157</ns3:hr>
            <ns3:cad>86</ns3:cad>
          </ns3:TrackPointExtension>
        </extensions>
      </trkpt>
      <trkpt lat="22.5479848869144916534423828125" lon="114.020305238664150238037109375">
        <ele>5.400000095367431640625</ele>
        <time>2026-08-12T22:45:52.000Z</time>
        <extensions>
          <ns3:TrackPointExtension>
            <ns3:atemp>34.0</ns3:atemp>
            <ns3:hr>158</ns3:hr>
            <ns3:cad>86</ns3:cad>
          </ns3:TrackPointExtension>
        </extensions>
      </trkpt>
      <trkpt lat="22.54797021858394145965576171875" lon="114.02032091282308101654052734375">
        <ele>5.19999980926513671875</ele>
        <time>2026-08-12T22:45:53.000Z</time>
        <extensions>
          <ns3:TrackPointExtension>
            <ns3:atemp>33.0</ns3:atemp>
            <ns3:hr>158</ns3:hr>
            <ns3:cad>86</ns3:cad>
          </ns3:TrackPointExtension>
        </extensions>
      </trkpt>
      <trkpt lat="22.54794809035956859588623046875" lon="114.0203328989446163177490234375">
        <ele>5</ele>
        <time>2026-08-12T22:45:54.000Z</time>
        <extensions>
          <ns3:TrackPointExtension>
            <ns3:atemp>34.0</ns3:atemp>
            <ns3:hr>158</ns3:hr>
            <ns3:cad>86</ns3:cad>
          </ns3:TrackPointExtension>
        </extensions>
      </trkpt>
      <trkpt lat="22.54792612977325916290283203125" lon="114.020348824560642242431640625">
        <ele>4.80000019073486328125</ele>
        <time>2026-08-12T22:45:55.000Z</time>
        <extensions>
          <ns3:TrackPointExtension>
            <ns3:atemp>33.0</ns3:atemp>
            <ns3:hr>158</ns3:hr>
            <ns3:cad>87</ns3:cad>
          </ns3:TrackPointExtension>
        </extensions>
      </trkpt>
      <trkpt lat="22.54790634848177433013916015625" lon="114.020361565053462982177734375">
        <ele>4.80000019073486328125</ele>
        <time>2026-08-12T22:45:56.000Z</time>
        <extensions>
          <ns3:TrackPointExtension>
            <ns3:atemp>33.0</ns3:atemp>
            <ns3:hr>158</ns3:hr>
            <ns3:cad>87</ns3:cad>
          </ns3:TrackPointExtension>
        </extensions>
      </trkpt>
      <trkpt lat="22.5478849746286869049072265625" lon="114.02037573046982288360595703125">
        <ele>4.80000019073486328125</ele>
        <time>2026-08-12T22:45:57.000Z</time>
        <extensions>
          <ns3:TrackPointExtension>
            <ns3:atemp>33.0</ns3:atemp>
            <ns3:hr>158</ns3:hr>
            <ns3:cad>85</ns3:cad>
          </ns3:TrackPointExtension>
        </extensions>
      </trkpt>
      <trkpt lat="22.54786829464137554168701171875" lon="114.02039207518100738525390625">
        <ele>4.80000019073486328125</ele>
        <time>2026-08-12T22:45:58.000Z</time>
        <extensions>
          <ns3:TrackPointExtension>
            <ns3:atemp>33.0</ns3:atemp>
            <ns3:hr>158</ns3:hr>
            <ns3:cad>85</ns3:cad>
          </ns3:TrackPointExtension>
        </extensions>
      </trkpt>
      <trkpt lat="22.547842897474765777587890625" lon="114.02040489949285984039306640625">
        <ele>4.80000019073486328125</ele>
        <time>2026-08-12T22:45:59.000Z</time>
        <extensions>
          <ns3:TrackPointExtension>
            <ns3:atemp>33.0</ns3:atemp>
            <ns3:hr>158</ns3:hr>
            <ns3:cad>85</ns3:cad>
          </ns3:TrackPointExtension>
        </extensions>
      </trkpt>
      <trkpt lat="22.5478246249258518218994140625" lon="114.0204167179763317108154296875">
        <ele>4.599999904632568359375</ele>
        <time>2026-08-12T22:46:00.000Z</time>
        <extensions>
          <ns3:TrackPointExtension>
            <ns3:atemp>33.0</ns3:atemp>
            <ns3:hr>158</ns3:hr>
            <ns3:cad>86</ns3:cad>
          </ns3:TrackPointExtension>
        </extensions>
      </trkpt>
      <trkpt lat="22.54780190996825695037841796875" lon="114.02043163776397705078125">
        <ele>4.599999904632568359375</ele>
        <time>2026-08-12T22:46:01.000Z</time>
        <extensions>
          <ns3:TrackPointExtension>
            <ns3:atemp>33.0</ns3:atemp>
            <ns3:hr>158</ns3:hr>
            <ns3:cad>86</ns3:cad>
          </ns3:TrackPointExtension>
        </extensions>
      </trkpt>
      <trkpt lat="22.54777760244905948638916015625" lon="114.02043976821005344390869140625">
        <ele>4.599999904632568359375</ele>
        <time>2026-08-12T22:46:02.000Z</time>
        <extensions>
          <ns3:TrackPointExtension>
            <ns3:atemp>33.0</ns3:atemp>
            <ns3:hr>158</ns3:hr>
            <ns3:cad>85</ns3:cad>
          </ns3:TrackPointExtension>
        </extensions>
      </trkpt>
      <trkpt lat="22.54776100628077983856201171875" lon="114.02045250870287418365478515625">
        <ele>4.80000019073486328125</ele>
        <time>2026-08-12T22:46:03.000Z</time>
        <extensions>
          <ns3:TrackPointExtension>
            <ns3:atemp>33.0</ns3:atemp>
            <ns3:hr>159</ns3:hr>
            <ns3:cad>84</ns3:cad>
          </ns3:TrackPointExtension>
        </extensions>
      </trkpt>
      <trkpt lat="22.54773166961967945098876953125" lon="114.02046994306147098541259765625">
        <ele>4.80000019073486328125</ele>
        <time>2026-08-12T22:46:04.000Z</time>
        <extensions>
          <ns3:TrackPointExtension>
            <ns3:atemp>33.0</ns3:atemp>
            <ns3:hr>159</ns3:hr>
            <ns3:cad>84</ns3:cad>
          </ns3:TrackPointExtension>
        </extensions>
      </trkpt>
      <trkpt lat="22.5477149896323680877685546875" lon="114.020484946668148040771484375">
        <ele>4.80000019073486328125</ele>
        <time>2026-08-12T22:46:05.000Z</time>
        <extensions>
          <ns3:TrackPointExtension>
            <ns3:atemp>33.0</ns3:atemp>
            <ns3:hr>159</ns3:hr>
            <ns3:cad>84</ns3:cad>
          </ns3:TrackPointExtension>
        </extensions>
      </trkpt>
      <trkpt lat="22.5476901791989803314208984375" lon="114.020501039922237396240234375">
        <ele>4.80000019073486328125</ele>
        <time>2026-08-12T22:46:06.000Z</time>
        <extensions>
          <ns3:TrackPointExtension>
            <ns3:atemp>33.0</ns3:atemp>
            <ns3:hr>159</ns3:hr>
            <ns3:cad>84</ns3:cad>
          </ns3:TrackPointExtension>
        </extensions>
      </trkpt>
      <trkpt lat="22.54766847006976604461669921875" lon="114.02051352895796298980712890625">
        <ele>4.80000019073486328125</ele>
        <time>2026-08-12T22:46:07.000Z</time>
        <extensions>
          <ns3:TrackPointExtension>
            <ns3:atemp>33.0</ns3:atemp>
            <ns3:hr>160</ns3:hr>
            <ns3:cad>84</ns3:cad>
          </ns3:TrackPointExtension>
        </extensions>
      </trkpt>
      <trkpt lat="22.54765086807310581207275390625" lon="114.0205236710608005523681640625">
        <ele>4.80000019073486328125</ele>
        <time>2026-08-12T22:46:08.000Z</time>
        <extensions>
          <ns3:TrackPointExtension>
            <ns3:atemp>33.0</ns3:atemp>
            <ns3:hr>160</ns3:hr>
            <ns3:cad>85</ns3:cad>
          </ns3:TrackPointExtension>
        </extensions>
      </trkpt>
      <trkpt lat="22.54762454889714717864990234375" lon="114.02053649537265300750732421875">
        <ele>4.80000019073486328125</ele>
        <time>2026-08-12T22:46:09.000Z</time>
        <extensions>
          <ns3:TrackPointExtension>
            <ns3:atemp>33.0</ns3:atemp>
            <ns3:hr>160</ns3:hr>
            <ns3:cad>85</ns3:cad>
          </ns3:TrackPointExtension>
        </extensions>
      </trkpt>
      <trkpt lat="22.54761398769915103912353515625" lon="114.0205454640090465545654296875">
        <ele>4.80000019073486328125</ele>
        <time>2026-08-12T22:46:10.000Z</time>
        <extensions>
          <ns3:TrackPointExtension>
            <ns3:atemp>33.0</ns3:atemp>
            <ns3:hr>161</ns3:hr>
            <ns3:cad>85</ns3:cad>
          </ns3:TrackPointExtension>
        </extensions>
      </trkpt>
      <trkpt lat="22.54758900962769985198974609375" lon="114.020557366311550140380859375">
        <ele>4.80000019073486328125</ele>
        <time>2026-08-12T22:46:11.000Z</time>
        <extensions>
          <ns3:TrackPointExtension>
            <ns3:atemp>33.0</ns3:atemp>
            <ns3:hr>162</ns3:hr>
            <ns3:cad>85</ns3:cad>
          </ns3:TrackPointExtension>
        </extensions>
      </trkpt>
      <trkpt lat="22.54757635295391082763671875" lon="114.0205697715282440185546875">
        <ele>5</ele>
        <time>2026-08-12T22:46:12.000Z</time>
        <extensions>
          <ns3:TrackPointExtension>
            <ns3:atemp>33.0</ns3:atemp>
            <ns3:hr>162</ns3:hr>
            <ns3:cad>85</ns3:cad>
          </ns3:TrackPointExtension>
        </extensions>
      </trkpt>
      <trkpt lat="22.54755196161568164825439453125" lon="114.0205840207636356353759765625">
        <ele>4.80000019073486328125</ele>
        <time>2026-08-12T22:46:13.000Z</time>
        <extensions>
          <ns3:TrackPointExtension>
            <ns3:atemp>33.0</ns3:atemp>
            <ns3:hr>163</ns3:hr>
            <ns3:cad>85</ns3:cad>
          </ns3:TrackPointExtension>
        </extensions>
      </trkpt>
      <trkpt lat="22.54753167741000652313232421875" lon="114.0205992758274078369140625">
        <ele>4.80000019073486328125</ele>
        <time>2026-08-12T22:46:14.000Z</time>
        <extensions>
          <ns3:TrackPointExtension>
            <ns3:atemp>33.0</ns3:atemp>
            <ns3:hr>162</ns3:hr>
            <ns3:cad>86</ns3:cad>
          </ns3:TrackPointExtension>
        </extensions>
      </trkpt>
      <trkpt lat="22.54751273430883884429931640625" lon="114.0206111781299114227294921875">
        <ele>4.80000019073486328125</ele>
        <time>2026-08-12T22:46:15.000Z</time>
        <extensions>
          <ns3:TrackPointExtension>
            <ns3:atemp>33.0</ns3:atemp>
            <ns3:hr>162</ns3:hr>
            <ns3:cad>86</ns3:cad>
          </ns3:TrackPointExtension>
        </extensions>
      </trkpt>
      <trkpt lat="22.547491528093814849853515625" lon="114.02062215842306613922119140625">
        <ele>4.80000019073486328125</ele>
        <time>2026-08-12T22:46:16.000Z</time>
        <extensions>
          <ns3:TrackPointExtension>
            <ns3:atemp>33.0</ns3:atemp>
            <ns3:hr>163</ns3:hr>
            <ns3:cad>86</ns3:cad>
          </ns3:TrackPointExtension>
        </extensions>
      </trkpt>
      <trkpt lat="22.54747786559164524078369140625" lon="114.02063271962106227874755859375">
        <ele>4.80000019073486328125</ele>
        <time>2026-08-12T22:46:17.000Z</time>
        <extensions>
          <ns3:TrackPointExtension>
            <ns3:atemp>33.0</ns3:atemp>
            <ns3:hr>163</ns3:hr>
            <ns3:cad>86</ns3:cad>
          </ns3:TrackPointExtension>
        </extensions>
      </trkpt>
      <trkpt lat="22.547451294958591461181640625" lon="114.0206447057425975799560546875">
        <ele>4.599999904632568359375</ele>
        <time>2026-08-12T22:46:18.000Z</time>
        <extensions>
          <ns3:TrackPointExtension>
            <ns3:atemp>33.0</ns3:atemp>
            <ns3:hr>163</ns3:hr>
            <ns3:cad>86</ns3:cad>
          </ns3:TrackPointExtension>
        </extensions>
      </trkpt>
      <trkpt lat="22.54743495024740695953369140625" lon="114.0206594578921794891357421875">
        <ele>4.599999904632568359375</ele>
        <time>2026-08-12T22:46:19.000Z</time>
        <extensions>
          <ns3:TrackPointExtension>
            <ns3:atemp>33.0</ns3:atemp>
            <ns3:hr>163</ns3:hr>
            <ns3:cad>86</ns3:cad>
          </ns3:TrackPointExtension>
        </extensions>
      </trkpt>
      <trkpt lat="22.54741567187011241912841796875" lon="114.02067102491855621337890625">
        <ele>4.599999904632568359375</ele>
        <time>2026-08-12T22:46:20.000Z</time>
        <extensions>
          <ns3:TrackPointExtension>
            <ns3:atemp>33.0</ns3:atemp>
            <ns3:hr>163</ns3:hr>
            <ns3:cad>86</ns3:cad>
          </ns3:TrackPointExtension>
        </extensions>
      </trkpt>
      <trkpt lat="22.547394298017024993896484375" lon="114.02068083174526691436767578125">
        <ele>4.599999904632568359375</ele>
        <time>2026-08-12T22:46:21.000Z</time>
        <extensions>
          <ns3:TrackPointExtension>
            <ns3:atemp>33.0</ns3:atemp>
            <ns3:hr>163</ns3:hr>
            <ns3:cad>86</ns3:cad>
          </ns3:TrackPointExtension>
        </extensions>
      </trkpt>
      <trkpt lat="22.547376193106174468994140625" lon="114.0206909738481044769287109375">
        <ele>4.599999904632568359375</ele>
        <time>2026-08-12T22:46:22.000Z</time>
        <extensions>
          <ns3:TrackPointExtension>
            <ns3:atemp>33.0</ns3:atemp>
            <ns3:hr>164</ns3:hr>
            <ns3:cad>86</ns3:cad>
          </ns3:TrackPointExtension>
        </extensions>
      </trkpt>
      <trkpt lat="22.5473508797585964202880859375" lon="114.02070212177932262420654296875">
        <ele>4.599999904632568359375</ele>
        <time>2026-08-12T22:46:23.000Z</time>
        <extensions>
          <ns3:TrackPointExtension>
            <ns3:atemp>33.0</ns3:atemp>
            <ns3:hr>163</ns3:hr>
            <ns3:cad>85</ns3:cad>
          </ns3:TrackPointExtension>
        </extensions>
      </trkpt>
      <trkpt lat="22.547337301075458526611328125" lon="114.020712263882160186767578125">
        <ele>4.400000095367431640625</ele>
        <time>2026-08-12T22:46:24.000Z</time>
        <extensions>
          <ns3:TrackPointExtension>
            <ns3:atemp>33.0</ns3:atemp>
            <ns3:hr>163</ns3:hr>
            <ns3:cad>85</ns3:cad>
          </ns3:TrackPointExtension>
        </extensions>
      </trkpt>
      <trkpt lat="22.5473103113472461700439453125" lon="114.0207245014607906341552734375">
        <ele>4.400000095367431640625</ele>
        <time>2026-08-12T22:46:25.000Z</time>
        <extensions>
          <ns3:TrackPointExtension>
            <ns3:atemp>33.0</ns3:atemp>
            <ns3:hr>164</ns3:hr>
            <ns3:cad>86</ns3:cad>
          </ns3:TrackPointExtension>
        </extensions>
      </trkpt>
      <trkpt lat="22.5472945533692836761474609375" lon="114.02073665522038936614990234375">
        <ele>4.400000095367431640625</ele>
        <time>2026-08-12T22:46:26.000Z</time>
        <extensions>
          <ns3:TrackPointExtension>
            <ns3:atemp>33.0</ns3:atemp>
            <ns3:hr>164</ns3:hr>
            <ns3:cad>86</ns3:cad>
          </ns3:TrackPointExtension>
        </extensions>
      </trkpt>
      <trkpt lat="22.54727016203105449676513671875" lon="114.020748473703861236572265625">
        <ele>4.400000095367431640625</ele>
        <time>2026-08-12T22:46:27.000Z</time>
        <extensions>
          <ns3:TrackPointExtension>
            <ns3:atemp>33.0</ns3:atemp>
            <ns3:hr>164</ns3:hr>
            <ns3:cad>86</ns3:cad>
          </ns3:TrackPointExtension>
        </extensions>
      </trkpt>
      <trkpt lat="22.5472469441592693328857421875" lon="114.02075878344476222991943359375">
        <ele>4.19999980926513671875</ele>
        <time>2026-08-12T22:46:28.000Z</time>
        <extensions>
          <ns3:TrackPointExtension>
            <ns3:atemp>33.0</ns3:atemp>
            <ns3:hr>164</ns3:hr>
            <ns3:cad>86</ns3:cad>
          </ns3:TrackPointExtension>
        </extensions>
      </trkpt>
      <trkpt lat="22.5472244806587696075439453125" lon="114.02076783590018749237060546875">
        <ele>4.19999980926513671875</ele>
        <time>2026-08-12T22:46:29.000Z</time>
        <extensions>
          <ns3:TrackPointExtension>
            <ns3:atemp>33.0</ns3:atemp>
            <ns3:hr>164</ns3:hr>
            <ns3:cad>87</ns3:cad>
          </ns3:TrackPointExtension>
        </extensions>
      </trkpt>
      <trkpt lat="22.5471973232924938201904296875" lon="114.02077890001237392425537109375">
        <ele>4.19999980926513671875</ele>
        <time>2026-08-12T22:46:30.000Z</time>
        <extensions>
          <ns3:TrackPointExtension>
            <ns3:atemp>33.0</ns3:atemp>
            <ns3:hr>163</ns3:hr>
            <ns3:cad>87</ns3:cad>
          </ns3:TrackPointExtension>
        </extensions>
      </trkpt>
      <trkpt lat="22.5471808947622776031494140625" lon="114.0207895450294017791748046875">
        <ele>4.19999980926513671875</ele>
        <time>2026-08-12T22:46:31.000Z</time>
        <extensions>
          <ns3:TrackPointExtension>
            <ns3:atemp>33.0</ns3:atemp>
            <ns3:hr>164</ns3:hr>
            <ns3:cad>87</ns3:cad>
          </ns3:TrackPointExtension>
        </extensions>
      </trkpt>
      <trkpt lat="22.5471534021198749542236328125" lon="114.02080169878900051116943359375">
        <ele>4</ele>
        <time>2026-08-12T22:46:32.000Z</time>
        <extensions>
          <ns3:TrackPointExtension>
            <ns3:atemp>33.0</ns3:atemp>
            <ns3:hr>164</ns3:hr>
            <ns3:cad>86</ns3:cad>
          </ns3:TrackPointExtension>
        </extensions>
      </trkpt>
      <trkpt lat="22.54713538102805614471435546875" lon="114.02081309817731380462646484375">
        <ele>4</ele>
        <time>2026-08-12T22:46:33.000Z</time>
        <extensions>
          <ns3:TrackPointExtension>
            <ns3:atemp>33.0</ns3:atemp>
            <ns3:hr>163</ns3:hr>
            <ns3:cad>85</ns3:cad>
          </ns3:TrackPointExtension>
        </extensions>
      </trkpt>
      <trkpt lat="22.547111324965953826904296875" lon="114.0208284370601177215576171875">
        <ele>4</ele>
        <time>2026-08-12T22:46:34.000Z</time>
        <extensions>
          <ns3:TrackPointExtension>
            <ns3:atemp>33.0</ns3:atemp>
            <ns3:hr>164</ns3:hr>
            <ns3:cad>85</ns3:cad>
          </ns3:TrackPointExtension>
        </extensions>
      </trkpt>
      <trkpt lat="22.547091208398342132568359375" lon="114.020841009914875030517578125">
        <ele>4</ele>
        <time>2026-08-12T22:46:35.000Z</time>
        <extensions>
          <ns3:TrackPointExtension>
            <ns3:atemp>33.0</ns3:atemp>
            <ns3:hr>163</ns3:hr>
            <ns3:cad>85</ns3:cad>
          </ns3:TrackPointExtension>
        </extensions>
      </trkpt>
      <trkpt lat="22.5470709241926670074462890625" lon="114.02085232548415660858154296875">
        <ele>4</ele>
        <time>2026-08-12T22:46:36.000Z</time>
        <extensions>
          <ns3:TrackPointExtension>
            <ns3:atemp>33.0</ns3:atemp>
            <ns3:hr>163</ns3:hr>
            <ns3:cad>85</ns3:cad>
          </ns3:TrackPointExtension>
        </extensions>
      </trkpt>
      <trkpt lat="22.54704770632088184356689453125" lon="114.02086556889116764068603515625">
        <ele>4</ele>
        <time>2026-08-12T22:46:37.000Z</time>
        <extensions>
          <ns3:TrackPointExtension>
            <ns3:atemp>33.0</ns3:atemp>
            <ns3:hr>162</ns3:hr>
            <ns3:cad>85</ns3:cad>
          </ns3:TrackPointExtension>
        </extensions>
      </trkpt>
      <trkpt lat="22.5470323674380779266357421875" lon="114.02087663300335407257080078125">
        <ele>3.7999999523162841796875</ele>
        <time>2026-08-12T22:46:38.000Z</time>
        <extensions>
          <ns3:TrackPointExtension>
            <ns3:atemp>33.0</ns3:atemp>
            <ns3:hr>162</ns3:hr>
            <ns3:cad>87</ns3:cad>
          </ns3:TrackPointExtension>
        </extensions>
      </trkpt>
      <trkpt lat="22.5470030307769775390625" lon="114.020891301333904266357421875">
        <ele>3.7999999523162841796875</ele>
        <time>2026-08-12T22:46:39.000Z</time>
        <extensions>
          <ns3:TrackPointExtension>
            <ns3:atemp>33.0</ns3:atemp>
            <ns3:hr>162</ns3:hr>
            <ns3:cad>87</ns3:cad>
          </ns3:TrackPointExtension>
        </extensions>
      </trkpt>
      <trkpt lat="22.54698333330452442169189453125" lon="114.0209068916738033294677734375">
        <ele>3.599999904632568359375</ele>
        <time>2026-08-12T22:46:40.000Z</time>
        <extensions>
          <ns3:TrackPointExtension>
            <ns3:atemp>33.0</ns3:atemp>
            <ns3:hr>162</ns3:hr>
            <ns3:cad>86</ns3:cad>
          </ns3:TrackPointExtension>
        </extensions>
      </trkpt>
      <trkpt lat="22.54695801995694637298583984375" lon="114.02091912925243377685546875">
        <ele>3.400000095367431640625</ele>
        <time>2026-08-12T22:46:41.000Z</time>
        <extensions>
          <ns3:TrackPointExtension>
            <ns3:atemp>33.0</ns3:atemp>
            <ns3:hr>161</ns3:hr>
            <ns3:cad>85</ns3:cad>
          </ns3:TrackPointExtension>
        </extensions>
      </trkpt>
      <trkpt lat="22.54693304188549518585205078125" lon="114.02092843316495418548583984375">
        <ele>3.2000000476837158203125</ele>
        <time>2026-08-12T22:46:42.000Z</time>
        <extensions>
          <ns3:TrackPointExtension>
            <ns3:atemp>33.0</ns3:atemp>
            <ns3:hr>160</ns3:hr>
            <ns3:cad>85</ns3:cad>
          </ns3:TrackPointExtension>
        </extensions>
      </trkpt>
      <trkpt lat="22.54691510461270809173583984375" lon="114.0209370665252208709716796875">
        <ele>3.2000000476837158203125</ele>
        <time>2026-08-12T22:46:43.000Z</time>
        <extensions>
          <ns3:TrackPointExtension>
            <ns3:atemp>33.0</ns3:atemp>
            <ns3:hr>160</ns3:hr>
            <ns3:cad>85</ns3:cad>
          </ns3:TrackPointExtension>
        </extensions>
      </trkpt>
      <trkpt lat="22.54688828252255916595458984375" lon="114.0209451131522655487060546875">
        <ele>3.2000000476837158203125</ele>
        <time>2026-08-12T22:46:44.000Z</time>
        <extensions>
          <ns3:TrackPointExtension>
            <ns3:atemp>33.0</ns3:atemp>
            <ns3:hr>160</ns3:hr>
            <ns3:cad>85</ns3:cad>
          </ns3:TrackPointExtension>
        </extensions>
      </trkpt>
      <trkpt lat="22.54687202163040637969970703125" lon="114.0209555067121982574462890625">
        <ele>3.2000000476837158203125</ele>
        <time>2026-08-12T22:46:45.000Z</time>
        <extensions>
          <ns3:TrackPointExtension>
            <ns3:atemp>33.0</ns3:atemp>
            <ns3:hr>159</ns3:hr>
            <ns3:cad>85</ns3:cad>
          </ns3:TrackPointExtension>
        </extensions>
      </trkpt>
      <trkpt lat="22.54684486426413059234619140625" lon="114.02096548117697238922119140625">
        <ele>3.2000000476837158203125</ele>
        <time>2026-08-12T22:46:46.000Z</time>
        <extensions>
          <ns3:TrackPointExtension>
            <ns3:atemp>33.0</ns3:atemp>
            <ns3:hr>159</ns3:hr>
            <ns3:cad>85</ns3:cad>
          </ns3:TrackPointExtension>
        </extensions>
      </trkpt>
      <trkpt lat="22.5468265078961849212646484375" lon="114.0209759585559368133544921875">
        <ele>3.2000000476837158203125</ele>
        <time>2026-08-12T22:46:47.000Z</time>
        <extensions>
          <ns3:TrackPointExtension>
            <ns3:atemp>33.0</ns3:atemp>
            <ns3:hr>160</ns3:hr>
            <ns3:cad>85</ns3:cad>
          </ns3:TrackPointExtension>
        </extensions>
      </trkpt>
      <trkpt lat="22.54680010490119457244873046875" lon="114.020981825888156890869140625">
        <ele>3.2000000476837158203125</ele>
        <time>2026-08-12T22:46:48.000Z</time>
        <extensions>
          <ns3:TrackPointExtension>
            <ns3:atemp>33.0</ns3:atemp>
            <ns3:hr>160</ns3:hr>
            <ns3:cad>86</ns3:cad>
          </ns3:TrackPointExtension>
        </extensions>
      </trkpt>
      <trkpt lat="22.54677814431488513946533203125" lon="114.02098693884909152984619140625">
        <ele>3.2000000476837158203125</ele>
        <time>2026-08-12T22:46:49.000Z</time>
        <extensions>
          <ns3:TrackPointExtension>
            <ns3:atemp>34.0</ns3:atemp>
            <ns3:hr>160</ns3:hr>
            <ns3:cad>86</ns3:cad>
          </ns3:TrackPointExtension>
        </extensions>
      </trkpt>
      <trkpt lat="22.54675618372857570648193359375" lon="114.021000601351261138916015625">
        <ele>3.2000000476837158203125</ele>
        <time>2026-08-12T22:46:50.000Z</time>
        <extensions>
          <ns3:TrackPointExtension>
            <ns3:atemp>33.0</ns3:atemp>
            <ns3:hr>159</ns3:hr>
            <ns3:cad>87</ns3:cad>
          </ns3:TrackPointExtension>
        </extensions>
      </trkpt>
      <trkpt lat="22.54673070274293422698974609375" lon="114.021013677120208740234375">
        <ele>3.2000000476837158203125</ele>
        <time>2026-08-12T22:46:51.000Z</time>
        <extensions>
          <ns3:TrackPointExtension>
            <ns3:atemp>33.0</ns3:atemp>
            <ns3:hr>159</ns3:hr>
            <ns3:cad>87</ns3:cad>
          </ns3:TrackPointExtension>
        </extensions>
      </trkpt>
      <trkpt lat="22.54671360366046428680419921875" lon="114.02102432213723659515380859375">
        <ele>3.2000000476837158203125</ele>
        <time>2026-08-12T22:46:52.000Z</time>
        <extensions>
          <ns3:TrackPointExtension>
            <ns3:atemp>33.0</ns3:atemp>
            <ns3:hr>159</ns3:hr>
            <ns3:cad>87</ns3:cad>
          </ns3:TrackPointExtension>
        </extensions>
      </trkpt>
      <trkpt lat="22.5466843508183956146240234375" lon="114.02103488333523273468017578125">
        <ele>3.2000000476837158203125</ele>
        <time>2026-08-12T22:46:53.000Z</time>
        <extensions>
          <ns3:TrackPointExtension>
            <ns3:atemp>33.0</ns3:atemp>
            <ns3:hr>159</ns3:hr>
            <ns3:cad>87</ns3:cad>
          </ns3:TrackPointExtension>
        </extensions>
      </trkpt>
      <trkpt lat="22.54666549153625965118408203125" lon="114.02104393579065799713134765625">
        <ele>3.2000000476837158203125</ele>
        <time>2026-08-12T22:46:54.000Z</time>
        <extensions>
          <ns3:TrackPointExtension>
            <ns3:atemp>33.0</ns3:atemp>
            <ns3:hr>159</ns3:hr>
            <ns3:cad>87</ns3:cad>
          </ns3:TrackPointExtension>
        </extensions>
      </trkpt>
      <trkpt lat="22.54663900472223758697509765625" lon="114.021052904427051544189453125">
        <ele>3.2000000476837158203125</ele>
        <time>2026-08-12T22:46:55.000Z</time>
        <extensions>
          <ns3:TrackPointExtension>
            <ns3:atemp>33.0</ns3:atemp>
            <ns3:hr>159</ns3:hr>
            <ns3:cad>87</ns3:cad>
          </ns3:TrackPointExtension>
        </extensions>
      </trkpt>
      <trkpt lat="22.54661637358367443084716796875" lon="114.021061956882476806640625">
        <ele>3.2000000476837158203125</ele>
        <time>2026-08-12T22:46:56.000Z</time>
        <extensions>
          <ns3:TrackPointExtension>
            <ns3:atemp>33.0</ns3:atemp>
            <ns3:hr>159</ns3:hr>
            <ns3:cad>86</ns3:cad>
          </ns3:TrackPointExtension>
        </extensions>
      </trkpt>
      <trkpt lat="22.546594999730587005615234375" lon="114.02106924913823604583740234375">
        <ele>3.2000000476837158203125</ele>
        <time>2026-08-12T22:46:57.000Z</time>
        <extensions>
          <ns3:TrackPointExtension>
            <ns3:atemp>33.0</ns3:atemp>
            <ns3:hr>159</ns3:hr>
            <ns3:cad>86</ns3:cad>
          </ns3:TrackPointExtension>
        </extensions>
      </trkpt>
      <trkpt lat="22.54656708799302577972412109375" lon="114.0210762061178684234619140625">
        <ele>3.2000000476837158203125</ele>
        <time>2026-08-12T22:46:58.000Z</time>
        <extensions>
          <ns3:TrackPointExtension>
            <ns3:atemp>33.0</ns3:atemp>
            <ns3:hr>159</ns3:hr>
            <ns3:cad>85</ns3:cad>
          </ns3:TrackPointExtension>
        </extensions>
      </trkpt>
      <trkpt lat="22.54654998891055583953857421875" lon="114.021082408726215362548828125">
        <ele>3.2000000476837158203125</ele>
        <time>2026-08-12T22:46:59.000Z</time>
        <extensions>
          <ns3:TrackPointExtension>
            <ns3:atemp>33.0</ns3:atemp>
            <ns3:hr>159</ns3:hr>
            <ns3:cad>85</ns3:cad>
          </ns3:TrackPointExtension>
        </extensions>
      </trkpt>
      <trkpt lat="22.5465197302401065826416015625" lon="114.02108886279165744781494140625">
        <ele>3.2000000476837158203125</ele>
        <time>2026-08-12T22:47:00.000Z</time>
        <extensions>
          <ns3:TrackPointExtension>
            <ns3:atemp>33.0</ns3:atemp>
            <ns3:hr>160</ns3:hr>
            <ns3:cad>85</ns3:cad>
          </ns3:TrackPointExtension>
        </extensions>
      </trkpt>
      <trkpt lat="22.54650305025279521942138671875" lon="114.02109573595225811004638671875">
        <ele>3.2000000476837158203125</ele>
        <time>2026-08-12T22:47:01.000Z</time>
        <extensions>
          <ns3:TrackPointExtension>
            <ns3:atemp>33.0</ns3:atemp>
            <ns3:hr>159</ns3:hr>
            <ns3:cad>86</ns3:cad>
          </ns3:TrackPointExtension>
        </extensions>
      </trkpt>
      <trkpt lat="22.54647664725780487060546875" lon="114.02110260911285877227783203125">
        <ele>3.2000000476837158203125</ele>
        <time>2026-08-12T22:47:02.000Z</time>
        <extensions>
          <ns3:TrackPointExtension>
            <ns3:atemp>33.0</ns3:atemp>
            <ns3:hr>160</ns3:hr>
            <ns3:cad>86</ns3:cad>
          </ns3:TrackPointExtension>
        </extensions>
      </trkpt>
      <trkpt lat="22.546454854309558868408203125" lon="114.021107219159603118896484375">
        <ele>3.2000000476837158203125</ele>
        <time>2026-08-12T22:47:03.000Z</time>
        <extensions>
          <ns3:TrackPointExtension>
            <ns3:atemp>34.0</ns3:atemp>
            <ns3:hr>160</ns3:hr>
            <ns3:cad>86</ns3:cad>
          </ns3:TrackPointExtension>
        </extensions>
      </trkpt>
      <trkpt lat="22.54643297754228115081787109375" lon="114.021112583577632904052734375">
        <ele>3.2000000476837158203125</ele>
        <time>2026-08-12T22:47:04.000Z</time>
        <extensions>
          <ns3:TrackPointExtension>
            <ns3:atemp>34.0</ns3:atemp>
            <ns3:hr>160</ns3:hr>
            <ns3:cad>86</ns3:cad>
          </ns3:TrackPointExtension>
        </extensions>
      </trkpt>
      <trkpt lat="22.54640825092792510986328125" lon="114.0211194567382335662841796875">
        <ele>3</ele>
        <time>2026-08-12T22:47:05.000Z</time>
        <extensions>
          <ns3:TrackPointExtension>
            <ns3:atemp>33.0</ns3:atemp>
            <ns3:hr>160</ns3:hr>
            <ns3:cad>86</ns3:cad>
          </ns3:TrackPointExtension>
        </extensions>
      </trkpt>
      <trkpt lat="22.54638947546482086181640625" lon="114.02113026939332485198974609375">
        <ele>2.7999999523162841796875</ele>
        <time>2026-08-12T22:47:06.000Z</time>
        <extensions>
          <ns3:TrackPointExtension>
            <ns3:atemp>33.0</ns3:atemp>
            <ns3:hr>160</ns3:hr>
            <ns3:cad>86</ns3:cad>
          </ns3:TrackPointExtension>
        </extensions>
      </trkpt>
      <trkpt lat="22.54636156372725963592529296875" lon="114.021138735115528106689453125">
        <ele>2.7999999523162841796875</ele>
        <time>2026-08-12T22:47:07.000Z</time>
        <extensions>
          <ns3:TrackPointExtension>
            <ns3:atemp>33.0</ns3:atemp>
            <ns3:hr>159</ns3:hr>
            <ns3:cad>86</ns3:cad>
          </ns3:TrackPointExtension>
        </extensions>
      </trkpt>
      <trkpt lat="22.54634211771190166473388671875" lon="114.02115189470350742340087890625">
        <ele>2.599999904632568359375</ele>
        <time>2026-08-12T22:47:08.000Z</time>
        <extensions>
          <ns3:TrackPointExtension>
            <ns3:atemp>33.0</ns3:atemp>
            <ns3:hr>159</ns3:hr>
            <ns3:cad>86</ns3:cad>
          </ns3:TrackPointExtension>
        </extensions>
      </trkpt>
      <trkpt lat="22.5463152118027210235595703125" lon="114.0211586840450763702392578125">
        <ele>2.400000095367431640625</ele>
        <time>2026-08-12T22:47:09.000Z</time>
        <extensions>
          <ns3:TrackPointExtension>
            <ns3:atemp>33.0</ns3:atemp>
            <ns3:hr>159</ns3:hr>
            <ns3:cad>86</ns3:cad>
          </ns3:TrackPointExtension>
        </extensions>
      </trkpt>
      <trkpt lat="22.54629149101674556732177734375" lon="114.0211679041385650634765625">
        <ele>2.400000095367431640625</ele>
        <time>2026-08-12T22:47:10.000Z</time>
        <extensions>
          <ns3:TrackPointExtension>
            <ns3:atemp>33.0</ns3:atemp>
            <ns3:hr>159</ns3:hr>
            <ns3:cad>86</ns3:cad>
          </ns3:TrackPointExtension>
        </extensions>
      </trkpt>
      <trkpt lat="22.54626785404980182647705078125" lon="114.02117662131786346435546875">
        <ele>2.400000095367431640625</ele>
        <time>2026-08-12T22:47:11.000Z</time>
        <extensions>
          <ns3:TrackPointExtension>
            <ns3:atemp>33.0</ns3:atemp>
            <ns3:hr>158</ns3:hr>
            <ns3:cad>86</ns3:cad>
          </ns3:TrackPointExtension>
        </extensions>
      </trkpt>
      <trkpt lat="22.546242959797382354736328125" lon="114.02118332684040069580078125">
        <ele>2.599999904632568359375</ele>
        <time>2026-08-12T22:47:12.000Z</time>
        <extensions>
          <ns3:TrackPointExtension>
            <ns3:atemp>33.0</ns3:atemp>
            <ns3:hr>157</ns3:hr>
            <ns3:cad>86</ns3:cad>
          </ns3:TrackPointExtension>
        </extensions>
      </trkpt>
      <trkpt lat="22.5462253578007221221923828125" lon="114.02119078673422336578369140625">
        <ele>2.400000095367431640625</ele>
        <time>2026-08-12T22:47:13.000Z</time>
        <extensions>
          <ns3:TrackPointExtension>
            <ns3:atemp>33.0</ns3:atemp>
            <ns3:hr>156</ns3:hr>
            <ns3:cad>85</ns3:cad>
          </ns3:TrackPointExtension>
        </extensions>
      </trkpt>
      <trkpt lat="22.546198032796382904052734375" lon="114.021196067333221435546875">
        <ele>2.400000095367431640625</ele>
        <time>2026-08-12T22:47:14.000Z</time>
        <extensions>
          <ns3:TrackPointExtension>
            <ns3:atemp>33.0</ns3:atemp>
            <ns3:hr>155</ns3:hr>
            <ns3:cad>85</ns3:cad>
          </ns3:TrackPointExtension>
        </extensions>
      </trkpt>
      <trkpt lat="22.54618286155164241790771484375" lon="114.02120604179799556732177734375">
        <ele>2.400000095367431640625</ele>
        <time>2026-08-12T22:47:15.000Z</time>
        <extensions>
          <ns3:TrackPointExtension>
            <ns3:atemp>34.0</ns3:atemp>
            <ns3:hr>155</ns3:hr>
            <ns3:cad>85</ns3:cad>
          </ns3:TrackPointExtension>
        </extensions>
      </trkpt>
      <trkpt lat="22.54615620709955692291259765625" lon="114.021212160587310791015625">
        <ele>2.400000095367431640625</ele>
        <time>2026-08-12T22:47:16.000Z</time>
        <extensions>
          <ns3:TrackPointExtension>
            <ns3:atemp>33.0</ns3:atemp>
            <ns3:hr>154</ns3:hr>
            <ns3:cad>86</ns3:cad>
          </ns3:TrackPointExtension>
        </extensions>
      </trkpt>
      <trkpt lat="22.54613374359905719757080078125" lon="114.02121475897729396820068359375">
        <ele>2.400000095367431640625</ele>
        <time>2026-08-12T22:47:17.000Z</time>
        <extensions>
          <ns3:TrackPointExtension>
            <ns3:atemp>34.0</ns3:atemp>
            <ns3:hr>154</ns3:hr>
            <ns3:cad>87</ns3:cad>
          </ns3:TrackPointExtension>
        </extensions>
      </trkpt>
      <trkpt lat="22.546112202107906341552734375" lon="114.02122129686176776885986328125">
        <ele>2.599999904632568359375</ele>
        <time>2026-08-12T22:47:18.000Z</time>
        <extensions>
          <ns3:TrackPointExtension>
            <ns3:atemp>34.0</ns3:atemp>
            <ns3:hr>154</ns3:hr>
            <ns3:cad>87</ns3:cad>
          </ns3:TrackPointExtension>
        </extensions>
      </trkpt>
      <trkpt lat="22.54608747549355030059814453125" lon="114.02123026549816131591796875">
        <ele>2.400000095367431640625</ele>
        <time>2026-08-12T22:47:19.000Z</time>
        <extensions>
          <ns3:TrackPointExtension>
            <ns3:atemp>33.0</ns3:atemp>
            <ns3:hr>154</ns3:hr>
            <ns3:cad>86</ns3:cad>
          </ns3:TrackPointExtension>
        </extensions>
      </trkpt>
      <trkpt lat="22.54606895148754119873046875" lon="114.021240659058094024658203125">
        <ele>2.400000095367431640625</ele>
        <time>2026-08-12T22:47:20.000Z</time>
        <extensions>
          <ns3:TrackPointExtension>
            <ns3:atemp>33.0</ns3:atemp>
            <ns3:hr>153</ns3:hr>
            <ns3:cad>86</ns3:cad>
          </ns3:TrackPointExtension>
        </extensions>
      </trkpt>
      <trkpt lat="22.54603869281709194183349609375" lon="114.02125046588480472564697265625">
        <ele>2.400000095367431640625</ele>
        <time>2026-08-12T22:47:21.000Z</time>
        <extensions>
          <ns3:TrackPointExtension>
            <ns3:atemp>34.0</ns3:atemp>
            <ns3:hr>153</ns3:hr>
            <ns3:cad>85</ns3:cad>
          </ns3:TrackPointExtension>
        </extensions>
      </trkpt>
      <trkpt lat="22.54602192901074886322021484375" lon="114.0212602727115154266357421875">
        <ele>2.400000095367431640625</ele>
        <time>2026-08-12T22:47:22.000Z</time>
        <extensions>
          <ns3:TrackPointExtension>
            <ns3:atemp>34.0</ns3:atemp>
            <ns3:hr>153</ns3:hr>
            <ns3:cad>85</ns3:cad>
          </ns3:TrackPointExtension>
        </extensions>
      </trkpt>
      <trkpt lat="22.545996196568012237548828125" lon="114.021264798939228057861328125">
        <ele>2.400000095367431640625</ele>
        <time>2026-08-12T22:47:23.000Z</time>
        <extensions>
          <ns3:TrackPointExtension>
            <ns3:atemp>34.0</ns3:atemp>
            <ns3:hr>153</ns3:hr>
            <ns3:cad>85</ns3:cad>
          </ns3:TrackPointExtension>
        </extensions>
      </trkpt>
      <trkpt lat="22.54597851075232028961181640625" lon="114.02127427048981189727783203125">
        <ele>2.400000095367431640625</ele>
        <time>2026-08-12T22:47:24.000Z</time>
        <extensions>
          <ns3:TrackPointExtension>
            <ns3:atemp>34.0</ns3:atemp>
            <ns3:hr>153</ns3:hr>
            <ns3:cad>86</ns3:cad>
          </ns3:TrackPointExtension>
        </extensions>
      </trkpt>
      <trkpt lat="22.54595437087118625640869140625" lon="114.02128080837428569793701171875">
        <ele>2.400000095367431640625</ele>
        <time>2026-08-12T22:47:25.000Z</time>
        <extensions>
          <ns3:TrackPointExtension>
            <ns3:atemp>33.0</ns3:atemp>
            <ns3:hr>154</ns3:hr>
            <ns3:cad>86</ns3:cad>
          </ns3:TrackPointExtension>
        </extensions>
      </trkpt>
      <trkpt lat="22.5459288060665130615234375" lon="114.02128634043037891387939453125">
        <ele>2.2000000476837158203125</ele>
        <time>2026-08-12T22:47:26.000Z</time>
        <extensions>
          <ns3:TrackPointExtension>
            <ns3:atemp>33.0</ns3:atemp>
            <ns3:hr>154</ns3:hr>
            <ns3:cad>86</ns3:cad>
          </ns3:TrackPointExtension>
        </extensions>
      </trkpt>
      <trkpt lat="22.5459081865847110748291015625" lon="114.02129623107612133026123046875">
        <ele>2.2000000476837158203125</ele>
        <time>2026-08-12T22:47:27.000Z</time>
        <extensions>
          <ns3:TrackPointExtension>
            <ns3:atemp>33.0</ns3:atemp>
            <ns3:hr>154</ns3:hr>
            <ns3:cad>86</ns3:cad>
          </ns3:TrackPointExtension>
        </extensions>
      </trkpt>
      <trkpt lat="22.545879520475864410400390625" lon="114.021303355693817138671875">
        <ele>2.2000000476837158203125</ele>
        <time>2026-08-12T22:47:28.000Z</time>
        <extensions>
          <ns3:TrackPointExtension>
            <ns3:atemp>33.0</ns3:atemp>
            <ns3:hr>155</ns3:hr>
            <ns3:cad>86</ns3:cad>
          </ns3:TrackPointExtension>
        </extensions>
      </trkpt>
      <trkpt lat="22.54586351104080677032470703125" lon="114.02131249196827411651611328125">
        <ele>2.2000000476837158203125</ele>
        <time>2026-08-12T22:47:29.000Z</time>
        <extensions>
          <ns3:TrackPointExtension>
            <ns3:atemp>34.0</ns3:atemp>
            <ns3:hr>156</ns3:hr>
            <ns3:cad>86</ns3:cad>
          </ns3:TrackPointExtension>
        </extensions>
      </trkpt>
      <trkpt lat="22.5458347611129283905029296875" lon="114.0213207900524139404296875">
        <ele>2.2000000476837158203125</ele>
        <time>2026-08-12T22:47:30.000Z</time>
        <extensions>
          <ns3:TrackPointExtension>
            <ns3:atemp>34.0</ns3:atemp>
            <ns3:hr>156</ns3:hr>
            <ns3:cad>86</ns3:cad>
          </ns3:TrackPointExtension>
        </extensions>
      </trkpt>
      <trkpt lat="22.54581472836434841156005859375" lon="114.02132607065141201019287109375">
        <ele>2.2000000476837158203125</ele>
        <time>2026-08-12T22:47:31.000Z</time>
        <extensions>
          <ns3:TrackPointExtension>
            <ns3:atemp>33.0</ns3:atemp>
            <ns3:hr>156</ns3:hr>
            <ns3:cad>86</ns3:cad>
          </ns3:TrackPointExtension>
        </extensions>
      </trkpt>
      <trkpt lat="22.54578924737870693206787109375" lon="114.0213293395936489105224609375">
        <ele>2.2000000476837158203125</ele>
        <time>2026-08-12T22:47:32.000Z</time>
        <extensions>
          <ns3:TrackPointExtension>
            <ns3:atemp>33.0</ns3:atemp>
            <ns3:hr>157</ns3:hr>
            <ns3:cad>86</ns3:cad>
          </ns3:TrackPointExtension>
        </extensions>
      </trkpt>
      <trkpt lat="22.54576611332595348358154296875" lon="114.02133495546877384185791015625">
        <ele>2.2000000476837158203125</ele>
        <time>2026-08-12T22:47:33.000Z</time>
        <extensions>
          <ns3:TrackPointExtension>
            <ns3:atemp>33.0</ns3:atemp>
            <ns3:hr>157</ns3:hr>
            <ns3:cad>86</ns3:cad>
          </ns3:TrackPointExtension>
        </extensions>
      </trkpt>
      <trkpt lat="22.54574867896735668182373046875" lon="114.02134048752486705780029296875">
        <ele>2</ele>
        <time>2026-08-12T22:47:34.000Z</time>
        <extensions>
          <ns3:TrackPointExtension>
            <ns3:atemp>33.0</ns3:atemp>
            <ns3:hr>157</ns3:hr>
            <ns3:cad>86</ns3:cad>
          </ns3:TrackPointExtension>
        </extensions>
      </trkpt>
      <trkpt lat="22.54572118632495403289794921875" lon="114.02134736068546772003173828125">
        <ele>2</ele>
        <time>2026-08-12T22:47:35.000Z</time>
        <extensions>
          <ns3:TrackPointExtension>
            <ns3:atemp>33.0</ns3:atemp>
            <ns3:hr>157</ns3:hr>
            <ns3:cad>86</ns3:cad>
          </ns3:TrackPointExtension>
        </extensions>
      </trkpt>
      <trkpt lat="22.54570509307086467742919921875" lon="114.021358676254749298095703125">
        <ele>1.7999999523162841796875</ele>
        <time>2026-08-12T22:47:36.000Z</time>
        <extensions>
          <ns3:TrackPointExtension>
            <ns3:atemp>34.0</ns3:atemp>
            <ns3:hr>157</ns3:hr>
            <ns3:cad>86</ns3:cad>
          </ns3:TrackPointExtension>
        </extensions>
      </trkpt>
      <trkpt lat="22.54567894153296947479248046875" lon="114.0213632024824619293212890625">
        <ele>1.7999999523162841796875</ele>
        <time>2026-08-12T22:47:37.000Z</time>
        <extensions>
          <ns3:TrackPointExtension>
            <ns3:atemp>33.0</ns3:atemp>
            <ns3:hr>157</ns3:hr>
            <ns3:cad>86</ns3:cad>
          </ns3:TrackPointExtension>
        </extensions>
      </trkpt>
      <trkpt lat="22.54566485993564128875732421875" lon="114.02137049473822116851806640625">
        <ele>1.7999999523162841796875</ele>
        <time>2026-08-12T22:47:38.000Z</time>
        <extensions>
          <ns3:TrackPointExtension>
            <ns3:atemp>33.0</ns3:atemp>
            <ns3:hr>157</ns3:hr>
            <ns3:cad>86</ns3:cad>
          </ns3:TrackPointExtension>
        </extensions>
      </trkpt>
      <trkpt lat="22.545636780560016632080078125" lon="114.0213772840797901153564453125">
        <ele>1.7999999523162841796875</ele>
        <time>2026-08-12T22:47:39.000Z</time>
        <extensions>
          <ns3:TrackPointExtension>
            <ns3:atemp>34.0</ns3:atemp>
            <ns3:hr>158</ns3:hr>
            <ns3:cad>86</ns3:cad>
          </ns3:TrackPointExtension>
        </extensions>
      </trkpt>
      <trkpt lat="22.54561540670692920684814453125" lon="114.0213849954307079315185546875">
        <ele>1.7999999523162841796875</ele>
        <time>2026-08-12T22:47:40.000Z</time>
        <extensions>
          <ns3:TrackPointExtension>
            <ns3:atemp>33.0</ns3:atemp>
            <ns3:hr>158</ns3:hr>
            <ns3:cad>87</ns3:cad>
          </ns3:TrackPointExtension>
        </extensions>
      </trkpt>
      <trkpt lat="22.545590512454509735107421875" lon="114.0213913656771183013916015625">
        <ele>1.60000002384185791015625</ele>
        <time>2026-08-12T22:47:41.000Z</time>
        <extensions>
          <ns3:TrackPointExtension>
            <ns3:atemp>34.0</ns3:atemp>
            <ns3:hr>158</ns3:hr>
            <ns3:cad>87</ns3:cad>
          </ns3:TrackPointExtension>
        </extensions>
      </trkpt>
      <trkpt lat="22.54556469619274139404296875" lon="114.02139698155224323272705078125">
        <ele>1.60000002384185791015625</ele>
        <time>2026-08-12T22:47:42.000Z</time>
        <extensions>
          <ns3:TrackPointExtension>
            <ns3:atemp>33.0</ns3:atemp>
            <ns3:hr>158</ns3:hr>
            <ns3:cad>87</ns3:cad>
          </ns3:TrackPointExtension>
        </extensions>
      </trkpt>
      <trkpt lat="22.5455439090728759765625" lon="114.02140502817928791046142578125">
        <ele>1.60000002384185791015625</ele>
        <time>2026-08-12T22:47:43.000Z</time>
        <extensions>
          <ns3:TrackPointExtension>
            <ns3:atemp>34.0</ns3:atemp>
            <ns3:hr>157</ns3:hr>
            <ns3:cad>87</ns3:cad>
          </ns3:TrackPointExtension>
        </extensions>
      </trkpt>
      <trkpt lat="22.54551935009658336639404296875" lon="114.02141533792018890380859375">
        <ele>1.60000002384185791015625</ele>
        <time>2026-08-12T22:47:44.000Z</time>
        <extensions>
          <ns3:TrackPointExtension>
            <ns3:atemp>33.0</ns3:atemp>
            <ns3:hr>158</ns3:hr>
            <ns3:cad>87</ns3:cad>
          </ns3:TrackPointExtension>
        </extensions>
      </trkpt>
      <trkpt lat="22.5455008260905742645263671875" lon="114.02142204344272613525390625">
        <ele>1.60000002384185791015625</ele>
        <time>2026-08-12T22:47:45.000Z</time>
        <extensions>
          <ns3:TrackPointExtension>
            <ns3:atemp>33.0</ns3:atemp>
            <ns3:hr>158</ns3:hr>
            <ns3:cad>86</ns3:cad>
          </ns3:TrackPointExtension>
        </extensions>
      </trkpt>
      <trkpt lat="22.54547039978206157684326171875" lon="114.02142045088112354278564453125">
        <ele>1.60000002384185791015625</ele>
        <time>2026-08-12T22:47:46.000Z</time>
        <extensions>
          <ns3:TrackPointExtension>
            <ns3:atemp>33.0</ns3:atemp>
            <ns3:hr>159</ns3:hr>
            <ns3:cad>86</ns3:cad>
          </ns3:TrackPointExtension>
        </extensions>
      </trkpt>
      <trkpt lat="22.545447014272212982177734375" lon="114.021423049271106719970703125">
        <ele>1.7999999523162841796875</ele>
        <time>2026-08-12T22:47:47.000Z</time>
        <extensions>
          <ns3:TrackPointExtension>
            <ns3:atemp>34.0</ns3:atemp>
            <ns3:hr>159</ns3:hr>
            <ns3:cad>86</ns3:cad>
          </ns3:TrackPointExtension>
        </extensions>
      </trkpt>
      <trkpt lat="22.54541809670627117156982421875" lon="114.0214161761105060577392578125">
        <ele>1.7999999523162841796875</ele>
        <time>2026-08-12T22:47:48.000Z</time>
        <extensions>
          <ns3:TrackPointExtension>
            <ns3:atemp>34.0</ns3:atemp>
            <ns3:hr>159</ns3:hr>
            <ns3:cad>86</ns3:cad>
          </ns3:TrackPointExtension>
        </extensions>
      </trkpt>
      <trkpt lat="22.545392028987407684326171875" lon="114.02141123078763484954833984375">
        <ele>1.60000002384185791015625</ele>
        <time>2026-08-12T22:47:49.000Z</time>
        <extensions>
          <ns3:TrackPointExtension>
            <ns3:atemp>33.0</ns3:atemp>
            <ns3:hr>159</ns3:hr>
            <ns3:cad>86</ns3:cad>
          </ns3:TrackPointExtension>
        </extensions>
      </trkpt>
      <trkpt lat="22.54536998458206653594970703125" lon="114.021406956017017364501953125">
        <ele>1.7999999523162841796875</ele>
        <time>2026-08-12T22:47:50.000Z</time>
        <extensions>
          <ns3:TrackPointExtension>
            <ns3:atemp>34.0</ns3:atemp>
            <ns3:hr>159</ns3:hr>
            <ns3:cad>86</ns3:cad>
          </ns3:TrackPointExtension>
        </extensions>
      </trkpt>
      <trkpt lat="22.54534182138741016387939453125" lon="114.02139429934322834014892578125">
        <ele>1.7999999523162841796875</ele>
        <time>2026-08-12T22:47:51.000Z</time>
        <extensions>
          <ns3:TrackPointExtension>
            <ns3:atemp>34.0</ns3:atemp>
            <ns3:hr>159</ns3:hr>
            <ns3:cad>86</ns3:cad>
          </ns3:TrackPointExtension>
        </extensions>
      </trkpt>
      <trkpt lat="22.5453227944672107696533203125" lon="114.0213886834681034088134765625">
        <ele>1.60000002384185791015625</ele>
        <time>2026-08-12T22:47:52.000Z</time>
        <extensions>
          <ns3:TrackPointExtension>
            <ns3:atemp>33.0</ns3:atemp>
            <ns3:hr>159</ns3:hr>
            <ns3:cad>86</ns3:cad>
          </ns3:TrackPointExtension>
        </extensions>
      </trkpt>
      <trkpt lat="22.5452959723770618438720703125" lon="114.02137300930917263031005859375">
        <ele>1.60000002384185791015625</ele>
        <time>2026-08-12T22:47:53.000Z</time>
        <extensions>
          <ns3:TrackPointExtension>
            <ns3:atemp>34.0</ns3:atemp>
            <ns3:hr>159</ns3:hr>
            <ns3:cad>86</ns3:cad>
          </ns3:TrackPointExtension>
        </extensions>
      </trkpt>
      <trkpt lat="22.54527811892330646514892578125" lon="114.02136328630149364471435546875">
        <ele>1.7999999523162841796875</ele>
        <time>2026-08-12T22:47:54.000Z</time>
        <extensions>
          <ns3:TrackPointExtension>
            <ns3:atemp>34.0</ns3:atemp>
            <ns3:hr>159</ns3:hr>
            <ns3:cad>86</ns3:cad>
          </ns3:TrackPointExtension>
        </extensions>
      </trkpt>
      <trkpt lat="22.545254230499267578125" lon="114.02134719304740428924560546875">
        <ele>1.7999999523162841796875</ele>
        <time>2026-08-12T22:47:55.000Z</time>
        <extensions>
          <ns3:TrackPointExtension>
            <ns3:atemp>34.0</ns3:atemp>
            <ns3:hr>159</ns3:hr>
            <ns3:cad>86</ns3:cad>
          </ns3:TrackPointExtension>
        </extensions>
      </trkpt>
      <trkpt lat="22.54523486830294132232666015625" lon="114.02133545838296413421630859375">
        <ele>1.7999999523162841796875</ele>
        <time>2026-08-12T22:47:56.000Z</time>
        <extensions>
          <ns3:TrackPointExtension>
            <ns3:atemp>34.0</ns3:atemp>
            <ns3:hr>159</ns3:hr>
            <ns3:cad>86</ns3:cad>
          </ns3:TrackPointExtension>
        </extensions>
      </trkpt>
      <trkpt lat="22.5452151708304882049560546875" lon="114.02131735347211360931396484375">
        <ele>1.7999999523162841796875</ele>
        <time>2026-08-12T22:47:57.000Z</time>
        <extensions>
          <ns3:TrackPointExtension>
            <ns3:atemp>34.0</ns3:atemp>
            <ns3:hr>160</ns3:hr>
            <ns3:cad>86</ns3:cad>
          </ns3:TrackPointExtension>
        </extensions>
      </trkpt>
      <trkpt lat="22.5451974011957645416259765625" lon="114.02129824273288249969482421875">
        <ele>1.7999999523162841796875</ele>
        <time>2026-08-12T22:47:58.000Z</time>
        <extensions>
          <ns3:TrackPointExtension>
            <ns3:atemp>34.0</ns3:atemp>
            <ns3:hr>159</ns3:hr>
            <ns3:cad>86</ns3:cad>
          </ns3:TrackPointExtension>
        </extensions>
      </trkpt>
      <trkpt lat="22.5451809726655483245849609375" lon="114.02128382585942745208740234375">
        <ele>1.60000002384185791015625</ele>
        <time>2026-08-12T22:47:59.000Z</time>
        <extensions>
          <ns3:TrackPointExtension>
            <ns3:atemp>34.0</ns3:atemp>
            <ns3:hr>160</ns3:hr>
            <ns3:cad>86</ns3:cad>
          </ns3:TrackPointExtension>
        </extensions>
      </trkpt>
      <trkpt lat="22.54516228102147579193115234375" lon="114.021260440349578857421875">
        <ele>1.60000002384185791015625</ele>
        <time>2026-08-12T22:48:00.000Z</time>
        <extensions>
          <ns3:TrackPointExtension>
            <ns3:atemp>33.0</ns3:atemp>
            <ns3:hr>160</ns3:hr>
            <ns3:cad>86</ns3:cad>
          </ns3:TrackPointExtension>
        </extensions>
      </trkpt>
      <trkpt lat="22.54515004344284534454345703125" lon="114.02124811895191669464111328125">
        <ele>1.60000002384185791015625</ele>
        <time>2026-08-12T22:48:01.000Z</time>
        <extensions>
          <ns3:TrackPointExtension>
            <ns3:atemp>34.0</ns3:atemp>
            <ns3:hr>160</ns3:hr>
            <ns3:cad>86</ns3:cad>
          </ns3:TrackPointExtension>
        </extensions>
      </trkpt>
      <trkpt lat="22.5451321899890899658203125" lon="114.02122431434690952301025390625">
        <ele>1.60000002384185791015625</ele>
        <time>2026-08-12T22:48:02.000Z</time>
        <extensions>
          <ns3:TrackPointExtension>
            <ns3:atemp>34.0</ns3:atemp>
            <ns3:hr>160</ns3:hr>
            <ns3:cad>86</ns3:cad>
          </ns3:TrackPointExtension>
        </extensions>
      </trkpt>
      <trkpt lat="22.5451179407536983489990234375" lon="114.02120805345475673675537109375">
        <ele>1.7999999523162841796875</ele>
        <time>2026-08-12T22:48:03.000Z</time>
        <extensions>
          <ns3:TrackPointExtension>
            <ns3:atemp>34.0</ns3:atemp>
            <ns3:hr>160</ns3:hr>
            <ns3:cad>86</ns3:cad>
          </ns3:TrackPointExtension>
        </extensions>
      </trkpt>
      <trkpt lat="22.5451011769473552703857421875" lon="114.0211866796016693115234375">
        <ele>1.7999999523162841796875</ele>
        <time>2026-08-12T22:48:04.000Z</time>
        <extensions>
          <ns3:TrackPointExtension>
            <ns3:atemp>34.0</ns3:atemp>
            <ns3:hr>161</ns3:hr>
            <ns3:cad>86</ns3:cad>
          </ns3:TrackPointExtension>
        </extensions>
      </trkpt>
      <trkpt lat="22.54508835263550281524658203125" lon="114.021163545548915863037109375">
        <ele>1.7999999523162841796875</ele>
        <time>2026-08-12T22:48:05.000Z</time>
        <extensions>
          <ns3:TrackPointExtension>
            <ns3:atemp>33.0</ns3:atemp>
            <ns3:hr>161</ns3:hr>
            <ns3:cad>86</ns3:cad>
          </ns3:TrackPointExtension>
        </extensions>
      </trkpt>
      <trkpt lat="22.5450758635997772216796875" lon="114.02114443480968475341796875">
        <ele>1.7999999523162841796875</ele>
        <time>2026-08-12T22:48:06.000Z</time>
        <extensions>
          <ns3:TrackPointExtension>
            <ns3:atemp>34.0</ns3:atemp>
            <ns3:hr>161</ns3:hr>
            <ns3:cad>86</ns3:cad>
          </ns3:TrackPointExtension>
        </extensions>
      </trkpt>
      <trkpt lat="22.54506421275436878204345703125" lon="114.0211196243762969970703125">
        <ele>1.7999999523162841796875</ele>
        <time>2026-08-12T22:48:07.000Z</time>
        <extensions>
          <ns3:TrackPointExtension>
            <ns3:atemp>33.0</ns3:atemp>
            <ns3:hr>161</ns3:hr>
            <ns3:cad>87</ns3:cad>
          </ns3:TrackPointExtension>
        </extensions>
      </trkpt>
      <trkpt lat="22.5450544059276580810546875" lon="114.0211006812751293182373046875">
        <ele>1.7999999523162841796875</ele>
        <time>2026-08-12T22:48:08.000Z</time>
        <extensions>
          <ns3:TrackPointExtension>
            <ns3:atemp>33.0</ns3:atemp>
            <ns3:hr>160</ns3:hr>
            <ns3:cad>87</ns3:cad>
          </ns3:TrackPointExtension>
        </extensions>
      </trkpt>
      <trkpt lat="22.5450463593006134033203125" lon="114.02106556110084056854248046875">
        <ele>1.7999999523162841796875</ele>
        <time>2026-08-12T22:48:09.000Z</time>
        <extensions>
          <ns3:TrackPointExtension>
            <ns3:atemp>34.0</ns3:atemp>
            <ns3:hr>161</ns3:hr>
            <ns3:cad>87</ns3:cad>
          </ns3:TrackPointExtension>
        </extensions>
      </trkpt>
      <trkpt lat="22.54504057578742504119873046875" lon="114.021041505038738250732421875">
        <ele>1.7999999523162841796875</ele>
        <time>2026-08-12T22:48:10.000Z</time>
        <extensions>
          <ns3:TrackPointExtension>
            <ns3:atemp>34.0</ns3:atemp>
            <ns3:hr>161</ns3:hr>
            <ns3:cad>86</ns3:cad>
          </ns3:TrackPointExtension>
        </extensions>
      </trkpt>
      <trkpt lat="22.54503722302615642547607421875" lon="114.02101057581603527069091796875">
        <ele>1.7999999523162841796875</ele>
        <time>2026-08-12T22:48:11.000Z</time>
        <extensions>
          <ns3:TrackPointExtension>
            <ns3:atemp>33.0</ns3:atemp>
            <ns3:hr>160</ns3:hr>
            <ns3:cad>85</ns3:cad>
          </ns3:TrackPointExtension>
        </extensions>
      </trkpt>
      <trkpt lat="22.54503185860812664031982421875" lon="114.0209803171455860137939453125">
        <ele>1.7999999523162841796875</ele>
        <time>2026-08-12T22:48:12.000Z</time>
        <extensions>
          <ns3:TrackPointExtension>
            <ns3:atemp>34.0</ns3:atemp>
            <ns3:hr>160</ns3:hr>
            <ns3:cad>85</ns3:cad>
          </ns3:TrackPointExtension>
        </extensions>
      </trkpt>
      <trkpt lat="22.54502959549427032470703125" lon="114.02095374651253223419189453125">
        <ele>2</ele>
        <time>2026-08-12T22:48:13.000Z</time>
        <extensions>
          <ns3:TrackPointExtension>
            <ns3:atemp>34.0</ns3:atemp>
            <ns3:hr>160</ns3:hr>
            <ns3:cad>86</ns3:cad>
          </ns3:TrackPointExtension>
        </extensions>
      </trkpt>
      <trkpt lat="22.5450257398188114166259765625" lon="114.02092692442238330841064453125">
        <ele>2</ele>
        <time>2026-08-12T22:48:14.000Z</time>
        <extensions>
          <ns3:TrackPointExtension>
            <ns3:atemp>34.0</ns3:atemp>
            <ns3:hr>160</ns3:hr>
            <ns3:cad>86</ns3:cad>
          </ns3:TrackPointExtension>
        </extensions>
      </trkpt>
      <trkpt lat="22.545021213591098785400390625" lon="114.02090881951153278350830078125">
        <ele>1.7999999523162841796875</ele>
        <time>2026-08-12T22:48:15.000Z</time>
        <extensions>
          <ns3:TrackPointExtension>
            <ns3:atemp>34.0</ns3:atemp>
            <ns3:hr>160</ns3:hr>
            <ns3:cad>86</ns3:cad>
          </ns3:TrackPointExtension>
        </extensions>
      </trkpt>
      <trkpt lat="22.54501911811530590057373046875" lon="114.02087646536529064178466796875">
        <ele>2</ele>
        <time>2026-08-12T22:48:16.000Z</time>
        <extensions>
          <ns3:TrackPointExtension>
            <ns3:atemp>34.0</ns3:atemp>
            <ns3:hr>160</ns3:hr>
            <ns3:cad>86</ns3:cad>
          </ns3:TrackPointExtension>
        </extensions>
      </trkpt>
      <trkpt lat="22.54501618444919586181640625" lon="114.0208566002547740936279296875">
        <ele>2</ele>
        <time>2026-08-12T22:48:17.000Z</time>
        <extensions>
          <ns3:TrackPointExtension>
            <ns3:atemp>34.0</ns3:atemp>
            <ns3:hr>159</ns3:hr>
            <ns3:cad>86</ns3:cad>
          </ns3:TrackPointExtension>
        </extensions>
      </trkpt>
      <trkpt lat="22.5450093112885951995849609375" lon="114.0208281017839908599853515625">
        <ele>2</ele>
        <time>2026-08-12T22:48:18.000Z</time>
        <extensions>
          <ns3:TrackPointExtension>
            <ns3:atemp>33.0</ns3:atemp>
            <ns3:hr>159</ns3:hr>
            <ns3:cad>86</ns3:cad>
          </ns3:TrackPointExtension>
        </extensions>
      </trkpt>
      <trkpt lat="22.54500654526054859161376953125" lon="114.02080781757831573486328125">
        <ele>2</ele>
        <time>2026-08-12T22:48:19.000Z</time>
        <extensions>
          <ns3:TrackPointExtension>
            <ns3:atemp>34.0</ns3:atemp>
            <ns3:hr>159</ns3:hr>
            <ns3:cad>86</ns3:cad>
          </ns3:TrackPointExtension>
        </extensions>
      </trkpt>
      <trkpt lat="22.54500143229961395263671875" lon="114.02078342624008655548095703125">
        <ele>2.2000000476837158203125</ele>
        <time>2026-08-12T22:48:20.000Z</time>
        <extensions>
          <ns3:TrackPointExtension>
            <ns3:atemp>34.0</ns3:atemp>
            <ns3:hr>159</ns3:hr>
            <ns3:cad>86</ns3:cad>
          </ns3:TrackPointExtension>
        </extensions>
      </trkpt>
      <trkpt lat="22.5449979119002819061279296875" lon="114.0207566879689693450927734375">
        <ele>2</ele>
        <time>2026-08-12T22:48:21.000Z</time>
        <extensions>
          <ns3:TrackPointExtension>
            <ns3:atemp>34.0</ns3:atemp>
            <ns3:hr>159</ns3:hr>
            <ns3:cad>86</ns3:cad>
          </ns3:TrackPointExtension>
        </extensions>
      </trkpt>
      <trkpt lat="22.544995732605457305908203125" lon="114.02073732577264308929443359375">
        <ele>2</ele>
        <time>2026-08-12T22:48:22.000Z</time>
        <extensions>
          <ns3:TrackPointExtension>
            <ns3:atemp>34.0</ns3:atemp>
            <ns3:hr>159</ns3:hr>
            <ns3:cad>87</ns3:cad>
          </ns3:TrackPointExtension>
        </extensions>
      </trkpt>
      <trkpt lat="22.5449935533106327056884765625" lon="114.02070530690252780914306640625">
        <ele>2.2000000476837158203125</ele>
        <time>2026-08-12T22:48:23.000Z</time>
        <extensions>
          <ns3:TrackPointExtension>
            <ns3:atemp>34.0</ns3:atemp>
            <ns3:hr>159</ns3:hr>
            <ns3:cad>87</ns3:cad>
          </ns3:TrackPointExtension>
        </extensions>
      </trkpt>
      <trkpt lat="22.5449918769299983978271484375" lon="114.02068451978266239166259765625">
        <ele>2</ele>
        <time>2026-08-12T22:48:24.000Z</time>
        <extensions>
          <ns3:TrackPointExtension>
            <ns3:atemp>33.0</ns3:atemp>
            <ns3:hr>158</ns3:hr>
            <ns3:cad>87</ns3:cad>
          </ns3:TrackPointExtension>
        </extensions>
      </trkpt>
      <trkpt lat="22.54498131573200225830078125" lon="114.0206544287502765655517578125">
        <ele>2</ele>
        <time>2026-08-12T22:48:25.000Z</time>
        <extensions>
          <ns3:TrackPointExtension>
            <ns3:atemp>34.0</ns3:atemp>
            <ns3:hr>158</ns3:hr>
            <ns3:cad>85</ns3:cad>
          </ns3:TrackPointExtension>
        </extensions>
      </trkpt>
      <trkpt lat="22.54497754387557506561279296875" lon="114.0206323005259037017822265625">
        <ele>2</ele>
        <time>2026-08-12T22:48:26.000Z</time>
        <extensions>
          <ns3:TrackPointExtension>
            <ns3:atemp>34.0</ns3:atemp>
            <ns3:hr>158</ns3:hr>
            <ns3:cad>85</ns3:cad>
          </ns3:TrackPointExtension>
        </extensions>
      </trkpt>
      <trkpt lat="22.54496815614402294158935546875" lon="114.02060589753091335296630859375">
        <ele>2.2000000476837158203125</ele>
        <time>2026-08-12T22:48:27.000Z</time>
        <extensions>
          <ns3:TrackPointExtension>
            <ns3:atemp>34.0</ns3:atemp>
            <ns3:hr>158</ns3:hr>
            <ns3:cad>86</ns3:cad>
          </ns3:TrackPointExtension>
        </extensions>
      </trkpt>
      <trkpt lat="22.544966898858547210693359375" lon="114.02058326639235019683837890625">
        <ele>2.2000000476837158203125</ele>
        <time>2026-08-12T22:48:28.000Z</time>
        <extensions>
          <ns3:TrackPointExtension>
            <ns3:atemp>34.0</ns3:atemp>
            <ns3:hr>158</ns3:hr>
            <ns3:cad>86</ns3:cad>
          </ns3:TrackPointExtension>
        </extensions>
      </trkpt>
      <trkpt lat="22.5449680723249912261962890625" lon="114.0205608867108821868896484375">
        <ele>2.2000000476837158203125</ele>
        <time>2026-08-12T22:48:29.000Z</time>
        <extensions>
          <ns3:TrackPointExtension>
            <ns3:atemp>34.0</ns3:atemp>
            <ns3:hr>158</ns3:hr>
            <ns3:cad>86</ns3:cad>
          </ns3:TrackPointExtension>
        </extensions>
      </trkpt>
      <trkpt lat="22.5449674017727375030517578125" lon="114.0205320529639720916748046875">
        <ele>2.2000000476837158203125</ele>
        <time>2026-08-12T22:48:30.000Z</time>
        <extensions>
          <ns3:TrackPointExtension>
            <ns3:atemp>34.0</ns3:atemp>
            <ns3:hr>158</ns3:hr>
            <ns3:cad>86</ns3:cad>
          </ns3:TrackPointExtension>
        </extensions>
      </trkpt>
      <trkpt lat="22.5449627079069614410400390625" lon="114.02051453478634357452392578125">
        <ele>2.2000000476837158203125</ele>
        <time>2026-08-12T22:48:31.000Z</time>
        <extensions>
          <ns3:TrackPointExtension>
            <ns3:atemp>33.0</ns3:atemp>
            <ns3:hr>158</ns3:hr>
            <ns3:cad>86</ns3:cad>
          </ns3:TrackPointExtension>
        </extensions>
      </trkpt>
      <trkpt lat="22.54496262408792972564697265625" lon="114.02048192918300628662109375">
        <ele>2.2000000476837158203125</ele>
        <time>2026-08-12T22:48:32.000Z</time>
        <extensions>
          <ns3:TrackPointExtension>
            <ns3:atemp>34.0</ns3:atemp>
            <ns3:hr>157</ns3:hr>
            <ns3:cad>86</ns3:cad>
          </ns3:TrackPointExtension>
        </extensions>
      </trkpt>
      <trkpt lat="22.5449580140411853790283203125" lon="114.0204596333205699920654296875">
        <ele>2.2000000476837158203125</ele>
        <time>2026-08-12T22:48:33.000Z</time>
        <extensions>
          <ns3:TrackPointExtension>
            <ns3:atemp>34.0</ns3:atemp>
            <ns3:hr>157</ns3:hr>
            <ns3:cad>86</ns3:cad>
          </ns3:TrackPointExtension>
        </extensions>
      </trkpt>
      <trkpt lat="22.54495357163250446319580078125" lon="114.0204324759542942047119140625">
        <ele>2.2000000476837158203125</ele>
        <time>2026-08-12T22:48:34.000Z</time>
        <extensions>
          <ns3:TrackPointExtension>
            <ns3:atemp>34.0</ns3:atemp>
            <ns3:hr>158</ns3:hr>
            <ns3:cad>85</ns3:cad>
          </ns3:TrackPointExtension>
        </extensions>
      </trkpt>
      <trkpt lat="22.5449489615857601165771484375" lon="114.0204056538641452789306640625">
        <ele>2.2000000476837158203125</ele>
        <time>2026-08-12T22:48:35.000Z</time>
        <extensions>
          <ns3:TrackPointExtension>
            <ns3:atemp>34.0</ns3:atemp>
            <ns3:hr>158</ns3:hr>
            <ns3:cad>85</ns3:cad>
          </ns3:TrackPointExtension>
        </extensions>
      </trkpt>
      <trkpt lat="22.54494502209126949310302734375" lon="114.0203831903636455535888671875">
        <ele>2.400000095367431640625</ele>
        <time>2026-08-12T22:48:36.000Z</time>
        <extensions>
          <ns3:TrackPointExtension>
            <ns3:atemp>34.0</ns3:atemp>
            <ns3:hr>157</ns3:hr>
            <ns3:cad>85</ns3:cad>
          </ns3:TrackPointExtension>
        </extensions>
      </trkpt>
      <trkpt lat="22.5449402444064617156982421875" lon="114.02035259641706943511962890625">
        <ele>2.400000095367431640625</ele>
        <time>2026-08-12T22:48:37.000Z</time>
        <extensions>
          <ns3:TrackPointExtension>
            <ns3:atemp>33.0</ns3:atemp>
            <ns3:hr>157</ns3:hr>
            <ns3:cad>86</ns3:cad>
          </ns3:TrackPointExtension>
        </extensions>
      </trkpt>
      <trkpt lat="22.544932030141353607177734375" lon="114.0203315578401088714599609375">
        <ele>2.400000095367431640625</ele>
        <time>2026-08-12T22:48:38.000Z</time>
        <extensions>
          <ns3:TrackPointExtension>
            <ns3:atemp>34.0</ns3:atemp>
            <ns3:hr>158</ns3:hr>
            <ns3:cad>86</ns3:cad>
          </ns3:TrackPointExtension>
        </extensions>
      </trkpt>
      <trkpt lat="22.54492633044719696044921875" lon="114.02030356228351593017578125">
        <ele>2.400000095367431640625</ele>
        <time>2026-08-12T22:48:39.000Z</time>
        <extensions>
          <ns3:TrackPointExtension>
            <ns3:atemp>34.0</ns3:atemp>
            <ns3:hr>158</ns3:hr>
            <ns3:cad>86</ns3:cad>
          </ns3:TrackPointExtension>
        </extensions>
      </trkpt>
      <trkpt lat="22.5449216365814208984375" lon="114.02028143405914306640625">
        <ele>2.400000095367431640625</ele>
        <time>2026-08-12T22:48:40.000Z</time>
        <extensions>
          <ns3:TrackPointExtension>
            <ns3:atemp>34.0</ns3:atemp>
            <ns3:hr>158</ns3:hr>
            <ns3:cad>86</ns3:cad>
          </ns3:TrackPointExtension>
        </extensions>
      </trkpt>
      <trkpt lat="22.5449149310588836669921875" lon="114.02025771327316761016845703125">
        <ele>2.400000095367431640625</ele>
        <time>2026-08-12T22:48:41.000Z</time>
        <extensions>
          <ns3:TrackPointExtension>
            <ns3:atemp>34.0</ns3:atemp>
            <ns3:hr>158</ns3:hr>
            <ns3:cad>86</ns3:cad>
          </ns3:TrackPointExtension>
        </extensions>
      </trkpt>
      <trkpt lat="22.54491182975471019744873046875" lon="114.02023307047784328460693359375">
        <ele>2.400000095367431640625</ele>
        <time>2026-08-12T22:48:42.000Z</time>
        <extensions>
          <ns3:TrackPointExtension>
            <ns3:atemp>34.0</ns3:atemp>
            <ns3:hr>159</ns3:hr>
            <ns3:cad>86</ns3:cad>
          </ns3:TrackPointExtension>
        </extensions>
      </trkpt>
      <trkpt lat="22.54490713588893413543701171875" lon="114.02020960114896297454833984375">
        <ele>2.400000095367431640625</ele>
        <time>2026-08-12T22:48:43.000Z</time>
        <extensions>
          <ns3:TrackPointExtension>
            <ns3:atemp>34.0</ns3:atemp>
            <ns3:hr>159</ns3:hr>
            <ns3:cad>86</ns3:cad>
          </ns3:TrackPointExtension>
        </extensions>
      </trkpt>
      <trkpt lat="22.54490344785153865814208984375" lon="114.02017883956432342529296875">
        <ele>2.599999904632568359375</ele>
        <time>2026-08-12T22:48:44.000Z</time>
        <extensions>
          <ns3:TrackPointExtension>
            <ns3:atemp>34.0</ns3:atemp>
            <ns3:hr>159</ns3:hr>
            <ns3:cad>86</ns3:cad>
          </ns3:TrackPointExtension>
        </extensions>
      </trkpt>
      <trkpt lat="22.5448996759951114654541015625" lon="114.02015964500606060028076171875">
        <ele>2.599999904632568359375</ele>
        <time>2026-08-12T22:48:45.000Z</time>
        <extensions>
          <ns3:TrackPointExtension>
            <ns3:atemp>34.0</ns3:atemp>
            <ns3:hr>160</ns3:hr>
            <ns3:cad>86</ns3:cad>
          </ns3:TrackPointExtension>
        </extensions>
      </trkpt>
      <trkpt lat="22.54489816725254058837890625" lon="114.02012879960238933563232421875">
        <ele>2.599999904632568359375</ele>
        <time>2026-08-12T22:48:46.000Z</time>
        <extensions>
          <ns3:TrackPointExtension>
            <ns3:atemp>33.0</ns3:atemp>
            <ns3:hr>160</ns3:hr>
            <ns3:cad>86</ns3:cad>
          </ns3:TrackPointExtension>
        </extensions>
      </trkpt>
      <trkpt lat="22.544892132282257080078125" lon="114.0201075933873653411865234375">
        <ele>2.599999904632568359375</ele>
        <time>2026-08-12T22:48:47.000Z</time>
        <extensions>
          <ns3:TrackPointExtension>
            <ns3:atemp>34.0</ns3:atemp>
            <ns3:hr>160</ns3:hr>
            <ns3:cad>87</ns3:cad>
          </ns3:TrackPointExtension>
        </extensions>
      </trkpt>
      <trkpt lat="22.54488601349294185638427734375" lon="114.020077921450138092041015625">
        <ele>2.400000095367431640625</ele>
        <time>2026-08-12T22:48:48.000Z</time>
        <extensions>
          <ns3:TrackPointExtension>
            <ns3:atemp>33.0</ns3:atemp>
            <ns3:hr>161</ns3:hr>
            <ns3:cad>86</ns3:cad>
          </ns3:TrackPointExtension>
        </extensions>
      </trkpt>
      <trkpt lat="22.54488031379878520965576171875" lon="114.0200547873973846435546875">
        <ele>2.400000095367431640625</ele>
        <time>2026-08-12T22:48:49.000Z</time>
        <extensions>
          <ns3:TrackPointExtension>
            <ns3:atemp>34.0</ns3:atemp>
            <ns3:hr>161</ns3:hr>
            <ns3:cad>86</ns3:cad>
          </ns3:TrackPointExtension>
        </extensions>
      </trkpt>
      <trkpt lat="22.5448755361139774322509765625" lon="114.02002838440239429473876953125">
        <ele>2.400000095367431640625</ele>
        <time>2026-08-12T22:48:50.000Z</time>
        <extensions>
          <ns3:TrackPointExtension>
            <ns3:atemp>34.0</ns3:atemp>
            <ns3:hr>161</ns3:hr>
            <ns3:cad>86</ns3:cad>
          </ns3:TrackPointExtension>
        </extensions>
      </trkpt>
      <trkpt lat="22.54487209953367710113525390625" lon="114.0200053341686725616455078125">
        <ele>2.400000095367431640625</ele>
        <time>2026-08-12T22:48:51.000Z</time>
        <extensions>
          <ns3:TrackPointExtension>
            <ns3:atemp>34.0</ns3:atemp>
            <ns3:hr>162</ns3:hr>
            <ns3:cad>86</ns3:cad>
          </ns3:TrackPointExtension>
        </extensions>
      </trkpt>
      <trkpt lat="22.54486723802983760833740234375" lon="114.01998178102076053619384765625">
        <ele>2.400000095367431640625</ele>
        <time>2026-08-12T22:48:52.000Z</time>
        <extensions>
          <ns3:TrackPointExtension>
            <ns3:atemp>34.0</ns3:atemp>
            <ns3:hr>162</ns3:hr>
            <ns3:cad>86</ns3:cad>
          </ns3:TrackPointExtension>
        </extensions>
      </trkpt>
      <trkpt lat="22.5448661483824253082275390625" lon="114.0199496783316135406494140625">
        <ele>2.599999904632568359375</ele>
        <time>2026-08-12T22:48:53.000Z</time>
        <extensions>
          <ns3:TrackPointExtension>
            <ns3:atemp>34.0</ns3:atemp>
            <ns3:hr>162</ns3:hr>
            <ns3:cad>86</ns3:cad>
          </ns3:TrackPointExtension>
        </extensions>
      </trkpt>
      <trkpt lat="22.54486103542149066925048828125" lon="114.019929729402065277099609375">
        <ele>2.400000095367431640625</ele>
        <time>2026-08-12T22:48:54.000Z</time>
        <extensions>
          <ns3:TrackPointExtension>
            <ns3:atemp>34.0</ns3:atemp>
            <ns3:hr>162</ns3:hr>
            <ns3:cad>87</ns3:cad>
          </ns3:TrackPointExtension>
        </extensions>
      </trkpt>
      <trkpt lat="22.54485365934669971466064453125" lon="114.01989930309355258941650390625">
        <ele>2.400000095367431640625</ele>
        <time>2026-08-12T22:48:55.000Z</time>
        <extensions>
          <ns3:TrackPointExtension>
            <ns3:atemp>34.0</ns3:atemp>
            <ns3:hr>162</ns3:hr>
            <ns3:cad>86</ns3:cad>
          </ns3:TrackPointExtension>
        </extensions>
      </trkpt>
      <trkpt lat="22.544846199452877044677734375" lon="114.0198769234120845794677734375">
        <ele>2.400000095367431640625</ele>
        <time>2026-08-12T22:48:56.000Z</time>
        <extensions>
          <ns3:TrackPointExtension>
            <ns3:atemp>34.0</ns3:atemp>
            <ns3:hr>162</ns3:hr>
            <ns3:cad>86</ns3:cad>
          </ns3:TrackPointExtension>
        </extensions>
      </trkpt>
      <trkpt lat="22.54483555443584918975830078125" lon="114.0198521129786968231201171875">
        <ele>2.400000095367431640625</ele>
        <time>2026-08-12T22:48:57.000Z</time>
        <extensions>
          <ns3:TrackPointExtension>
            <ns3:atemp>34.0</ns3:atemp>
            <ns3:hr>163</ns3:hr>
            <ns3:cad>86</ns3:cad>
          </ns3:TrackPointExtension>
        </extensions>
      </trkpt>
      <trkpt lat="22.54482801072299480438232421875" lon="114.019821099936962127685546875">
        <ele>2.400000095367431640625</ele>
        <time>2026-08-12T22:48:58.000Z</time>
        <extensions>
          <ns3:TrackPointExtension>
            <ns3:atemp>33.0</ns3:atemp>
            <ns3:hr>163</ns3:hr>
            <ns3:cad>87</ns3:cad>
          </ns3:TrackPointExtension>
        </extensions>
      </trkpt>
      <trkpt lat="22.54482130520045757293701171875" lon="114.01979670859873294830322265625">
        <ele>2.2000000476837158203125</ele>
        <time>2026-08-12T22:48:59.000Z</time>
        <extensions>
          <ns3:TrackPointExtension>
            <ns3:atemp>34.0</ns3:atemp>
            <ns3:hr>164</ns3:hr>
            <ns3:cad>87</ns3:cad>
          </ns3:TrackPointExtension>
        </extensions>
      </trkpt>
      <trkpt lat="22.544818036258220672607421875" lon="114.0197716467082500457763671875">
        <ele>2.2000000476837158203125</ele>
        <time>2026-08-12T22:49:00.000Z</time>
        <extensions>
          <ns3:TrackPointExtension>
            <ns3:atemp>33.0</ns3:atemp>
            <ns3:hr>164</ns3:hr>
            <ns3:cad>86</ns3:cad>
          </ns3:TrackPointExtension>
        </extensions>
      </trkpt>
      <trkpt lat="22.54481242038309574127197265625" lon="114.01975027285516262054443359375">
        <ele>2.2000000476837158203125</ele>
        <time>2026-08-12T22:49:01.000Z</time>
        <extensions>
          <ns3:TrackPointExtension>
            <ns3:atemp>34.0</ns3:atemp>
            <ns3:hr>164</ns3:hr>
            <ns3:cad>86</ns3:cad>
          </ns3:TrackPointExtension>
        </extensions>
      </trkpt>
      <trkpt lat="22.54481292329728603363037109375" lon="114.01971758343279361724853515625">
        <ele>2.2000000476837158203125</ele>
        <time>2026-08-12T22:49:02.000Z</time>
        <extensions>
          <ns3:TrackPointExtension>
            <ns3:atemp>34.0</ns3:atemp>
            <ns3:hr>164</ns3:hr>
            <ns3:cad>86</ns3:cad>
          </ns3:TrackPointExtension>
        </extensions>
      </trkpt>
      <trkpt lat="22.54480772651731967926025390625" lon="114.019697718322277069091796875">
        <ele>2.400000095367431640625</ele>
        <time>2026-08-12T22:49:03.000Z</time>
        <extensions>
          <ns3:TrackPointExtension>
            <ns3:atemp>34.0</ns3:atemp>
            <ns3:hr>165</ns3:hr>
            <ns3:cad>86</ns3:cad>
          </ns3:TrackPointExtension>
        </extensions>
      </trkpt>
      <trkpt lat="22.5448022782802581787109375" lon="114.01966989040374755859375">
        <ele>2.400000095367431640625</ele>
        <time>2026-08-12T22:49:04.000Z</time>
        <extensions>
          <ns3:TrackPointExtension>
            <ns3:atemp>33.0</ns3:atemp>
            <ns3:hr>165</ns3:hr>
            <ns3:cad>86</ns3:cad>
          </ns3:TrackPointExtension>
        </extensions>
      </trkpt>
      <trkpt lat="22.54479716531932353973388671875" lon="114.01964415796101093292236328125">
        <ele>2.599999904632568359375</ele>
        <time>2026-08-12T22:49:05.000Z</time>
        <extensions>
          <ns3:TrackPointExtension>
            <ns3:atemp>34.0</ns3:atemp>
            <ns3:hr>165</ns3:hr>
            <ns3:cad>86</ns3:cad>
          </ns3:TrackPointExtension>
        </extensions>
      </trkpt>
      <trkpt lat="22.54479280672967433929443359375" lon="114.0196167491376399993896484375">
        <ele>2.599999904632568359375</ele>
        <time>2026-08-12T22:49:06.000Z</time>
        <extensions>
          <ns3:TrackPointExtension>
            <ns3:atemp>34.0</ns3:atemp>
            <ns3:hr>165</ns3:hr>
            <ns3:cad>86</ns3:cad>
          </ns3:TrackPointExtension>
        </extensions>
      </trkpt>
      <trkpt lat="22.54479280672967433929443359375" lon="114.019586406648159027099609375">
        <ele>2.599999904632568359375</ele>
        <time>2026-08-12T22:49:07.000Z</time>
        <extensions>
          <ns3:TrackPointExtension>
            <ns3:atemp>33.0</ns3:atemp>
            <ns3:hr>166</ns3:hr>
            <ns3:cad>86</ns3:cad>
          </ns3:TrackPointExtension>
        </extensions>
      </trkpt>
      <trkpt lat="22.54478492774069309234619140625" lon="114.0195639431476593017578125">
        <ele>2.599999904632568359375</ele>
        <time>2026-08-12T22:49:08.000Z</time>
        <extensions>
          <ns3:TrackPointExtension>
            <ns3:atemp>34.0</ns3:atemp>
            <ns3:hr>166</ns3:hr>
            <ns3:cad>86</ns3:cad>
          </ns3:TrackPointExtension>
        </extensions>
      </trkpt>
      <trkpt lat="22.5447819940745830535888671875" lon="114.01952932588756084442138671875">
        <ele>2.599999904632568359375</ele>
        <time>2026-08-12T22:49:09.000Z</time>
        <extensions>
          <ns3:TrackPointExtension>
            <ns3:atemp>34.0</ns3:atemp>
            <ns3:hr>167</ns3:hr>
            <ns3:cad>86</ns3:cad>
          </ns3:TrackPointExtension>
        </extensions>
      </trkpt>
      <trkpt lat="22.54477704875171184539794921875" lon="114.01950434781610965728759765625">
        <ele>2.7999999523162841796875</ele>
        <time>2026-08-12T22:49:10.000Z</time>
        <extensions>
          <ns3:TrackPointExtension>
            <ns3:atemp>33.0</ns3:atemp>
            <ns3:hr>167</ns3:hr>
            <ns3:cad>86</ns3:cad>
          </ns3:TrackPointExtension>
        </extensions>
      </trkpt>
      <trkpt lat="22.54476749338209629058837890625" lon="114.0194799564778804779052734375">
        <ele>2.7999999523162841796875</ele>
        <time>2026-08-12T22:49:11.000Z</time>
        <extensions>
          <ns3:TrackPointExtension>
            <ns3:atemp>34.0</ns3:atemp>
            <ns3:hr>166</ns3:hr>
            <ns3:cad>86</ns3:cad>
          </ns3:TrackPointExtension>
        </extensions>
      </trkpt>
      <trkpt lat="22.54475408233702182769775390625" lon="114.01945598423480987548828125">
        <ele>2.7999999523162841796875</ele>
        <time>2026-08-12T22:49:12.000Z</time>
        <extensions>
          <ns3:TrackPointExtension>
            <ns3:atemp>34.0</ns3:atemp>
            <ns3:hr>166</ns3:hr>
            <ns3:cad>86</ns3:cad>
          </ns3:TrackPointExtension>
        </extensions>
      </trkpt>
      <trkpt lat="22.54474955610930919647216796875" lon="114.01943184435367584228515625">
        <ele>2.7999999523162841796875</ele>
        <time>2026-08-12T22:49:13.000Z</time>
        <extensions>
          <ns3:TrackPointExtension>
            <ns3:atemp>34.0</ns3:atemp>
            <ns3:hr>166</ns3:hr>
            <ns3:cad>86</ns3:cad>
          </ns3:TrackPointExtension>
        </extensions>
      </trkpt>
      <trkpt lat="22.5447427667677402496337890625" lon="114.0194075368344783782958984375">
        <ele>2.7999999523162841796875</ele>
        <time>2026-08-12T22:49:14.000Z</time>
        <extensions>
          <ns3:TrackPointExtension>
            <ns3:atemp>34.0</ns3:atemp>
            <ns3:hr>166</ns3:hr>
            <ns3:cad>86</ns3:cad>
          </ns3:TrackPointExtension>
        </extensions>
      </trkpt>
      <trkpt lat="22.54474201239645481109619140625" lon="114.01938046328723430633544921875">
        <ele>2.7999999523162841796875</ele>
        <time>2026-08-12T22:49:15.000Z</time>
        <extensions>
          <ns3:TrackPointExtension>
            <ns3:atemp>34.0</ns3:atemp>
            <ns3:hr>166</ns3:hr>
            <ns3:cad>86</ns3:cad>
          </ns3:TrackPointExtension>
        </extensions>
      </trkpt>
      <trkpt lat="22.5447384081780910491943359375" lon="114.01935498230159282684326171875">
        <ele>2.7999999523162841796875</ele>
        <time>2026-08-12T22:49:16.000Z</time>
        <extensions>
          <ns3:TrackPointExtension>
            <ns3:atemp>34.0</ns3:atemp>
            <ns3:hr>166</ns3:hr>
            <ns3:cad>86</ns3:cad>
          </ns3:TrackPointExtension>
        </extensions>
      </trkpt>
      <trkpt lat="22.54473455250263214111328125" lon="114.01933453045785427093505859375">
        <ele>2.7999999523162841796875</ele>
        <time>2026-08-12T22:49:17.000Z</time>
        <extensions>
          <ns3:TrackPointExtension>
            <ns3:atemp>34.0</ns3:atemp>
            <ns3:hr>166</ns3:hr>
            <ns3:cad>86</ns3:cad>
          </ns3:TrackPointExtension>
        </extensions>
      </trkpt>
      <trkpt lat="22.5447317026555538177490234375" lon="114.01930309832096099853515625">
        <ele>2.7999999523162841796875</ele>
        <time>2026-08-12T22:49:18.000Z</time>
        <extensions>
          <ns3:TrackPointExtension>
            <ns3:atemp>33.0</ns3:atemp>
            <ns3:hr>167</ns3:hr>
            <ns3:cad>87</ns3:cad>
          </ns3:TrackPointExtension>
        </extensions>
      </trkpt>
      <trkpt lat="22.5447285175323486328125" lon="114.019276611506938934326171875">
        <ele>3</ele>
        <time>2026-08-12T22:49:19.000Z</time>
        <extensions>
          <ns3:TrackPointExtension>
            <ns3:atemp>33.0</ns3:atemp>
            <ns3:hr>167</ns3:hr>
            <ns3:cad>87</ns3:cad>
          </ns3:TrackPointExtension>
        </extensions>
      </trkpt>
      <trkpt lat="22.5447276793420314788818359375" lon="114.019251130521297454833984375">
        <ele>3</ele>
        <time>2026-08-12T22:49:20.000Z</time>
        <extensions>
          <ns3:TrackPointExtension>
            <ns3:atemp>34.0</ns3:atemp>
            <ns3:hr>167</ns3:hr>
            <ns3:cad>87</ns3:cad>
          </ns3:TrackPointExtension>
        </extensions>
      </trkpt>
      <trkpt lat="22.54472114145755767822265625" lon="114.01923126541078090667724609375">
        <ele>3</ele>
        <time>2026-08-12T22:49:21.000Z</time>
        <extensions>
          <ns3:TrackPointExtension>
            <ns3:atemp>34.0</ns3:atemp>
            <ns3:hr>167</ns3:hr>
            <ns3:cad>87</ns3:cad>
          </ns3:TrackPointExtension>
        </extensions>
      </trkpt>
      <trkpt lat="22.54471871070563793182373046875" lon="114.01920477859675884246826171875">
        <ele>3</ele>
        <time>2026-08-12T22:49:22.000Z</time>
        <extensions>
          <ns3:TrackPointExtension>
            <ns3:atemp>34.0</ns3:atemp>
            <ns3:hr>167</ns3:hr>
            <ns3:cad>87</ns3:cad>
          </ns3:TrackPointExtension>
        </extensions>
      </trkpt>
      <trkpt lat="22.54471552558243274688720703125" lon="114.019181728363037109375">
        <ele>3</ele>
        <time>2026-08-12T22:49:23.000Z</time>
        <extensions>
          <ns3:TrackPointExtension>
            <ns3:atemp>34.0</ns3:atemp>
            <ns3:hr>166</ns3:hr>
            <ns3:cad>87</ns3:cad>
          </ns3:TrackPointExtension>
        </extensions>
      </trkpt>
      <trkpt lat="22.5447092391550540924072265625" lon="114.01916018687188625335693359375">
        <ele>3</ele>
        <time>2026-08-12T22:49:24.000Z</time>
        <extensions>
          <ns3:TrackPointExtension>
            <ns3:atemp>34.0</ns3:atemp>
            <ns3:hr>167</ns3:hr>
            <ns3:cad>87</ns3:cad>
          </ns3:TrackPointExtension>
        </extensions>
      </trkpt>
      <trkpt lat="22.54470697604119777679443359375" lon="114.019135795533657073974609375">
        <ele>3</ele>
        <time>2026-08-12T22:49:25.000Z</time>
        <extensions>
          <ns3:TrackPointExtension>
            <ns3:atemp>34.0</ns3:atemp>
            <ns3:hr>167</ns3:hr>
            <ns3:cad>87</ns3:cad>
          </ns3:TrackPointExtension>
        </extensions>
      </trkpt>
      <trkpt lat="22.54470094107091426849365234375" lon="114.01911375112831592559814453125">
        <ele>3</ele>
        <time>2026-08-12T22:49:26.000Z</time>
        <extensions>
          <ns3:TrackPointExtension>
            <ns3:atemp>34.0</ns3:atemp>
            <ns3:hr>167</ns3:hr>
            <ns3:cad>87</ns3:cad>
          </ns3:TrackPointExtension>
        </extensions>
      </trkpt>
      <trkpt lat="22.54469322971999645233154296875" lon="114.01908575557172298431396484375">
        <ele>3</ele>
        <time>2026-08-12T22:49:27.000Z</time>
        <extensions>
          <ns3:TrackPointExtension>
            <ns3:atemp>34.0</ns3:atemp>
            <ns3:hr>167</ns3:hr>
            <ns3:cad>87</ns3:cad>
          </ns3:TrackPointExtension>
        </extensions>
      </trkpt>
      <trkpt lat="22.544684596359729766845703125" lon="114.01906295679509639739990234375">
        <ele>3</ele>
        <time>2026-08-12T22:49:28.000Z</time>
        <extensions>
          <ns3:TrackPointExtension>
            <ns3:atemp>34.0</ns3:atemp>
            <ns3:hr>168</ns3:hr>
            <ns3:cad>87</ns3:cad>
          </ns3:TrackPointExtension>
        </extensions>
      </trkpt>
      <trkpt lat="22.54467931576073169708251953125" lon="114.01903362013399600982666015625">
        <ele>3</ele>
        <time>2026-08-12T22:49:29.000Z</time>
        <extensions>
          <ns3:TrackPointExtension>
            <ns3:atemp>34.0</ns3:atemp>
            <ns3:hr>168</ns3:hr>
            <ns3:cad>87</ns3:cad>
          </ns3:TrackPointExtension>
        </extensions>
      </trkpt>
      <trkpt lat="22.54467193968594074249267578125" lon="114.01901048608124256134033203125">
        <ele>3</ele>
        <time>2026-08-12T22:49:30.000Z</time>
        <extensions>
          <ns3:TrackPointExtension>
            <ns3:atemp>33.0</ns3:atemp>
            <ns3:hr>168</ns3:hr>
            <ns3:cad>87</ns3:cad>
          </ns3:TrackPointExtension>
        </extensions>
      </trkpt>
      <trkpt lat="22.54466640762984752655029296875" lon="114.01898517273366451263427734375">
        <ele>3</ele>
        <time>2026-08-12T22:49:31.000Z</time>
        <extensions>
          <ns3:TrackPointExtension>
            <ns3:atemp>34.0</ns3:atemp>
            <ns3:hr>168</ns3:hr>
            <ns3:cad>87</ns3:cad>
          </ns3:TrackPointExtension>
        </extensions>
      </trkpt>
      <trkpt lat="22.5446601212024688720703125" lon="114.018964469432830810546875">
        <ele>3</ele>
        <time>2026-08-12T22:49:32.000Z</time>
        <extensions>
          <ns3:TrackPointExtension>
            <ns3:atemp>34.0</ns3:atemp>
            <ns3:hr>167</ns3:hr>
            <ns3:cad>88</ns3:cad>
          </ns3:TrackPointExtension>
        </extensions>
      </trkpt>
      <trkpt lat="22.544654421508312225341796875" lon="114.01893697679042816162109375">
        <ele>3</ele>
        <time>2026-08-12T22:49:33.000Z</time>
        <extensions>
          <ns3:TrackPointExtension>
            <ns3:atemp>33.0</ns3:atemp>
            <ns3:hr>168</ns3:hr>
            <ns3:cad>88</ns3:cad>
          </ns3:TrackPointExtension>
        </extensions>
      </trkpt>
      <trkpt lat="22.54464914090931415557861328125" lon="114.01891325600445270538330078125">
        <ele>3</ele>
        <time>2026-08-12T22:49:34.000Z</time>
        <extensions>
          <ns3:TrackPointExtension>
            <ns3:atemp>34.0</ns3:atemp>
            <ns3:hr>168</ns3:hr>
            <ns3:cad>87</ns3:cad>
          </ns3:TrackPointExtension>
        </extensions>
      </trkpt>
      <trkpt lat="22.54464210011065006256103515625" lon="114.01888911612331867218017578125">
        <ele>3</ele>
        <time>2026-08-12T22:49:35.000Z</time>
        <extensions>
          <ns3:TrackPointExtension>
            <ns3:atemp>34.0</ns3:atemp>
            <ns3:hr>168</ns3:hr>
            <ns3:cad>87</ns3:cad>
          </ns3:TrackPointExtension>
        </extensions>
      </trkpt>
      <trkpt lat="22.54463807679712772369384765625" lon="114.0188638865947723388671875">
        <ele>3</ele>
        <time>2026-08-12T22:49:36.000Z</time>
        <extensions>
          <ns3:TrackPointExtension>
            <ns3:atemp>34.0</ns3:atemp>
            <ns3:hr>168</ns3:hr>
            <ns3:cad>87</ns3:cad>
          </ns3:TrackPointExtension>
        </extensions>
      </trkpt>
      <trkpt lat="22.54463505931198596954345703125" lon="114.01883907616138458251953125">
        <ele>3</ele>
        <time>2026-08-12T22:49:37.000Z</time>
        <extensions>
          <ns3:TrackPointExtension>
            <ns3:atemp>34.0</ns3:atemp>
            <ns3:hr>168</ns3:hr>
            <ns3:cad>87</ns3:cad>
          </ns3:TrackPointExtension>
        </extensions>
      </trkpt>
      <trkpt lat="22.5446319580078125" lon="114.0188130922615528106689453125">
        <ele>3</ele>
        <time>2026-08-12T22:49:38.000Z</time>
        <extensions>
          <ns3:TrackPointExtension>
            <ns3:atemp>33.0</ns3:atemp>
            <ns3:hr>169</ns3:hr>
            <ns3:cad>87</ns3:cad>
          </ns3:TrackPointExtension>
        </extensions>
      </trkpt>
      <trkpt lat="22.54462684504687786102294921875" lon="114.01879213750362396240234375">
        <ele>3</ele>
        <time>2026-08-12T22:49:39.000Z</time>
        <extensions>
          <ns3:TrackPointExtension>
            <ns3:atemp>34.0</ns3:atemp>
            <ns3:hr>168</ns3:hr>
            <ns3:cad>87</ns3:cad>
          </ns3:TrackPointExtension>
        </extensions>
      </trkpt>
      <trkpt lat="22.54462181590497493743896484375" lon="114.01876439340412616729736328125">
        <ele>3.2000000476837158203125</ele>
        <time>2026-08-12T22:49:40.000Z</time>
        <extensions>
          <ns3:TrackPointExtension>
            <ns3:atemp>33.0</ns3:atemp>
            <ns3:hr>168</ns3:hr>
            <ns3:cad>87</ns3:cad>
          </ns3:TrackPointExtension>
        </extensions>
      </trkpt>
      <trkpt lat="22.54461829550564289093017578125" lon="114.01874125935137271881103515625">
        <ele>3.2000000476837158203125</ele>
        <time>2026-08-12T22:49:41.000Z</time>
        <extensions>
          <ns3:TrackPointExtension>
            <ns3:atemp>34.0</ns3:atemp>
            <ns3:hr>168</ns3:hr>
            <ns3:cad>87</ns3:cad>
          </ns3:TrackPointExtension>
        </extensions>
      </trkpt>
      <trkpt lat="22.54461376927793025970458984375" lon="114.018713347613811492919921875">
        <ele>3.2000000476837158203125</ele>
        <time>2026-08-12T22:49:42.000Z</time>
        <extensions>
          <ns3:TrackPointExtension>
            <ns3:atemp>34.0</ns3:atemp>
            <ns3:hr>168</ns3:hr>
            <ns3:cad>87</ns3:cad>
          </ns3:TrackPointExtension>
        </extensions>
      </trkpt>
      <trkpt lat="22.54461158998310565948486328125" lon="114.0186947397887706756591796875">
        <ele>3.2000000476837158203125</ele>
        <time>2026-08-12T22:49:43.000Z</time>
        <extensions>
          <ns3:TrackPointExtension>
            <ns3:atemp>34.0</ns3:atemp>
            <ns3:hr>168</ns3:hr>
            <ns3:cad>88</ns3:cad>
          </ns3:TrackPointExtension>
        </extensions>
      </trkpt>
      <trkpt lat="22.54461192525923252105712890625" lon="114.018664397299289703369140625">
        <ele>3.2000000476837158203125</ele>
        <time>2026-08-12T22:49:44.000Z</time>
        <extensions>
          <ns3:TrackPointExtension>
            <ns3:atemp>34.0</ns3:atemp>
            <ns3:hr>168</ns3:hr>
            <ns3:cad>87</ns3:cad>
          </ns3:TrackPointExtension>
        </extensions>
      </trkpt>
      <trkpt lat="22.54461360163986682891845703125" lon="114.018642269074916839599609375">
        <ele>3.2000000476837158203125</ele>
        <time>2026-08-12T22:49:45.000Z</time>
        <extensions>
          <ns3:TrackPointExtension>
            <ns3:atemp>34.0</ns3:atemp>
            <ns3:hr>168</ns3:hr>
            <ns3:cad>87</ns3:cad>
          </ns3:TrackPointExtension>
        </extensions>
      </trkpt>
      <trkpt lat="22.54460974596440792083740234375" lon="114.0186203084886074066162109375">
        <ele>3.2000000476837158203125</ele>
        <time>2026-08-12T22:49:46.000Z</time>
        <extensions>
          <ns3:TrackPointExtension>
            <ns3:atemp>34.0</ns3:atemp>
            <ns3:hr>168</ns3:hr>
            <ns3:cad>87</ns3:cad>
          </ns3:TrackPointExtension>
        </extensions>
      </trkpt>
      <trkpt lat="22.54460488446056842803955078125" lon="114.01859658770263195037841796875">
        <ele>3.400000095367431640625</ele>
        <time>2026-08-12T22:49:47.000Z</time>
        <extensions>
          <ns3:TrackPointExtension>
            <ns3:atemp>33.0</ns3:atemp>
            <ns3:hr>169</ns3:hr>
            <ns3:cad>87</ns3:cad>
          </ns3:TrackPointExtension>
        </extensions>
      </trkpt>
      <trkpt lat="22.54460052587091922760009765625" lon="114.01857295073568820953369140625">
        <ele>3.400000095367431640625</ele>
        <time>2026-08-12T22:49:48.000Z</time>
        <extensions>
          <ns3:TrackPointExtension>
            <ns3:atemp>34.0</ns3:atemp>
            <ns3:hr>168</ns3:hr>
            <ns3:cad>87</ns3:cad>
          </ns3:TrackPointExtension>
        </extensions>
      </trkpt>
      <trkpt lat="22.544599436223506927490234375" lon="114.01854545809328556060791015625">
        <ele>3.400000095367431640625</ele>
        <time>2026-08-12T22:49:49.000Z</time>
        <extensions>
          <ns3:TrackPointExtension>
            <ns3:atemp>34.0</ns3:atemp>
            <ns3:hr>168</ns3:hr>
            <ns3:cad>87</ns3:cad>
          </ns3:TrackPointExtension>
        </extensions>
      </trkpt>
      <trkpt lat="22.54459775984287261962890625" lon="114.018523581326007843017578125">
        <ele>3.400000095367431640625</ele>
        <time>2026-08-12T22:49:50.000Z</time>
        <extensions>
          <ns3:TrackPointExtension>
            <ns3:atemp>34.0</ns3:atemp>
            <ns3:hr>169</ns3:hr>
            <ns3:cad>87</ns3:cad>
          </ns3:TrackPointExtension>
        </extensions>
      </trkpt>
      <trkpt lat="22.54459331743419170379638671875" lon="114.0184964239597320556640625">
        <ele>3.400000095367431640625</ele>
        <time>2026-08-12T22:49:51.000Z</time>
        <extensions>
          <ns3:TrackPointExtension>
            <ns3:atemp>33.0</ns3:atemp>
            <ns3:hr>168</ns3:hr>
            <ns3:cad>87</ns3:cad>
          </ns3:TrackPointExtension>
        </extensions>
      </trkpt>
      <trkpt lat="22.54458812065422534942626953125" lon="114.01847362518310546875">
        <ele>3.400000095367431640625</ele>
        <time>2026-08-12T22:49:52.000Z</time>
        <extensions>
          <ns3:TrackPointExtension>
            <ns3:atemp>34.0</ns3:atemp>
            <ns3:hr>168</ns3:hr>
            <ns3:cad>87</ns3:cad>
          </ns3:TrackPointExtension>
        </extensions>
      </trkpt>
      <trkpt lat="22.5445858575403690338134765625" lon="114.0184442885220050811767578125">
        <ele>3.400000095367431640625</ele>
        <time>2026-08-12T22:49:53.000Z</time>
        <extensions>
          <ns3:TrackPointExtension>
            <ns3:atemp>34.0</ns3:atemp>
            <ns3:hr>168</ns3:hr>
            <ns3:cad>88</ns3:cad>
          </ns3:TrackPointExtension>
        </extensions>
      </trkpt>
      <trkpt lat="22.54458292387425899505615234375" lon="114.01842199265956878662109375">
        <ele>3.400000095367431640625</ele>
        <time>2026-08-12T22:49:54.000Z</time>
        <extensions>
          <ns3:TrackPointExtension>
            <ns3:atemp>34.0</ns3:atemp>
            <ns3:hr>168</ns3:hr>
            <ns3:cad>87</ns3:cad>
          </ns3:TrackPointExtension>
        </extensions>
      </trkpt>
      <trkpt lat="22.5445784814655780792236328125" lon="114.0183943323791027069091796875">
        <ele>3.400000095367431640625</ele>
        <time>2026-08-12T22:49:55.000Z</time>
        <extensions>
          <ns3:TrackPointExtension>
            <ns3:atemp>34.0</ns3:atemp>
            <ns3:hr>169</ns3:hr>
            <ns3:cad>87</ns3:cad>
          </ns3:TrackPointExtension>
        </extensions>
      </trkpt>
      <trkpt lat="22.5445737875998020172119140625" lon="114.01836910285055637359619140625">
        <ele>3.400000095367431640625</ele>
        <time>2026-08-12T22:49:56.000Z</time>
        <extensions>
          <ns3:TrackPointExtension>
            <ns3:atemp>34.0</ns3:atemp>
            <ns3:hr>168</ns3:hr>
            <ns3:cad>87</ns3:cad>
          </ns3:TrackPointExtension>
        </extensions>
      </trkpt>
      <trkpt lat="22.54456599242985248565673828125" lon="114.01834144257009029388427734375">
        <ele>3.2000000476837158203125</ele>
        <time>2026-08-12T22:49:57.000Z</time>
        <extensions>
          <ns3:TrackPointExtension>
            <ns3:atemp>34.0</ns3:atemp>
            <ns3:hr>168</ns3:hr>
            <ns3:cad>87</ns3:cad>
          </ns3:TrackPointExtension>
        </extensions>
      </trkpt>
      <trkpt lat="22.5445613823831081390380859375" lon="114.01831579394638538360595703125">
        <ele>3.2000000476837158203125</ele>
        <time>2026-08-12T22:49:58.000Z</time>
        <extensions>
          <ns3:TrackPointExtension>
            <ns3:atemp>34.0</ns3:atemp>
            <ns3:hr>168</ns3:hr>
            <ns3:cad>87</ns3:cad>
          </ns3:TrackPointExtension>
        </extensions>
      </trkpt>
      <trkpt lat="22.54455308429896831512451171875" lon="114.0182944200932979583740234375">
        <ele>3.2000000476837158203125</ele>
        <time>2026-08-12T22:49:59.000Z</time>
        <extensions>
          <ns3:TrackPointExtension>
            <ns3:atemp>34.0</ns3:atemp>
            <ns3:hr>168</ns3:hr>
            <ns3:cad>87</ns3:cad>
          </ns3:TrackPointExtension>
        </extensions>
      </trkpt>
      <trkpt lat="22.54455191083252429962158203125" lon="114.0182659216225147247314453125">
        <ele>3.400000095367431640625</ele>
        <time>2026-08-12T22:50:00.000Z</time>
        <extensions>
          <ns3:TrackPointExtension>
            <ns3:atemp>34.0</ns3:atemp>
            <ns3:hr>167</ns3:hr>
            <ns3:cad>87</ns3:cad>
          </ns3:TrackPointExtension>
        </extensions>
      </trkpt>
      <trkpt lat="22.54454654641449451446533203125" lon="114.01824957691133022308349609375">
        <ele>3.400000095367431640625</ele>
        <time>2026-08-12T22:50:01.000Z</time>
        <extensions>
          <ns3:TrackPointExtension>
            <ns3:atemp>34.0</ns3:atemp>
            <ns3:hr>167</ns3:hr>
            <ns3:cad>87</ns3:cad>
          </ns3:TrackPointExtension>
        </extensions>
      </trkpt>
      <trkpt lat="22.5445419363677501678466796875" lon="114.0182213298976421356201171875">
        <ele>3.400000095367431640625</ele>
        <time>2026-08-12T22:50:02.000Z</time>
        <extensions>
          <ns3:TrackPointExtension>
            <ns3:atemp>34.0</ns3:atemp>
            <ns3:hr>167</ns3:hr>
            <ns3:cad>87</ns3:cad>
          </ns3:TrackPointExtension>
        </extensions>
      </trkpt>
      <trkpt lat="22.5445362366735935211181640625" lon="114.018197692930698394775390625">
        <ele>3.400000095367431640625</ele>
        <time>2026-08-12T22:50:03.000Z</time>
        <extensions>
          <ns3:TrackPointExtension>
            <ns3:atemp>34.0</ns3:atemp>
            <ns3:hr>168</ns3:hr>
            <ns3:cad>87</ns3:cad>
          </ns3:TrackPointExtension>
        </extensions>
      </trkpt>
      <trkpt lat="22.54453179426491260528564453125" lon="114.018172882497310638427734375">
        <ele>3.400000095367431640625</ele>
        <time>2026-08-12T22:50:04.000Z</time>
        <extensions>
          <ns3:TrackPointExtension>
            <ns3:atemp>34.0</ns3:atemp>
            <ns3:hr>167</ns3:hr>
            <ns3:cad>87</ns3:cad>
          </ns3:TrackPointExtension>
        </extensions>
      </trkpt>
      <trkpt lat="22.54452743567526340484619140625" lon="114.0181519277393817901611328125">
        <ele>3.400000095367431640625</ele>
        <time>2026-08-12T22:50:05.000Z</time>
        <extensions>
          <ns3:TrackPointExtension>
            <ns3:atemp>34.0</ns3:atemp>
            <ns3:hr>167</ns3:hr>
            <ns3:cad>86</ns3:cad>
          </ns3:TrackPointExtension>
        </extensions>
      </trkpt>
      <trkpt lat="22.54452274180948734283447265625" lon="114.018132649362087249755859375">
        <ele>3.400000095367431640625</ele>
        <time>2026-08-12T22:50:06.000Z</time>
        <extensions>
          <ns3:TrackPointExtension>
            <ns3:atemp>33.0</ns3:atemp>
            <ns3:hr>167</ns3:hr>
            <ns3:cad>86</ns3:cad>
          </ns3:TrackPointExtension>
        </extensions>
      </trkpt>
      <trkpt lat="22.54451637156307697296142578125" lon="114.0181093476712703704833984375">
        <ele>3.400000095367431640625</ele>
        <time>2026-08-12T22:50:07.000Z</time>
        <extensions>
          <ns3:TrackPointExtension>
            <ns3:atemp>34.0</ns3:atemp>
            <ns3:hr>166</ns3:hr>
            <ns3:cad>87</ns3:cad>
          </ns3:TrackPointExtension>
        </extensions>
      </trkpt>
      <trkpt lat="22.544512264430522918701171875" lon="114.01808562688529491424560546875">
        <ele>3.400000095367431640625</ele>
        <time>2026-08-12T22:50:08.000Z</time>
        <extensions>
          <ns3:TrackPointExtension>
            <ns3:atemp>34.0</ns3:atemp>
            <ns3:hr>166</ns3:hr>
            <ns3:cad>87</ns3:cad>
          </ns3:TrackPointExtension>
        </extensions>
      </trkpt>
      <trkpt lat="22.54451318643987178802490234375" lon="114.01805880479514598846435546875">
        <ele>3.599999904632568359375</ele>
        <time>2026-08-12T22:50:09.000Z</time>
        <extensions>
          <ns3:TrackPointExtension>
            <ns3:atemp>34.0</ns3:atemp>
            <ns3:hr>165</ns3:hr>
            <ns3:cad>87</ns3:cad>
          </ns3:TrackPointExtension>
        </extensions>
      </trkpt>
      <trkpt lat="22.54451184533536434173583984375" lon="114.01803852058947086334228515625">
        <ele>3.599999904632568359375</ele>
        <time>2026-08-12T22:50:10.000Z</time>
        <extensions>
          <ns3:TrackPointExtension>
            <ns3:atemp>34.0</ns3:atemp>
            <ns3:hr>165</ns3:hr>
            <ns3:cad>87</ns3:cad>
          </ns3:TrackPointExtension>
        </extensions>
      </trkpt>
      <trkpt lat="22.54451301880180835723876953125" lon="114.018009603023529052734375">
        <ele>3.599999904632568359375</ele>
        <time>2026-08-12T22:50:11.000Z</time>
        <extensions>
          <ns3:TrackPointExtension>
            <ns3:atemp>33.0</ns3:atemp>
            <ns3:hr>165</ns3:hr>
            <ns3:cad>87</ns3:cad>
          </ns3:TrackPointExtension>
        </extensions>
      </trkpt>
      <trkpt lat="22.54450798965990543365478515625" lon="114.01799191720783710479736328125">
        <ele>3.599999904632568359375</ele>
        <time>2026-08-12T22:50:12.000Z</time>
        <extensions>
          <ns3:TrackPointExtension>
            <ns3:atemp>34.0</ns3:atemp>
            <ns3:hr>165</ns3:hr>
            <ns3:cad>87</ns3:cad>
          </ns3:TrackPointExtension>
        </extensions>
      </trkpt>
      <trkpt lat="22.54450631327927112579345703125" lon="114.01796291582286357879638671875">
        <ele>3.599999904632568359375</ele>
        <time>2026-08-12T22:50:13.000Z</time>
        <extensions>
          <ns3:TrackPointExtension>
            <ns3:atemp>34.0</ns3:atemp>
            <ns3:hr>165</ns3:hr>
            <ns3:cad>87</ns3:cad>
          </ns3:TrackPointExtension>
        </extensions>
      </trkpt>
      <trkpt lat="22.544497512280941009521484375" lon="114.0179410390555858612060546875">
        <ele>3.599999904632568359375</ele>
        <time>2026-08-12T22:50:14.000Z</time>
        <extensions>
          <ns3:TrackPointExtension>
            <ns3:atemp>34.0</ns3:atemp>
            <ns3:hr>165</ns3:hr>
            <ns3:cad>87</ns3:cad>
          </ns3:TrackPointExtension>
        </extensions>
      </trkpt>
      <trkpt lat="22.5444903038442134857177734375" lon="114.01791363023221492767333984375">
        <ele>3.599999904632568359375</ele>
        <time>2026-08-12T22:50:15.000Z</time>
        <extensions>
          <ns3:TrackPointExtension>
            <ns3:atemp>34.0</ns3:atemp>
            <ns3:hr>165</ns3:hr>
            <ns3:cad>87</ns3:cad>
          </ns3:TrackPointExtension>
        </extensions>
      </trkpt>
      <trkpt lat="22.5444849394261837005615234375" lon="114.0178873948752880096435546875">
        <ele>3.599999904632568359375</ele>
        <time>2026-08-12T22:50:16.000Z</time>
        <extensions>
          <ns3:TrackPointExtension>
            <ns3:atemp>34.0</ns3:atemp>
            <ns3:hr>165</ns3:hr>
            <ns3:cad>87</ns3:cad>
          </ns3:TrackPointExtension>
        </extensions>
      </trkpt>
      <trkpt lat="22.54448032937943935394287109375" lon="114.01785965077579021453857421875">
        <ele>3.7999999523162841796875</ele>
        <time>2026-08-12T22:50:17.000Z</time>
        <extensions>
          <ns3:TrackPointExtension>
            <ns3:atemp>34.0</ns3:atemp>
            <ns3:hr>164</ns3:hr>
            <ns3:cad>87</ns3:cad>
          </ns3:TrackPointExtension>
        </extensions>
      </trkpt>
      <trkpt lat="22.54447647370398044586181640625" lon="114.0178364329040050506591796875">
        <ele>3.7999999523162841796875</ele>
        <time>2026-08-12T22:50:18.000Z</time>
        <extensions>
          <ns3:TrackPointExtension>
            <ns3:atemp>33.0</ns3:atemp>
            <ns3:hr>164</ns3:hr>
            <ns3:cad>87</ns3:cad>
          </ns3:TrackPointExtension>
        </extensions>
      </trkpt>
      <trkpt lat="22.54447161220014095306396484375" lon="114.0178149752318859100341796875">
        <ele>3.7999999523162841796875</ele>
        <time>2026-08-12T22:50:19.000Z</time>
        <extensions>
          <ns3:TrackPointExtension>
            <ns3:atemp>34.0</ns3:atemp>
            <ns3:hr>165</ns3:hr>
            <ns3:cad>87</ns3:cad>
          </ns3:TrackPointExtension>
        </extensions>
      </trkpt>
      <trkpt lat="22.54446524195373058319091796875" lon="114.0177918411791324615478515625">
        <ele>3.7999999523162841796875</ele>
        <time>2026-08-12T22:50:20.000Z</time>
        <extensions>
          <ns3:TrackPointExtension>
            <ns3:atemp>34.0</ns3:atemp>
            <ns3:hr>165</ns3:hr>
            <ns3:cad>87</ns3:cad>
          </ns3:TrackPointExtension>
        </extensions>
      </trkpt>
      <trkpt lat="22.544459961354732513427734375" lon="114.01777180843055248260498046875">
        <ele>3.7999999523162841796875</ele>
        <time>2026-08-12T22:50:21.000Z</time>
        <extensions>
          <ns3:TrackPointExtension>
            <ns3:atemp>34.0</ns3:atemp>
            <ns3:hr>165</ns3:hr>
            <ns3:cad>87</ns3:cad>
          </ns3:TrackPointExtension>
        </extensions>
      </trkpt>
      <trkpt lat="22.54445434547960758209228515625" lon="114.01774632744491100311279296875">
        <ele>3.7999999523162841796875</ele>
        <time>2026-08-12T22:50:22.000Z</time>
        <extensions>
          <ns3:TrackPointExtension>
            <ns3:atemp>34.0</ns3:atemp>
            <ns3:hr>165</ns3:hr>
            <ns3:cad>87</ns3:cad>
          </ns3:TrackPointExtension>
        </extensions>
      </trkpt>
      <trkpt lat="22.544451244175434112548828125" lon="114.01772503741085529327392578125">
        <ele>3.7999999523162841796875</ele>
        <time>2026-08-12T22:50:23.000Z</time>
        <extensions>
          <ns3:TrackPointExtension>
            <ns3:atemp>34.0</ns3:atemp>
            <ns3:hr>165</ns3:hr>
            <ns3:cad>87</ns3:cad>
          </ns3:TrackPointExtension>
        </extensions>
      </trkpt>
      <trkpt lat="22.54445032216608524322509765625" lon="114.01769788004457950592041015625">
        <ele>3.7999999523162841796875</ele>
        <time>2026-08-12T22:50:24.000Z</time>
        <extensions>
          <ns3:TrackPointExtension>
            <ns3:atemp>34.0</ns3:atemp>
            <ns3:hr>165</ns3:hr>
            <ns3:cad>87</ns3:cad>
          </ns3:TrackPointExtension>
        </extensions>
      </trkpt>
      <trkpt lat="22.54444445483386516571044921875" lon="114.01767290197312831878662109375">
        <ele>3.7999999523162841796875</ele>
        <time>2026-08-12T22:50:25.000Z</time>
        <extensions>
          <ns3:TrackPointExtension>
            <ns3:atemp>33.0</ns3:atemp>
            <ns3:hr>165</ns3:hr>
            <ns3:cad>87</ns3:cad>
          </ns3:TrackPointExtension>
        </extensions>
      </trkpt>
      <trkpt lat="22.54444646649062633514404296875" lon="114.01764423586428165435791015625">
        <ele>3.7999999523162841796875</ele>
        <time>2026-08-12T22:50:26.000Z</time>
        <extensions>
          <ns3:TrackPointExtension>
            <ns3:atemp>33.0</ns3:atemp>
            <ns3:hr>165</ns3:hr>
            <ns3:cad>87</ns3:cad>
          </ns3:TrackPointExtension>
        </extensions>
      </trkpt>
      <trkpt lat="22.5444482266902923583984375" lon="114.01762093417346477508544921875">
        <ele>3.7999999523162841796875</ele>
        <time>2026-08-12T22:50:27.000Z</time>
        <extensions>
          <ns3:TrackPointExtension>
            <ns3:atemp>33.0</ns3:atemp>
            <ns3:hr>165</ns3:hr>
            <ns3:cad>87</ns3:cad>
          </ns3:TrackPointExtension>
        </extensions>
      </trkpt>
      <trkpt lat="22.54445300437510013580322265625" lon="114.01759260334074497222900390625">
        <ele>3.7999999523162841796875</ele>
        <time>2026-08-12T22:50:28.000Z</time>
        <extensions>
          <ns3:TrackPointExtension>
            <ns3:atemp>34.0</ns3:atemp>
            <ns3:hr>165</ns3:hr>
            <ns3:cad>87</ns3:cad>
          </ns3:TrackPointExtension>
        </extensions>
      </trkpt>
      <trkpt lat="22.54445954225957393646240234375" lon="114.01757148094475269317626953125">
        <ele>4</ele>
        <time>2026-08-12T22:50:29.000Z</time>
        <extensions>
          <ns3:TrackPointExtension>
            <ns3:atemp>34.0</ns3:atemp>
            <ns3:hr>165</ns3:hr>
            <ns3:cad>87</ns3:cad>
          </ns3:TrackPointExtension>
        </extensions>
      </trkpt>
      <trkpt lat="22.54446892999112606048583984375" lon="114.0175434015691280364990234375">
        <ele>4</ele>
        <time>2026-08-12T22:50:30.000Z</time>
        <extensions>
          <ns3:TrackPointExtension>
            <ns3:atemp>34.0</ns3:atemp>
            <ns3:hr>165</ns3:hr>
            <ns3:cad>88</ns3:cad>
          </ns3:TrackPointExtension>
        </extensions>
      </trkpt>
      <trkpt lat="22.5444829277694225311279296875" lon="114.017515741288661956787109375">
        <ele>4</ele>
        <time>2026-08-12T22:50:31.000Z</time>
        <extensions>
          <ns3:TrackPointExtension>
            <ns3:atemp>34.0</ns3:atemp>
            <ns3:hr>165</ns3:hr>
            <ns3:cad>87</ns3:cad>
          </ns3:TrackPointExtension>
        </extensions>
      </trkpt>
      <trkpt lat="22.5444906391203403472900390625" lon="114.017489589750766754150390625">
        <ele>4</ele>
        <time>2026-08-12T22:50:32.000Z</time>
        <extensions>
          <ns3:TrackPointExtension>
            <ns3:atemp>34.0</ns3:atemp>
            <ns3:hr>165</ns3:hr>
            <ns3:cad>87</ns3:cad>
          </ns3:TrackPointExtension>
        </extensions>
      </trkpt>
      <trkpt lat="22.54450664855539798736572265625" lon="114.01746134273707866668701171875">
        <ele>4.19999980926513671875</ele>
        <time>2026-08-12T22:50:33.000Z</time>
        <extensions>
          <ns3:TrackPointExtension>
            <ns3:atemp>33.0</ns3:atemp>
            <ns3:hr>165</ns3:hr>
            <ns3:cad>87</ns3:cad>
          </ns3:TrackPointExtension>
        </extensions>
      </trkpt>
      <trkpt lat="22.54451268352568149566650390625" lon="114.0174391306936740875244140625">
        <ele>4.19999980926513671875</ele>
        <time>2026-08-12T22:50:34.000Z</time>
        <extensions>
          <ns3:TrackPointExtension>
            <ns3:atemp>34.0</ns3:atemp>
            <ns3:hr>166</ns3:hr>
            <ns3:cad>87</ns3:cad>
          </ns3:TrackPointExtension>
        </extensions>
      </trkpt>
      <trkpt lat="22.54453129135072231292724609375" lon="114.0174186788499355316162109375">
        <ele>4.19999980926513671875</ele>
        <time>2026-08-12T22:50:35.000Z</time>
        <extensions>
          <ns3:TrackPointExtension>
            <ns3:atemp>34.0</ns3:atemp>
            <ns3:hr>166</ns3:hr>
            <ns3:cad>87</ns3:cad>
          </ns3:TrackPointExtension>
        </extensions>
      </trkpt>
      <trkpt lat="22.54454252310097217559814453125" lon="114.017398059368133544921875">
        <ele>4.19999980926513671875</ele>
        <time>2026-08-12T22:50:36.000Z</time>
        <extensions>
          <ns3:TrackPointExtension>
            <ns3:atemp>34.0</ns3:atemp>
            <ns3:hr>167</ns3:hr>
            <ns3:cad>87</ns3:cad>
          </ns3:TrackPointExtension>
        </extensions>
      </trkpt>
      <trkpt lat="22.544561214745044708251953125" lon="114.01738070882856845855712890625">
        <ele>4.19999980926513671875</ele>
        <time>2026-08-12T22:50:37.000Z</time>
        <extensions>
          <ns3:TrackPointExtension>
            <ns3:atemp>34.0</ns3:atemp>
            <ns3:hr>168</ns3:hr>
            <ns3:cad>87</ns3:cad>
          </ns3:TrackPointExtension>
        </extensions>
      </trkpt>
      <trkpt lat="22.54457571543753147125244140625" lon="114.0173623524606227874755859375">
        <ele>4.19999980926513671875</ele>
        <time>2026-08-12T22:50:38.000Z</time>
        <extensions>
          <ns3:TrackPointExtension>
            <ns3:atemp>33.0</ns3:atemp>
            <ns3:hr>168</ns3:hr>
            <ns3:cad>87</ns3:cad>
          </ns3:TrackPointExtension>
        </extensions>
      </trkpt>
      <trkpt lat="22.54459549672901630401611328125" lon="114.017346091568470001220703125">
        <ele>4.19999980926513671875</ele>
        <time>2026-08-12T22:50:39.000Z</time>
        <extensions>
          <ns3:TrackPointExtension>
            <ns3:atemp>34.0</ns3:atemp>
            <ns3:hr>168</ns3:hr>
            <ns3:cad>87</ns3:cad>
          </ns3:TrackPointExtension>
        </extensions>
      </trkpt>
      <trkpt lat="22.544616870582103729248046875" lon="114.01733024977147579193115234375">
        <ele>4.19999980926513671875</ele>
        <time>2026-08-12T22:50:40.000Z</time>
        <extensions>
          <ns3:TrackPointExtension>
            <ns3:atemp>34.0</ns3:atemp>
            <ns3:hr>168</ns3:hr>
            <ns3:cad>87</ns3:cad>
          </ns3:TrackPointExtension>
        </extensions>
      </trkpt>
      <trkpt lat="22.54463220946490764617919921875" lon="114.01731147430837154388427734375">
        <ele>4.19999980926513671875</ele>
        <time>2026-08-12T22:50:41.000Z</time>
        <extensions>
          <ns3:TrackPointExtension>
            <ns3:atemp>34.0</ns3:atemp>
            <ns3:hr>168</ns3:hr>
            <ns3:cad>87</ns3:cad>
          </ns3:TrackPointExtension>
        </extensions>
      </trkpt>
      <trkpt lat="22.54465316422283649444580078125" lon="114.01729152537882328033447265625">
        <ele>4.19999980926513671875</ele>
        <time>2026-08-12T22:50:42.000Z</time>
        <extensions>
          <ns3:TrackPointExtension>
            <ns3:atemp>33.0</ns3:atemp>
            <ns3:hr>168</ns3:hr>
            <ns3:cad>87</ns3:cad>
          </ns3:TrackPointExtension>
        </extensions>
      </trkpt>
      <trkpt lat="22.5446659885346889495849609375" lon="114.01727576740086078643798828125">
        <ele>4.19999980926513671875</ele>
        <time>2026-08-12T22:50:43.000Z</time>
        <extensions>
          <ns3:TrackPointExtension>
            <ns3:atemp>34.0</ns3:atemp>
            <ns3:hr>168</ns3:hr>
            <ns3:cad>87</ns3:cad>
          </ns3:TrackPointExtension>
        </extensions>
      </trkpt>
      <trkpt lat="22.5446881167590618133544921875" lon="114.01725925505161285400390625">
        <ele>4.19999980926513671875</ele>
        <time>2026-08-12T22:50:44.000Z</time>
        <extensions>
          <ns3:TrackPointExtension>
            <ns3:atemp>34.0</ns3:atemp>
            <ns3:hr>168</ns3:hr>
            <ns3:cad>87</ns3:cad>
          </ns3:TrackPointExtension>
        </extensions>
      </trkpt>
      <trkpt lat="22.54470412619411945343017578125" lon="114.01725246571004390716552734375">
        <ele>4.19999980926513671875</ele>
        <time>2026-08-12T22:50:45.000Z</time>
        <extensions>
          <ns3:TrackPointExtension>
            <ns3:atemp>34.0</ns3:atemp>
            <ns3:hr>168</ns3:hr>
            <ns3:cad>86</ns3:cad>
          </ns3:TrackPointExtension>
        </extensions>
      </trkpt>
      <trkpt lat="22.54472759552299976348876953125" lon="114.0172436647117137908935546875">
        <ele>4.19999980926513671875</ele>
        <time>2026-08-12T22:50:46.000Z</time>
        <extensions>
          <ns3:TrackPointExtension>
            <ns3:atemp>34.0</ns3:atemp>
            <ns3:hr>168</ns3:hr>
            <ns3:cad>86</ns3:cad>
          </ns3:TrackPointExtension>
        </extensions>
      </trkpt>
      <trkpt lat="22.544752657413482666015625" lon="114.01723586954176425933837890625">
        <ele>4.19999980926513671875</ele>
        <time>2026-08-12T22:50:47.000Z</time>
        <extensions>
          <ns3:TrackPointExtension>
            <ns3:atemp>33.0</ns3:atemp>
            <ns3:hr>168</ns3:hr>
            <ns3:cad>86</ns3:cad>
          </ns3:TrackPointExtension>
        </extensions>
      </trkpt>
      <trkpt lat="22.54477453418076038360595703125" lon="114.01722413487732410430908203125">
        <ele>4.19999980926513671875</ele>
        <time>2026-08-12T22:50:48.000Z</time>
        <extensions>
          <ns3:TrackPointExtension>
            <ns3:atemp>34.0</ns3:atemp>
            <ns3:hr>167</ns3:hr>
            <ns3:cad>86</ns3:cad>
          </ns3:TrackPointExtension>
        </extensions>
      </trkpt>
      <trkpt lat="22.54479800350964069366455078125" lon="114.0172168426215648651123046875">
        <ele>4.400000095367431640625</ele>
        <time>2026-08-12T22:50:49.000Z</time>
        <extensions>
          <ns3:TrackPointExtension>
            <ns3:atemp>34.0</ns3:atemp>
            <ns3:hr>167</ns3:hr>
            <ns3:cad>86</ns3:cad>
          </ns3:TrackPointExtension>
        </extensions>
      </trkpt>
      <trkpt lat="22.5448188744485378265380859375" lon="114.0172057785093784332275390625">
        <ele>4.400000095367431640625</ele>
        <time>2026-08-12T22:50:50.000Z</time>
        <extensions>
          <ns3:TrackPointExtension>
            <ns3:atemp>33.0</ns3:atemp>
            <ns3:hr>166</ns3:hr>
            <ns3:cad>87</ns3:cad>
          </ns3:TrackPointExtension>
        </extensions>
      </trkpt>
      <trkpt lat="22.54484158940613269805908203125" lon="114.01720284484326839447021484375">
        <ele>4.400000095367431640625</ele>
        <time>2026-08-12T22:50:51.000Z</time>
        <extensions>
          <ns3:TrackPointExtension>
            <ns3:atemp>33.0</ns3:atemp>
            <ns3:hr>166</ns3:hr>
            <ns3:cad>87</ns3:cad>
          </ns3:TrackPointExtension>
        </extensions>
      </trkpt>
      <trkpt lat="22.544859945774078369140625" lon="114.0172004140913486480712890625">
        <ele>4.599999904632568359375</ele>
        <time>2026-08-12T22:50:52.000Z</time>
        <extensions>
          <ns3:TrackPointExtension>
            <ns3:atemp>34.0</ns3:atemp>
            <ns3:hr>166</ns3:hr>
            <ns3:cad>87</ns3:cad>
          </ns3:TrackPointExtension>
        </extensions>
      </trkpt>
      <trkpt lat="22.54488383419811725616455078125" lon="114.017197899520397186279296875">
        <ele>4.599999904632568359375</ele>
        <time>2026-08-12T22:50:53.000Z</time>
        <extensions>
          <ns3:TrackPointExtension>
            <ns3:atemp>34.0</ns3:atemp>
            <ns3:hr>166</ns3:hr>
            <ns3:cad>86</ns3:cad>
          </ns3:TrackPointExtension>
        </extensions>
      </trkpt>
      <trkpt lat="22.54490411840379238128662109375" lon="114.01719211600720882415771484375">
        <ele>4.599999904632568359375</ele>
        <time>2026-08-12T22:50:54.000Z</time>
        <extensions>
          <ns3:TrackPointExtension>
            <ns3:atemp>34.0</ns3:atemp>
            <ns3:hr>166</ns3:hr>
            <ns3:cad>86</ns3:cad>
          </ns3:TrackPointExtension>
        </extensions>
      </trkpt>
      <trkpt lat="22.54492926411330699920654296875" lon="114.01718490757048130035400390625">
        <ele>4.599999904632568359375</ele>
        <time>2026-08-12T22:50:55.000Z</time>
        <extensions>
          <ns3:TrackPointExtension>
            <ns3:atemp>34.0</ns3:atemp>
            <ns3:hr>165</ns3:hr>
            <ns3:cad>87</ns3:cad>
          </ns3:TrackPointExtension>
        </extensions>
      </trkpt>
      <trkpt lat="22.544952817261219024658203125" lon="114.01717820204794406890869140625">
        <ele>4.599999904632568359375</ele>
        <time>2026-08-12T22:50:56.000Z</time>
        <extensions>
          <ns3:TrackPointExtension>
            <ns3:atemp>34.0</ns3:atemp>
            <ns3:hr>165</ns3:hr>
            <ns3:cad>87</ns3:cad>
          </ns3:TrackPointExtension>
        </extensions>
      </trkpt>
      <trkpt lat="22.544975616037845611572265625" lon="114.01716764084994792938232421875">
        <ele>4.599999904632568359375</ele>
        <time>2026-08-12T22:50:57.000Z</time>
        <extensions>
          <ns3:TrackPointExtension>
            <ns3:atemp>34.0</ns3:atemp>
            <ns3:hr>165</ns3:hr>
            <ns3:cad>87</ns3:cad>
          </ns3:TrackPointExtension>
        </extensions>
      </trkpt>
      <trkpt lat="22.54500118084251880645751953125" lon="114.01715925894677639007568359375">
        <ele>4.599999904632568359375</ele>
        <time>2026-08-12T22:50:58.000Z</time>
        <extensions>
          <ns3:TrackPointExtension>
            <ns3:atemp>34.0</ns3:atemp>
            <ns3:hr>165</ns3:hr>
            <ns3:cad>87</ns3:cad>
          </ns3:TrackPointExtension>
        </extensions>
      </trkpt>
      <trkpt lat="22.54502146504819393157958984375" lon="114.0171491168439388275146484375">
        <ele>4.599999904632568359375</ele>
        <time>2026-08-12T22:50:59.000Z</time>
        <extensions>
          <ns3:TrackPointExtension>
            <ns3:atemp>34.0</ns3:atemp>
            <ns3:hr>165</ns3:hr>
            <ns3:cad>87</ns3:cad>
          </ns3:TrackPointExtension>
        </extensions>
      </trkpt>
      <trkpt lat="22.5450465269386768341064453125" lon="114.0171419084072113037109375">
        <ele>4.599999904632568359375</ele>
        <time>2026-08-12T22:51:00.000Z</time>
        <extensions>
          <ns3:TrackPointExtension>
            <ns3:atemp>34.0</ns3:atemp>
            <ns3:hr>165</ns3:hr>
            <ns3:cad>87</ns3:cad>
          </ns3:TrackPointExtension>
        </extensions>
      </trkpt>
      <trkpt lat="22.54506354220211505889892578125" lon="114.01713444851338863372802734375">
        <ele>4.599999904632568359375</ele>
        <time>2026-08-12T22:51:01.000Z</time>
        <extensions>
          <ns3:TrackPointExtension>
            <ns3:atemp>33.0</ns3:atemp>
            <ns3:hr>165</ns3:hr>
            <ns3:cad>86</ns3:cad>
          </ns3:TrackPointExtension>
        </extensions>
      </trkpt>
      <trkpt lat="22.545089609920978546142578125" lon="114.01712422259151935577392578125">
        <ele>4.400000095367431640625</ele>
        <time>2026-08-12T22:51:02.000Z</time>
        <extensions>
          <ns3:TrackPointExtension>
            <ns3:atemp>34.0</ns3:atemp>
            <ns3:hr>165</ns3:hr>
            <ns3:cad>86</ns3:cad>
          </ns3:TrackPointExtension>
        </extensions>
      </trkpt>
      <trkpt lat="22.545112408697605133056640625" lon="114.01711533777415752410888671875">
        <ele>4.400000095367431640625</ele>
        <time>2026-08-12T22:51:03.000Z</time>
        <extensions>
          <ns3:TrackPointExtension>
            <ns3:atemp>34.0</ns3:atemp>
            <ns3:hr>165</ns3:hr>
            <ns3:cad>86</ns3:cad>
          </ns3:TrackPointExtension>
        </extensions>
      </trkpt>
      <trkpt lat="22.5451357103884220123291015625" lon="114.01710527949035167694091796875">
        <ele>4.400000095367431640625</ele>
        <time>2026-08-12T22:51:04.000Z</time>
        <extensions>
          <ns3:TrackPointExtension>
            <ns3:atemp>33.0</ns3:atemp>
            <ns3:hr>165</ns3:hr>
            <ns3:cad>86</ns3:cad>
          </ns3:TrackPointExtension>
        </extensions>
      </trkpt>
      <trkpt lat="22.54516328684985637664794921875" lon="114.01709488593041896820068359375">
        <ele>4.400000095367431640625</ele>
        <time>2026-08-12T22:51:05.000Z</time>
        <extensions>
          <ns3:TrackPointExtension>
            <ns3:atemp>34.0</ns3:atemp>
            <ns3:hr>165</ns3:hr>
            <ns3:cad>86</ns3:cad>
          </ns3:TrackPointExtension>
        </extensions>
      </trkpt>
      <trkpt lat="22.54518005065619945526123046875" lon="114.01708231307566165924072265625">
        <ele>4.400000095367431640625</ele>
        <time>2026-08-12T22:51:06.000Z</time>
        <extensions>
          <ns3:TrackPointExtension>
            <ns3:atemp>34.0</ns3:atemp>
            <ns3:hr>165</ns3:hr>
            <ns3:cad>86</ns3:cad>
          </ns3:TrackPointExtension>
        </extensions>
      </trkpt>
      <trkpt lat="22.5452091358602046966552734375" lon="114.017073847353458404541015625">
        <ele>4.400000095367431640625</ele>
        <time>2026-08-12T22:51:07.000Z</time>
        <extensions>
          <ns3:TrackPointExtension>
            <ns3:atemp>34.0</ns3:atemp>
            <ns3:hr>165</ns3:hr>
            <ns3:cad>86</ns3:cad>
          </ns3:TrackPointExtension>
        </extensions>
      </trkpt>
      <trkpt lat="22.545225061476230621337890625" lon="114.0170679800212383270263671875">
        <ele>4.599999904632568359375</ele>
        <time>2026-08-12T22:51:08.000Z</time>
        <extensions>
          <ns3:TrackPointExtension>
            <ns3:atemp>34.0</ns3:atemp>
            <ns3:hr>165</ns3:hr>
            <ns3:cad>86</ns3:cad>
          </ns3:TrackPointExtension>
        </extensions>
      </trkpt>
      <trkpt lat="22.5452500395476818084716796875" lon="114.0170632861554622650146484375">
        <ele>4.599999904632568359375</ele>
        <time>2026-08-12T22:51:09.000Z</time>
        <extensions>
          <ns3:TrackPointExtension>
            <ns3:atemp>34.0</ns3:atemp>
            <ns3:hr>166</ns3:hr>
            <ns3:cad>85</ns3:cad>
          </ns3:TrackPointExtension>
        </extensions>
      </trkpt>
      <trkpt lat="22.545270659029483795166015625" lon="114.01705850847065448760986328125">
        <ele>4.80000019073486328125</ele>
        <time>2026-08-12T22:51:10.000Z</time>
        <extensions>
          <ns3:TrackPointExtension>
            <ns3:atemp>34.0</ns3:atemp>
            <ns3:hr>166</ns3:hr>
            <ns3:cad>85</ns3:cad>
          </ns3:TrackPointExtension>
        </extensions>
      </trkpt>
      <trkpt lat="22.54529220052063465118408203125" lon="114.01705272495746612548828125">
        <ele>4.80000019073486328125</ele>
        <time>2026-08-12T22:51:11.000Z</time>
        <extensions>
          <ns3:TrackPointExtension>
            <ns3:atemp>34.0</ns3:atemp>
            <ns3:hr>167</ns3:hr>
            <ns3:cad>85</ns3:cad>
          </ns3:TrackPointExtension>
        </extensions>
      </trkpt>
      <trkpt lat="22.5453145802021026611328125" lon="114.01704878546297550201416015625">
        <ele>4.80000019073486328125</ele>
        <time>2026-08-12T22:51:12.000Z</time>
        <extensions>
          <ns3:TrackPointExtension>
            <ns3:atemp>33.0</ns3:atemp>
            <ns3:hr>167</ns3:hr>
            <ns3:cad>86</ns3:cad>
          </ns3:TrackPointExtension>
        </extensions>
      </trkpt>
      <trkpt lat="22.54533712752163410186767578125" lon="114.01704207994043827056884765625">
        <ele>5</ele>
        <time>2026-08-12T22:51:13.000Z</time>
        <extensions>
          <ns3:TrackPointExtension>
            <ns3:atemp>34.0</ns3:atemp>
            <ns3:hr>167</ns3:hr>
            <ns3:cad>86</ns3:cad>
          </ns3:TrackPointExtension>
        </extensions>
      </trkpt>
      <trkpt lat="22.54536210559308528900146484375" lon="114.01703570969402790069580078125">
        <ele>5</ele>
        <time>2026-08-12T22:51:14.000Z</time>
        <extensions>
          <ns3:TrackPointExtension>
            <ns3:atemp>33.0</ns3:atemp>
            <ns3:hr>167</ns3:hr>
            <ns3:cad>87</ns3:cad>
          </ns3:TrackPointExtension>
        </extensions>
      </trkpt>
      <trkpt lat="22.5453821383416652679443359375" lon="114.0170260705053806304931640625">
        <ele>5</ele>
        <time>2026-08-12T22:51:15.000Z</time>
        <extensions>
          <ns3:TrackPointExtension>
            <ns3:atemp>33.0</ns3:atemp>
            <ns3:hr>166</ns3:hr>
            <ns3:cad>87</ns3:cad>
          </ns3:TrackPointExtension>
        </extensions>
      </trkpt>
      <trkpt lat="22.545405440032482147216796875" lon="114.01701341383159160614013671875">
        <ele>5</ele>
        <time>2026-08-12T22:51:16.000Z</time>
        <extensions>
          <ns3:TrackPointExtension>
            <ns3:atemp>33.0</ns3:atemp>
            <ns3:hr>166</ns3:hr>
            <ns3:cad>87</ns3:cad>
          </ns3:TrackPointExtension>
        </extensions>
      </trkpt>
      <trkpt lat="22.54542413167655467987060546875" lon="114.017002768814563751220703125">
        <ele>5</ele>
        <time>2026-08-12T22:51:17.000Z</time>
        <extensions>
          <ns3:TrackPointExtension>
            <ns3:atemp>34.0</ns3:atemp>
            <ns3:hr>166</ns3:hr>
            <ns3:cad>87</ns3:cad>
          </ns3:TrackPointExtension>
        </extensions>
      </trkpt>
      <trkpt lat="22.54544659517705440521240234375" lon="114.0169928781688213348388671875">
        <ele>5</ele>
        <time>2026-08-12T22:51:18.000Z</time>
        <extensions>
          <ns3:TrackPointExtension>
            <ns3:atemp>34.0</ns3:atemp>
            <ns3:hr>166</ns3:hr>
            <ns3:cad>87</ns3:cad>
          </ns3:TrackPointExtension>
        </extensions>
      </trkpt>
      <trkpt lat="22.54546620883047580718994140625" lon="114.016982652246952056884765625">
        <ele>5</ele>
        <time>2026-08-12T22:51:19.000Z</time>
        <extensions>
          <ns3:TrackPointExtension>
            <ns3:atemp>33.0</ns3:atemp>
            <ns3:hr>166</ns3:hr>
            <ns3:cad>87</ns3:cad>
          </ns3:TrackPointExtension>
        </extensions>
      </trkpt>
      <trkpt lat="22.545492947101593017578125" lon="114.01697552762925624847412109375">
        <ele>4.80000019073486328125</ele>
        <time>2026-08-12T22:51:20.000Z</time>
        <extensions>
          <ns3:TrackPointExtension>
            <ns3:atemp>33.0</ns3:atemp>
            <ns3:hr>166</ns3:hr>
            <ns3:cad>87</ns3:cad>
          </ns3:TrackPointExtension>
        </extensions>
      </trkpt>
      <trkpt lat="22.545514740049839019775390625" lon="114.01696748100221157073974609375">
        <ele>4.80000019073486328125</ele>
        <time>2026-08-12T22:51:21.000Z</time>
        <extensions>
          <ns3:TrackPointExtension>
            <ns3:atemp>34.0</ns3:atemp>
            <ns3:hr>166</ns3:hr>
            <ns3:cad>88</ns3:cad>
          </ns3:TrackPointExtension>
        </extensions>
      </trkpt>
      <trkpt lat="22.54553854465484619140625" lon="114.01696018874645233154296875">
        <ele>4.80000019073486328125</ele>
        <time>2026-08-12T22:51:22.000Z</time>
        <extensions>
          <ns3:TrackPointExtension>
            <ns3:atemp>33.0</ns3:atemp>
            <ns3:hr>165</ns3:hr>
            <ns3:cad>87</ns3:cad>
          </ns3:TrackPointExtension>
        </extensions>
      </trkpt>
      <trkpt lat="22.54556343890726566314697265625" lon="114.01695356704294681549072265625">
        <ele>4.80000019073486328125</ele>
        <time>2026-08-12T22:51:23.000Z</time>
        <extensions>
          <ns3:TrackPointExtension>
            <ns3:atemp>34.0</ns3:atemp>
            <ns3:hr>165</ns3:hr>
            <ns3:cad>87</ns3:cad>
          </ns3:TrackPointExtension>
        </extensions>
      </trkpt>
      <trkpt lat="22.54558422602713108062744140625" lon="114.01694652624428272247314453125">
        <ele>4.80000019073486328125</ele>
        <time>2026-08-12T22:51:24.000Z</time>
        <extensions>
          <ns3:TrackPointExtension>
            <ns3:atemp>34.0</ns3:atemp>
            <ns3:hr>165</ns3:hr>
            <ns3:cad>87</ns3:cad>
          </ns3:TrackPointExtension>
        </extensions>
      </trkpt>
      <trkpt lat="22.54561121575534343719482421875" lon="114.01693697087466716766357421875">
        <ele>4.80000019073486328125</ele>
        <time>2026-08-12T22:51:25.000Z</time>
        <extensions>
          <ns3:TrackPointExtension>
            <ns3:atemp>33.0</ns3:atemp>
            <ns3:hr>165</ns3:hr>
            <ns3:cad>87</ns3:cad>
          </ns3:TrackPointExtension>
        </extensions>
      </trkpt>
      <trkpt lat="22.54562898539006710052490234375" lon="114.01692372746765613555908203125">
        <ele>4.80000019073486328125</ele>
        <time>2026-08-12T22:51:26.000Z</time>
        <extensions>
          <ns3:TrackPointExtension>
            <ns3:atemp>33.0</ns3:atemp>
            <ns3:hr>165</ns3:hr>
            <ns3:cad>87</ns3:cad>
          </ns3:TrackPointExtension>
        </extensions>
      </trkpt>
      <trkpt lat="22.54565362818539142608642578125" lon="114.01691551320254802703857421875">
        <ele>4.80000019073486328125</ele>
        <time>2026-08-12T22:51:27.000Z</time>
        <extensions>
          <ns3:TrackPointExtension>
            <ns3:atemp>34.0</ns3:atemp>
            <ns3:hr>166</ns3:hr>
            <ns3:cad>87</ns3:cad>
          </ns3:TrackPointExtension>
        </extensions>
      </trkpt>
      <trkpt lat="22.54566930234432220458984375" lon="114.01690327562391757965087890625">
        <ele>4.80000019073486328125</ele>
        <time>2026-08-12T22:51:28.000Z</time>
        <extensions>
          <ns3:TrackPointExtension>
            <ns3:atemp>33.0</ns3:atemp>
            <ns3:hr>165</ns3:hr>
            <ns3:cad>87</ns3:cad>
          </ns3:TrackPointExtension>
        </extensions>
      </trkpt>
      <trkpt lat="22.54569704644381999969482421875" lon="114.01689120568335056304931640625">
        <ele>4.80000019073486328125</ele>
        <time>2026-08-12T22:51:29.000Z</time>
        <extensions>
          <ns3:TrackPointExtension>
            <ns3:atemp>34.0</ns3:atemp>
            <ns3:hr>165</ns3:hr>
            <ns3:cad>87</ns3:cad>
          </ns3:TrackPointExtension>
        </extensions>
      </trkpt>
      <trkpt lat="22.5457150675356388092041015625" lon="114.01687963865697383880615234375">
        <ele>4.80000019073486328125</ele>
        <time>2026-08-12T22:51:30.000Z</time>
        <extensions>
          <ns3:TrackPointExtension>
            <ns3:atemp>33.0</ns3:atemp>
            <ns3:hr>165</ns3:hr>
            <ns3:cad>87</ns3:cad>
          </ns3:TrackPointExtension>
        </extensions>
      </trkpt>
      <trkpt lat="22.5457358546555042266845703125" lon="114.01686890982091426849365234375">
        <ele>5</ele>
        <time>2026-08-12T22:51:31.000Z</time>
        <extensions>
          <ns3:TrackPointExtension>
            <ns3:atemp>34.0</ns3:atemp>
            <ns3:hr>165</ns3:hr>
            <ns3:cad>87</ns3:cad>
          </ns3:TrackPointExtension>
        </extensions>
      </trkpt>
      <trkpt lat="22.5457584857940673828125" lon="114.0168602764606475830078125">
        <ele>5</ele>
        <time>2026-08-12T22:51:32.000Z</time>
        <extensions>
          <ns3:TrackPointExtension>
            <ns3:atemp>33.0</ns3:atemp>
            <ns3:hr>165</ns3:hr>
            <ns3:cad>87</ns3:cad>
          </ns3:TrackPointExtension>
        </extensions>
      </trkpt>
      <trkpt lat="22.54577600397169589996337890625" lon="114.016848541796207427978515625">
        <ele>5.19999980926513671875</ele>
        <time>2026-08-12T22:51:33.000Z</time>
        <extensions>
          <ns3:TrackPointExtension>
            <ns3:atemp>34.0</ns3:atemp>
            <ns3:hr>166</ns3:hr>
            <ns3:cad>87</ns3:cad>
          </ns3:TrackPointExtension>
        </extensions>
      </trkpt>
      <trkpt lat="22.54580081440508365631103515625" lon="114.016838483512401580810546875">
        <ele>5.400000095367431640625</ele>
        <time>2026-08-12T22:51:34.000Z</time>
        <extensions>
          <ns3:TrackPointExtension>
            <ns3:atemp>33.0</ns3:atemp>
            <ns3:hr>166</ns3:hr>
            <ns3:cad>86</ns3:cad>
          </ns3:TrackPointExtension>
        </extensions>
      </trkpt>
      <trkpt lat="22.54581573419272899627685546875" lon="114.01683052070438861846923828125">
        <ele>5.400000095367431640625</ele>
        <time>2026-08-12T22:51:35.000Z</time>
        <extensions>
          <ns3:TrackPointExtension>
            <ns3:atemp>34.0</ns3:atemp>
            <ns3:hr>166</ns3:hr>
            <ns3:cad>86</ns3:cad>
          </ns3:TrackPointExtension>
        </extensions>
      </trkpt>
      <trkpt lat="22.545839957892894744873046875" lon="114.01682415045797824859619140625">
        <ele>5.599999904632568359375</ele>
        <time>2026-08-12T22:51:36.000Z</time>
        <extensions>
          <ns3:TrackPointExtension>
            <ns3:atemp>33.0</ns3:atemp>
            <ns3:hr>165</ns3:hr>
            <ns3:cad>86</ns3:cad>
          </ns3:TrackPointExtension>
        </extensions>
      </trkpt>
      <trkpt lat="22.5458590686321258544921875" lon="114.016814343631267547607421875">
        <ele>5.599999904632568359375</ele>
        <time>2026-08-12T22:51:37.000Z</time>
        <extensions>
          <ns3:TrackPointExtension>
            <ns3:atemp>34.0</ns3:atemp>
            <ns3:hr>166</ns3:hr>
            <ns3:cad>86</ns3:cad>
          </ns3:TrackPointExtension>
        </extensions>
      </trkpt>
      <trkpt lat="22.54588496871292591094970703125" lon="114.01680520735681056976318359375">
        <ele>5.599999904632568359375</ele>
        <time>2026-08-12T22:51:38.000Z</time>
        <extensions>
          <ns3:TrackPointExtension>
            <ns3:atemp>33.0</ns3:atemp>
            <ns3:hr>166</ns3:hr>
            <ns3:cad>86</ns3:cad>
          </ns3:TrackPointExtension>
        </extensions>
      </trkpt>
      <trkpt lat="22.54590827040374279022216796875" lon="114.0167964063584804534912109375">
        <ele>5.599999904632568359375</ele>
        <time>2026-08-12T22:51:39.000Z</time>
        <extensions>
          <ns3:TrackPointExtension>
            <ns3:atemp>33.0</ns3:atemp>
            <ns3:hr>166</ns3:hr>
            <ns3:cad>86</ns3:cad>
          </ns3:TrackPointExtension>
        </extensions>
      </trkpt>
      <trkpt lat="22.5459288060665130615234375" lon="114.0167860127985477447509765625">
        <ele>5.599999904632568359375</ele>
        <time>2026-08-12T22:51:40.000Z</time>
        <extensions>
          <ns3:TrackPointExtension>
            <ns3:atemp>33.0</ns3:atemp>
            <ns3:hr>166</ns3:hr>
            <ns3:cad>87</ns3:cad>
          </ns3:TrackPointExtension>
        </extensions>
      </trkpt>
      <trkpt lat="22.54595135338604450225830078125" lon="114.01677503250539302825927734375">
        <ele>5.599999904632568359375</ele>
        <time>2026-08-12T22:51:41.000Z</time>
        <extensions>
          <ns3:TrackPointExtension>
            <ns3:atemp>34.0</ns3:atemp>
            <ns3:hr>167</ns3:hr>
            <ns3:cad>87</ns3:cad>
          </ns3:TrackPointExtension>
        </extensions>
      </trkpt>
      <trkpt lat="22.545970715582370758056640625" lon="114.0167642198503017425537109375">
        <ele>5.599999904632568359375</ele>
        <time>2026-08-12T22:51:42.000Z</time>
        <extensions>
          <ns3:TrackPointExtension>
            <ns3:atemp>34.0</ns3:atemp>
            <ns3:hr>167</ns3:hr>
            <ns3:cad>86</ns3:cad>
          </ns3:TrackPointExtension>
        </extensions>
      </trkpt>
      <trkpt lat="22.54599460400640964508056640625" lon="114.01675022207200527191162109375">
        <ele>5.599999904632568359375</ele>
        <time>2026-08-12T22:51:43.000Z</time>
        <extensions>
          <ns3:TrackPointExtension>
            <ns3:atemp>33.0</ns3:atemp>
            <ns3:hr>168</ns3:hr>
            <ns3:cad>86</ns3:cad>
          </ns3:TrackPointExtension>
        </extensions>
      </trkpt>
      <trkpt lat="22.5460121221840381622314453125" lon="114.016738235950469970703125">
        <ele>5.80000019073486328125</ele>
        <time>2026-08-12T22:51:44.000Z</time>
        <extensions>
          <ns3:TrackPointExtension>
            <ns3:atemp>33.0</ns3:atemp>
            <ns3:hr>168</ns3:hr>
            <ns3:cad>86</ns3:cad>
          </ns3:TrackPointExtension>
        </extensions>
      </trkpt>
      <trkpt lat="22.54603584297001361846923828125" lon="114.01672490872442722320556640625">
        <ele>5.599999904632568359375</ele>
        <time>2026-08-12T22:51:45.000Z</time>
        <extensions>
          <ns3:TrackPointExtension>
            <ns3:atemp>34.0</ns3:atemp>
            <ns3:hr>168</ns3:hr>
            <ns3:cad>86</ns3:cad>
          </ns3:TrackPointExtension>
        </extensions>
      </trkpt>
      <trkpt lat="22.54605260677635669708251953125" lon="114.0167162753641605377197265625">
        <ele>5.80000019073486328125</ele>
        <time>2026-08-12T22:51:46.000Z</time>
        <extensions>
          <ns3:TrackPointExtension>
            <ns3:atemp>34.0</ns3:atemp>
            <ns3:hr>169</ns3:hr>
            <ns3:cad>86</ns3:cad>
          </ns3:TrackPointExtension>
        </extensions>
      </trkpt>
      <trkpt lat="22.546076662838459014892578125" lon="114.01670596562325954437255859375">
        <ele>5.80000019073486328125</ele>
        <time>2026-08-12T22:51:47.000Z</time>
        <extensions>
          <ns3:TrackPointExtension>
            <ns3:atemp>34.0</ns3:atemp>
            <ns3:hr>169</ns3:hr>
            <ns3:cad>87</ns3:cad>
          </ns3:TrackPointExtension>
        </extensions>
      </trkpt>
      <trkpt lat="22.5460972823202610015869140625" lon="114.01669708080589771270751953125">
        <ele>5.80000019073486328125</ele>
        <time>2026-08-12T22:51:48.000Z</time>
        <extensions>
          <ns3:TrackPointExtension>
            <ns3:atemp>34.0</ns3:atemp>
            <ns3:hr>168</ns3:hr>
            <ns3:cad>87</ns3:cad>
          </ns3:TrackPointExtension>
        </extensions>
      </trkpt>
      <trkpt lat="22.5461160577833652496337890625" lon="114.01668568141758441925048828125">
        <ele>5.80000019073486328125</ele>
        <time>2026-08-12T22:51:49.000Z</time>
        <extensions>
          <ns3:TrackPointExtension>
            <ns3:atemp>33.0</ns3:atemp>
            <ns3:hr>168</ns3:hr>
            <ns3:cad>86</ns3:cad>
          </ns3:TrackPointExtension>
        </extensions>
      </trkpt>
      <trkpt lat="22.546138353645801544189453125" lon="114.01667662896215915679931640625">
        <ele>6</ele>
        <time>2026-08-12T22:51:50.000Z</time>
        <extensions>
          <ns3:TrackPointExtension>
            <ns3:atemp>33.0</ns3:atemp>
            <ns3:hr>167</ns3:hr>
            <ns3:cad>86</ns3:cad>
          </ns3:TrackPointExtension>
        </extensions>
      </trkpt>
      <trkpt lat="22.5461599789559841156005859375" lon="114.016667492687702178955078125">
        <ele>6</ele>
        <time>2026-08-12T22:51:51.000Z</time>
        <extensions>
          <ns3:TrackPointExtension>
            <ns3:atemp>33.0</ns3:atemp>
            <ns3:hr>167</ns3:hr>
            <ns3:cad>86</ns3:cad>
          </ns3:TrackPointExtension>
        </extensions>
      </trkpt>
      <trkpt lat="22.54618420265614986419677734375" lon="114.01665651239454746246337890625">
        <ele>6</ele>
        <time>2026-08-12T22:51:52.000Z</time>
        <extensions>
          <ns3:TrackPointExtension>
            <ns3:atemp>33.0</ns3:atemp>
            <ns3:hr>168</ns3:hr>
            <ns3:cad>87</ns3:cad>
          </ns3:TrackPointExtension>
        </extensions>
      </trkpt>
      <trkpt lat="22.54620046354830265045166015625" lon="114.01664343662559986114501953125">
        <ele>6</ele>
        <time>2026-08-12T22:51:53.000Z</time>
        <extensions>
          <ns3:TrackPointExtension>
            <ns3:atemp>34.0</ns3:atemp>
            <ns3:hr>168</ns3:hr>
            <ns3:cad>87</ns3:cad>
          </ns3:TrackPointExtension>
        </extensions>
      </trkpt>
      <trkpt lat="22.54622627981007099151611328125" lon="114.016630612313747406005859375">
        <ele>6</ele>
        <time>2026-08-12T22:51:54.000Z</time>
        <extensions>
          <ns3:TrackPointExtension>
            <ns3:atemp>34.0</ns3:atemp>
            <ns3:hr>168</ns3:hr>
            <ns3:cad>87</ns3:cad>
          </ns3:TrackPointExtension>
        </extensions>
      </trkpt>
      <trkpt lat="22.54624597728252410888671875" lon="114.0166177041828632354736328125">
        <ele>6</ele>
        <time>2026-08-12T22:51:55.000Z</time>
        <extensions>
          <ns3:TrackPointExtension>
            <ns3:atemp>33.0</ns3:atemp>
            <ns3:hr>168</ns3:hr>
            <ns3:cad>87</ns3:cad>
          </ns3:TrackPointExtension>
        </extensions>
      </trkpt>
      <trkpt lat="22.54626818932592868804931640625" lon="114.0166026167571544647216796875">
        <ele>6.19999980926513671875</ele>
        <time>2026-08-12T22:51:56.000Z</time>
        <extensions>
          <ns3:TrackPointExtension>
            <ns3:atemp>33.0</ns3:atemp>
            <ns3:hr>168</ns3:hr>
            <ns3:cad>86</ns3:cad>
          </ns3:TrackPointExtension>
        </extensions>
      </trkpt>
      <trkpt lat="22.546288557350635528564453125" lon="114.01658979244530200958251953125">
        <ele>6.19999980926513671875</ele>
        <time>2026-08-12T22:51:57.000Z</time>
        <extensions>
          <ns3:TrackPointExtension>
            <ns3:atemp>33.0</ns3:atemp>
            <ns3:hr>168</ns3:hr>
            <ns3:cad>86</ns3:cad>
          </ns3:TrackPointExtension>
        </extensions>
      </trkpt>
      <trkpt lat="22.54630657844245433807373046875" lon="114.01657537557184696197509765625">
        <ele>6.19999980926513671875</ele>
        <time>2026-08-12T22:51:58.000Z</time>
        <extensions>
          <ns3:TrackPointExtension>
            <ns3:atemp>34.0</ns3:atemp>
            <ns3:hr>166</ns3:hr>
            <ns3:cad>86</ns3:cad>
          </ns3:TrackPointExtension>
        </extensions>
      </trkpt>
      <trkpt lat="22.54633004777133464813232421875" lon="114.0165573544800281524658203125">
        <ele>6.19999980926513671875</ele>
        <time>2026-08-12T22:51:59.000Z</time>
        <extensions>
          <ns3:TrackPointExtension>
            <ns3:atemp>33.0</ns3:atemp>
            <ns3:hr>165</ns3:hr>
            <ns3:cad>86</ns3:cad>
          </ns3:TrackPointExtension>
        </extensions>
      </trkpt>
      <trkpt lat="22.54634387791156768798828125" lon="114.01654335670173168182373046875">
        <ele>6.19999980926513671875</ele>
        <time>2026-08-12T22:52:00.000Z</time>
        <extensions>
          <ns3:TrackPointExtension>
            <ns3:atemp>34.0</ns3:atemp>
            <ns3:hr>165</ns3:hr>
            <ns3:cad>86</ns3:cad>
          </ns3:TrackPointExtension>
        </extensions>
      </trkpt>
      <trkpt lat="22.5463651679456233978271484375" lon="114.01653078384697437286376953125">
        <ele>6.19999980926513671875</ele>
        <time>2026-08-12T22:52:01.000Z</time>
        <extensions>
          <ns3:TrackPointExtension>
            <ns3:atemp>33.0</ns3:atemp>
            <ns3:hr>165</ns3:hr>
            <ns3:cad>87</ns3:cad>
          </ns3:TrackPointExtension>
        </extensions>
      </trkpt>
      <trkpt lat="22.54638352431356906890869140625" lon="114.0165177918970584869384765625">
        <ele>6.400000095367431640625</ele>
        <time>2026-08-12T22:52:02.000Z</time>
        <extensions>
          <ns3:TrackPointExtension>
            <ns3:atemp>33.0</ns3:atemp>
            <ns3:hr>166</ns3:hr>
            <ns3:cad>87</ns3:cad>
          </ns3:TrackPointExtension>
        </extensions>
      </trkpt>
      <trkpt lat="22.54640556871891021728515625" lon="114.01650815270841121673583984375">
        <ele>6.400000095367431640625</ele>
        <time>2026-08-12T22:52:03.000Z</time>
        <extensions>
          <ns3:TrackPointExtension>
            <ns3:atemp>34.0</ns3:atemp>
            <ns3:hr>166</ns3:hr>
            <ns3:cad>87</ns3:cad>
          </ns3:TrackPointExtension>
        </extensions>
      </trkpt>
      <trkpt lat="22.54642576910555362701416015625" lon="114.0164996869862079620361328125">
        <ele>6.599999904632568359375</ele>
        <time>2026-08-12T22:52:04.000Z</time>
        <extensions>
          <ns3:TrackPointExtension>
            <ns3:atemp>34.0</ns3:atemp>
            <ns3:hr>166</ns3:hr>
            <ns3:cad>87</ns3:cad>
          </ns3:TrackPointExtension>
        </extensions>
      </trkpt>
      <trkpt lat="22.546447813510894775390625" lon="114.016486108303070068359375">
        <ele>6.599999904632568359375</ele>
        <time>2026-08-12T22:52:05.000Z</time>
        <extensions>
          <ns3:TrackPointExtension>
            <ns3:atemp>33.0</ns3:atemp>
            <ns3:hr>165</ns3:hr>
            <ns3:cad>87</ns3:cad>
          </ns3:TrackPointExtension>
        </extensions>
      </trkpt>
      <trkpt lat="22.54646533168852329254150390625" lon="114.01647160761058330535888671875">
        <ele>6.599999904632568359375</ele>
        <time>2026-08-12T22:52:06.000Z</time>
        <extensions>
          <ns3:TrackPointExtension>
            <ns3:atemp>33.0</ns3:atemp>
            <ns3:hr>165</ns3:hr>
            <ns3:cad>87</ns3:cad>
          </ns3:TrackPointExtension>
        </extensions>
      </trkpt>
      <trkpt lat="22.54648628644645214080810546875" lon="114.0164587832987308502197265625">
        <ele>6.80000019073486328125</ele>
        <time>2026-08-12T22:52:07.000Z</time>
        <extensions>
          <ns3:TrackPointExtension>
            <ns3:atemp>33.0</ns3:atemp>
            <ns3:hr>165</ns3:hr>
            <ns3:cad>87</ns3:cad>
          </ns3:TrackPointExtension>
        </extensions>
      </trkpt>
      <trkpt lat="22.5465120188891887664794921875" lon="114.0164480544626712799072265625">
        <ele>6.80000019073486328125</ele>
        <time>2026-08-12T22:52:08.000Z</time>
        <extensions>
          <ns3:TrackPointExtension>
            <ns3:atemp>34.0</ns3:atemp>
            <ns3:hr>165</ns3:hr>
            <ns3:cad>86</ns3:cad>
          </ns3:TrackPointExtension>
        </extensions>
      </trkpt>
      <trkpt lat="22.546530626714229583740234375" lon="114.0164364874362945556640625">
        <ele>6.80000019073486328125</ele>
        <time>2026-08-12T22:52:09.000Z</time>
        <extensions>
          <ns3:TrackPointExtension>
            <ns3:atemp>33.0</ns3:atemp>
            <ns3:hr>165</ns3:hr>
            <ns3:cad>86</ns3:cad>
          </ns3:TrackPointExtension>
        </extensions>
      </trkpt>
      <trkpt lat="22.54655200056731700897216796875" lon="114.01642332784831523895263671875">
        <ele>6.80000019073486328125</ele>
        <time>2026-08-12T22:52:10.000Z</time>
        <extensions>
          <ns3:TrackPointExtension>
            <ns3:atemp>33.0</ns3:atemp>
            <ns3:hr>165</ns3:hr>
            <ns3:cad>86</ns3:cad>
          </ns3:TrackPointExtension>
        </extensions>
      </trkpt>
      <trkpt lat="22.5465659983456134796142578125" lon="114.01641293428838253021240234375">
        <ele>6.80000019073486328125</ele>
        <time>2026-08-12T22:52:11.000Z</time>
        <extensions>
          <ns3:TrackPointExtension>
            <ns3:atemp>33.0</ns3:atemp>
            <ns3:hr>165</ns3:hr>
            <ns3:cad>87</ns3:cad>
          </ns3:TrackPointExtension>
        </extensions>
      </trkpt>
      <trkpt lat="22.54658804275095462799072265625" lon="114.01639952324330806732177734375">
        <ele>6.80000019073486328125</ele>
        <time>2026-08-12T22:52:12.000Z</time>
        <extensions>
          <ns3:TrackPointExtension>
            <ns3:atemp>33.0</ns3:atemp>
            <ns3:hr>165</ns3:hr>
            <ns3:cad>88</ns3:cad>
          </ns3:TrackPointExtension>
        </extensions>
      </trkpt>
      <trkpt lat="22.5466035492718219757080078125" lon="114.01638929732143878936767578125">
        <ele>7</ele>
        <time>2026-08-12T22:52:13.000Z</time>
        <extensions>
          <ns3:TrackPointExtension>
            <ns3:atemp>34.0</ns3:atemp>
            <ns3:hr>165</ns3:hr>
            <ns3:cad>87</ns3:cad>
          </ns3:TrackPointExtension>
        </extensions>
      </trkpt>
      <trkpt lat="22.54662643186748027801513671875" lon="114.01637823320925235748291015625">
        <ele>7</ele>
        <time>2026-08-12T22:52:14.000Z</time>
        <extensions>
          <ns3:TrackPointExtension>
            <ns3:atemp>33.0</ns3:atemp>
            <ns3:hr>165</ns3:hr>
            <ns3:cad>87</ns3:cad>
          </ns3:TrackPointExtension>
        </extensions>
      </trkpt>
      <trkpt lat="22.54664319567382335662841796875" lon="114.01636498980224132537841796875">
        <ele>7</ele>
        <time>2026-08-12T22:52:15.000Z</time>
        <extensions>
          <ns3:TrackPointExtension>
            <ns3:atemp>34.0</ns3:atemp>
            <ns3:hr>165</ns3:hr>
            <ns3:cad>87</ns3:cad>
          </ns3:TrackPointExtension>
        </extensions>
      </trkpt>
      <trkpt lat="22.5466652400791645050048828125" lon="114.01635107584297657012939453125">
        <ele>7</ele>
        <time>2026-08-12T22:52:16.000Z</time>
        <extensions>
          <ns3:TrackPointExtension>
            <ns3:atemp>34.0</ns3:atemp>
            <ns3:hr>165</ns3:hr>
            <ns3:cad>87</ns3:cad>
          </ns3:TrackPointExtension>
        </extensions>
      </trkpt>
      <trkpt lat="22.5466878712177276611328125" lon="114.01633967645466327667236328125">
        <ele>7</ele>
        <time>2026-08-12T22:52:17.000Z</time>
        <extensions>
          <ns3:TrackPointExtension>
            <ns3:atemp>34.0</ns3:atemp>
            <ns3:hr>166</ns3:hr>
            <ns3:cad>87</ns3:cad>
          </ns3:TrackPointExtension>
        </extensions>
      </trkpt>
      <trkpt lat="22.54670572467148303985595703125" lon="114.0163250081241130828857421875">
        <ele>7</ele>
        <time>2026-08-12T22:52:18.000Z</time>
        <extensions>
          <ns3:TrackPointExtension>
            <ns3:atemp>33.0</ns3:atemp>
            <ns3:hr>165</ns3:hr>
            <ns3:cad>87</ns3:cad>
          </ns3:TrackPointExtension>
        </extensions>
      </trkpt>
      <trkpt lat="22.5467276014387607574462890625" lon="114.0163092501461505889892578125">
        <ele>7.19999980926513671875</ele>
        <time>2026-08-12T22:52:19.000Z</time>
        <extensions>
          <ns3:TrackPointExtension>
            <ns3:atemp>33.0</ns3:atemp>
            <ns3:hr>165</ns3:hr>
            <ns3:cad>87</ns3:cad>
          </ns3:TrackPointExtension>
        </extensions>
      </trkpt>
      <trkpt lat="22.5467447005212306976318359375" lon="114.0162985213100910186767578125">
        <ele>7.19999980926513671875</ele>
        <time>2026-08-12T22:52:20.000Z</time>
        <extensions>
          <ns3:TrackPointExtension>
            <ns3:atemp>33.0</ns3:atemp>
            <ns3:hr>166</ns3:hr>
            <ns3:cad>87</ns3:cad>
          </ns3:TrackPointExtension>
        </extensions>
      </trkpt>
      <trkpt lat="22.546769343316555023193359375" lon="114.016289301216602325439453125">
        <ele>7</ele>
        <time>2026-08-12T22:52:21.000Z</time>
        <extensions>
          <ns3:TrackPointExtension>
            <ns3:atemp>33.0</ns3:atemp>
            <ns3:hr>166</ns3:hr>
            <ns3:cad>87</ns3:cad>
          </ns3:TrackPointExtension>
        </extensions>
      </trkpt>
      <trkpt lat="22.54679289646446704864501953125" lon="114.01628024876117706298828125">
        <ele>7.19999980926513671875</ele>
        <time>2026-08-12T22:52:22.000Z</time>
        <extensions>
          <ns3:TrackPointExtension>
            <ns3:atemp>34.0</ns3:atemp>
            <ns3:hr>167</ns3:hr>
            <ns3:cad>87</ns3:cad>
          </ns3:TrackPointExtension>
        </extensions>
      </trkpt>
      <trkpt lat="22.54681703634560108184814453125" lon="114.01626843027770519256591796875">
        <ele>7.19999980926513671875</ele>
        <time>2026-08-12T22:52:23.000Z</time>
        <extensions>
          <ns3:TrackPointExtension>
            <ns3:atemp>33.0</ns3:atemp>
            <ns3:hr>167</ns3:hr>
            <ns3:cad>87</ns3:cad>
          </ns3:TrackPointExtension>
        </extensions>
      </trkpt>
      <trkpt lat="22.5468380749225616455078125" lon="114.01625703088939189910888671875">
        <ele>7.19999980926513671875</ele>
        <time>2026-08-12T22:52:24.000Z</time>
        <extensions>
          <ns3:TrackPointExtension>
            <ns3:atemp>33.0</ns3:atemp>
            <ns3:hr>167</ns3:hr>
            <ns3:cad>86</ns3:cad>
          </ns3:TrackPointExtension>
        </extensions>
      </trkpt>
      <trkpt lat="22.546859197318553924560546875" lon="114.0162445418536663055419921875">
        <ele>7</ele>
        <time>2026-08-12T22:52:25.000Z</time>
        <extensions>
          <ns3:TrackPointExtension>
            <ns3:atemp>34.0</ns3:atemp>
            <ns3:hr>167</ns3:hr>
            <ns3:cad>87</ns3:cad>
          </ns3:TrackPointExtension>
        </extensions>
      </trkpt>
      <trkpt lat="22.54687906242907047271728515625" lon="114.01623372919857501983642578125">
        <ele>7.19999980926513671875</ele>
        <time>2026-08-12T22:52:26.000Z</time>
        <extensions>
          <ns3:TrackPointExtension>
            <ns3:atemp>33.0</ns3:atemp>
            <ns3:hr>167</ns3:hr>
            <ns3:cad>87</ns3:cad>
          </ns3:TrackPointExtension>
        </extensions>
      </trkpt>
      <trkpt lat="22.5469006039202213287353515625" lon="114.01622031815350055694580078125">
        <ele>7.19999980926513671875</ele>
        <time>2026-08-12T22:52:27.000Z</time>
        <extensions>
          <ns3:TrackPointExtension>
            <ns3:atemp>33.0</ns3:atemp>
            <ns3:hr>167</ns3:hr>
            <ns3:cad>87</ns3:cad>
          </ns3:TrackPointExtension>
        </extensions>
      </trkpt>
      <trkpt lat="22.54691879265010356903076171875" lon="114.01620204560458660125732421875">
        <ele>7</ele>
        <time>2026-08-12T22:52:28.000Z</time>
        <extensions>
          <ns3:TrackPointExtension>
            <ns3:atemp>34.0</ns3:atemp>
            <ns3:hr>168</ns3:hr>
            <ns3:cad>87</ns3:cad>
          </ns3:TrackPointExtension>
        </extensions>
      </trkpt>
      <trkpt lat="22.546934969723224639892578125" lon="114.0161870419979095458984375">
        <ele>7</ele>
        <time>2026-08-12T22:52:29.000Z</time>
        <extensions>
          <ns3:TrackPointExtension>
            <ns3:atemp>34.0</ns3:atemp>
            <ns3:hr>168</ns3:hr>
            <ns3:cad>87</ns3:cad>
          </ns3:TrackPointExtension>
        </extensions>
      </trkpt>
      <trkpt lat="22.54695885814726352691650390625" lon="114.01616868562996387481689453125">
        <ele>7</ele>
        <time>2026-08-12T22:52:30.000Z</time>
        <extensions>
          <ns3:TrackPointExtension>
            <ns3:atemp>33.0</ns3:atemp>
            <ns3:hr>168</ns3:hr>
            <ns3:cad>87</ns3:cad>
          </ns3:TrackPointExtension>
        </extensions>
      </trkpt>
      <trkpt lat="22.54697545431554317474365234375" lon="114.016153179109096527099609375">
        <ele>7</ele>
        <time>2026-08-12T22:52:31.000Z</time>
        <extensions>
          <ns3:TrackPointExtension>
            <ns3:atemp>33.0</ns3:atemp>
            <ns3:hr>169</ns3:hr>
            <ns3:cad>88</ns3:cad>
          </ns3:TrackPointExtension>
        </extensions>
      </trkpt>
      <trkpt lat="22.54699842073023319244384765625" lon="114.01614169590175151824951171875">
        <ele>7</ele>
        <time>2026-08-12T22:52:32.000Z</time>
        <extensions>
          <ns3:TrackPointExtension>
            <ns3:atemp>33.0</ns3:atemp>
            <ns3:hr>169</ns3:hr>
            <ns3:cad>87</ns3:cad>
          </ns3:TrackPointExtension>
        </extensions>
      </trkpt>
      <trkpt lat="22.54701266996562480926513671875" lon="114.016127027571201324462890625">
        <ele>7</ele>
        <time>2026-08-12T22:52:33.000Z</time>
        <extensions>
          <ns3:TrackPointExtension>
            <ns3:atemp>33.0</ns3:atemp>
            <ns3:hr>169</ns3:hr>
            <ns3:cad>87</ns3:cad>
          </ns3:TrackPointExtension>
        </extensions>
      </trkpt>
      <trkpt lat="22.547038234770298004150390625" lon="114.0161146223545074462890625">
        <ele>7</ele>
        <time>2026-08-12T22:52:34.000Z</time>
        <extensions>
          <ns3:TrackPointExtension>
            <ns3:atemp>34.0</ns3:atemp>
            <ns3:hr>169</ns3:hr>
            <ns3:cad>87</ns3:cad>
          </ns3:TrackPointExtension>
        </extensions>
      </trkpt>
      <trkpt lat="22.54705206491053104400634765625" lon="114.0161017142236232757568359375">
        <ele>7</ele>
        <time>2026-08-12T22:52:35.000Z</time>
        <extensions>
          <ns3:TrackPointExtension>
            <ns3:atemp>33.0</ns3:atemp>
            <ns3:hr>168</ns3:hr>
            <ns3:cad>87</ns3:cad>
          </ns3:TrackPointExtension>
        </extensions>
      </trkpt>
      <trkpt lat="22.5470793060958385467529296875" lon="114.01608939282596111297607421875">
        <ele>7.19999980926513671875</ele>
        <time>2026-08-12T22:52:36.000Z</time>
        <extensions>
          <ns3:TrackPointExtension>
            <ns3:atemp>33.0</ns3:atemp>
            <ns3:hr>168</ns3:hr>
            <ns3:cad>87</ns3:cad>
          </ns3:TrackPointExtension>
        </extensions>
      </trkpt>
      <trkpt lat="22.547097913920879364013671875" lon="114.01607983745634555816650390625">
        <ele>7.19999980926513671875</ele>
        <time>2026-08-12T22:52:37.000Z</time>
        <extensions>
          <ns3:TrackPointExtension>
            <ns3:atemp>34.0</ns3:atemp>
            <ns3:hr>167</ns3:hr>
            <ns3:cad>87</ns3:cad>
          </ns3:TrackPointExtension>
        </extensions>
      </trkpt>
      <trkpt lat="22.54711903631687164306640625" lon="114.0160661749541759490966796875">
        <ele>7.19999980926513671875</ele>
        <time>2026-08-12T22:52:38.000Z</time>
        <extensions>
          <ns3:TrackPointExtension>
            <ns3:atemp>34.0</ns3:atemp>
            <ns3:hr>168</ns3:hr>
            <ns3:cad>87</ns3:cad>
          </ns3:TrackPointExtension>
        </extensions>
      </trkpt>
      <trkpt lat="22.5471352972090244293212890625" lon="114.01604882441461086273193359375">
        <ele>7.19999980926513671875</ele>
        <time>2026-08-12T22:52:39.000Z</time>
        <extensions>
          <ns3:TrackPointExtension>
            <ns3:atemp>34.0</ns3:atemp>
            <ns3:hr>168</ns3:hr>
            <ns3:cad>87</ns3:cad>
          </ns3:TrackPointExtension>
        </extensions>
      </trkpt>
      <trkpt lat="22.5471517257392406463623046875" lon="114.01603407226502895355224609375">
        <ele>7.400000095367431640625</ele>
        <time>2026-08-12T22:52:40.000Z</time>
        <extensions>
          <ns3:TrackPointExtension>
            <ns3:atemp>33.0</ns3:atemp>
            <ns3:hr>169</ns3:hr>
            <ns3:cad>87</ns3:cad>
          </ns3:TrackPointExtension>
        </extensions>
      </trkpt>
      <trkpt lat="22.54716957919299602508544921875" lon="114.0160205774009227752685546875">
        <ele>7.400000095367431640625</ele>
        <time>2026-08-12T22:52:41.000Z</time>
        <extensions>
          <ns3:TrackPointExtension>
            <ns3:atemp>34.0</ns3:atemp>
            <ns3:hr>169</ns3:hr>
            <ns3:cad>88</ns3:cad>
          </ns3:TrackPointExtension>
        </extensions>
      </trkpt>
      <trkpt lat="22.54718667827546596527099609375" lon="114.016003310680389404296875">
        <ele>7.400000095367431640625</ele>
        <time>2026-08-12T22:52:42.000Z</time>
        <extensions>
          <ns3:TrackPointExtension>
            <ns3:atemp>34.0</ns3:atemp>
            <ns3:hr>169</ns3:hr>
            <ns3:cad>87</ns3:cad>
          </ns3:TrackPointExtension>
        </extensions>
      </trkpt>
      <trkpt lat="22.5472090579569339752197265625" lon="114.01598989963531494140625">
        <ele>7.400000095367431640625</ele>
        <time>2026-08-12T22:52:43.000Z</time>
        <extensions>
          <ns3:TrackPointExtension>
            <ns3:atemp>34.0</ns3:atemp>
            <ns3:hr>169</ns3:hr>
            <ns3:cad>88</ns3:cad>
          </ns3:TrackPointExtension>
        </extensions>
      </trkpt>
      <trkpt lat="22.54722221754491329193115234375" lon="114.01597606949508190155029296875">
        <ele>7.599999904632568359375</ele>
        <time>2026-08-12T22:52:44.000Z</time>
        <extensions>
          <ns3:TrackPointExtension>
            <ns3:atemp>33.0</ns3:atemp>
            <ns3:hr>169</ns3:hr>
            <ns3:cad>87</ns3:cad>
          </ns3:TrackPointExtension>
        </extensions>
      </trkpt>
      <trkpt lat="22.5472457706928253173828125" lon="114.015958718955516815185546875">
        <ele>7.599999904632568359375</ele>
        <time>2026-08-12T22:52:45.000Z</time>
        <extensions>
          <ns3:TrackPointExtension>
            <ns3:atemp>34.0</ns3:atemp>
            <ns3:hr>168</ns3:hr>
            <ns3:cad>88</ns3:cad>
          </ns3:TrackPointExtension>
        </extensions>
      </trkpt>
      <trkpt lat="22.5472610257565975189208984375" lon="114.01594455353915691375732421875">
        <ele>7.80000019073486328125</ele>
        <time>2026-08-12T22:52:46.000Z</time>
        <extensions>
          <ns3:TrackPointExtension>
            <ns3:atemp>33.0</ns3:atemp>
            <ns3:hr>168</ns3:hr>
            <ns3:cad>87</ns3:cad>
          </ns3:TrackPointExtension>
        </extensions>
      </trkpt>
      <trkpt lat="22.54728893749415874481201171875" lon="114.01593265123665332794189453125">
        <ele>7.80000019073486328125</ele>
        <time>2026-08-12T22:52:47.000Z</time>
        <extensions>
          <ns3:TrackPointExtension>
            <ns3:atemp>34.0</ns3:atemp>
            <ns3:hr>168</ns3:hr>
            <ns3:cad>88</ns3:cad>
          </ns3:TrackPointExtension>
        </extensions>
      </trkpt>
      <trkpt lat="22.5473089702427387237548828125" lon="114.01591940782964229583740234375">
        <ele>7.80000019073486328125</ele>
        <time>2026-08-12T22:52:48.000Z</time>
        <extensions>
          <ns3:TrackPointExtension>
            <ns3:atemp>33.0</ns3:atemp>
            <ns3:hr>169</ns3:hr>
            <ns3:cad>87</ns3:cad>
          </ns3:TrackPointExtension>
        </extensions>
      </trkpt>
      <trkpt lat="22.54732967354357242584228515625" lon="114.0159022249281406402587890625">
        <ele>7.80000019073486328125</ele>
        <time>2026-08-12T22:52:49.000Z</time>
        <extensions>
          <ns3:TrackPointExtension>
            <ns3:atemp>33.0</ns3:atemp>
            <ns3:hr>169</ns3:hr>
            <ns3:cad>87</ns3:cad>
          </ns3:TrackPointExtension>
        </extensions>
      </trkpt>
      <trkpt lat="22.54734710790216922760009765625" lon="114.01588822714984416961669921875">
        <ele>7.80000019073486328125</ele>
        <time>2026-08-12T22:52:50.000Z</time>
        <extensions>
          <ns3:TrackPointExtension>
            <ns3:atemp>33.0</ns3:atemp>
            <ns3:hr>169</ns3:hr>
            <ns3:cad>87</ns3:cad>
          </ns3:TrackPointExtension>
        </extensions>
      </trkpt>
      <trkpt lat="22.5473619438707828521728515625" lon="114.015871547162532806396484375">
        <ele>7.80000019073486328125</ele>
        <time>2026-08-12T22:52:51.000Z</time>
        <extensions>
          <ns3:TrackPointExtension>
            <ns3:atemp>33.0</ns3:atemp>
            <ns3:hr>170</ns3:hr>
            <ns3:cad>87</ns3:cad>
          </ns3:TrackPointExtension>
        </extensions>
      </trkpt>
      <trkpt lat="22.54737996496260166168212890625" lon="114.01585134677588939666748046875">
        <ele>7.80000019073486328125</ele>
        <time>2026-08-12T22:52:52.000Z</time>
        <extensions>
          <ns3:TrackPointExtension>
            <ns3:atemp>33.0</ns3:atemp>
            <ns3:hr>170</ns3:hr>
            <ns3:cad>86</ns3:cad>
          </ns3:TrackPointExtension>
        </extensions>
      </trkpt>
      <trkpt lat="22.547390274703502655029296875" lon="114.01583659462630748748779296875">
        <ele>7.80000019073486328125</ele>
        <time>2026-08-12T22:52:53.000Z</time>
        <extensions>
          <ns3:TrackPointExtension>
            <ns3:atemp>34.0</ns3:atemp>
            <ns3:hr>170</ns3:hr>
            <ns3:cad>86</ns3:cad>
          </ns3:TrackPointExtension>
        </extensions>
      </trkpt>
      <trkpt lat="22.547413744032382965087890625" lon="114.015820585191249847412109375">
        <ele>7.80000019073486328125</ele>
        <time>2026-08-12T22:52:54.000Z</time>
        <extensions>
          <ns3:TrackPointExtension>
            <ns3:atemp>33.0</ns3:atemp>
            <ns3:hr>171</ns3:hr>
            <ns3:cad>86</ns3:cad>
          </ns3:TrackPointExtension>
        </extensions>
      </trkpt>
      <trkpt lat="22.547429166734218597412109375" lon="114.0158080123364925384521484375">
        <ele>7.80000019073486328125</ele>
        <time>2026-08-12T22:52:55.000Z</time>
        <extensions>
          <ns3:TrackPointExtension>
            <ns3:atemp>33.0</ns3:atemp>
            <ns3:hr>171</ns3:hr>
            <ns3:cad>86</ns3:cad>
          </ns3:TrackPointExtension>
        </extensions>
      </trkpt>
      <trkpt lat="22.5474524684250354766845703125" lon="114.01579476892948150634765625">
        <ele>7.80000019073486328125</ele>
        <time>2026-08-12T22:52:56.000Z</time>
        <extensions>
          <ns3:TrackPointExtension>
            <ns3:atemp>34.0</ns3:atemp>
            <ns3:hr>172</ns3:hr>
            <ns3:cad>87</ns3:cad>
          </ns3:TrackPointExtension>
        </extensions>
      </trkpt>
      <trkpt lat="22.54746512509882450103759765625" lon="114.01577943004667758941650390625">
        <ele>7.80000019073486328125</ele>
        <time>2026-08-12T22:52:57.000Z</time>
        <extensions>
          <ns3:TrackPointExtension>
            <ns3:atemp>33.0</ns3:atemp>
            <ns3:hr>172</ns3:hr>
            <ns3:cad>86</ns3:cad>
          </ns3:TrackPointExtension>
        </extensions>
      </trkpt>
      <trkpt lat="22.5474816374480724334716796875" lon="114.01576132513582706451416015625">
        <ele>7.80000019073486328125</ele>
        <time>2026-08-12T22:52:58.000Z</time>
        <extensions>
          <ns3:TrackPointExtension>
            <ns3:atemp>33.0</ns3:atemp>
            <ns3:hr>172</ns3:hr>
            <ns3:cad>87</ns3:cad>
          </ns3:TrackPointExtension>
        </extensions>
      </trkpt>
      <trkpt lat="22.54750150255858898162841796875" lon="114.01574590243399143218994140625">
        <ele>7.80000019073486328125</ele>
        <time>2026-08-12T22:52:59.000Z</time>
        <extensions>
          <ns3:TrackPointExtension>
            <ns3:atemp>33.0</ns3:atemp>
            <ns3:hr>171</ns3:hr>
            <ns3:cad>86</ns3:cad>
          </ns3:TrackPointExtension>
        </extensions>
      </trkpt>
      <trkpt lat="22.5475181825459003448486328125" lon="114.01573014445602893829345703125">
        <ele>7.599999904632568359375</ele>
        <time>2026-08-12T22:53:00.000Z</time>
        <extensions>
          <ns3:TrackPointExtension>
            <ns3:atemp>33.0</ns3:atemp>
            <ns3:hr>171</ns3:hr>
            <ns3:cad>86</ns3:cad>
          </ns3:TrackPointExtension>
        </extensions>
      </trkpt>
      <trkpt lat="22.547546513378620147705078125" lon="114.01571555994451045989990234375">
        <ele>7.599999904632568359375</ele>
        <time>2026-08-12T22:53:01.000Z</time>
        <extensions>
          <ns3:TrackPointExtension>
            <ns3:atemp>33.0</ns3:atemp>
            <ns3:hr>170</ns3:hr>
            <ns3:cad>86</ns3:cad>
          </ns3:TrackPointExtension>
        </extensions>
      </trkpt>
      <trkpt lat="22.5475610978901386260986328125" lon="114.015702903270721435546875">
        <ele>7.599999904632568359375</ele>
        <time>2026-08-12T22:53:02.000Z</time>
        <extensions>
          <ns3:TrackPointExtension>
            <ns3:atemp>34.0</ns3:atemp>
            <ns3:hr>169</ns3:hr>
            <ns3:cad>86</ns3:cad>
          </ns3:TrackPointExtension>
        </extensions>
      </trkpt>
      <trkpt lat="22.5475895963609218597412109375" lon="114.0156899951398372650146484375">
        <ele>7.599999904632568359375</ele>
        <time>2026-08-12T22:53:03.000Z</time>
        <extensions>
          <ns3:TrackPointExtension>
            <ns3:atemp>33.0</ns3:atemp>
            <ns3:hr>169</ns3:hr>
            <ns3:cad>86</ns3:cad>
          </ns3:TrackPointExtension>
        </extensions>
      </trkpt>
      <trkpt lat="22.5476063601672649383544921875" lon="114.015679769217967987060546875">
        <ele>7.599999904632568359375</ele>
        <time>2026-08-12T22:53:04.000Z</time>
        <extensions>
          <ns3:TrackPointExtension>
            <ns3:atemp>33.0</ns3:atemp>
            <ns3:hr>169</ns3:hr>
            <ns3:cad>86</ns3:cad>
          </ns3:TrackPointExtension>
        </extensions>
      </trkpt>
      <trkpt lat="22.54763058386743068695068359375" lon="114.01566602289676666259765625">
        <ele>7.80000019073486328125</ele>
        <time>2026-08-12T22:53:05.000Z</time>
        <extensions>
          <ns3:TrackPointExtension>
            <ns3:atemp>33.0</ns3:atemp>
            <ns3:hr>169</ns3:hr>
            <ns3:cad>87</ns3:cad>
          </ns3:TrackPointExtension>
        </extensions>
      </trkpt>
      <trkpt lat="22.54765187390148639678955078125" lon="114.0156544558703899383544921875">
        <ele>7.80000019073486328125</ele>
        <time>2026-08-12T22:53:06.000Z</time>
        <extensions>
          <ns3:TrackPointExtension>
            <ns3:atemp>33.0</ns3:atemp>
            <ns3:hr>170</ns3:hr>
            <ns3:cad>87</ns3:cad>
          </ns3:TrackPointExtension>
        </extensions>
      </trkpt>
      <trkpt lat="22.54766981117427349090576171875" lon="114.015638194978237152099609375">
        <ele>7.80000019073486328125</ele>
        <time>2026-08-12T22:53:07.000Z</time>
        <extensions>
          <ns3:TrackPointExtension>
            <ns3:atemp>33.0</ns3:atemp>
            <ns3:hr>170</ns3:hr>
            <ns3:cad>87</ns3:cad>
          </ns3:TrackPointExtension>
        </extensions>
      </trkpt>
      <trkpt lat="22.5476936995983123779296875" lon="114.01561866514384746551513671875">
        <ele>8</ele>
        <time>2026-08-12T22:53:08.000Z</time>
        <extensions>
          <ns3:TrackPointExtension>
            <ns3:atemp>34.0</ns3:atemp>
            <ns3:hr>171</ns3:hr>
            <ns3:cad>87</ns3:cad>
          </ns3:TrackPointExtension>
        </extensions>
      </trkpt>
      <trkpt lat="22.54770803265273571014404296875" lon="114.01560206897556781768798828125">
        <ele>8</ele>
        <time>2026-08-12T22:53:09.000Z</time>
        <extensions>
          <ns3:TrackPointExtension>
            <ns3:atemp>33.0</ns3:atemp>
            <ns3:hr>171</ns3:hr>
            <ns3:cad>87</ns3:cad>
          </ns3:TrackPointExtension>
        </extensions>
      </trkpt>
      <trkpt lat="22.54773284308612346649169921875" lon="114.01558823883533477783203125">
        <ele>8</ele>
        <time>2026-08-12T22:53:10.000Z</time>
        <extensions>
          <ns3:TrackPointExtension>
            <ns3:atemp>33.0</ns3:atemp>
            <ns3:hr>171</ns3:hr>
            <ns3:cad>86</ns3:cad>
          </ns3:TrackPointExtension>
        </extensions>
      </trkpt>
      <trkpt lat="22.54774943925440311431884765625" lon="114.01557591743767261505126953125">
        <ele>8.19999980926513671875</ele>
        <time>2026-08-12T22:53:11.000Z</time>
        <extensions>
          <ns3:TrackPointExtension>
            <ns3:atemp>34.0</ns3:atemp>
            <ns3:hr>171</ns3:hr>
            <ns3:cad>86</ns3:cad>
          </ns3:TrackPointExtension>
        </extensions>
      </trkpt>
      <trkpt lat="22.54777441732585430145263671875" lon="114.01556485332548618316650390625">
        <ele>8.3999996185302734375</ele>
        <time>2026-08-12T22:53:12.000Z</time>
        <extensions>
          <ns3:TrackPointExtension>
            <ns3:atemp>33.0</ns3:atemp>
            <ns3:hr>171</ns3:hr>
            <ns3:cad>86</ns3:cad>
          </ns3:TrackPointExtension>
        </extensions>
      </trkpt>
      <trkpt lat="22.54779051057994365692138671875" lon="114.01555295102298259735107421875">
        <ele>8.3999996185302734375</ele>
        <time>2026-08-12T22:53:13.000Z</time>
        <extensions>
          <ns3:TrackPointExtension>
            <ns3:atemp>34.0</ns3:atemp>
            <ns3:hr>170</ns3:hr>
            <ns3:cad>86</ns3:cad>
          </ns3:TrackPointExtension>
        </extensions>
      </trkpt>
      <trkpt lat="22.5478102080523967742919921875" lon="114.01553987525403499603271484375">
        <ele>8.3999996185302734375</ele>
        <time>2026-08-12T22:53:14.000Z</time>
        <extensions>
          <ns3:TrackPointExtension>
            <ns3:atemp>33.0</ns3:atemp>
            <ns3:hr>170</ns3:hr>
            <ns3:cad>86</ns3:cad>
          </ns3:TrackPointExtension>
        </extensions>
      </trkpt>
      <trkpt lat="22.5478296540677547454833984375" lon="114.015528224408626556396484375">
        <ele>8.6000003814697265625</ele>
        <time>2026-08-12T22:53:15.000Z</time>
        <extensions>
          <ns3:TrackPointExtension>
            <ns3:atemp>33.0</ns3:atemp>
            <ns3:hr>170</ns3:hr>
            <ns3:cad>86</ns3:cad>
          </ns3:TrackPointExtension>
        </extensions>
      </trkpt>
      <trkpt lat="22.547844238579273223876953125" lon="114.0155146457254886627197265625">
        <ele>8.6000003814697265625</ele>
        <time>2026-08-12T22:53:16.000Z</time>
        <extensions>
          <ns3:TrackPointExtension>
            <ns3:atemp>33.0</ns3:atemp>
            <ns3:hr>170</ns3:hr>
            <ns3:cad>86</ns3:cad>
          </ns3:TrackPointExtension>
        </extensions>
      </trkpt>
      <trkpt lat="22.54786871373653411865234375" lon="114.01550567708909511566162109375">
        <ele>8.6000003814697265625</ele>
        <time>2026-08-12T22:53:17.000Z</time>
        <extensions>
          <ns3:TrackPointExtension>
            <ns3:atemp>34.0</ns3:atemp>
            <ns3:hr>170</ns3:hr>
            <ns3:cad>86</ns3:cad>
          </ns3:TrackPointExtension>
        </extensions>
      </trkpt>
      <trkpt lat="22.54788170568645000457763671875" lon="114.0154901705682277679443359375">
        <ele>8.6000003814697265625</ele>
        <time>2026-08-12T22:53:18.000Z</time>
        <extensions>
          <ns3:TrackPointExtension>
            <ns3:atemp>34.0</ns3:atemp>
            <ns3:hr>169</ns3:hr>
            <ns3:cad>86</ns3:cad>
          </ns3:TrackPointExtension>
        </extensions>
      </trkpt>
      <trkpt lat="22.54790718667209148406982421875" lon="114.0154734067618846893310546875">
        <ele>8.80000019073486328125</ele>
        <time>2026-08-12T22:53:19.000Z</time>
        <extensions>
          <ns3:TrackPointExtension>
            <ns3:atemp>33.0</ns3:atemp>
            <ns3:hr>170</ns3:hr>
            <ns3:cad>86</ns3:cad>
          </ns3:TrackPointExtension>
        </extensions>
      </trkpt>
      <trkpt lat="22.5479265488684177398681640625" lon="114.0154589898884296417236328125">
        <ele>8.80000019073486328125</ele>
        <time>2026-08-12T22:53:20.000Z</time>
        <extensions>
          <ns3:TrackPointExtension>
            <ns3:atemp>33.0</ns3:atemp>
            <ns3:hr>170</ns3:hr>
            <ns3:cad>87</ns3:cad>
          </ns3:TrackPointExtension>
        </extensions>
      </trkpt>
      <trkpt lat="22.5479485094547271728515625" lon="114.01544080115854740142822265625">
        <ele>8.80000019073486328125</ele>
        <time>2026-08-12T22:53:21.000Z</time>
        <extensions>
          <ns3:TrackPointExtension>
            <ns3:atemp>33.0</ns3:atemp>
            <ns3:hr>170</ns3:hr>
            <ns3:cad>87</ns3:cad>
          </ns3:TrackPointExtension>
        </extensions>
      </trkpt>
      <trkpt lat="22.5479686260223388671875" lon="114.0154261328279972076416015625">
        <ele>8.6000003814697265625</ele>
        <time>2026-08-12T22:53:22.000Z</time>
        <extensions>
          <ns3:TrackPointExtension>
            <ns3:atemp>34.0</ns3:atemp>
            <ns3:hr>172</ns3:hr>
            <ns3:cad>87</ns3:cad>
          </ns3:TrackPointExtension>
        </extensions>
      </trkpt>
      <trkpt lat="22.54798715002834796905517578125" lon="114.01541230268776416778564453125">
        <ele>8.6000003814697265625</ele>
        <time>2026-08-12T22:53:23.000Z</time>
        <extensions>
          <ns3:TrackPointExtension>
            <ns3:atemp>33.0</ns3:atemp>
            <ns3:hr>172</ns3:hr>
            <ns3:cad>85</ns3:cad>
          </ns3:TrackPointExtension>
        </extensions>
      </trkpt>
      <trkpt lat="22.5480090267956256866455078125" lon="114.015394113957881927490234375">
        <ele>8.6000003814697265625</ele>
        <time>2026-08-12T22:53:24.000Z</time>
        <extensions>
          <ns3:TrackPointExtension>
            <ns3:atemp>33.0</ns3:atemp>
            <ns3:hr>172</ns3:hr>
            <ns3:cad>85</ns3:cad>
          </ns3:TrackPointExtension>
        </extensions>
      </trkpt>
      <trkpt lat="22.54802386276423931121826171875" lon="114.0153815411031246185302734375">
        <ele>8.6000003814697265625</ele>
        <time>2026-08-12T22:53:25.000Z</time>
        <extensions>
          <ns3:TrackPointExtension>
            <ns3:atemp>33.0</ns3:atemp>
            <ns3:hr>172</ns3:hr>
            <ns3:cad>85</ns3:cad>
          </ns3:TrackPointExtension>
        </extensions>
      </trkpt>
      <trkpt lat="22.54805018194019794464111328125" lon="114.0153684653341770172119140625">
        <ele>8.6000003814697265625</ele>
        <time>2026-08-12T22:53:26.000Z</time>
        <extensions>
          <ns3:TrackPointExtension>
            <ns3:atemp>33.0</ns3:atemp>
            <ns3:hr>173</ns3:hr>
            <ns3:cad>86</ns3:cad>
          </ns3:TrackPointExtension>
        </extensions>
      </trkpt>
      <trkpt lat="22.548068873584270477294921875" lon="114.0153563953936100006103515625">
        <ele>8.80000019073486328125</ele>
        <time>2026-08-12T22:53:27.000Z</time>
        <extensions>
          <ns3:TrackPointExtension>
            <ns3:atemp>33.0</ns3:atemp>
            <ns3:hr>172</ns3:hr>
            <ns3:cad>86</ns3:cad>
          </ns3:TrackPointExtension>
        </extensions>
      </trkpt>
      <trkpt lat="22.54809091798961162567138671875" lon="114.0153429843485355377197265625">
        <ele>9</ele>
        <time>2026-08-12T22:53:28.000Z</time>
        <extensions>
          <ns3:TrackPointExtension>
            <ns3:atemp>34.0</ns3:atemp>
            <ns3:hr>172</ns3:hr>
            <ns3:cad>86</ns3:cad>
          </ns3:TrackPointExtension>
        </extensions>
      </trkpt>
      <trkpt lat="22.54810902290046215057373046875" lon="114.01532378979027271270751953125">
        <ele>9</ele>
        <time>2026-08-12T22:53:29.000Z</time>
        <extensions>
          <ns3:TrackPointExtension>
            <ns3:atemp>34.0</ns3:atemp>
            <ns3:hr>173</ns3:hr>
            <ns3:cad>86</ns3:cad>
          </ns3:TrackPointExtension>
        </extensions>
      </trkpt>
      <trkpt lat="22.54812612198293209075927734375" lon="114.0153104625642299652099609375">
        <ele>9</ele>
        <time>2026-08-12T22:53:30.000Z</time>
        <extensions>
          <ns3:TrackPointExtension>
            <ns3:atemp>33.0</ns3:atemp>
            <ns3:hr>172</ns3:hr>
            <ns3:cad>86</ns3:cad>
          </ns3:TrackPointExtension>
        </extensions>
      </trkpt>
      <trkpt lat="22.54814900457859039306640625" lon="114.01529311202466487884521484375">
        <ele>9.19999980926513671875</ele>
        <time>2026-08-12T22:53:31.000Z</time>
        <extensions>
          <ns3:TrackPointExtension>
            <ns3:atemp>33.0</ns3:atemp>
            <ns3:hr>172</ns3:hr>
            <ns3:cad>86</ns3:cad>
          </ns3:TrackPointExtension>
        </extensions>
      </trkpt>
      <trkpt lat="22.5481642596423625946044921875" lon="114.0152789466083049774169921875">
        <ele>9.19999980926513671875</ele>
        <time>2026-08-12T22:53:32.000Z</time>
        <extensions>
          <ns3:TrackPointExtension>
            <ns3:atemp>33.0</ns3:atemp>
            <ns3:hr>173</ns3:hr>
            <ns3:cad>86</ns3:cad>
          </ns3:TrackPointExtension>
        </extensions>
      </trkpt>
      <trkpt lat="22.5481924228370189666748046875" lon="114.0152616798877716064453125">
        <ele>9.19999980926513671875</ele>
        <time>2026-08-12T22:53:33.000Z</time>
        <extensions>
          <ns3:TrackPointExtension>
            <ns3:atemp>33.0</ns3:atemp>
            <ns3:hr>173</ns3:hr>
            <ns3:cad>86</ns3:cad>
          </ns3:TrackPointExtension>
        </extensions>
      </trkpt>
      <trkpt lat="22.54820591770112514495849609375" lon="114.0152487717568874359130859375">
        <ele>9.19999980926513671875</ele>
        <time>2026-08-12T22:53:34.000Z</time>
        <extensions>
          <ns3:TrackPointExtension>
            <ns3:atemp>33.0</ns3:atemp>
            <ns3:hr>173</ns3:hr>
            <ns3:cad>86</ns3:cad>
          </ns3:TrackPointExtension>
        </extensions>
      </trkpt>
      <trkpt lat="22.54823542200028896331787109375" lon="114.0152340196073055267333984375">
        <ele>9.3999996185302734375</ele>
        <time>2026-08-12T22:53:35.000Z</time>
        <extensions>
          <ns3:TrackPointExtension>
            <ns3:atemp>33.0</ns3:atemp>
            <ns3:hr>173</ns3:hr>
            <ns3:cad>86</ns3:cad>
          </ns3:TrackPointExtension>
        </extensions>
      </trkpt>
      <trkpt lat="22.548251263797283172607421875" lon="114.0152216143906116485595703125">
        <ele>9.3999996185302734375</ele>
        <time>2026-08-12T22:53:36.000Z</time>
        <extensions>
          <ns3:TrackPointExtension>
            <ns3:atemp>33.0</ns3:atemp>
            <ns3:hr>173</ns3:hr>
            <ns3:cad>87</ns3:cad>
          </ns3:TrackPointExtension>
        </extensions>
      </trkpt>
      <trkpt lat="22.54827515222132205963134765625" lon="114.01521046645939350128173828125">
        <ele>9.6000003814697265625</ele>
        <time>2026-08-12T22:53:37.000Z</time>
        <extensions>
          <ns3:TrackPointExtension>
            <ns3:atemp>33.0</ns3:atemp>
            <ns3:hr>174</ns3:hr>
            <ns3:cad>87</ns3:cad>
          </ns3:TrackPointExtension>
        </extensions>
      </trkpt>
      <trkpt lat="22.548292167484760284423828125" lon="114.0151968039572238922119140625">
        <ele>9.6000003814697265625</ele>
        <time>2026-08-12T22:53:38.000Z</time>
        <extensions>
          <ns3:TrackPointExtension>
            <ns3:atemp>33.0</ns3:atemp>
            <ns3:hr>174</ns3:hr>
            <ns3:cad>87</ns3:cad>
          </ns3:TrackPointExtension>
        </extensions>
      </trkpt>
      <trkpt lat="22.54831253550946712493896484375" lon="114.01518263854086399078369140625">
        <ele>9.80000019073486328125</ele>
        <time>2026-08-12T22:53:39.000Z</time>
        <extensions>
          <ns3:TrackPointExtension>
            <ns3:atemp>33.0</ns3:atemp>
            <ns3:hr>175</ns3:hr>
            <ns3:cad>87</ns3:cad>
          </ns3:TrackPointExtension>
        </extensions>
      </trkpt>
      <trkpt lat="22.54833147861063480377197265625" lon="114.015168137848377227783203125">
        <ele>9.80000019073486328125</ele>
        <time>2026-08-12T22:53:40.000Z</time>
        <extensions>
          <ns3:TrackPointExtension>
            <ns3:atemp>33.0</ns3:atemp>
            <ns3:hr>175</ns3:hr>
            <ns3:cad>87</ns3:cad>
          </ns3:TrackPointExtension>
        </extensions>
      </trkpt>
      <trkpt lat="22.54834790714085102081298828125" lon="114.01515212841331958770751953125">
        <ele>10</ele>
        <time>2026-08-12T22:53:41.000Z</time>
        <extensions>
          <ns3:TrackPointExtension>
            <ns3:atemp>33.0</ns3:atemp>
            <ns3:hr>175</ns3:hr>
            <ns3:cad>87</ns3:cad>
          </ns3:TrackPointExtension>
        </extensions>
      </trkpt>
      <trkpt lat="22.5483707897365093231201171875" lon="114.0151404775679111480712890625">
        <ele>10</ele>
        <time>2026-08-12T22:53:42.000Z</time>
        <extensions>
          <ns3:TrackPointExtension>
            <ns3:atemp>33.0</ns3:atemp>
            <ns3:hr>176</ns3:hr>
            <ns3:cad>87</ns3:cad>
          </ns3:TrackPointExtension>
        </extensions>
      </trkpt>
      <trkpt lat="22.54838596098124980926513671875" lon="114.01512949727475643157958984375">
        <ele>10</ele>
        <time>2026-08-12T22:53:43.000Z</time>
        <extensions>
          <ns3:TrackPointExtension>
            <ns3:atemp>33.0</ns3:atemp>
            <ns3:hr>176</ns3:hr>
            <ns3:cad>87</ns3:cad>
          </ns3:TrackPointExtension>
        </extensions>
      </trkpt>
      <trkpt lat="22.5484103523194789886474609375" lon="114.01511558331549167633056640625">
        <ele>10</ele>
        <time>2026-08-12T22:53:44.000Z</time>
        <extensions>
          <ns3:TrackPointExtension>
            <ns3:atemp>34.0</ns3:atemp>
            <ns3:hr>176</ns3:hr>
            <ns3:cad>87</ns3:cad>
          </ns3:TrackPointExtension>
        </extensions>
      </trkpt>
      <trkpt lat="22.54842124879360198974609375" lon="114.01510435156524181365966796875">
        <ele>10</ele>
        <time>2026-08-12T22:53:45.000Z</time>
        <extensions>
          <ns3:TrackPointExtension>
            <ns3:atemp>33.0</ns3:atemp>
            <ns3:hr>175</ns3:hr>
            <ns3:cad>87</ns3:cad>
          </ns3:TrackPointExtension>
        </extensions>
      </trkpt>
      <trkpt lat="22.54844312556087970733642578125" lon="114.01508943177759647369384765625">
        <ele>10.19999980926513671875</ele>
        <time>2026-08-12T22:53:46.000Z</time>
        <extensions>
          <ns3:TrackPointExtension>
            <ns3:atemp>33.0</ns3:atemp>
            <ns3:hr>175</ns3:hr>
            <ns3:cad>87</ns3:cad>
          </ns3:TrackPointExtension>
        </extensions>
      </trkpt>
      <trkpt lat="22.5484599731862545013427734375" lon="114.01507736183702945709228515625">
        <ele>10.19999980926513671875</ele>
        <time>2026-08-12T22:53:47.000Z</time>
        <extensions>
          <ns3:TrackPointExtension>
            <ns3:atemp>33.0</ns3:atemp>
            <ns3:hr>175</ns3:hr>
            <ns3:cad>87</ns3:cad>
          </ns3:TrackPointExtension>
        </extensions>
      </trkpt>
      <trkpt lat="22.5484824366867542266845703125" lon="114.01506260968744754791259765625">
        <ele>10.3999996185302734375</ele>
        <time>2026-08-12T22:53:48.000Z</time>
        <extensions>
          <ns3:TrackPointExtension>
            <ns3:atemp>34.0</ns3:atemp>
            <ns3:hr>175</ns3:hr>
            <ns3:cad>87</ns3:cad>
          </ns3:TrackPointExtension>
        </extensions>
      </trkpt>
      <trkpt lat="22.54850246943533420562744140625" lon="114.0150486119091510772705078125">
        <ele>10.3999996185302734375</ele>
        <time>2026-08-12T22:53:49.000Z</time>
        <extensions>
          <ns3:TrackPointExtension>
            <ns3:atemp>33.0</ns3:atemp>
            <ns3:hr>175</ns3:hr>
            <ns3:cad>87</ns3:cad>
          </ns3:TrackPointExtension>
        </extensions>
      </trkpt>
      <trkpt lat="22.5485183112323284149169921875" lon="114.01503595523536205291748046875">
        <ele>10.3999996185302734375</ele>
        <time>2026-08-12T22:53:50.000Z</time>
        <extensions>
          <ns3:TrackPointExtension>
            <ns3:atemp>33.0</ns3:atemp>
            <ns3:hr>175</ns3:hr>
            <ns3:cad>87</ns3:cad>
          </ns3:TrackPointExtension>
        </extensions>
      </trkpt>
      <trkpt lat="22.54854194819927215576171875" lon="114.01502623222768306732177734375">
        <ele>10.3999996185302734375</ele>
        <time>2026-08-12T22:53:51.000Z</time>
        <extensions>
          <ns3:TrackPointExtension>
            <ns3:atemp>33.0</ns3:atemp>
            <ns3:hr>174</ns3:hr>
            <ns3:cad>87</ns3:cad>
          </ns3:TrackPointExtension>
        </extensions>
      </trkpt>
      <trkpt lat="22.54855426959693431854248046875" lon="114.015013910830020904541015625">
        <ele>10.3999996185302734375</ele>
        <time>2026-08-12T22:53:52.000Z</time>
        <extensions>
          <ns3:TrackPointExtension>
            <ns3:atemp>33.0</ns3:atemp>
            <ns3:hr>174</ns3:hr>
            <ns3:cad>87</ns3:cad>
          </ns3:TrackPointExtension>
        </extensions>
      </trkpt>
      <trkpt lat="22.5485789962112903594970703125" lon="114.0150023438036441802978515625">
        <ele>10.3999996185302734375</ele>
        <time>2026-08-12T22:53:53.000Z</time>
        <extensions>
          <ns3:TrackPointExtension>
            <ns3:atemp>33.0</ns3:atemp>
            <ns3:hr>174</ns3:hr>
            <ns3:cad>87</ns3:cad>
          </ns3:TrackPointExtension>
        </extensions>
      </trkpt>
      <trkpt lat="22.548593245446681976318359375" lon="114.01498918421566486358642578125">
        <ele>10.3999996185302734375</ele>
        <time>2026-08-12T22:53:54.000Z</time>
        <extensions>
          <ns3:TrackPointExtension>
            <ns3:atemp>33.0</ns3:atemp>
            <ns3:hr>174</ns3:hr>
            <ns3:cad>87</ns3:cad>
          </ns3:TrackPointExtension>
        </extensions>
      </trkpt>
      <trkpt lat="22.54861847497522830963134765625" lon="114.0149795450270175933837890625">
        <ele>10.3999996185302734375</ele>
        <time>2026-08-12T22:53:55.000Z</time>
        <extensions>
          <ns3:TrackPointExtension>
            <ns3:atemp>34.0</ns3:atemp>
            <ns3:hr>173</ns3:hr>
            <ns3:cad>87</ns3:cad>
          </ns3:TrackPointExtension>
        </extensions>
      </trkpt>
      <trkpt lat="22.548637501895427703857421875" lon="114.01496655307710170745849609375">
        <ele>10.3999996185302734375</ele>
        <time>2026-08-12T22:53:56.000Z</time>
        <extensions>
          <ns3:TrackPointExtension>
            <ns3:atemp>33.0</ns3:atemp>
            <ns3:hr>173</ns3:hr>
            <ns3:cad>87</ns3:cad>
          </ns3:TrackPointExtension>
        </extensions>
      </trkpt>
      <trkpt lat="22.5486597977578639984130859375" lon="114.01495498605072498321533203125">
        <ele>10.3999996185302734375</ele>
        <time>2026-08-12T22:53:57.000Z</time>
        <extensions>
          <ns3:TrackPointExtension>
            <ns3:atemp>34.0</ns3:atemp>
            <ns3:hr>172</ns3:hr>
            <ns3:cad>87</ns3:cad>
          </ns3:TrackPointExtension>
        </extensions>
      </trkpt>
      <trkpt lat="22.54867832176387310028076171875" lon="114.01494056917726993560791015625">
        <ele>10.3999996185302734375</ele>
        <time>2026-08-12T22:53:58.000Z</time>
        <extensions>
          <ns3:TrackPointExtension>
            <ns3:atemp>33.0</ns3:atemp>
            <ns3:hr>172</ns3:hr>
            <ns3:cad>87</ns3:cad>
          </ns3:TrackPointExtension>
        </extensions>
      </trkpt>
      <trkpt lat="22.54869659431278705596923828125" lon="114.0149269066751003265380859375">
        <ele>10.3999996185302734375</ele>
        <time>2026-08-12T22:53:59.000Z</time>
        <extensions>
          <ns3:TrackPointExtension>
            <ns3:atemp>33.0</ns3:atemp>
            <ns3:hr>172</ns3:hr>
            <ns3:cad>87</ns3:cad>
          </ns3:TrackPointExtension>
        </extensions>
      </trkpt>
      <trkpt lat="22.5487198121845722198486328125" lon="114.014910645782947540283203125">
        <ele>10.3999996185302734375</ele>
        <time>2026-08-12T22:54:00.000Z</time>
        <extensions>
          <ns3:TrackPointExtension>
            <ns3:atemp>33.0</ns3:atemp>
            <ns3:hr>172</ns3:hr>
            <ns3:cad>86</ns3:cad>
          </ns3:TrackPointExtension>
        </extensions>
      </trkpt>
      <trkpt lat="22.54873464815318584442138671875" lon="114.01489463634788990020751953125">
        <ele>10.3999996185302734375</ele>
        <time>2026-08-12T22:54:01.000Z</time>
        <extensions>
          <ns3:TrackPointExtension>
            <ns3:atemp>33.0</ns3:atemp>
            <ns3:hr>172</ns3:hr>
            <ns3:cad>87</ns3:cad>
          </ns3:TrackPointExtension>
        </extensions>
      </trkpt>
      <trkpt lat="22.54875141195952892303466796875" lon="114.014879129827022552490234375">
        <ele>10.3999996185302734375</ele>
        <time>2026-08-12T22:54:02.000Z</time>
        <extensions>
          <ns3:TrackPointExtension>
            <ns3:atemp>33.0</ns3:atemp>
            <ns3:hr>172</ns3:hr>
            <ns3:cad>86</ns3:cad>
          </ns3:TrackPointExtension>
        </extensions>
      </trkpt>
      <trkpt lat="22.5487680919468402862548828125" lon="114.01486538350582122802734375">
        <ele>10.6000003814697265625</ele>
        <time>2026-08-12T22:54:03.000Z</time>
        <extensions>
          <ns3:TrackPointExtension>
            <ns3:atemp>33.0</ns3:atemp>
            <ns3:hr>171</ns3:hr>
            <ns3:cad>87</ns3:cad>
          </ns3:TrackPointExtension>
        </extensions>
      </trkpt>
      <trkpt lat="22.5487908907234668731689453125" lon="114.01485188864171504974365234375">
        <ele>10.6000003814697265625</ele>
        <time>2026-08-12T22:54:04.000Z</time>
        <extensions>
          <ns3:TrackPointExtension>
            <ns3:atemp>33.0</ns3:atemp>
            <ns3:hr>171</ns3:hr>
            <ns3:cad>87</ns3:cad>
          </ns3:TrackPointExtension>
        </extensions>
      </trkpt>
      <trkpt lat="22.54880539141595363616943359375" lon="114.014839567244052886962890625">
        <ele>10.6000003814697265625</ele>
        <time>2026-08-12T22:54:05.000Z</time>
        <extensions>
          <ns3:TrackPointExtension>
            <ns3:atemp>33.0</ns3:atemp>
            <ns3:hr>171</ns3:hr>
            <ns3:cad>87</ns3:cad>
          </ns3:TrackPointExtension>
        </extensions>
      </trkpt>
      <trkpt lat="22.54882684908807277679443359375" lon="114.0148239769041538238525390625">
        <ele>10.80000019073486328125</ele>
        <time>2026-08-12T22:54:06.000Z</time>
        <extensions>
          <ns3:TrackPointExtension>
            <ns3:atemp>33.0</ns3:atemp>
            <ns3:hr>171</ns3:hr>
            <ns3:cad>87</ns3:cad>
          </ns3:TrackPointExtension>
        </extensions>
      </trkpt>
      <trkpt lat="22.54884637892246246337890625" lon="114.01480696164071559906005859375">
        <ele>10.80000019073486328125</ele>
        <time>2026-08-12T22:54:07.000Z</time>
        <extensions>
          <ns3:TrackPointExtension>
            <ns3:atemp>33.0</ns3:atemp>
            <ns3:hr>171</ns3:hr>
            <ns3:cad>87</ns3:cad>
          </ns3:TrackPointExtension>
        </extensions>
      </trkpt>
      <trkpt lat="22.5488700158894062042236328125" lon="114.014793969690799713134765625">
        <ele>10.80000019073486328125</ele>
        <time>2026-08-12T22:54:08.000Z</time>
        <extensions>
          <ns3:TrackPointExtension>
            <ns3:atemp>33.0</ns3:atemp>
            <ns3:hr>171</ns3:hr>
            <ns3:cad>87</ns3:cad>
          </ns3:TrackPointExtension>
        </extensions>
      </trkpt>
      <trkpt lat="22.5488921441137790679931640625" lon="114.01478315703570842742919921875">
        <ele>11</ele>
        <time>2026-08-12T22:54:09.000Z</time>
        <extensions>
          <ns3:TrackPointExtension>
            <ns3:atemp>33.0</ns3:atemp>
            <ns3:hr>170</ns3:hr>
            <ns3:cad>87</ns3:cad>
          </ns3:TrackPointExtension>
        </extensions>
      </trkpt>
      <trkpt lat="22.54891351796686649322509765625" lon="114.0147689916193485260009765625">
        <ele>11</ele>
        <time>2026-08-12T22:54:10.000Z</time>
        <extensions>
          <ns3:TrackPointExtension>
            <ns3:atemp>33.0</ns3:atemp>
            <ns3:hr>171</ns3:hr>
            <ns3:cad>87</ns3:cad>
          </ns3:TrackPointExtension>
        </extensions>
      </trkpt>
      <trkpt lat="22.548937909305095672607421875" lon="114.01475809514522552490234375">
        <ele>11</ele>
        <time>2026-08-12T22:54:11.000Z</time>
        <extensions>
          <ns3:TrackPointExtension>
            <ns3:atemp>33.0</ns3:atemp>
            <ns3:hr>171</ns3:hr>
            <ns3:cad>87</ns3:cad>
          </ns3:TrackPointExtension>
        </extensions>
      </trkpt>
      <trkpt lat="22.54895643331110477447509765625" lon="114.01474392972886562347412109375">
        <ele>11</ele>
        <time>2026-08-12T22:54:12.000Z</time>
        <extensions>
          <ns3:TrackPointExtension>
            <ns3:atemp>33.0</ns3:atemp>
            <ns3:hr>171</ns3:hr>
            <ns3:cad>87</ns3:cad>
          </ns3:TrackPointExtension>
        </extensions>
      </trkpt>
      <trkpt lat="22.54898174665868282318115234375" lon="114.01473127305507659912109375">
        <ele>11</ele>
        <time>2026-08-12T22:54:13.000Z</time>
        <extensions>
          <ns3:TrackPointExtension>
            <ns3:atemp>33.0</ns3:atemp>
            <ns3:hr>171</ns3:hr>
            <ns3:cad>87</ns3:cad>
          </ns3:TrackPointExtension>
        </extensions>
      </trkpt>
      <trkpt lat="22.548996247351169586181640625" lon="114.01471828110516071319580078125">
        <ele>11</ele>
        <time>2026-08-12T22:54:14.000Z</time>
        <extensions>
          <ns3:TrackPointExtension>
            <ns3:atemp>33.0</ns3:atemp>
            <ns3:hr>170</ns3:hr>
            <ns3:cad>87</ns3:cad>
          </ns3:TrackPointExtension>
        </extensions>
      </trkpt>
      <trkpt lat="22.54901804029941558837890625" lon="114.0147036127746105194091796875">
        <ele>11</ele>
        <time>2026-08-12T22:54:15.000Z</time>
        <extensions>
          <ns3:TrackPointExtension>
            <ns3:atemp>33.0</ns3:atemp>
            <ns3:hr>170</ns3:hr>
            <ns3:cad>87</ns3:cad>
          </ns3:TrackPointExtension>
        </extensions>
      </trkpt>
      <trkpt lat="22.54903472028672695159912109375" lon="114.01468525640666484832763671875">
        <ele>11</ele>
        <time>2026-08-12T22:54:16.000Z</time>
        <extensions>
          <ns3:TrackPointExtension>
            <ns3:atemp>33.0</ns3:atemp>
            <ns3:hr>169</ns3:hr>
            <ns3:cad>87</ns3:cad>
          </ns3:TrackPointExtension>
        </extensions>
      </trkpt>
      <trkpt lat="22.54905827343463897705078125" lon="114.0146674029529094696044921875">
        <ele>11</ele>
        <time>2026-08-12T22:54:17.000Z</time>
        <extensions>
          <ns3:TrackPointExtension>
            <ns3:atemp>33.0</ns3:atemp>
            <ns3:hr>169</ns3:hr>
            <ns3:cad>87</ns3:cad>
          </ns3:TrackPointExtension>
        </extensions>
      </trkpt>
      <trkpt lat="22.54908149130642414093017578125" lon="114.01465340517461299896240234375">
        <ele>11</ele>
        <time>2026-08-12T22:54:18.000Z</time>
        <extensions>
          <ns3:TrackPointExtension>
            <ns3:atemp>33.0</ns3:atemp>
            <ns3:hr>169</ns3:hr>
            <ns3:cad>86</ns3:cad>
          </ns3:TrackPointExtension>
        </extensions>
      </trkpt>
      <trkpt lat="22.5491030327975749969482421875" lon="114.0146362222731113433837890625">
        <ele>11.19999980926513671875</ele>
        <time>2026-08-12T22:54:19.000Z</time>
        <extensions>
          <ns3:TrackPointExtension>
            <ns3:atemp>33.0</ns3:atemp>
            <ns3:hr>168</ns3:hr>
            <ns3:cad>86</ns3:cad>
          </ns3:TrackPointExtension>
        </extensions>
      </trkpt>
      <trkpt lat="22.5491233170032501220703125" lon="114.01461954228579998016357421875">
        <ele>11.19999980926513671875</ele>
        <time>2026-08-12T22:54:20.000Z</time>
        <extensions>
          <ns3:TrackPointExtension>
            <ns3:atemp>33.0</ns3:atemp>
            <ns3:hr>168</ns3:hr>
            <ns3:cad>87</ns3:cad>
          </ns3:TrackPointExtension>
        </extensions>
      </trkpt>
      <trkpt lat="22.54914033226668834686279296875" lon="114.0146040357649326324462890625">
        <ele>11.3999996185302734375</ele>
        <time>2026-08-12T22:54:21.000Z</time>
        <extensions>
          <ns3:TrackPointExtension>
            <ns3:atemp>33.0</ns3:atemp>
            <ns3:hr>168</ns3:hr>
            <ns3:cad>88</ns3:cad>
          </ns3:TrackPointExtension>
        </extensions>
      </trkpt>
      <trkpt lat="22.54916095174849033355712890625" lon="114.01458836160600185394287109375">
        <ele>11.3999996185302734375</ele>
        <time>2026-08-12T22:54:22.000Z</time>
        <extensions>
          <ns3:TrackPointExtension>
            <ns3:atemp>33.0</ns3:atemp>
            <ns3:hr>168</ns3:hr>
            <ns3:cad>87</ns3:cad>
          </ns3:TrackPointExtension>
        </extensions>
      </trkpt>
      <trkpt lat="22.549175955355167388916015625" lon="114.0145772136747837066650390625">
        <ele>11.3999996185302734375</ele>
        <time>2026-08-12T22:54:23.000Z</time>
        <extensions>
          <ns3:TrackPointExtension>
            <ns3:atemp>33.0</ns3:atemp>
            <ns3:hr>169</ns3:hr>
            <ns3:cad>87</ns3:cad>
          </ns3:TrackPointExtension>
        </extensions>
      </trkpt>
      <trkpt lat="22.549200095236301422119140625" lon="114.01456003077328205108642578125">
        <ele>11.19999980926513671875</ele>
        <time>2026-08-12T22:54:24.000Z</time>
        <extensions>
          <ns3:TrackPointExtension>
            <ns3:atemp>33.0</ns3:atemp>
            <ns3:hr>169</ns3:hr>
            <ns3:cad>87</ns3:cad>
          </ns3:TrackPointExtension>
        </extensions>
      </trkpt>
      <trkpt lat="22.5492166914045810699462890625" lon="114.0145470388233661651611328125">
        <ele>11.19999980926513671875</ele>
        <time>2026-08-12T22:54:25.000Z</time>
        <extensions>
          <ns3:TrackPointExtension>
            <ns3:atemp>33.0</ns3:atemp>
            <ns3:hr>170</ns3:hr>
            <ns3:cad>87</ns3:cad>
          </ns3:TrackPointExtension>
        </extensions>
      </trkpt>
      <trkpt lat="22.54923772998154163360595703125" lon="114.014531113207340240478515625">
        <ele>11.19999980926513671875</ele>
        <time>2026-08-12T22:54:26.000Z</time>
        <extensions>
          <ns3:TrackPointExtension>
            <ns3:atemp>33.0</ns3:atemp>
            <ns3:hr>170</ns3:hr>
            <ns3:cad>87</ns3:cad>
          </ns3:TrackPointExtension>
        </extensions>
      </trkpt>
      <trkpt lat="22.54925516434013843536376953125" lon="114.01452197693288326263427734375">
        <ele>11.19999980926513671875</ele>
        <time>2026-08-12T22:54:27.000Z</time>
        <extensions>
          <ns3:TrackPointExtension>
            <ns3:atemp>33.0</ns3:atemp>
            <ns3:hr>171</ns3:hr>
            <ns3:cad>87</ns3:cad>
          </ns3:TrackPointExtension>
        </extensions>
      </trkpt>
      <trkpt lat="22.549275197088718414306640625" lon="114.014508984982967376708984375">
        <ele>11.3999996185302734375</ele>
        <time>2026-08-12T22:54:28.000Z</time>
        <extensions>
          <ns3:TrackPointExtension>
            <ns3:atemp>33.0</ns3:atemp>
            <ns3:hr>171</ns3:hr>
            <ns3:cad>87</ns3:cad>
          </ns3:TrackPointExtension>
        </extensions>
      </trkpt>
      <trkpt lat="22.54929472692310810089111328125" lon="114.014494903385639190673828125">
        <ele>11.3999996185302734375</ele>
        <time>2026-08-12T22:54:29.000Z</time>
        <extensions>
          <ns3:TrackPointExtension>
            <ns3:atemp>33.0</ns3:atemp>
            <ns3:hr>171</ns3:hr>
            <ns3:cad>86</ns3:cad>
          </ns3:TrackPointExtension>
        </extensions>
      </trkpt>
      <trkpt lat="22.54931584931910037994384765625" lon="114.01447914540767669677734375">
        <ele>11.3999996185302734375</ele>
        <time>2026-08-12T22:54:30.000Z</time>
        <extensions>
          <ns3:TrackPointExtension>
            <ns3:atemp>33.0</ns3:atemp>
            <ns3:hr>170</ns3:hr>
            <ns3:cad>86</ns3:cad>
          </ns3:TrackPointExtension>
        </extensions>
      </trkpt>
      <trkpt lat="22.5493390671908855438232421875" lon="114.01446414180099964141845703125">
        <ele>11.3999996185302734375</ele>
        <time>2026-08-12T22:54:31.000Z</time>
        <extensions>
          <ns3:TrackPointExtension>
            <ns3:atemp>33.0</ns3:atemp>
            <ns3:hr>170</ns3:hr>
            <ns3:cad>86</ns3:cad>
          </ns3:TrackPointExtension>
        </extensions>
      </trkpt>
      <trkpt lat="22.5493528135120868682861328125" lon="114.01445140130817890167236328125">
        <ele>11.3999996185302734375</ele>
        <time>2026-08-12T22:54:32.000Z</time>
        <extensions>
          <ns3:TrackPointExtension>
            <ns3:atemp>33.0</ns3:atemp>
            <ns3:hr>170</ns3:hr>
            <ns3:cad>86</ns3:cad>
          </ns3:TrackPointExtension>
        </extensions>
      </trkpt>
      <trkpt lat="22.54937653429806232452392578125" lon="114.01443597860634326934814453125">
        <ele>11.19999980926513671875</ele>
        <time>2026-08-12T22:54:33.000Z</time>
        <extensions>
          <ns3:TrackPointExtension>
            <ns3:atemp>34.0</ns3:atemp>
            <ns3:hr>169</ns3:hr>
            <ns3:cad>86</ns3:cad>
          </ns3:TrackPointExtension>
        </extensions>
      </trkpt>
      <trkpt lat="22.5493957288563251495361328125" lon="114.01442374102771282196044921875">
        <ele>11.3999996185302734375</ele>
        <time>2026-08-12T22:54:34.000Z</time>
        <extensions>
          <ns3:TrackPointExtension>
            <ns3:atemp>33.0</ns3:atemp>
            <ns3:hr>169</ns3:hr>
            <ns3:cad>86</ns3:cad>
          </ns3:TrackPointExtension>
        </extensions>
      </trkpt>
      <trkpt lat="22.54941727034747600555419921875" lon="114.0144073963165283203125">
        <ele>11.3999996185302734375</ele>
        <time>2026-08-12T22:54:35.000Z</time>
        <extensions>
          <ns3:TrackPointExtension>
            <ns3:atemp>34.0</ns3:atemp>
            <ns3:hr>169</ns3:hr>
            <ns3:cad>86</ns3:cad>
          </ns3:TrackPointExtension>
        </extensions>
      </trkpt>
      <trkpt lat="22.5494383089244365692138671875" lon="114.0143921412527561187744140625">
        <ele>11.3999996185302734375</ele>
        <time>2026-08-12T22:54:36.000Z</time>
        <extensions>
          <ns3:TrackPointExtension>
            <ns3:atemp>33.0</ns3:atemp>
            <ns3:hr>169</ns3:hr>
            <ns3:cad>86</ns3:cad>
          </ns3:TrackPointExtension>
        </extensions>
      </trkpt>
      <trkpt lat="22.549456246197223663330078125" lon="114.01437194086611270904541015625">
        <ele>11.3999996185302734375</ele>
        <time>2026-08-12T22:54:37.000Z</time>
        <extensions>
          <ns3:TrackPointExtension>
            <ns3:atemp>34.0</ns3:atemp>
            <ns3:hr>169</ns3:hr>
            <ns3:cad>86</ns3:cad>
          </ns3:TrackPointExtension>
        </extensions>
      </trkpt>
      <trkpt lat="22.54947979934513568878173828125" lon="114.014357440173625946044921875">
        <ele>11.6000003814697265625</ele>
        <time>2026-08-12T22:54:38.000Z</time>
        <extensions>
          <ns3:TrackPointExtension>
            <ns3:atemp>33.0</ns3:atemp>
            <ns3:hr>169</ns3:hr>
            <ns3:cad>86</ns3:cad>
          </ns3:TrackPointExtension>
        </extensions>
      </trkpt>
      <trkpt lat="22.5494969822466373443603515625" lon="114.01434763334691524505615234375">
        <ele>11.6000003814697265625</ele>
        <time>2026-08-12T22:54:39.000Z</time>
        <extensions>
          <ns3:TrackPointExtension>
            <ns3:atemp>33.0</ns3:atemp>
            <ns3:hr>170</ns3:hr>
            <ns3:cad>86</ns3:cad>
          </ns3:TrackPointExtension>
        </extensions>
      </trkpt>
      <trkpt lat="22.54952388815581798553466796875" lon="114.0143321268260478973388671875">
        <ele>11.6000003814697265625</ele>
        <time>2026-08-12T22:54:40.000Z</time>
        <extensions>
          <ns3:TrackPointExtension>
            <ns3:atemp>33.0</ns3:atemp>
            <ns3:hr>169</ns3:hr>
            <ns3:cad>87</ns3:cad>
          </ns3:TrackPointExtension>
        </extensions>
      </trkpt>
      <trkpt lat="22.54954115487635135650634765625" lon="114.0143193863332271575927734375">
        <ele>11.6000003814697265625</ele>
        <time>2026-08-12T22:54:41.000Z</time>
        <extensions>
          <ns3:TrackPointExtension>
            <ns3:atemp>33.0</ns3:atemp>
            <ns3:hr>169</ns3:hr>
            <ns3:cad>87</ns3:cad>
          </ns3:TrackPointExtension>
        </extensions>
      </trkpt>
      <trkpt lat="22.549560181796550750732421875" lon="114.0143041312694549560546875">
        <ele>11.6000003814697265625</ele>
        <time>2026-08-12T22:54:42.000Z</time>
        <extensions>
          <ns3:TrackPointExtension>
            <ns3:atemp>33.0</ns3:atemp>
            <ns3:hr>170</ns3:hr>
            <ns3:cad>87</ns3:cad>
          </ns3:TrackPointExtension>
        </extensions>
      </trkpt>
      <trkpt lat="22.54957803525030612945556640625" lon="114.0142898820340633392333984375">
        <ele>11.6000003814697265625</ele>
        <time>2026-08-12T22:54:43.000Z</time>
        <extensions>
          <ns3:TrackPointExtension>
            <ns3:atemp>33.0</ns3:atemp>
            <ns3:hr>169</ns3:hr>
            <ns3:cad>87</ns3:cad>
          </ns3:TrackPointExtension>
        </extensions>
      </trkpt>
      <trkpt lat="22.54960167221724987030029296875" lon="114.01427797973155975341796875">
        <ele>11.6000003814697265625</ele>
        <time>2026-08-12T22:54:44.000Z</time>
        <extensions>
          <ns3:TrackPointExtension>
            <ns3:atemp>33.0</ns3:atemp>
            <ns3:hr>169</ns3:hr>
            <ns3:cad>87</ns3:cad>
          </ns3:TrackPointExtension>
        </extensions>
      </trkpt>
      <trkpt lat="22.549619860947132110595703125" lon="114.014267586171627044677734375">
        <ele>11.80000019073486328125</ele>
        <time>2026-08-12T22:54:45.000Z</time>
        <extensions>
          <ns3:TrackPointExtension>
            <ns3:atemp>33.0</ns3:atemp>
            <ns3:hr>169</ns3:hr>
            <ns3:cad>87</ns3:cad>
          </ns3:TrackPointExtension>
        </extensions>
      </trkpt>
      <trkpt lat="22.54963704384863376617431640625" lon="114.01425543241202831268310546875">
        <ele>11.80000019073486328125</ele>
        <time>2026-08-12T22:54:46.000Z</time>
        <extensions>
          <ns3:TrackPointExtension>
            <ns3:atemp>33.0</ns3:atemp>
            <ns3:hr>168</ns3:hr>
            <ns3:cad>87</ns3:cad>
          </ns3:TrackPointExtension>
        </extensions>
      </trkpt>
      <trkpt lat="22.5496570765972137451171875" lon="114.01424453593790531158447265625">
        <ele>11.80000019073486328125</ele>
        <time>2026-08-12T22:54:47.000Z</time>
        <extensions>
          <ns3:TrackPointExtension>
            <ns3:atemp>33.0</ns3:atemp>
            <ns3:hr>168</ns3:hr>
            <ns3:cad>87</ns3:cad>
          </ns3:TrackPointExtension>
        </extensions>
      </trkpt>
      <trkpt lat="22.54967342130839824676513671875" lon="114.01422835886478424072265625">
        <ele>12</ele>
        <time>2026-08-12T22:54:48.000Z</time>
        <extensions>
          <ns3:TrackPointExtension>
            <ns3:atemp>34.0</ns3:atemp>
            <ns3:hr>168</ns3:hr>
            <ns3:cad>87</ns3:cad>
          </ns3:TrackPointExtension>
        </extensions>
      </trkpt>
      <trkpt lat="22.54969605244696140289306640625" lon="114.01421352289617061614990234375">
        <ele>12</ele>
        <time>2026-08-12T22:54:49.000Z</time>
        <extensions>
          <ns3:TrackPointExtension>
            <ns3:atemp>33.0</ns3:atemp>
            <ns3:hr>169</ns3:hr>
            <ns3:cad>87</ns3:cad>
          </ns3:TrackPointExtension>
        </extensions>
      </trkpt>
      <trkpt lat="22.54971407353878021240234375" lon="114.01419944129884243011474609375">
        <ele>11.80000019073486328125</ele>
        <time>2026-08-12T22:54:50.000Z</time>
        <extensions>
          <ns3:TrackPointExtension>
            <ns3:atemp>33.0</ns3:atemp>
            <ns3:hr>168</ns3:hr>
            <ns3:cad>88</ns3:cad>
          </ns3:TrackPointExtension>
        </extensions>
      </trkpt>
      <trkpt lat="22.54974148236215114593505859375" lon="114.0141869522631168365478515625">
        <ele>11.80000019073486328125</ele>
        <time>2026-08-12T22:54:51.000Z</time>
        <extensions>
          <ns3:TrackPointExtension>
            <ns3:atemp>33.0</ns3:atemp>
            <ns3:hr>168</ns3:hr>
            <ns3:cad>87</ns3:cad>
          </ns3:TrackPointExtension>
        </extensions>
      </trkpt>
      <trkpt lat="22.5497554801404476165771484375" lon="114.0141748823225498199462890625">
        <ele>11.80000019073486328125</ele>
        <time>2026-08-12T22:54:52.000Z</time>
        <extensions>
          <ns3:TrackPointExtension>
            <ns3:atemp>33.0</ns3:atemp>
            <ns3:hr>169</ns3:hr>
            <ns3:cad>87</ns3:cad>
          </ns3:TrackPointExtension>
        </extensions>
      </trkpt>
      <trkpt lat="22.54977953620254993438720703125" lon="114.01416222564876079559326171875">
        <ele>11.80000019073486328125</ele>
        <time>2026-08-12T22:54:53.000Z</time>
        <extensions>
          <ns3:TrackPointExtension>
            <ns3:atemp>34.0</ns3:atemp>
            <ns3:hr>168</ns3:hr>
            <ns3:cad>87</ns3:cad>
          </ns3:TrackPointExtension>
        </extensions>
      </trkpt>
      <trkpt lat="22.5497983954846858978271484375" lon="114.01414713822305202484130859375">
        <ele>11.80000019073486328125</ele>
        <time>2026-08-12T22:54:54.000Z</time>
        <extensions>
          <ns3:TrackPointExtension>
            <ns3:atemp>33.0</ns3:atemp>
            <ns3:hr>168</ns3:hr>
            <ns3:cad>87</ns3:cad>
          </ns3:TrackPointExtension>
        </extensions>
      </trkpt>
      <trkpt lat="22.5498208589851856231689453125" lon="114.01413372717797756195068359375">
        <ele>12</ele>
        <time>2026-08-12T22:54:55.000Z</time>
        <extensions>
          <ns3:TrackPointExtension>
            <ns3:atemp>33.0</ns3:atemp>
            <ns3:hr>168</ns3:hr>
            <ns3:cad>87</ns3:cad>
          </ns3:TrackPointExtension>
        </extensions>
      </trkpt>
      <trkpt lat="22.54984005354344844818115234375" lon="114.01412283070385456085205078125">
        <ele>12</ele>
        <time>2026-08-12T22:54:56.000Z</time>
        <extensions>
          <ns3:TrackPointExtension>
            <ns3:atemp>33.0</ns3:atemp>
            <ns3:hr>168</ns3:hr>
            <ns3:cad>87</ns3:cad>
          </ns3:TrackPointExtension>
        </extensions>
      </trkpt>
      <trkpt lat="22.54985891282558441162109375" lon="114.0141084976494312286376953125">
        <ele>12</ele>
        <time>2026-08-12T22:54:57.000Z</time>
        <extensions>
          <ns3:TrackPointExtension>
            <ns3:atemp>33.0</ns3:atemp>
            <ns3:hr>168</ns3:hr>
            <ns3:cad>87</ns3:cad>
          </ns3:TrackPointExtension>
        </extensions>
      </trkpt>
      <trkpt lat="22.54987894557416439056396484375" lon="114.01409349404275417327880859375">
        <ele>12</ele>
        <time>2026-08-12T22:54:58.000Z</time>
        <extensions>
          <ns3:TrackPointExtension>
            <ns3:atemp>34.0</ns3:atemp>
            <ns3:hr>168</ns3:hr>
            <ns3:cad>88</ns3:cad>
          </ns3:TrackPointExtension>
        </extensions>
      </trkpt>
      <trkpt lat="22.54989403299987316131591796875" lon="114.01407572440803050994873046875">
        <ele>12</ele>
        <time>2026-08-12T22:54:59.000Z</time>
        <extensions>
          <ns3:TrackPointExtension>
            <ns3:atemp>33.0</ns3:atemp>
            <ns3:hr>169</ns3:hr>
            <ns3:cad>87</ns3:cad>
          </ns3:TrackPointExtension>
        </extensions>
      </trkpt>
      <trkpt lat="22.54992018453776836395263671875" lon="114.0140652470290660858154296875">
        <ele>12</ele>
        <time>2026-08-12T22:55:00.000Z</time>
        <extensions>
          <ns3:TrackPointExtension>
            <ns3:atemp>34.0</ns3:atemp>
            <ns3:hr>169</ns3:hr>
            <ns3:cad>87</ns3:cad>
          </ns3:TrackPointExtension>
        </extensions>
      </trkpt>
      <trkpt lat="22.54993292503058910369873046875" lon="114.014050662517547607421875">
        <ele>12</ele>
        <time>2026-08-12T22:55:01.000Z</time>
        <extensions>
          <ns3:TrackPointExtension>
            <ns3:atemp>33.0</ns3:atemp>
            <ns3:hr>170</ns3:hr>
            <ns3:cad>87</ns3:cad>
          </ns3:TrackPointExtension>
        </extensions>
      </trkpt>
      <trkpt lat="22.54995681345462799072265625" lon="114.014035575091838836669921875">
        <ele>12</ele>
        <time>2026-08-12T22:55:02.000Z</time>
        <extensions>
          <ns3:TrackPointExtension>
            <ns3:atemp>33.0</ns3:atemp>
            <ns3:hr>170</ns3:hr>
            <ns3:cad>87</ns3:cad>
          </ns3:TrackPointExtension>
        </extensions>
      </trkpt>
      <trkpt lat="22.549969218671321868896484375" lon="114.01402048766613006591796875">
        <ele>12</ele>
        <time>2026-08-12T22:55:03.000Z</time>
        <extensions>
          <ns3:TrackPointExtension>
            <ns3:atemp>33.0</ns3:atemp>
            <ns3:hr>171</ns3:hr>
            <ns3:cad>87</ns3:cad>
          </ns3:TrackPointExtension>
        </extensions>
      </trkpt>
      <trkpt lat="22.5499911792576313018798828125" lon="114.0140072442591190338134765625">
        <ele>12</ele>
        <time>2026-08-12T22:55:04.000Z</time>
        <extensions>
          <ns3:TrackPointExtension>
            <ns3:atemp>33.0</ns3:atemp>
            <ns3:hr>172</ns3:hr>
            <ns3:cad>86</ns3:cad>
          </ns3:TrackPointExtension>
        </extensions>
      </trkpt>
      <trkpt lat="22.5500099547207355499267578125" lon="114.01399224065244197845458984375">
        <ele>12</ele>
        <time>2026-08-12T22:55:05.000Z</time>
        <extensions>
          <ns3:TrackPointExtension>
            <ns3:atemp>33.0</ns3:atemp>
            <ns3:hr>172</ns3:hr>
            <ns3:cad>87</ns3:cad>
          </ns3:TrackPointExtension>
        </extensions>
      </trkpt>
      <trkpt lat="22.5500290654599666595458984375" lon="114.01398084126412868499755859375">
        <ele>12.19999980926513671875</ele>
        <time>2026-08-12T22:55:06.000Z</time>
        <extensions>
          <ns3:TrackPointExtension>
            <ns3:atemp>33.0</ns3:atemp>
            <ns3:hr>172</ns3:hr>
            <ns3:cad>86</ns3:cad>
          </ns3:TrackPointExtension>
        </extensions>
      </trkpt>
      <trkpt lat="22.5500508584082126617431640625" lon="114.01396893896162509918212890625">
        <ele>12.19999980926513671875</ele>
        <time>2026-08-12T22:55:07.000Z</time>
        <extensions>
          <ns3:TrackPointExtension>
            <ns3:atemp>33.0</ns3:atemp>
            <ns3:hr>172</ns3:hr>
            <ns3:cad>87</ns3:cad>
          </ns3:TrackPointExtension>
        </extensions>
      </trkpt>
      <trkpt lat="22.55006611347198486328125" lon="114.0139566175639629364013671875">
        <ele>12.19999980926513671875</ele>
        <time>2026-08-12T22:55:08.000Z</time>
        <extensions>
          <ns3:TrackPointExtension>
            <ns3:atemp>33.0</ns3:atemp>
            <ns3:hr>172</ns3:hr>
            <ns3:cad>86</ns3:cad>
          </ns3:TrackPointExtension>
        </extensions>
      </trkpt>
      <trkpt lat="22.55008832551538944244384765625" lon="114.01394228450953960418701171875">
        <ele>12.19999980926513671875</ele>
        <time>2026-08-12T22:55:09.000Z</time>
        <extensions>
          <ns3:TrackPointExtension>
            <ns3:atemp>33.0</ns3:atemp>
            <ns3:hr>171</ns3:hr>
            <ns3:cad>87</ns3:cad>
          </ns3:TrackPointExtension>
        </extensions>
      </trkpt>
      <trkpt lat="22.5501023232936859130859375" lon="114.0139261074364185333251953125">
        <ele>12.19999980926513671875</ele>
        <time>2026-08-12T22:55:10.000Z</time>
        <extensions>
          <ns3:TrackPointExtension>
            <ns3:atemp>33.0</ns3:atemp>
            <ns3:hr>171</ns3:hr>
            <ns3:cad>87</ns3:cad>
          </ns3:TrackPointExtension>
        </extensions>
      </trkpt>
      <trkpt lat="22.55012319423258304595947265625" lon="114.013911187648773193359375">
        <ele>12.3999996185302734375</ele>
        <time>2026-08-12T22:55:11.000Z</time>
        <extensions>
          <ns3:TrackPointExtension>
            <ns3:atemp>33.0</ns3:atemp>
            <ns3:hr>171</ns3:hr>
            <ns3:cad>87</ns3:cad>
          </ns3:TrackPointExtension>
        </extensions>
      </trkpt>
      <trkpt lat="22.550140209496021270751953125" lon="114.0138992853462696075439453125">
        <ele>12.3999996185302734375</ele>
        <time>2026-08-12T22:55:12.000Z</time>
        <extensions>
          <ns3:TrackPointExtension>
            <ns3:atemp>33.0</ns3:atemp>
            <ns3:hr>170</ns3:hr>
            <ns3:cad>87</ns3:cad>
          </ns3:TrackPointExtension>
        </extensions>
      </trkpt>
      <trkpt lat="22.5501588173210620880126953125" lon="114.013891406357288360595703125">
        <ele>12.3999996185302734375</ele>
        <time>2026-08-12T22:55:13.000Z</time>
        <extensions>
          <ns3:TrackPointExtension>
            <ns3:atemp>33.0</ns3:atemp>
            <ns3:hr>170</ns3:hr>
            <ns3:cad>87</ns3:cad>
          </ns3:TrackPointExtension>
        </extensions>
      </trkpt>
      <trkpt lat="22.5501826219260692596435546875" lon="114.01389283128082752227783203125">
        <ele>12.3999996185302734375</ele>
        <time>2026-08-12T22:55:14.000Z</time>
        <extensions>
          <ns3:TrackPointExtension>
            <ns3:atemp>33.0</ns3:atemp>
            <ns3:hr>169</ns3:hr>
            <ns3:cad>87</ns3:cad>
          </ns3:TrackPointExtension>
        </extensions>
      </trkpt>
      <trkpt lat="22.550200559198856353759765625" lon="114.013889729976654052734375">
        <ele>12.3999996185302734375</ele>
        <time>2026-08-12T22:55:15.000Z</time>
        <extensions>
          <ns3:TrackPointExtension>
            <ns3:atemp>34.0</ns3:atemp>
            <ns3:hr>169</ns3:hr>
            <ns3:cad>86</ns3:cad>
          </ns3:TrackPointExtension>
        </extensions>
      </trkpt>
      <trkpt lat="22.5502272136509418487548828125" lon="114.01389844715595245361328125">
        <ele>12.3999996185302734375</ele>
        <time>2026-08-12T22:55:16.000Z</time>
        <extensions>
          <ns3:TrackPointExtension>
            <ns3:atemp>33.0</ns3:atemp>
            <ns3:hr>168</ns3:hr>
            <ns3:cad>85</ns3:cad>
          </ns3:TrackPointExtension>
        </extensions>
      </trkpt>
      <trkpt lat="22.55024305544793605804443359375" lon="114.013896770775318145751953125">
        <ele>12.3999996185302734375</ele>
        <time>2026-08-12T22:55:17.000Z</time>
        <extensions>
          <ns3:TrackPointExtension>
            <ns3:atemp>33.0</ns3:atemp>
            <ns3:hr>168</ns3:hr>
            <ns3:cad>85</ns3:cad>
          </ns3:TrackPointExtension>
        </extensions>
      </trkpt>
      <trkpt lat="22.55027105100452899932861328125" lon="114.0139002911746501922607421875">
        <ele>12.3999996185302734375</ele>
        <time>2026-08-12T22:55:18.000Z</time>
        <extensions>
          <ns3:TrackPointExtension>
            <ns3:atemp>33.0</ns3:atemp>
            <ns3:hr>168</ns3:hr>
            <ns3:cad>85</ns3:cad>
          </ns3:TrackPointExtension>
        </extensions>
      </trkpt>
      <trkpt lat="22.5502935983240604400634765625" lon="114.0138992853462696075439453125">
        <ele>12.3999996185302734375</ele>
        <time>2026-08-12T22:55:19.000Z</time>
        <extensions>
          <ns3:TrackPointExtension>
            <ns3:atemp>33.0</ns3:atemp>
            <ns3:hr>168</ns3:hr>
            <ns3:cad>85</ns3:cad>
          </ns3:TrackPointExtension>
        </extensions>
      </trkpt>
      <trkpt lat="22.550315894186496734619140625" lon="114.01389199309051036834716796875">
        <ele>12.3999996185302734375</ele>
        <time>2026-08-12T22:55:20.000Z</time>
        <extensions>
          <ns3:TrackPointExtension>
            <ns3:atemp>33.0</ns3:atemp>
            <ns3:hr>169</ns3:hr>
            <ns3:cad>85</ns3:cad>
          </ns3:TrackPointExtension>
        </extensions>
      </trkpt>
      <trkpt lat="22.55033860914409160614013671875" lon="114.013883359730243682861328125">
        <ele>12.6000003814697265625</ele>
        <time>2026-08-12T22:55:21.000Z</time>
        <extensions>
          <ns3:TrackPointExtension>
            <ns3:atemp>33.0</ns3:atemp>
            <ns3:hr>168</ns3:hr>
            <ns3:cad>85</ns3:cad>
          </ns3:TrackPointExtension>
        </extensions>
      </trkpt>
      <trkpt lat="22.55035302601754665374755859375" lon="114.0138711221516132354736328125">
        <ele>12.6000003814697265625</ele>
        <time>2026-08-12T22:55:22.000Z</time>
        <extensions>
          <ns3:TrackPointExtension>
            <ns3:atemp>33.0</ns3:atemp>
            <ns3:hr>168</ns3:hr>
            <ns3:cad>85</ns3:cad>
          </ns3:TrackPointExtension>
        </extensions>
      </trkpt>
      <trkpt lat="22.5503737293183803558349609375" lon="114.01385159231722354888916015625">
        <ele>12.6000003814697265625</ele>
        <time>2026-08-12T22:55:23.000Z</time>
        <extensions>
          <ns3:TrackPointExtension>
            <ns3:atemp>33.0</ns3:atemp>
            <ns3:hr>168</ns3:hr>
            <ns3:cad>86</ns3:cad>
          </ns3:TrackPointExtension>
        </extensions>
      </trkpt>
      <trkpt lat="22.55038554780185222625732421875" lon="114.0138335712254047393798828125">
        <ele>12.3999996185302734375</ele>
        <time>2026-08-12T22:55:24.000Z</time>
        <extensions>
          <ns3:TrackPointExtension>
            <ns3:atemp>33.0</ns3:atemp>
            <ns3:hr>169</ns3:hr>
            <ns3:cad>86</ns3:cad>
          </ns3:TrackPointExtension>
        </extensions>
      </trkpt>
      <trkpt lat="22.55040683783590793609619140625" lon="114.01381655596196651458740234375">
        <ele>12.3999996185302734375</ele>
        <time>2026-08-12T22:55:25.000Z</time>
        <extensions>
          <ns3:TrackPointExtension>
            <ns3:atemp>33.0</ns3:atemp>
            <ns3:hr>168</ns3:hr>
            <ns3:cad>85</ns3:cad>
          </ns3:TrackPointExtension>
        </extensions>
      </trkpt>
      <trkpt lat="22.550421170890331268310546875" lon="114.0137993730604648590087890625">
        <ele>12.3999996185302734375</ele>
        <time>2026-08-12T22:55:26.000Z</time>
        <extensions>
          <ns3:TrackPointExtension>
            <ns3:atemp>33.0</ns3:atemp>
            <ns3:hr>169</ns3:hr>
            <ns3:cad>85</ns3:cad>
          </ns3:TrackPointExtension>
        </extensions>
      </trkpt>
      <trkpt lat="22.550435923039913177490234375" lon="114.01378001086413860321044921875">
        <ele>12.3999996185302734375</ele>
        <time>2026-08-12T22:55:27.000Z</time>
        <extensions>
          <ns3:TrackPointExtension>
            <ns3:atemp>33.0</ns3:atemp>
            <ns3:hr>169</ns3:hr>
            <ns3:cad>85</ns3:cad>
          </ns3:TrackPointExtension>
        </extensions>
      </trkpt>
      <trkpt lat="22.55045595578849315643310546875" lon="114.01376106776297092437744140625">
        <ele>12.3999996185302734375</ele>
        <time>2026-08-12T22:55:28.000Z</time>
        <extensions>
          <ns3:TrackPointExtension>
            <ns3:atemp>34.0</ns3:atemp>
            <ns3:hr>170</ns3:hr>
            <ns3:cad>85</ns3:cad>
          </ns3:TrackPointExtension>
        </extensions>
      </trkpt>
      <trkpt lat="22.55046400241553783416748046875" lon="114.0137417055666446685791015625">
        <ele>12.6000003814697265625</ele>
        <time>2026-08-12T22:55:29.000Z</time>
        <extensions>
          <ns3:TrackPointExtension>
            <ns3:atemp>33.0</ns3:atemp>
            <ns3:hr>170</ns3:hr>
            <ns3:cad>85</ns3:cad>
          </ns3:TrackPointExtension>
        </extensions>
      </trkpt>
      <trkpt lat="22.550481855869293212890625" lon="114.0137167274951934814453125">
        <ele>12.6000003814697265625</ele>
        <time>2026-08-12T22:55:30.000Z</time>
        <extensions>
          <ns3:TrackPointExtension>
            <ns3:atemp>33.0</ns3:atemp>
            <ns3:hr>170</ns3:hr>
            <ns3:cad>85</ns3:cad>
          </ns3:TrackPointExtension>
        </extensions>
      </trkpt>
      <trkpt lat="22.55049048922955989837646484375" lon="114.01369719766080379486083984375">
        <ele>12.6000003814697265625</ele>
        <time>2026-08-12T22:55:31.000Z</time>
        <extensions>
          <ns3:TrackPointExtension>
            <ns3:atemp>33.0</ns3:atemp>
            <ns3:hr>169</ns3:hr>
            <ns3:cad>86</ns3:cad>
          </ns3:TrackPointExtension>
        </extensions>
      </trkpt>
      <trkpt lat="22.55050390027463436126708984375" lon="114.01367389596998691558837890625">
        <ele>12.6000003814697265625</ele>
        <time>2026-08-12T22:55:32.000Z</time>
        <extensions>
          <ns3:TrackPointExtension>
            <ns3:atemp>34.0</ns3:atemp>
            <ns3:hr>169</ns3:hr>
            <ns3:cad>86</ns3:cad>
          </ns3:TrackPointExtension>
        </extensions>
      </trkpt>
      <trkpt lat="22.5505152158439159393310546875" lon="114.013652689754962921142578125">
        <ele>12.6000003814697265625</ele>
        <time>2026-08-12T22:55:33.000Z</time>
        <extensions>
          <ns3:TrackPointExtension>
            <ns3:atemp>33.0</ns3:atemp>
            <ns3:hr>169</ns3:hr>
            <ns3:cad>85</ns3:cad>
          </ns3:TrackPointExtension>
        </extensions>
      </trkpt>
      <trkpt lat="22.55052736960351467132568359375" lon="114.01363114826381206512451171875">
        <ele>12.6000003814697265625</ele>
        <time>2026-08-12T22:55:34.000Z</time>
        <extensions>
          <ns3:TrackPointExtension>
            <ns3:atemp>33.0</ns3:atemp>
            <ns3:hr>168</ns3:hr>
            <ns3:cad>85</ns3:cad>
          </ns3:TrackPointExtension>
        </extensions>
      </trkpt>
      <trkpt lat="22.5505443848669528961181640625" lon="114.01361555792391300201416015625">
        <ele>12.80000019073486328125</ele>
        <time>2026-08-12T22:55:35.000Z</time>
        <extensions>
          <ns3:TrackPointExtension>
            <ns3:atemp>33.0</ns3:atemp>
            <ns3:hr>168</ns3:hr>
            <ns3:cad>86</ns3:cad>
          </ns3:TrackPointExtension>
        </extensions>
      </trkpt>
      <trkpt lat="22.55055871792137622833251953125" lon="114.0136008895933628082275390625">
        <ele>12.80000019073486328125</ele>
        <time>2026-08-12T22:55:36.000Z</time>
        <extensions>
          <ns3:TrackPointExtension>
            <ns3:atemp>33.0</ns3:atemp>
            <ns3:hr>168</ns3:hr>
            <ns3:cad>86</ns3:cad>
          </ns3:TrackPointExtension>
        </extensions>
      </trkpt>
      <trkpt lat="22.5505799241364002227783203125" lon="114.01358739472925662994384765625">
        <ele>12.80000019073486328125</ele>
        <time>2026-08-12T22:55:37.000Z</time>
        <extensions>
          <ns3:TrackPointExtension>
            <ns3:atemp>33.0</ns3:atemp>
            <ns3:hr>168</ns3:hr>
            <ns3:cad>86</ns3:cad>
          </ns3:TrackPointExtension>
        </extensions>
      </trkpt>
      <trkpt lat="22.5505923293530941009521484375" lon="114.013573229312896728515625">
        <ele>12.80000019073486328125</ele>
        <time>2026-08-12T22:55:38.000Z</time>
        <extensions>
          <ns3:TrackPointExtension>
            <ns3:atemp>33.0</ns3:atemp>
            <ns3:hr>171</ns3:hr>
            <ns3:cad>87</ns3:cad>
          </ns3:TrackPointExtension>
        </extensions>
      </trkpt>
      <trkpt lat="22.5506119430065155029296875" lon="114.0135603211820125579833984375">
        <ele>13</ele>
        <time>2026-08-12T22:55:39.000Z</time>
        <extensions>
          <ns3:TrackPointExtension>
            <ns3:atemp>33.0</ns3:atemp>
            <ns3:hr>172</ns3:hr>
            <ns3:cad>87</ns3:cad>
          </ns3:TrackPointExtension>
        </extensions>
      </trkpt>
      <trkpt lat="22.55062661133706569671630859375" lon="114.013549424707889556884765625">
        <ele>13</ele>
        <time>2026-08-12T22:55:40.000Z</time>
        <extensions>
          <ns3:TrackPointExtension>
            <ns3:atemp>33.0</ns3:atemp>
            <ns3:hr>172</ns3:hr>
            <ns3:cad>87</ns3:cad>
          </ns3:TrackPointExtension>
        </extensions>
      </trkpt>
      <trkpt lat="22.55064806900918483734130859375" lon="114.01353492401540279388427734375">
        <ele>13</ele>
        <time>2026-08-12T22:55:41.000Z</time>
        <extensions>
          <ns3:TrackPointExtension>
            <ns3:atemp>33.0</ns3:atemp>
            <ns3:hr>172</ns3:hr>
            <ns3:cad>87</ns3:cad>
          </ns3:TrackPointExtension>
        </extensions>
      </trkpt>
      <trkpt lat="22.5506627373397350311279296875" lon="114.0135220997035503387451171875">
        <ele>13</ele>
        <time>2026-08-12T22:55:42.000Z</time>
        <extensions>
          <ns3:TrackPointExtension>
            <ns3:atemp>33.0</ns3:atemp>
            <ns3:hr>173</ns3:hr>
            <ns3:cad>87</ns3:cad>
          </ns3:TrackPointExtension>
        </extensions>
      </trkpt>
      <trkpt lat="22.55068411119282245635986328125" lon="114.0135093592107295989990234375">
        <ele>13</ele>
        <time>2026-08-12T22:55:43.000Z</time>
        <extensions>
          <ns3:TrackPointExtension>
            <ns3:atemp>33.0</ns3:atemp>
            <ns3:hr>172</ns3:hr>
            <ns3:cad>87</ns3:cad>
          </ns3:TrackPointExtension>
        </extensions>
      </trkpt>
      <trkpt lat="22.55070338957011699676513671875" lon="114.0134959481656551361083984375">
        <ele>13</ele>
        <time>2026-08-12T22:55:44.000Z</time>
        <extensions>
          <ns3:TrackPointExtension>
            <ns3:atemp>33.0</ns3:atemp>
            <ns3:hr>173</ns3:hr>
            <ns3:cad>87</ns3:cad>
          </ns3:TrackPointExtension>
        </extensions>
      </trkpt>
      <trkpt lat="22.5507204048335552215576171875" lon="114.01348178274929523468017578125">
        <ele>13</ele>
        <time>2026-08-12T22:55:45.000Z</time>
        <extensions>
          <ns3:TrackPointExtension>
            <ns3:atemp>33.0</ns3:atemp>
            <ns3:hr>172</ns3:hr>
            <ns3:cad>87</ns3:cad>
          </ns3:TrackPointExtension>
        </extensions>
      </trkpt>
      <trkpt lat="22.55074144341051578521728515625" lon="114.01347071863710880279541015625">
        <ele>13</ele>
        <time>2026-08-12T22:55:46.000Z</time>
        <extensions>
          <ns3:TrackPointExtension>
            <ns3:atemp>33.0</ns3:atemp>
            <ns3:hr>172</ns3:hr>
            <ns3:cad>87</ns3:cad>
          </ns3:TrackPointExtension>
        </extensions>
      </trkpt>
      <trkpt lat="22.55075619556009769439697265625" lon="114.013459570705890655517578125">
        <ele>13</ele>
        <time>2026-08-12T22:55:47.000Z</time>
        <extensions>
          <ns3:TrackPointExtension>
            <ns3:atemp>33.0</ns3:atemp>
            <ns3:hr>172</ns3:hr>
            <ns3:cad>86</ns3:cad>
          </ns3:TrackPointExtension>
        </extensions>
      </trkpt>
      <trkpt lat="22.55077916197478771209716796875" lon="114.01344926096498966217041015625">
        <ele>13</ele>
        <time>2026-08-12T22:55:48.000Z</time>
        <extensions>
          <ns3:TrackPointExtension>
            <ns3:atemp>33.0</ns3:atemp>
            <ns3:hr>171</ns3:hr>
            <ns3:cad>86</ns3:cad>
          </ns3:TrackPointExtension>
        </extensions>
      </trkpt>
      <trkpt lat="22.5507921539247035980224609375" lon="114.01343635283410549163818359375">
        <ele>13</ele>
        <time>2026-08-12T22:55:49.000Z</time>
        <extensions>
          <ns3:TrackPointExtension>
            <ns3:atemp>33.0</ns3:atemp>
            <ns3:hr>171</ns3:hr>
            <ns3:cad>86</ns3:cad>
          </ns3:TrackPointExtension>
        </extensions>
      </trkpt>
      <trkpt lat="22.5508149527013301849365234375" lon="114.01342260651290416717529296875">
        <ele>13</ele>
        <time>2026-08-12T22:55:50.000Z</time>
        <extensions>
          <ns3:TrackPointExtension>
            <ns3:atemp>33.0</ns3:atemp>
            <ns3:hr>171</ns3:hr>
            <ns3:cad>87</ns3:cad>
          </ns3:TrackPointExtension>
        </extensions>
      </trkpt>
      <trkpt lat="22.55082962103188037872314453125" lon="114.0134077705442905426025390625">
        <ele>13</ele>
        <time>2026-08-12T22:55:51.000Z</time>
        <extensions>
          <ns3:TrackPointExtension>
            <ns3:atemp>33.0</ns3:atemp>
            <ns3:hr>172</ns3:hr>
            <ns3:cad>87</ns3:cad>
          </ns3:TrackPointExtension>
        </extensions>
      </trkpt>
      <trkpt lat="22.5508528389036655426025390625" lon="114.0133933536708354949951171875">
        <ele>13.19999980926513671875</ele>
        <time>2026-08-12T22:55:52.000Z</time>
        <extensions>
          <ns3:TrackPointExtension>
            <ns3:atemp>33.0</ns3:atemp>
            <ns3:hr>171</ns3:hr>
            <ns3:cad>87</ns3:cad>
          </ns3:TrackPointExtension>
        </extensions>
      </trkpt>
      <trkpt lat="22.55087186582386493682861328125" lon="114.0133816190063953399658203125">
        <ele>13.19999980926513671875</ele>
        <time>2026-08-12T22:55:53.000Z</time>
        <extensions>
          <ns3:TrackPointExtension>
            <ns3:atemp>33.0</ns3:atemp>
            <ns3:hr>171</ns3:hr>
            <ns3:cad>87</ns3:cad>
          </ns3:TrackPointExtension>
        </extensions>
      </trkpt>
      <trkpt lat="22.55089223384857177734375" lon="114.01336594484746456146240234375">
        <ele>13.19999980926513671875</ele>
        <time>2026-08-12T22:55:54.000Z</time>
        <extensions>
          <ns3:TrackPointExtension>
            <ns3:atemp>33.0</ns3:atemp>
            <ns3:hr>170</ns3:hr>
            <ns3:cad>88</ns3:cad>
          </ns3:TrackPointExtension>
        </extensions>
      </trkpt>
      <trkpt lat="22.5509115122258663177490234375" lon="114.0133541263639926910400390625">
        <ele>13.19999980926513671875</ele>
        <time>2026-08-12T22:55:55.000Z</time>
        <extensions>
          <ns3:TrackPointExtension>
            <ns3:atemp>33.0</ns3:atemp>
            <ns3:hr>170</ns3:hr>
            <ns3:cad>87</ns3:cad>
          </ns3:TrackPointExtension>
        </extensions>
      </trkpt>
      <trkpt lat="22.5509262643754482269287109375" lon="114.0133410505950450897216796875">
        <ele>13.19999980926513671875</ele>
        <time>2026-08-12T22:55:56.000Z</time>
        <extensions>
          <ns3:TrackPointExtension>
            <ns3:atemp>33.0</ns3:atemp>
            <ns3:hr>170</ns3:hr>
            <ns3:cad>88</ns3:cad>
          </ns3:TrackPointExtension>
        </extensions>
      </trkpt>
      <trkpt lat="22.55094277672469615936279296875" lon="114.01332705281674861907958984375">
        <ele>13.19999980926513671875</ele>
        <time>2026-08-12T22:55:57.000Z</time>
        <extensions>
          <ns3:TrackPointExtension>
            <ns3:atemp>33.0</ns3:atemp>
            <ns3:hr>169</ns3:hr>
            <ns3:cad>87</ns3:cad>
          </ns3:TrackPointExtension>
        </extensions>
      </trkpt>
      <trkpt lat="22.55095702596008777618408203125" lon="114.01331230066716670989990234375">
        <ele>13.19999980926513671875</ele>
        <time>2026-08-12T22:55:58.000Z</time>
        <extensions>
          <ns3:TrackPointExtension>
            <ns3:atemp>33.0</ns3:atemp>
            <ns3:hr>169</ns3:hr>
            <ns3:cad>88</ns3:cad>
          </ns3:TrackPointExtension>
        </extensions>
      </trkpt>
      <trkpt lat="22.55097563378512859344482421875" lon="114.01329495012760162353515625">
        <ele>13.3999996185302734375</ele>
        <time>2026-08-12T22:55:59.000Z</time>
        <extensions>
          <ns3:TrackPointExtension>
            <ns3:atemp>33.0</ns3:atemp>
            <ns3:hr>169</ns3:hr>
            <ns3:cad>87</ns3:cad>
          </ns3:TrackPointExtension>
        </extensions>
      </trkpt>
      <trkpt lat="22.55099105648696422576904296875" lon="114.0132800303399562835693359375">
        <ele>13.3999996185302734375</ele>
        <time>2026-08-12T22:56:00.000Z</time>
        <extensions>
          <ns3:TrackPointExtension>
            <ns3:atemp>33.0</ns3:atemp>
            <ns3:hr>169</ns3:hr>
            <ns3:cad>88</ns3:cad>
          </ns3:TrackPointExtension>
        </extensions>
      </trkpt>
      <trkpt lat="22.551013268530368804931640625" lon="114.0132629312574863433837890625">
        <ele>13.6000003814697265625</ele>
        <time>2026-08-12T22:56:01.000Z</time>
        <extensions>
          <ns3:TrackPointExtension>
            <ns3:atemp>33.0</ns3:atemp>
            <ns3:hr>168</ns3:hr>
            <ns3:cad>87</ns3:cad>
          </ns3:TrackPointExtension>
        </extensions>
      </trkpt>
      <trkpt lat="22.551032043993473052978515625" lon="114.01324574835598468780517578125">
        <ele>13.6000003814697265625</ele>
        <time>2026-08-12T22:56:02.000Z</time>
        <extensions>
          <ns3:TrackPointExtension>
            <ns3:atemp>33.0</ns3:atemp>
            <ns3:hr>168</ns3:hr>
            <ns3:cad>87</ns3:cad>
          </ns3:TrackPointExtension>
        </extensions>
      </trkpt>
      <trkpt lat="22.55105475895106792449951171875" lon="114.01323015801608562469482421875">
        <ele>13.6000003814697265625</ele>
        <time>2026-08-12T22:56:03.000Z</time>
        <extensions>
          <ns3:TrackPointExtension>
            <ns3:atemp>33.0</ns3:atemp>
            <ns3:hr>168</ns3:hr>
            <ns3:cad>87</ns3:cad>
          </ns3:TrackPointExtension>
        </extensions>
      </trkpt>
      <trkpt lat="22.55106858909130096435546875" lon="114.01321473531424999237060546875">
        <ele>13.3999996185302734375</ele>
        <time>2026-08-12T22:56:04.000Z</time>
        <extensions>
          <ns3:TrackPointExtension>
            <ns3:atemp>33.0</ns3:atemp>
            <ns3:hr>168</ns3:hr>
            <ns3:cad>87</ns3:cad>
          </ns3:TrackPointExtension>
        </extensions>
      </trkpt>
      <trkpt lat="22.5510855205357074737548828125" lon="114.0131998993456363677978515625">
        <ele>13.3999996185302734375</ele>
        <time>2026-08-12T22:56:05.000Z</time>
        <extensions>
          <ns3:TrackPointExtension>
            <ns3:atemp>33.0</ns3:atemp>
            <ns3:hr>168</ns3:hr>
            <ns3:cad>87</ns3:cad>
          </ns3:TrackPointExtension>
        </extensions>
      </trkpt>
      <trkpt lat="22.55110354162752628326416015625" lon="114.01318372227251529693603515625">
        <ele>13.3999996185302734375</ele>
        <time>2026-08-12T22:56:06.000Z</time>
        <extensions>
          <ns3:TrackPointExtension>
            <ns3:atemp>33.0</ns3:atemp>
            <ns3:hr>168</ns3:hr>
            <ns3:cad>87</ns3:cad>
          </ns3:TrackPointExtension>
        </extensions>
      </trkpt>
      <trkpt lat="22.5511187128722667694091796875" lon="114.01316829957067966461181640625">
        <ele>13.3999996185302734375</ele>
        <time>2026-08-12T22:56:07.000Z</time>
        <extensions>
          <ns3:TrackPointExtension>
            <ns3:atemp>33.0</ns3:atemp>
            <ns3:hr>168</ns3:hr>
            <ns3:cad>87</ns3:cad>
          </ns3:TrackPointExtension>
        </extensions>
      </trkpt>
      <trkpt lat="22.55114578641951084136962890625" lon="114.013157822191715240478515625">
        <ele>13.3999996185302734375</ele>
        <time>2026-08-12T22:56:08.000Z</time>
        <extensions>
          <ns3:TrackPointExtension>
            <ns3:atemp>33.0</ns3:atemp>
            <ns3:hr>169</ns3:hr>
            <ns3:cad>87</ns3:cad>
          </ns3:TrackPointExtension>
        </extensions>
      </trkpt>
      <trkpt lat="22.5511617958545684814453125" lon="114.0131422318518161773681640625">
        <ele>13.3999996185302734375</ele>
        <time>2026-08-12T22:56:09.000Z</time>
        <extensions>
          <ns3:TrackPointExtension>
            <ns3:atemp>33.0</ns3:atemp>
            <ns3:hr>168</ns3:hr>
            <ns3:cad>87</ns3:cad>
          </ns3:TrackPointExtension>
        </extensions>
      </trkpt>
      <trkpt lat="22.55118660628795623779296875" lon="114.01312639005482196807861328125">
        <ele>13.3999996185302734375</ele>
        <time>2026-08-12T22:56:10.000Z</time>
        <extensions>
          <ns3:TrackPointExtension>
            <ns3:atemp>33.0</ns3:atemp>
            <ns3:hr>168</ns3:hr>
            <ns3:cad>87</ns3:cad>
          </ns3:TrackPointExtension>
        </extensions>
      </trkpt>
      <trkpt lat="22.5512005202472209930419921875" lon="114.01311113499104976654052734375">
        <ele>13.6000003814697265625</ele>
        <time>2026-08-12T22:56:11.000Z</time>
        <extensions>
          <ns3:TrackPointExtension>
            <ns3:atemp>33.0</ns3:atemp>
            <ns3:hr>168</ns3:hr>
            <ns3:cad>87</ns3:cad>
          </ns3:TrackPointExtension>
        </extensions>
      </trkpt>
      <trkpt lat="22.55122407339513301849365234375" lon="114.01309604756534099578857421875">
        <ele>13.6000003814697265625</ele>
        <time>2026-08-12T22:56:12.000Z</time>
        <extensions>
          <ns3:TrackPointExtension>
            <ns3:atemp>33.0</ns3:atemp>
            <ns3:hr>168</ns3:hr>
            <ns3:cad>87</ns3:cad>
          </ns3:TrackPointExtension>
        </extensions>
      </trkpt>
      <trkpt lat="22.5512407533824443817138671875" lon="114.013080038130283355712890625">
        <ele>13.3999996185302734375</ele>
        <time>2026-08-12T22:56:13.000Z</time>
        <extensions>
          <ns3:TrackPointExtension>
            <ns3:atemp>33.0</ns3:atemp>
            <ns3:hr>168</ns3:hr>
            <ns3:cad>87</ns3:cad>
          </ns3:TrackPointExtension>
        </extensions>
      </trkpt>
      <trkpt lat="22.5512591935694217681884765625" lon="114.01306553743779659271240234375">
        <ele>13.6000003814697265625</ele>
        <time>2026-08-12T22:56:14.000Z</time>
        <extensions>
          <ns3:TrackPointExtension>
            <ns3:atemp>34.0</ns3:atemp>
            <ns3:hr>169</ns3:hr>
            <ns3:cad>87</ns3:cad>
          </ns3:TrackPointExtension>
        </extensions>
      </trkpt>
      <trkpt lat="22.5512798130512237548828125" lon="114.0130569040775299072265625">
        <ele>13.6000003814697265625</ele>
        <time>2026-08-12T22:56:15.000Z</time>
        <extensions>
          <ns3:TrackPointExtension>
            <ns3:atemp>33.0</ns3:atemp>
            <ns3:hr>169</ns3:hr>
            <ns3:cad>87</ns3:cad>
          </ns3:TrackPointExtension>
        </extensions>
      </trkpt>
      <trkpt lat="22.55129716359078884124755859375" lon="114.0130456723272800445556640625">
        <ele>13.6000003814697265625</ele>
        <time>2026-08-12T22:56:16.000Z</time>
        <extensions>
          <ns3:TrackPointExtension>
            <ns3:atemp>33.0</ns3:atemp>
            <ns3:hr>169</ns3:hr>
            <ns3:cad>87</ns3:cad>
          </ns3:TrackPointExtension>
        </extensions>
      </trkpt>
      <trkpt lat="22.55132013000547885894775390625" lon="114.01302874088287353515625">
        <ele>13.6000003814697265625</ele>
        <time>2026-08-12T22:56:17.000Z</time>
        <extensions>
          <ns3:TrackPointExtension>
            <ns3:atemp>33.0</ns3:atemp>
            <ns3:hr>169</ns3:hr>
            <ns3:cad>87</ns3:cad>
          </ns3:TrackPointExtension>
        </extensions>
      </trkpt>
      <trkpt lat="22.55133211612701416015625" lon="114.01301356963813304901123046875">
        <ele>13.80000019073486328125</ele>
        <time>2026-08-12T22:56:18.000Z</time>
        <extensions>
          <ns3:TrackPointExtension>
            <ns3:atemp>33.0</ns3:atemp>
            <ns3:hr>169</ns3:hr>
            <ns3:cad>87</ns3:cad>
          </ns3:TrackPointExtension>
        </extensions>
      </trkpt>
      <trkpt lat="22.55135198123753070831298828125" lon="114.0129933692514896392822265625">
        <ele>13.6000003814697265625</ele>
        <time>2026-08-12T22:56:19.000Z</time>
        <extensions>
          <ns3:TrackPointExtension>
            <ns3:atemp>33.0</ns3:atemp>
            <ns3:hr>168</ns3:hr>
            <ns3:cad>87</ns3:cad>
          </ns3:TrackPointExtension>
        </extensions>
      </trkpt>
      <trkpt lat="22.55136807449162006378173828125" lon="114.01297886855900287628173828125">
        <ele>13.80000019073486328125</ele>
        <time>2026-08-12T22:56:20.000Z</time>
        <extensions>
          <ns3:TrackPointExtension>
            <ns3:atemp>33.0</ns3:atemp>
            <ns3:hr>169</ns3:hr>
            <ns3:cad>86</ns3:cad>
          </ns3:TrackPointExtension>
        </extensions>
      </trkpt>
      <trkpt lat="22.5513865984976291656494140625" lon="114.01296210475265979766845703125">
        <ele>13.6000003814697265625</ele>
        <time>2026-08-12T22:56:21.000Z</time>
        <extensions>
          <ns3:TrackPointExtension>
            <ns3:atemp>33.0</ns3:atemp>
            <ns3:hr>169</ns3:hr>
            <ns3:cad>87</ns3:cad>
          </ns3:TrackPointExtension>
        </extensions>
      </trkpt>
      <trkpt lat="22.55140495486557483673095703125" lon="114.0129464305937290191650390625">
        <ele>13.80000019073486328125</ele>
        <time>2026-08-12T22:56:22.000Z</time>
        <extensions>
          <ns3:TrackPointExtension>
            <ns3:atemp>33.0</ns3:atemp>
            <ns3:hr>169</ns3:hr>
            <ns3:cad>86</ns3:cad>
          </ns3:TrackPointExtension>
        </extensions>
      </trkpt>
      <trkpt lat="22.5514228083193302154541015625" lon="114.0129308402538299560546875">
        <ele>13.80000019073486328125</ele>
        <time>2026-08-12T22:56:23.000Z</time>
        <extensions>
          <ns3:TrackPointExtension>
            <ns3:atemp>33.0</ns3:atemp>
            <ns3:hr>168</ns3:hr>
            <ns3:cad>87</ns3:cad>
          </ns3:TrackPointExtension>
        </extensions>
      </trkpt>
      <trkpt lat="22.55144007503986358642578125" lon="114.0129159204661846160888671875">
        <ele>13.80000019073486328125</ele>
        <time>2026-08-12T22:56:24.000Z</time>
        <extensions>
          <ns3:TrackPointExtension>
            <ns3:atemp>33.0</ns3:atemp>
            <ns3:hr>169</ns3:hr>
            <ns3:cad>87</ns3:cad>
          </ns3:TrackPointExtension>
        </extensions>
      </trkpt>
      <trkpt lat="22.5514560006558895111083984375" lon="114.012901671230792999267578125">
        <ele>13.80000019073486328125</ele>
        <time>2026-08-12T22:56:25.000Z</time>
        <extensions>
          <ns3:TrackPointExtension>
            <ns3:atemp>33.0</ns3:atemp>
            <ns3:hr>169</ns3:hr>
            <ns3:cad>87</ns3:cad>
          </ns3:TrackPointExtension>
        </extensions>
      </trkpt>
      <trkpt lat="22.55147754214704036712646484375" lon="114.01288365013897418975830078125">
        <ele>13.80000019073486328125</ele>
        <time>2026-08-12T22:56:26.000Z</time>
        <extensions>
          <ns3:TrackPointExtension>
            <ns3:atemp>33.0</ns3:atemp>
            <ns3:hr>169</ns3:hr>
            <ns3:cad>87</ns3:cad>
          </ns3:TrackPointExtension>
        </extensions>
      </trkpt>
      <trkpt lat="22.5514890253543853759765625" lon="114.0128693170845508575439453125">
        <ele>13.80000019073486328125</ele>
        <time>2026-08-12T22:56:27.000Z</time>
        <extensions>
          <ns3:TrackPointExtension>
            <ns3:atemp>33.0</ns3:atemp>
            <ns3:hr>169</ns3:hr>
            <ns3:cad>87</ns3:cad>
          </ns3:TrackPointExtension>
        </extensions>
      </trkpt>
      <trkpt lat="22.5515096448361873626708984375" lon="114.01284978725016117095947265625">
        <ele>14</ele>
        <time>2026-08-12T22:56:28.000Z</time>
        <extensions>
          <ns3:TrackPointExtension>
            <ns3:atemp>33.0</ns3:atemp>
            <ns3:hr>169</ns3:hr>
            <ns3:cad>87</ns3:cad>
          </ns3:TrackPointExtension>
        </extensions>
      </trkpt>
      <trkpt lat="22.5515186972916126251220703125" lon="114.01283562183380126953125">
        <ele>14</ele>
        <time>2026-08-12T22:56:29.000Z</time>
        <extensions>
          <ns3:TrackPointExtension>
            <ns3:atemp>33.0</ns3:atemp>
            <ns3:hr>168</ns3:hr>
            <ns3:cad>87</ns3:cad>
          </ns3:TrackPointExtension>
        </extensions>
      </trkpt>
      <trkpt lat="22.55153990350663661956787109375" lon="114.01281483471393585205078125">
        <ele>13.80000019073486328125</ele>
        <time>2026-08-12T22:56:30.000Z</time>
        <extensions>
          <ns3:TrackPointExtension>
            <ns3:atemp>33.0</ns3:atemp>
            <ns3:hr>168</ns3:hr>
            <ns3:cad>88</ns3:cad>
          </ns3:TrackPointExtension>
        </extensions>
      </trkpt>
      <trkpt lat="22.551551051437854766845703125" lon="114.01280066929757595062255859375">
        <ele>14</ele>
        <time>2026-08-12T22:56:31.000Z</time>
        <extensions>
          <ns3:TrackPointExtension>
            <ns3:atemp>33.0</ns3:atemp>
            <ns3:hr>168</ns3:hr>
            <ns3:cad>87</ns3:cad>
          </ns3:TrackPointExtension>
        </extensions>
      </trkpt>
      <trkpt lat="22.5515649653971195220947265625" lon="114.0127714164555072784423828125">
        <ele>14</ele>
        <time>2026-08-12T22:56:32.000Z</time>
        <extensions>
          <ns3:TrackPointExtension>
            <ns3:atemp>33.0</ns3:atemp>
            <ns3:hr>168</ns3:hr>
            <ns3:cad>87</ns3:cad>
          </ns3:TrackPointExtension>
        </extensions>
      </trkpt>
      <trkpt lat="22.5515736825764179229736328125" lon="114.01275590993463993072509765625">
        <ele>14.19999980926513671875</ele>
        <time>2026-08-12T22:56:33.000Z</time>
        <extensions>
          <ns3:TrackPointExtension>
            <ns3:atemp>34.0</ns3:atemp>
            <ns3:hr>168</ns3:hr>
            <ns3:cad>87</ns3:cad>
          </ns3:TrackPointExtension>
        </extensions>
      </trkpt>
      <trkpt lat="22.5515855848789215087890625" lon="114.01273797266185283660888671875">
        <ele>14.19999980926513671875</ele>
        <time>2026-08-12T22:56:34.000Z</time>
        <extensions>
          <ns3:TrackPointExtension>
            <ns3:atemp>33.0</ns3:atemp>
            <ns3:hr>168</ns3:hr>
            <ns3:cad>87</ns3:cad>
          </ns3:TrackPointExtension>
        </extensions>
      </trkpt>
      <trkpt lat="22.5516016781330108642578125" lon="114.01271970011293888092041015625">
        <ele>14.19999980926513671875</ele>
        <time>2026-08-12T22:56:35.000Z</time>
        <extensions>
          <ns3:TrackPointExtension>
            <ns3:atemp>33.0</ns3:atemp>
            <ns3:hr>168</ns3:hr>
            <ns3:cad>87</ns3:cad>
          </ns3:TrackPointExtension>
        </extensions>
      </trkpt>
      <trkpt lat="22.5516122393310070037841796875" lon="114.01269824244081974029541015625">
        <ele>14.19999980926513671875</ele>
        <time>2026-08-12T22:56:36.000Z</time>
        <extensions>
          <ns3:TrackPointExtension>
            <ns3:atemp>33.0</ns3:atemp>
            <ns3:hr>168</ns3:hr>
            <ns3:cad>87</ns3:cad>
          </ns3:TrackPointExtension>
        </extensions>
      </trkpt>
      <trkpt lat="22.55163160152733325958251953125" lon="114.01267527602612972259521484375">
        <ele>14.19999980926513671875</ele>
        <time>2026-08-12T22:56:37.000Z</time>
        <extensions>
          <ns3:TrackPointExtension>
            <ns3:atemp>33.0</ns3:atemp>
            <ns3:hr>167</ns3:hr>
            <ns3:cad>87</ns3:cad>
          </ns3:TrackPointExtension>
        </extensions>
      </trkpt>
      <trkpt lat="22.55164165981113910675048828125" lon="114.012652896344661712646484375">
        <ele>14.19999980926513671875</ele>
        <time>2026-08-12T22:56:38.000Z</time>
        <extensions>
          <ns3:TrackPointExtension>
            <ns3:atemp>33.0</ns3:atemp>
            <ns3:hr>167</ns3:hr>
            <ns3:cad>87</ns3:cad>
          </ns3:TrackPointExtension>
        </extensions>
      </trkpt>
      <trkpt lat="22.5516601838171482086181640625" lon="114.01262708008289337158203125">
        <ele>14.19999980926513671875</ele>
        <time>2026-08-12T22:56:39.000Z</time>
        <extensions>
          <ns3:TrackPointExtension>
            <ns3:atemp>33.0</ns3:atemp>
            <ns3:hr>167</ns3:hr>
            <ns3:cad>88</ns3:cad>
          </ns3:TrackPointExtension>
        </extensions>
      </trkpt>
      <trkpt lat="22.55166864953935146331787109375" lon="114.01260671205818653106689453125">
        <ele>14.19999980926513671875</ele>
        <time>2026-08-12T22:56:40.000Z</time>
        <extensions>
          <ns3:TrackPointExtension>
            <ns3:atemp>33.0</ns3:atemp>
            <ns3:hr>167</ns3:hr>
            <ns3:cad>87</ns3:cad>
          </ns3:TrackPointExtension>
        </extensions>
      </trkpt>
      <trkpt lat="22.55168189294636249542236328125" lon="114.0125876851379871368408203125">
        <ele>14.19999980926513671875</ele>
        <time>2026-08-12T22:56:41.000Z</time>
        <extensions>
          <ns3:TrackPointExtension>
            <ns3:atemp>33.0</ns3:atemp>
            <ns3:hr>168</ns3:hr>
            <ns3:cad>87</ns3:cad>
          </ns3:TrackPointExtension>
        </extensions>
      </trkpt>
      <trkpt lat="22.55169580690562725067138671875" lon="114.0125685743987560272216796875">
        <ele>14.19999980926513671875</ele>
        <time>2026-08-12T22:56:42.000Z</time>
        <extensions>
          <ns3:TrackPointExtension>
            <ns3:atemp>33.0</ns3:atemp>
            <ns3:hr>168</ns3:hr>
            <ns3:cad>87</ns3:cad>
          </ns3:TrackPointExtension>
        </extensions>
      </trkpt>
      <trkpt lat="22.55170787684619426727294921875" lon="114.012546949088573455810546875">
        <ele>14.3999996185302734375</ele>
        <time>2026-08-12T22:56:43.000Z</time>
        <extensions>
          <ns3:TrackPointExtension>
            <ns3:atemp>34.0</ns3:atemp>
            <ns3:hr>168</ns3:hr>
            <ns3:cad>86</ns3:cad>
          </ns3:TrackPointExtension>
        </extensions>
      </trkpt>
      <trkpt lat="22.55172212608158588409423828125" lon="114.01252490468323230743408203125">
        <ele>14.3999996185302734375</ele>
        <time>2026-08-12T22:56:44.000Z</time>
        <extensions>
          <ns3:TrackPointExtension>
            <ns3:atemp>33.0</ns3:atemp>
            <ns3:hr>167</ns3:hr>
            <ns3:cad>86</ns3:cad>
          </ns3:TrackPointExtension>
        </extensions>
      </trkpt>
      <trkpt lat="22.55173285491764545440673828125" lon="114.0125016868114471435546875">
        <ele>14.3999996185302734375</ele>
        <time>2026-08-12T22:56:45.000Z</time>
        <extensions>
          <ns3:TrackPointExtension>
            <ns3:atemp>33.0</ns3:atemp>
            <ns3:hr>167</ns3:hr>
            <ns3:cad>86</ns3:cad>
          </ns3:TrackPointExtension>
        </extensions>
      </trkpt>
      <trkpt lat="22.551745511591434478759765625" lon="114.012480564415454864501953125">
        <ele>14.3999996185302734375</ele>
        <time>2026-08-12T22:56:46.000Z</time>
        <extensions>
          <ns3:TrackPointExtension>
            <ns3:atemp>33.0</ns3:atemp>
            <ns3:hr>167</ns3:hr>
            <ns3:cad>86</ns3:cad>
          </ns3:TrackPointExtension>
        </extensions>
      </trkpt>
      <trkpt lat="22.55175246857106685638427734375" lon="114.01246287859976291656494140625">
        <ele>14.3999996185302734375</ele>
        <time>2026-08-12T22:56:47.000Z</time>
        <extensions>
          <ns3:TrackPointExtension>
            <ns3:atemp>33.0</ns3:atemp>
            <ns3:hr>167</ns3:hr>
            <ns3:cad>87</ns3:cad>
          </ns3:TrackPointExtension>
        </extensions>
      </trkpt>
      <trkpt lat="22.5517651252448558807373046875" lon="114.0124361403286457061767578125">
        <ele>14.3999996185302734375</ele>
        <time>2026-08-12T22:56:48.000Z</time>
        <extensions>
          <ns3:TrackPointExtension>
            <ns3:atemp>33.0</ns3:atemp>
            <ns3:hr>166</ns3:hr>
            <ns3:cad>87</ns3:cad>
          </ns3:TrackPointExtension>
        </extensions>
      </trkpt>
      <trkpt lat="22.55177442915737628936767578125" lon="114.0124173648655414581298828125">
        <ele>14.3999996185302734375</ele>
        <time>2026-08-12T22:56:49.000Z</time>
        <extensions>
          <ns3:TrackPointExtension>
            <ns3:atemp>33.0</ns3:atemp>
            <ns3:hr>167</ns3:hr>
            <ns3:cad>86</ns3:cad>
          </ns3:TrackPointExtension>
        </extensions>
      </trkpt>
      <trkpt lat="22.5517896004021167755126953125" lon="114.012395404279232025146484375">
        <ele>14.3999996185302734375</ele>
        <time>2026-08-12T22:56:50.000Z</time>
        <extensions>
          <ns3:TrackPointExtension>
            <ns3:atemp>33.0</ns3:atemp>
            <ns3:hr>167</ns3:hr>
            <ns3:cad>86</ns3:cad>
          </ns3:TrackPointExtension>
        </extensions>
      </trkpt>
      <trkpt lat="22.5518055260181427001953125" lon="114.01237252168357372283935546875">
        <ele>14.3999996185302734375</ele>
        <time>2026-08-12T22:56:51.000Z</time>
        <extensions>
          <ns3:TrackPointExtension>
            <ns3:atemp>33.0</ns3:atemp>
            <ns3:hr>166</ns3:hr>
            <ns3:cad>86</ns3:cad>
          </ns3:TrackPointExtension>
        </extensions>
      </trkpt>
      <trkpt lat="22.551819272339344024658203125" lon="114.01234838180243968963623046875">
        <ele>14.3999996185302734375</ele>
        <time>2026-08-12T22:56:52.000Z</time>
        <extensions>
          <ns3:TrackPointExtension>
            <ns3:atemp>33.0</ns3:atemp>
            <ns3:hr>166</ns3:hr>
            <ns3:cad>86</ns3:cad>
          </ns3:TrackPointExtension>
        </extensions>
      </trkpt>
      <trkpt lat="22.55183477886021137237548828125" lon="114.01232977397739887237548828125">
        <ele>14.3999996185302734375</ele>
        <time>2026-08-12T22:56:53.000Z</time>
        <extensions>
          <ns3:TrackPointExtension>
            <ns3:atemp>33.0</ns3:atemp>
            <ns3:hr>166</ns3:hr>
            <ns3:cad>86</ns3:cad>
          </ns3:TrackPointExtension>
        </extensions>
      </trkpt>
      <trkpt lat="22.55184332840144634246826171875" lon="114.01230731047689914703369140625">
        <ele>14.3999996185302734375</ele>
        <time>2026-08-12T22:56:54.000Z</time>
        <extensions>
          <ns3:TrackPointExtension>
            <ns3:atemp>33.0</ns3:atemp>
            <ns3:hr>166</ns3:hr>
            <ns3:cad>86</ns3:cad>
          </ns3:TrackPointExtension>
        </extensions>
      </trkpt>
      <trkpt lat="22.5518596731126308441162109375" lon="114.01228752918541431427001953125">
        <ele>14.3999996185302734375</ele>
        <time>2026-08-12T22:56:55.000Z</time>
        <extensions>
          <ns3:TrackPointExtension>
            <ns3:atemp>33.0</ns3:atemp>
            <ns3:hr>165</ns3:hr>
            <ns3:cad>86</ns3:cad>
          </ns3:TrackPointExtension>
        </extensions>
      </trkpt>
      <trkpt lat="22.55187534727156162261962890625" lon="114.01227177120745182037353515625">
        <ele>14.3999996185302734375</ele>
        <time>2026-08-12T22:56:56.000Z</time>
        <extensions>
          <ns3:TrackPointExtension>
            <ns3:atemp>34.0</ns3:atemp>
            <ns3:hr>165</ns3:hr>
            <ns3:cad>86</ns3:cad>
          </ns3:TrackPointExtension>
        </extensions>
      </trkpt>
      <trkpt lat="22.55189278163015842437744140625" lon="114.01225701905786991119384765625">
        <ele>14.3999996185302734375</ele>
        <time>2026-08-12T22:56:57.000Z</time>
        <extensions>
          <ns3:TrackPointExtension>
            <ns3:atemp>33.0</ns3:atemp>
            <ns3:hr>165</ns3:hr>
            <ns3:cad>86</ns3:cad>
          </ns3:TrackPointExtension>
        </extensions>
      </trkpt>
      <trkpt lat="22.55191038362681865692138671875" lon="114.012239836156368255615234375">
        <ele>14.3999996185302734375</ele>
        <time>2026-08-12T22:56:58.000Z</time>
        <extensions>
          <ns3:TrackPointExtension>
            <ns3:atemp>33.0</ns3:atemp>
            <ns3:hr>165</ns3:hr>
            <ns3:cad>86</ns3:cad>
          </ns3:TrackPointExtension>
        </extensions>
      </trkpt>
      <trkpt lat="22.55192765034735202789306640625" lon="114.01222474873065948486328125">
        <ele>14.3999996185302734375</ele>
        <time>2026-08-12T22:56:59.000Z</time>
        <extensions>
          <ns3:TrackPointExtension>
            <ns3:atemp>33.0</ns3:atemp>
            <ns3:hr>165</ns3:hr>
            <ns3:cad>86</ns3:cad>
          </ns3:TrackPointExtension>
        </extensions>
      </trkpt>
      <trkpt lat="22.55194592289626598358154296875" lon="114.0122081525623798370361328125">
        <ele>14.3999996185302734375</ele>
        <time>2026-08-12T22:57:00.000Z</time>
        <extensions>
          <ns3:TrackPointExtension>
            <ns3:atemp>33.0</ns3:atemp>
            <ns3:hr>165</ns3:hr>
            <ns3:cad>86</ns3:cad>
          </ns3:TrackPointExtension>
        </extensions>
      </trkpt>
      <trkpt lat="22.55195698700845241546630859375" lon="114.01218996383249759674072265625">
        <ele>14.3999996185302734375</ele>
        <time>2026-08-12T22:57:01.000Z</time>
        <extensions>
          <ns3:TrackPointExtension>
            <ns3:atemp>33.0</ns3:atemp>
            <ns3:hr>165</ns3:hr>
            <ns3:cad>86</ns3:cad>
          </ns3:TrackPointExtension>
        </extensions>
      </trkpt>
      <trkpt lat="22.5519733317196369171142578125" lon="114.0121699310839176177978515625">
        <ele>14.3999996185302734375</ele>
        <time>2026-08-12T22:57:02.000Z</time>
        <extensions>
          <ns3:TrackPointExtension>
            <ns3:atemp>33.0</ns3:atemp>
            <ns3:hr>164</ns3:hr>
            <ns3:cad>86</ns3:cad>
          </ns3:TrackPointExtension>
        </extensions>
      </trkpt>
      <trkpt lat="22.5519798696041107177734375" lon="114.012150652706623077392578125">
        <ele>14.3999996185302734375</ele>
        <time>2026-08-12T22:57:03.000Z</time>
        <extensions>
          <ns3:TrackPointExtension>
            <ns3:atemp>33.0</ns3:atemp>
            <ns3:hr>164</ns3:hr>
            <ns3:cad>87</ns3:cad>
          </ns3:TrackPointExtension>
        </extensions>
      </trkpt>
      <trkpt lat="22.55199663341045379638671875" lon="114.0121320448815822601318359375">
        <ele>14.3999996185302734375</ele>
        <time>2026-08-12T22:57:04.000Z</time>
        <extensions>
          <ns3:TrackPointExtension>
            <ns3:atemp>33.0</ns3:atemp>
            <ns3:hr>164</ns3:hr>
            <ns3:cad>87</ns3:cad>
          </ns3:TrackPointExtension>
        </extensions>
      </trkpt>
      <trkpt lat="22.55200677551329135894775390625" lon="114.01211050339043140411376953125">
        <ele>14.3999996185302734375</ele>
        <time>2026-08-12T22:57:05.000Z</time>
        <extensions>
          <ns3:TrackPointExtension>
            <ns3:atemp>33.0</ns3:atemp>
            <ns3:hr>164</ns3:hr>
            <ns3:cad>87</ns3:cad>
          </ns3:TrackPointExtension>
        </extensions>
      </trkpt>
      <trkpt lat="22.5520219467580318450927734375" lon="114.012085609138011932373046875">
        <ele>14.6000003814697265625</ele>
        <time>2026-08-12T22:57:06.000Z</time>
        <extensions>
          <ns3:TrackPointExtension>
            <ns3:atemp>33.0</ns3:atemp>
            <ns3:hr>163</ns3:hr>
            <ns3:cad>87</ns3:cad>
          </ns3:TrackPointExtension>
        </extensions>
      </trkpt>
      <trkpt lat="22.5520330108702182769775390625" lon="114.01206188835203647613525390625">
        <ele>14.6000003814697265625</ele>
        <time>2026-08-12T22:57:07.000Z</time>
        <extensions>
          <ns3:TrackPointExtension>
            <ns3:atemp>33.0</ns3:atemp>
            <ns3:hr>163</ns3:hr>
            <ns3:cad>86</ns3:cad>
          </ns3:TrackPointExtension>
        </extensions>
      </trkpt>
      <trkpt lat="22.552042566239833831787109375" lon="114.01203925721347332000732421875">
        <ele>14.6000003814697265625</ele>
        <time>2026-08-12T22:57:08.000Z</time>
        <extensions>
          <ns3:TrackPointExtension>
            <ns3:atemp>33.0</ns3:atemp>
            <ns3:hr>163</ns3:hr>
            <ns3:cad>86</ns3:cad>
          </ns3:TrackPointExtension>
        </extensions>
      </trkpt>
      <trkpt lat="22.55205631256103515625" lon="114.0120135247707366943359375">
        <ele>14.6000003814697265625</ele>
        <time>2026-08-12T22:57:09.000Z</time>
        <extensions>
          <ns3:TrackPointExtension>
            <ns3:atemp>33.0</ns3:atemp>
            <ns3:hr>163</ns3:hr>
            <ns3:cad>86</ns3:cad>
          </ns3:TrackPointExtension>
        </extensions>
      </trkpt>
      <trkpt lat="22.55206058733165264129638671875" lon="114.01198896579444408416748046875">
        <ele>14.6000003814697265625</ele>
        <time>2026-08-12T22:57:10.000Z</time>
        <extensions>
          <ns3:TrackPointExtension>
            <ns3:atemp>33.0</ns3:atemp>
            <ns3:hr>164</ns3:hr>
            <ns3:cad>86</ns3:cad>
          </ns3:TrackPointExtension>
        </extensions>
      </trkpt>
      <trkpt lat="22.55207148380577564239501953125" lon="114.01196532882750034332275390625">
        <ele>14.6000003814697265625</ele>
        <time>2026-08-12T22:57:11.000Z</time>
        <extensions>
          <ns3:TrackPointExtension>
            <ns3:atemp>33.0</ns3:atemp>
            <ns3:hr>163</ns3:hr>
            <ns3:cad>87</ns3:cad>
          </ns3:TrackPointExtension>
        </extensions>
      </trkpt>
      <trkpt lat="22.55208003334701061248779296875" lon="114.01194722391664981842041015625">
        <ele>14.6000003814697265625</ele>
        <time>2026-08-12T22:57:12.000Z</time>
        <extensions>
          <ns3:TrackPointExtension>
            <ns3:atemp>33.0</ns3:atemp>
            <ns3:hr>163</ns3:hr>
            <ns3:cad>87</ns3:cad>
          </ns3:TrackPointExtension>
        </extensions>
      </trkpt>
      <trkpt lat="22.5520978868007659912109375" lon="114.01192610152065753936767578125">
        <ele>14.6000003814697265625</ele>
        <time>2026-08-12T22:57:13.000Z</time>
        <extensions>
          <ns3:TrackPointExtension>
            <ns3:atemp>33.0</ns3:atemp>
            <ns3:hr>164</ns3:hr>
            <ns3:cad>87</ns3:cad>
          </ns3:TrackPointExtension>
        </extensions>
      </trkpt>
      <trkpt lat="22.55211037583649158477783203125" lon="114.01190816424787044525146484375">
        <ele>14.80000019073486328125</ele>
        <time>2026-08-12T22:57:14.000Z</time>
        <extensions>
          <ns3:TrackPointExtension>
            <ns3:atemp>33.0</ns3:atemp>
            <ns3:hr>163</ns3:hr>
            <ns3:cad>88</ns3:cad>
          </ns3:TrackPointExtension>
        </extensions>
      </trkpt>
      <trkpt lat="22.55212806165218353271484375" lon="114.011889137327671051025390625">
        <ele>14.80000019073486328125</ele>
        <time>2026-08-12T22:57:15.000Z</time>
        <extensions>
          <ns3:TrackPointExtension>
            <ns3:atemp>33.0</ns3:atemp>
            <ns3:hr>163</ns3:hr>
            <ns3:cad>87</ns3:cad>
          </ns3:TrackPointExtension>
        </extensions>
      </trkpt>
      <trkpt lat="22.552141137421131134033203125" lon="114.01187078095972537994384765625">
        <ele>14.80000019073486328125</ele>
        <time>2026-08-12T22:57:16.000Z</time>
        <extensions>
          <ns3:TrackPointExtension>
            <ns3:atemp>33.0</ns3:atemp>
            <ns3:hr>164</ns3:hr>
            <ns3:cad>87</ns3:cad>
          </ns3:TrackPointExtension>
        </extensions>
      </trkpt>
      <trkpt lat="22.5521570630371570587158203125" lon="114.01184362359344959259033203125">
        <ele>14.80000019073486328125</ele>
        <time>2026-08-12T22:57:17.000Z</time>
        <extensions>
          <ns3:TrackPointExtension>
            <ns3:atemp>33.0</ns3:atemp>
            <ns3:hr>164</ns3:hr>
            <ns3:cad>87</ns3:cad>
          </ns3:TrackPointExtension>
        </extensions>
      </trkpt>
      <trkpt lat="22.552166618406772613525390625" lon="114.01181965135037899017333984375">
        <ele>14.80000019073486328125</ele>
        <time>2026-08-12T22:57:18.000Z</time>
        <extensions>
          <ns3:TrackPointExtension>
            <ns3:atemp>33.0</ns3:atemp>
            <ns3:hr>164</ns3:hr>
            <ns3:cad>87</ns3:cad>
          </ns3:TrackPointExtension>
        </extensions>
      </trkpt>
      <trkpt lat="22.55217659287154674530029296875" lon="114.01179484091699123382568359375">
        <ele>14.80000019073486328125</ele>
        <time>2026-08-12T22:57:19.000Z</time>
        <extensions>
          <ns3:TrackPointExtension>
            <ns3:atemp>33.0</ns3:atemp>
            <ns3:hr>164</ns3:hr>
            <ns3:cad>87</ns3:cad>
          </ns3:TrackPointExtension>
        </extensions>
      </trkpt>
      <trkpt lat="22.55219109356403350830078125" lon="114.0117702819406986236572265625">
        <ele>15</ele>
        <time>2026-08-12T22:57:20.000Z</time>
        <extensions>
          <ns3:TrackPointExtension>
            <ns3:atemp>33.0</ns3:atemp>
            <ns3:hr>164</ns3:hr>
            <ns3:cad>87</ns3:cad>
          </ns3:TrackPointExtension>
        </extensions>
      </trkpt>
      <trkpt lat="22.55219645798206329345703125" lon="114.0117491595447063446044921875">
        <ele>15</ele>
        <time>2026-08-12T22:57:21.000Z</time>
        <extensions>
          <ns3:TrackPointExtension>
            <ns3:atemp>33.0</ns3:atemp>
            <ns3:hr>164</ns3:hr>
            <ns3:cad>87</ns3:cad>
          </ns3:TrackPointExtension>
        </extensions>
      </trkpt>
      <trkpt lat="22.55220944993197917938232421875" lon="114.01172610931098461151123046875">
        <ele>15</ele>
        <time>2026-08-12T22:57:22.000Z</time>
        <extensions>
          <ns3:TrackPointExtension>
            <ns3:atemp>33.0</ns3:atemp>
            <ns3:hr>165</ns3:hr>
            <ns3:cad>87</ns3:cad>
          </ns3:TrackPointExtension>
        </extensions>
      </trkpt>
      <trkpt lat="22.5522204302251338958740234375" lon="114.01170733384788036346435546875">
        <ele>15</ele>
        <time>2026-08-12T22:57:23.000Z</time>
        <extensions>
          <ns3:TrackPointExtension>
            <ns3:atemp>33.0</ns3:atemp>
            <ns3:hr>165</ns3:hr>
            <ns3:cad>87</ns3:cad>
          </ns3:TrackPointExtension>
        </extensions>
      </trkpt>
      <trkpt lat="22.55223157815635204315185546875" lon="114.01168252341449260711669921875">
        <ele>15</ele>
        <time>2026-08-12T22:57:24.000Z</time>
        <extensions>
          <ns3:TrackPointExtension>
            <ns3:atemp>34.0</ns3:atemp>
            <ns3:hr>166</ns3:hr>
            <ns3:cad>87</ns3:cad>
          </ns3:TrackPointExtension>
        </extensions>
      </trkpt>
      <trkpt lat="22.55224297754466533660888671875" lon="114.011661149561405181884765625">
        <ele>15</ele>
        <time>2026-08-12T22:57:25.000Z</time>
        <extensions>
          <ns3:TrackPointExtension>
            <ns3:atemp>33.0</ns3:atemp>
            <ns3:hr>166</ns3:hr>
            <ns3:cad>87</ns3:cad>
          </ns3:TrackPointExtension>
        </extensions>
      </trkpt>
      <trkpt lat="22.55225085653364658355712890625" lon="114.011639021337032318115234375">
        <ele>15</ele>
        <time>2026-08-12T22:57:26.000Z</time>
        <extensions>
          <ns3:TrackPointExtension>
            <ns3:atemp>33.0</ns3:atemp>
            <ns3:hr>166</ns3:hr>
            <ns3:cad>87</ns3:cad>
          </ns3:TrackPointExtension>
        </extensions>
      </trkpt>
      <trkpt lat="22.5522609986364841461181640625" lon="114.011616893112659454345703125">
        <ele>15.19999980926513671875</ele>
        <time>2026-08-12T22:57:27.000Z</time>
        <extensions>
          <ns3:TrackPointExtension>
            <ns3:atemp>33.0</ns3:atemp>
            <ns3:hr>166</ns3:hr>
            <ns3:cad>87</ns3:cad>
          </ns3:TrackPointExtension>
        </extensions>
      </trkpt>
      <trkpt lat="22.5522703863680362701416015625" lon="114.0115909092128276824951171875">
        <ele>15.19999980926513671875</ele>
        <time>2026-08-12T22:57:28.000Z</time>
        <extensions>
          <ns3:TrackPointExtension>
            <ns3:atemp>33.0</ns3:atemp>
            <ns3:hr>166</ns3:hr>
            <ns3:cad>87</ns3:cad>
          </ns3:TrackPointExtension>
        </extensions>
      </trkpt>
      <trkpt lat="22.552283965051174163818359375" lon="114.0115684457123279571533203125">
        <ele>15.19999980926513671875</ele>
        <time>2026-08-12T22:57:29.000Z</time>
        <extensions>
          <ns3:TrackPointExtension>
            <ns3:atemp>33.0</ns3:atemp>
            <ns3:hr>165</ns3:hr>
            <ns3:cad>87</ns3:cad>
          </ns3:TrackPointExtension>
        </extensions>
      </trkpt>
      <trkpt lat="22.55229611881077289581298828125" lon="114.01154522784054279327392578125">
        <ele>15.19999980926513671875</ele>
        <time>2026-08-12T22:57:30.000Z</time>
        <extensions>
          <ns3:TrackPointExtension>
            <ns3:atemp>33.0</ns3:atemp>
            <ns3:hr>165</ns3:hr>
            <ns3:cad>87</ns3:cad>
          </ns3:TrackPointExtension>
        </extensions>
      </trkpt>
      <trkpt lat="22.5523082725703716278076171875" lon="114.01152092032134532928466796875">
        <ele>15.19999980926513671875</ele>
        <time>2026-08-12T22:57:31.000Z</time>
        <extensions>
          <ns3:TrackPointExtension>
            <ns3:atemp>33.0</ns3:atemp>
            <ns3:hr>165</ns3:hr>
            <ns3:cad>87</ns3:cad>
          </ns3:TrackPointExtension>
        </extensions>
      </trkpt>
      <trkpt lat="22.5523159839212894439697265625" lon="114.01149979792535305023193359375">
        <ele>15.3999996185302734375</ele>
        <time>2026-08-12T22:57:32.000Z</time>
        <extensions>
          <ns3:TrackPointExtension>
            <ns3:atemp>33.0</ns3:atemp>
            <ns3:hr>166</ns3:hr>
            <ns3:cad>86</ns3:cad>
          </ns3:TrackPointExtension>
        </extensions>
      </trkpt>
      <trkpt lat="22.55232746712863445281982421875" lon="114.01147934608161449432373046875">
        <ele>15.3999996185302734375</ele>
        <time>2026-08-12T22:57:33.000Z</time>
        <extensions>
          <ns3:TrackPointExtension>
            <ns3:atemp>33.0</ns3:atemp>
            <ns3:hr>165</ns3:hr>
            <ns3:cad>86</ns3:cad>
          </ns3:TrackPointExtension>
        </extensions>
      </trkpt>
      <trkpt lat="22.5523367710411548614501953125" lon="114.0114574693143367767333984375">
        <ele>15.3999996185302734375</ele>
        <time>2026-08-12T22:57:34.000Z</time>
        <extensions>
          <ns3:TrackPointExtension>
            <ns3:atemp>33.0</ns3:atemp>
            <ns3:hr>165</ns3:hr>
            <ns3:cad>86</ns3:cad>
          </ns3:TrackPointExtension>
        </extensions>
      </trkpt>
      <trkpt lat="22.55234641022980213165283203125" lon="114.01143223978579044342041015625">
        <ele>15.6000003814697265625</ele>
        <time>2026-08-12T22:57:35.000Z</time>
        <extensions>
          <ns3:TrackPointExtension>
            <ns3:atemp>33.0</ns3:atemp>
            <ns3:hr>165</ns3:hr>
            <ns3:cad>86</ns3:cad>
          </ns3:TrackPointExtension>
        </extensions>
      </trkpt>
      <trkpt lat="22.55235697142779827117919921875" lon="114.01140868663787841796875">
        <ele>15.6000003814697265625</ele>
        <time>2026-08-12T22:57:36.000Z</time>
        <extensions>
          <ns3:TrackPointExtension>
            <ns3:atemp>33.0</ns3:atemp>
            <ns3:hr>165</ns3:hr>
            <ns3:cad>86</ns3:cad>
          </ns3:TrackPointExtension>
        </extensions>
      </trkpt>
      <trkpt lat="22.5523619167506694793701171875" lon="114.01137675158679485321044921875">
        <ele>15.6000003814697265625</ele>
        <time>2026-08-12T22:57:37.000Z</time>
        <extensions>
          <ns3:TrackPointExtension>
            <ns3:atemp>33.0</ns3:atemp>
            <ns3:hr>165</ns3:hr>
            <ns3:cad>87</ns3:cad>
          </ns3:TrackPointExtension>
        </extensions>
      </trkpt>
      <trkpt lat="22.55236920900642871856689453125" lon="114.0113538689911365509033203125">
        <ele>15.6000003814697265625</ele>
        <time>2026-08-12T22:57:38.000Z</time>
        <extensions>
          <ns3:TrackPointExtension>
            <ns3:atemp>33.0</ns3:atemp>
            <ns3:hr>165</ns3:hr>
            <ns3:cad>86</ns3:cad>
          </ns3:TrackPointExtension>
        </extensions>
      </trkpt>
      <trkpt lat="22.5523729808628559112548828125" lon="114.01132947765290737152099609375">
        <ele>15.6000003814697265625</ele>
        <time>2026-08-12T22:57:39.000Z</time>
        <extensions>
          <ns3:TrackPointExtension>
            <ns3:atemp>33.0</ns3:atemp>
            <ns3:hr>165</ns3:hr>
            <ns3:cad>87</ns3:cad>
          </ns3:TrackPointExtension>
        </extensions>
      </trkpt>
      <trkpt lat="22.55238127894699573516845703125" lon="114.01130567304790019989013671875">
        <ele>15.6000003814697265625</ele>
        <time>2026-08-12T22:57:40.000Z</time>
        <extensions>
          <ns3:TrackPointExtension>
            <ns3:atemp>33.0</ns3:atemp>
            <ns3:hr>166</ns3:hr>
            <ns3:cad>87</ns3:cad>
          </ns3:TrackPointExtension>
        </extensions>
      </trkpt>
      <trkpt lat="22.552385888993740081787109375" lon="114.01128388009965419769287109375">
        <ele>15.6000003814697265625</ele>
        <time>2026-08-12T22:57:41.000Z</time>
        <extensions>
          <ns3:TrackPointExtension>
            <ns3:atemp>34.0</ns3:atemp>
            <ns3:hr>166</ns3:hr>
            <ns3:cad>87</ns3:cad>
          </ns3:TrackPointExtension>
        </extensions>
      </trkpt>
      <trkpt lat="22.5523964501917362213134765625" lon="114.01126326061785221099853515625">
        <ele>15.6000003814697265625</ele>
        <time>2026-08-12T22:57:42.000Z</time>
        <extensions>
          <ns3:TrackPointExtension>
            <ns3:atemp>33.0</ns3:atemp>
            <ns3:hr>165</ns3:hr>
            <ns3:cad>87</ns3:cad>
          </ns3:TrackPointExtension>
        </extensions>
      </trkpt>
      <trkpt lat="22.5524009764194488525390625" lon="114.0112418867647647857666015625">
        <ele>15.6000003814697265625</ele>
        <time>2026-08-12T22:57:43.000Z</time>
        <extensions>
          <ns3:TrackPointExtension>
            <ns3:atemp>33.0</ns3:atemp>
            <ns3:hr>165</ns3:hr>
            <ns3:cad>87</ns3:cad>
          </ns3:TrackPointExtension>
        </extensions>
      </trkpt>
      <trkpt lat="22.55240927450358867645263671875" lon="114.011215232312679290771484375">
        <ele>15.6000003814697265625</ele>
        <time>2026-08-12T22:57:44.000Z</time>
        <extensions>
          <ns3:TrackPointExtension>
            <ns3:atemp>33.0</ns3:atemp>
            <ns3:hr>165</ns3:hr>
            <ns3:cad>87</ns3:cad>
          </ns3:TrackPointExtension>
        </extensions>
      </trkpt>
      <trkpt lat="22.552417404949665069580078125" lon="114.01118849404156208038330078125">
        <ele>15.6000003814697265625</ele>
        <time>2026-08-12T22:57:45.000Z</time>
        <extensions>
          <ns3:TrackPointExtension>
            <ns3:atemp>33.0</ns3:atemp>
            <ns3:hr>166</ns3:hr>
            <ns3:cad>87</ns3:cad>
          </ns3:TrackPointExtension>
        </extensions>
      </trkpt>
      <trkpt lat="22.55242486484348773956298828125" lon="114.01116183958947658538818359375">
        <ele>15.6000003814697265625</ele>
        <time>2026-08-12T22:57:46.000Z</time>
        <extensions>
          <ns3:TrackPointExtension>
            <ns3:atemp>33.0</ns3:atemp>
            <ns3:hr>166</ns3:hr>
            <ns3:cad>87</ns3:cad>
          </ns3:TrackPointExtension>
        </extensions>
      </trkpt>
      <trkpt lat="22.55243341438472270965576171875" lon="114.01113308966159820556640625">
        <ele>15.6000003814697265625</ele>
        <time>2026-08-12T22:57:47.000Z</time>
        <extensions>
          <ns3:TrackPointExtension>
            <ns3:atemp>33.0</ns3:atemp>
            <ns3:hr>166</ns3:hr>
            <ns3:cad>87</ns3:cad>
          </ns3:TrackPointExtension>
        </extensions>
      </trkpt>
      <trkpt lat="22.55243810825049877166748046875" lon="114.01110827922821044921875">
        <ele>15.6000003814697265625</ele>
        <time>2026-08-12T22:57:48.000Z</time>
        <extensions>
          <ns3:TrackPointExtension>
            <ns3:atemp>33.0</ns3:atemp>
            <ns3:hr>167</ns3:hr>
            <ns3:cad>87</ns3:cad>
          </ns3:TrackPointExtension>
        </extensions>
      </trkpt>
      <trkpt lat="22.55244984291493892669677734375" lon="114.0110827982425689697265625">
        <ele>15.6000003814697265625</ele>
        <time>2026-08-12T22:57:49.000Z</time>
        <extensions>
          <ns3:TrackPointExtension>
            <ns3:atemp>33.0</ns3:atemp>
            <ns3:hr>167</ns3:hr>
            <ns3:cad>87</ns3:cad>
          </ns3:TrackPointExtension>
        </extensions>
      </trkpt>
      <trkpt lat="22.55245386622846126556396484375" lon="114.0110599994659423828125">
        <ele>15.6000003814697265625</ele>
        <time>2026-08-12T22:57:50.000Z</time>
        <extensions>
          <ns3:TrackPointExtension>
            <ns3:atemp>33.0</ns3:atemp>
            <ns3:hr>167</ns3:hr>
            <ns3:cad>87</ns3:cad>
          </ns3:TrackPointExtension>
        </extensions>
      </trkpt>
      <trkpt lat="22.55246358923614025115966796875" lon="114.01103577576577663421630859375">
        <ele>15.3999996185302734375</ele>
        <time>2026-08-12T22:57:51.000Z</time>
        <extensions>
          <ns3:TrackPointExtension>
            <ns3:atemp>33.0</ns3:atemp>
            <ns3:hr>167</ns3:hr>
            <ns3:cad>87</ns3:cad>
          </ns3:TrackPointExtension>
        </extensions>
      </trkpt>
      <trkpt lat="22.55247004330158233642578125" lon="114.01101666502654552459716796875">
        <ele>15.3999996185302734375</ele>
        <time>2026-08-12T22:57:52.000Z</time>
        <extensions>
          <ns3:TrackPointExtension>
            <ns3:atemp>33.0</ns3:atemp>
            <ns3:hr>167</ns3:hr>
            <ns3:cad>87</ns3:cad>
          </ns3:TrackPointExtension>
        </extensions>
      </trkpt>
      <trkpt lat="22.55248638801276683807373046875" lon="114.01099470444023609161376953125">
        <ele>15.3999996185302734375</ele>
        <time>2026-08-12T22:57:53.000Z</time>
        <extensions>
          <ns3:TrackPointExtension>
            <ns3:atemp>33.0</ns3:atemp>
            <ns3:hr>167</ns3:hr>
            <ns3:cad>87</ns3:cad>
          </ns3:TrackPointExtension>
        </extensions>
      </trkpt>
      <trkpt lat="22.55250449292361736297607421875" lon="114.01098028756678104400634765625">
        <ele>15.3999996185302734375</ele>
        <time>2026-08-12T22:57:54.000Z</time>
        <extensions>
          <ns3:TrackPointExtension>
            <ns3:atemp>33.0</ns3:atemp>
            <ns3:hr>167</ns3:hr>
            <ns3:cad>86</ns3:cad>
          </ns3:TrackPointExtension>
        </extensions>
      </trkpt>
      <trkpt lat="22.55251572467386722564697265625" lon="114.010959081351757049560546875">
        <ele>15.3999996185302734375</ele>
        <time>2026-08-12T22:57:55.000Z</time>
        <extensions>
          <ns3:TrackPointExtension>
            <ns3:atemp>33.0</ns3:atemp>
            <ns3:hr>166</ns3:hr>
            <ns3:cad>87</ns3:cad>
          </ns3:TrackPointExtension>
        </extensions>
      </trkpt>
      <trkpt lat="22.55252863280475139617919921875" lon="114.01093251071870326995849609375">
        <ele>15.6000003814697265625</ele>
        <time>2026-08-12T22:57:56.000Z</time>
        <extensions>
          <ns3:TrackPointExtension>
            <ns3:atemp>33.0</ns3:atemp>
            <ns3:hr>167</ns3:hr>
            <ns3:cad>87</ns3:cad>
          </ns3:TrackPointExtension>
        </extensions>
      </trkpt>
      <trkpt lat="22.5525297224521636962890625" lon="114.01090518571436405181884765625">
        <ele>15.6000003814697265625</ele>
        <time>2026-08-12T22:57:57.000Z</time>
        <extensions>
          <ns3:TrackPointExtension>
            <ns3:atemp>34.0</ns3:atemp>
            <ns3:hr>167</ns3:hr>
            <ns3:cad>87</ns3:cad>
          </ns3:TrackPointExtension>
        </extensions>
      </trkpt>
      <trkpt lat="22.55253500305116176605224609375" lon="114.01087534613907337188720703125">
        <ele>15.6000003814697265625</ele>
        <time>2026-08-12T22:57:58.000Z</time>
        <extensions>
          <ns3:TrackPointExtension>
            <ns3:atemp>33.0</ns3:atemp>
            <ns3:hr>167</ns3:hr>
            <ns3:cad>87</ns3:cad>
          </ns3:TrackPointExtension>
        </extensions>
      </trkpt>
      <trkpt lat="22.55253533832728862762451171875" lon="114.010847099125385284423828125">
        <ele>15.6000003814697265625</ele>
        <time>2026-08-12T22:57:59.000Z</time>
        <extensions>
          <ns3:TrackPointExtension>
            <ns3:atemp>34.0</ns3:atemp>
            <ns3:hr>168</ns3:hr>
            <ns3:cad>87</ns3:cad>
          </ns3:TrackPointExtension>
        </extensions>
      </trkpt>
      <trkpt lat="22.552541457116603851318359375" lon="114.010820947587490081787109375">
        <ele>15.6000003814697265625</ele>
        <time>2026-08-12T22:58:00.000Z</time>
        <extensions>
          <ns3:TrackPointExtension>
            <ns3:atemp>33.0</ns3:atemp>
            <ns3:hr>168</ns3:hr>
            <ns3:cad>87</ns3:cad>
          </ns3:TrackPointExtension>
        </extensions>
      </trkpt>
      <trkpt lat="22.5525476597249507904052734375" lon="114.01079286821186542510986328125">
        <ele>15.6000003814697265625</ele>
        <time>2026-08-12T22:58:01.000Z</time>
        <extensions>
          <ns3:TrackPointExtension>
            <ns3:atemp>33.0</ns3:atemp>
            <ns3:hr>168</ns3:hr>
            <ns3:cad>86</ns3:cad>
          </ns3:TrackPointExtension>
        </extensions>
      </trkpt>
      <trkpt lat="22.55255780182778835296630859375" lon="114.01076571084558963775634765625">
        <ele>15.6000003814697265625</ele>
        <time>2026-08-12T22:58:02.000Z</time>
        <extensions>
          <ns3:TrackPointExtension>
            <ns3:atemp>33.0</ns3:atemp>
            <ns3:hr>168</ns3:hr>
            <ns3:cad>86</ns3:cad>
          </ns3:TrackPointExtension>
        </extensions>
      </trkpt>
      <trkpt lat="22.55256836302578449249267578125" lon="114.010738469660282135009765625">
        <ele>15.80000019073486328125</ele>
        <time>2026-08-12T22:58:03.000Z</time>
        <extensions>
          <ns3:TrackPointExtension>
            <ns3:atemp>33.0</ns3:atemp>
            <ns3:hr>167</ns3:hr>
            <ns3:cad>86</ns3:cad>
          </ns3:TrackPointExtension>
        </extensions>
      </trkpt>
      <trkpt lat="22.5525798462331295013427734375" lon="114.01071131229400634765625">
        <ele>15.80000019073486328125</ele>
        <time>2026-08-12T22:58:04.000Z</time>
        <extensions>
          <ns3:TrackPointExtension>
            <ns3:atemp>33.0</ns3:atemp>
            <ns3:hr>167</ns3:hr>
            <ns3:cad>86</ns3:cad>
          </ns3:TrackPointExtension>
        </extensions>
      </trkpt>
      <trkpt lat="22.55258965305984020233154296875" lon="114.01068775914609432220458984375">
        <ele>16</ele>
        <time>2026-08-12T22:58:05.000Z</time>
        <extensions>
          <ns3:TrackPointExtension>
            <ns3:atemp>33.0</ns3:atemp>
            <ns3:hr>167</ns3:hr>
            <ns3:cad>86</ns3:cad>
          </ns3:TrackPointExtension>
        </extensions>
      </trkpt>
      <trkpt lat="22.55259635858237743377685546875" lon="114.0106655471026897430419921875">
        <ele>16</ele>
        <time>2026-08-12T22:58:06.000Z</time>
        <extensions>
          <ns3:TrackPointExtension>
            <ns3:atemp>33.0</ns3:atemp>
            <ns3:hr>167</ns3:hr>
            <ns3:cad>86</ns3:cad>
          </ns3:TrackPointExtension>
        </extensions>
      </trkpt>
      <trkpt lat="22.552611194550991058349609375" lon="114.01063679717481136322021484375">
        <ele>16</ele>
        <time>2026-08-12T22:58:07.000Z</time>
        <extensions>
          <ns3:TrackPointExtension>
            <ns3:atemp>33.0</ns3:atemp>
            <ns3:hr>168</ns3:hr>
            <ns3:cad>86</ns3:cad>
          </ns3:TrackPointExtension>
        </extensions>
      </trkpt>
      <trkpt lat="22.55261848680675029754638671875" lon="114.01061735115945339202880859375">
        <ele>16</ele>
        <time>2026-08-12T22:58:08.000Z</time>
        <extensions>
          <ns3:TrackPointExtension>
            <ns3:atemp>33.0</ns3:atemp>
            <ns3:hr>168</ns3:hr>
            <ns3:cad>86</ns3:cad>
          </ns3:TrackPointExtension>
        </extensions>
      </trkpt>
      <trkpt lat="22.55262971855700016021728515625" lon="114.01058851741254329681396484375">
        <ele>16</ele>
        <time>2026-08-12T22:58:09.000Z</time>
        <extensions>
          <ns3:TrackPointExtension>
            <ns3:atemp>33.0</ns3:atemp>
            <ns3:hr>168</ns3:hr>
            <ns3:cad>86</ns3:cad>
          </ns3:TrackPointExtension>
        </extensions>
      </trkpt>
      <trkpt lat="22.55263642407953739166259765625" lon="114.0105689875781536102294921875">
        <ele>16</ele>
        <time>2026-08-12T22:58:10.000Z</time>
        <extensions>
          <ns3:TrackPointExtension>
            <ns3:atemp>33.0</ns3:atemp>
            <ns3:hr>168</ns3:hr>
            <ns3:cad>86</ns3:cad>
          </ns3:TrackPointExtension>
        </extensions>
      </trkpt>
      <trkpt lat="22.55264447070658206939697265625" lon="114.01054308749735355377197265625">
        <ele>16</ele>
        <time>2026-08-12T22:58:11.000Z</time>
        <extensions>
          <ns3:TrackPointExtension>
            <ns3:atemp>33.0</ns3:atemp>
            <ns3:hr>169</ns3:hr>
            <ns3:cad>86</ns3:cad>
          </ns3:TrackPointExtension>
        </extensions>
      </trkpt>
      <trkpt lat="22.55265511572360992431640625" lon="114.0105210430920124053955078125">
        <ele>16</ele>
        <time>2026-08-12T22:58:12.000Z</time>
        <extensions>
          <ns3:TrackPointExtension>
            <ns3:atemp>33.0</ns3:atemp>
            <ns3:hr>169</ns3:hr>
            <ns3:cad>87</ns3:cad>
          </ns3:TrackPointExtension>
        </extensions>
      </trkpt>
      <trkpt lat="22.552662156522274017333984375" lon="114.0105026029050350189208984375">
        <ele>16</ele>
        <time>2026-08-12T22:58:13.000Z</time>
        <extensions>
          <ns3:TrackPointExtension>
            <ns3:atemp>33.0</ns3:atemp>
            <ns3:hr>170</ns3:hr>
            <ns3:cad>86</ns3:cad>
          </ns3:TrackPointExtension>
        </extensions>
      </trkpt>
      <trkpt lat="22.55266877822577953338623046875" lon="114.01048189960420131683349609375">
        <ele>16</ele>
        <time>2026-08-12T22:58:14.000Z</time>
        <extensions>
          <ns3:TrackPointExtension>
            <ns3:atemp>33.0</ns3:atemp>
            <ns3:hr>171</ns3:hr>
            <ns3:cad>86</ns3:cad>
          </ns3:TrackPointExtension>
        </extensions>
      </trkpt>
      <trkpt lat="22.55267263390123844146728515625" lon="114.01046345941722393035888671875">
        <ele>16.200000762939453125</ele>
        <time>2026-08-12T22:58:15.000Z</time>
        <extensions>
          <ns3:TrackPointExtension>
            <ns3:atemp>33.0</ns3:atemp>
            <ns3:hr>171</ns3:hr>
            <ns3:cad>86</ns3:cad>
          </ns3:TrackPointExtension>
        </extensions>
      </trkpt>
      <trkpt lat="22.5526847876608371734619140625" lon="114.01043898425996303558349609375">
        <ele>16.200000762939453125</ele>
        <time>2026-08-12T22:58:16.000Z</time>
        <extensions>
          <ns3:TrackPointExtension>
            <ns3:atemp>33.0</ns3:atemp>
            <ns3:hr>171</ns3:hr>
            <ns3:cad>86</ns3:cad>
          </ns3:TrackPointExtension>
        </extensions>
      </trkpt>
      <trkpt lat="22.55269124172627925872802734375" lon="114.01041920296847820281982421875">
        <ele>16.200000762939453125</ele>
        <time>2026-08-12T22:58:17.000Z</time>
        <extensions>
          <ns3:TrackPointExtension>
            <ns3:atemp>33.0</ns3:atemp>
            <ns3:hr>171</ns3:hr>
            <ns3:cad>86</ns3:cad>
          </ns3:TrackPointExtension>
        </extensions>
      </trkpt>
      <trkpt lat="22.55269668996334075927734375" lon="114.01039791293442249298095703125">
        <ele>16.200000762939453125</ele>
        <time>2026-08-12T22:58:18.000Z</time>
        <extensions>
          <ns3:TrackPointExtension>
            <ns3:atemp>33.0</ns3:atemp>
            <ns3:hr>171</ns3:hr>
            <ns3:cad>87</ns3:cad>
          </ns3:TrackPointExtension>
        </extensions>
      </trkpt>
      <trkpt lat="22.55270230583846569061279296875" lon="114.01037670671939849853515625">
        <ele>16.200000762939453125</ele>
        <time>2026-08-12T22:58:19.000Z</time>
        <extensions>
          <ns3:TrackPointExtension>
            <ns3:atemp>33.0</ns3:atemp>
            <ns3:hr>171</ns3:hr>
            <ns3:cad>87</ns3:cad>
          </ns3:TrackPointExtension>
        </extensions>
      </trkpt>
      <trkpt lat="22.552706412971019744873046875" lon="114.01035315357148647308349609375">
        <ele>16.200000762939453125</ele>
        <time>2026-08-12T22:58:20.000Z</time>
        <extensions>
          <ns3:TrackPointExtension>
            <ns3:atemp>33.0</ns3:atemp>
            <ns3:hr>171</ns3:hr>
            <ns3:cad>87</ns3:cad>
          </ns3:TrackPointExtension>
        </extensions>
      </trkpt>
      <trkpt lat="22.552711106836795806884765625" lon="114.0103326179087162017822265625">
        <ele>16.3999996185302734375</ele>
        <time>2026-08-12T22:58:21.000Z</time>
        <extensions>
          <ns3:TrackPointExtension>
            <ns3:atemp>33.0</ns3:atemp>
            <ns3:hr>171</ns3:hr>
            <ns3:cad>87</ns3:cad>
          </ns3:TrackPointExtension>
        </extensions>
      </trkpt>
      <trkpt lat="22.55271135829389095306396484375" lon="114.01030872948467731475830078125">
        <ele>16.3999996185302734375</ele>
        <time>2026-08-12T22:58:22.000Z</time>
        <extensions>
          <ns3:TrackPointExtension>
            <ns3:atemp>33.0</ns3:atemp>
            <ns3:hr>171</ns3:hr>
            <ns3:cad>87</ns3:cad>
          </ns3:TrackPointExtension>
        </extensions>
      </trkpt>
      <trkpt lat="22.5527166388928890228271484375" lon="114.01028576306998729705810546875">
        <ele>16.6000003814697265625</ele>
        <time>2026-08-12T22:58:23.000Z</time>
        <extensions>
          <ns3:TrackPointExtension>
            <ns3:atemp>33.0</ns3:atemp>
            <ns3:hr>171</ns3:hr>
            <ns3:cad>86</ns3:cad>
          </ns3:TrackPointExtension>
        </extensions>
      </trkpt>
      <trkpt lat="22.55272242240607738494873046875" lon="114.01026380248367786407470703125">
        <ele>16.6000003814697265625</ele>
        <time>2026-08-12T22:58:24.000Z</time>
        <extensions>
          <ns3:TrackPointExtension>
            <ns3:atemp>33.0</ns3:atemp>
            <ns3:hr>171</ns3:hr>
            <ns3:cad>86</ns3:cad>
          </ns3:TrackPointExtension>
        </extensions>
      </trkpt>
      <trkpt lat="22.5527273677289485931396484375" lon="114.0102379024028778076171875">
        <ele>16.6000003814697265625</ele>
        <time>2026-08-12T22:58:25.000Z</time>
        <extensions>
          <ns3:TrackPointExtension>
            <ns3:atemp>33.0</ns3:atemp>
            <ns3:hr>171</ns3:hr>
            <ns3:cad>86</ns3:cad>
          </ns3:TrackPointExtension>
        </extensions>
      </trkpt>
      <trkpt lat="22.55272862501442432403564453125" lon="114.0102137625217437744140625">
        <ele>16.3999996185302734375</ele>
        <time>2026-08-12T22:58:26.000Z</time>
        <extensions>
          <ns3:TrackPointExtension>
            <ns3:atemp>33.0</ns3:atemp>
            <ns3:hr>171</ns3:hr>
            <ns3:cad>86</ns3:cad>
          </ns3:TrackPointExtension>
        </extensions>
      </trkpt>
      <trkpt lat="22.55272912792861461639404296875" lon="114.01018559932708740234375">
        <ele>16.200000762939453125</ele>
        <time>2026-08-12T22:58:27.000Z</time>
        <extensions>
          <ns3:TrackPointExtension>
            <ns3:atemp>33.0</ns3:atemp>
            <ns3:hr>170</ns3:hr>
            <ns3:cad>87</ns3:cad>
          </ns3:TrackPointExtension>
        </extensions>
      </trkpt>
      <trkpt lat="22.552734911441802978515625" lon="114.01016104035079479217529296875">
        <ele>16.200000762939453125</ele>
        <time>2026-08-12T22:58:28.000Z</time>
        <extensions>
          <ns3:TrackPointExtension>
            <ns3:atemp>33.0</ns3:atemp>
            <ns3:hr>169</ns3:hr>
            <ns3:cad>87</ns3:cad>
          </ns3:TrackPointExtension>
        </extensions>
      </trkpt>
      <trkpt lat="22.55274237133562564849853515625" lon="114.0101361460983753204345703125">
        <ele>16.3999996185302734375</ele>
        <time>2026-08-12T22:58:29.000Z</time>
        <extensions>
          <ns3:TrackPointExtension>
            <ns3:atemp>33.0</ns3:atemp>
            <ns3:hr>168</ns3:hr>
            <ns3:cad>87</ns3:cad>
          </ns3:TrackPointExtension>
        </extensions>
      </trkpt>
      <trkpt lat="22.552749998867511749267578125" lon="114.01011326350271701812744140625">
        <ele>16.3999996185302734375</ele>
        <time>2026-08-12T22:58:30.000Z</time>
        <extensions>
          <ns3:TrackPointExtension>
            <ns3:atemp>33.0</ns3:atemp>
            <ns3:hr>168</ns3:hr>
            <ns3:cad>87</ns3:cad>
          </ns3:TrackPointExtension>
        </extensions>
      </trkpt>
      <trkpt lat="22.55275242961943149566650390625" lon="114.01008971035480499267578125">
        <ele>16.6000003814697265625</ele>
        <time>2026-08-12T22:58:31.000Z</time>
        <extensions>
          <ns3:TrackPointExtension>
            <ns3:atemp>33.0</ns3:atemp>
            <ns3:hr>168</ns3:hr>
            <ns3:cad>87</ns3:cad>
          </ns3:TrackPointExtension>
        </extensions>
      </trkpt>
      <trkpt lat="22.55276064388453960418701171875" lon="114.01006632484495639801025390625">
        <ele>16.799999237060546875</ele>
        <time>2026-08-12T22:58:32.000Z</time>
        <extensions>
          <ns3:TrackPointExtension>
            <ns3:atemp>34.0</ns3:atemp>
            <ns3:hr>169</ns3:hr>
            <ns3:cad>87</ns3:cad>
          </ns3:TrackPointExtension>
        </extensions>
      </trkpt>
      <trkpt lat="22.552764415740966796875" lon="114.01004369370639324188232421875">
        <ele>16.799999237060546875</ele>
        <time>2026-08-12T22:58:33.000Z</time>
        <extensions>
          <ns3:TrackPointExtension>
            <ns3:atemp>34.0</ns3:atemp>
            <ns3:hr>168</ns3:hr>
            <ns3:cad>87</ns3:cad>
          </ns3:TrackPointExtension>
        </extensions>
      </trkpt>
      <trkpt lat="22.55277304910123348236083984375" lon="114.0100211463868618011474609375">
        <ele>17</ele>
        <time>2026-08-12T22:58:34.000Z</time>
        <extensions>
          <ns3:TrackPointExtension>
            <ns3:atemp>33.0</ns3:atemp>
            <ns3:hr>168</ns3:hr>
            <ns3:cad>87</ns3:cad>
          </ns3:TrackPointExtension>
        </extensions>
      </trkpt>
      <trkpt lat="22.55277589894831180572509765625" lon="114.00999985635280609130859375">
        <ele>17</ele>
        <time>2026-08-12T22:58:35.000Z</time>
        <extensions>
          <ns3:TrackPointExtension>
            <ns3:atemp>33.0</ns3:atemp>
            <ns3:hr>167</ns3:hr>
            <ns3:cad>87</ns3:cad>
          </ns3:TrackPointExtension>
        </extensions>
      </trkpt>
      <trkpt lat="22.55278729833662509918212890625" lon="114.00996901094913482666015625">
        <ele>17.200000762939453125</ele>
        <time>2026-08-12T22:58:36.000Z</time>
        <extensions>
          <ns3:TrackPointExtension>
            <ns3:atemp>34.0</ns3:atemp>
            <ns3:hr>167</ns3:hr>
            <ns3:cad>86</ns3:cad>
          </ns3:TrackPointExtension>
        </extensions>
      </trkpt>
      <trkpt lat="22.55279324948787689208984375" lon="114.0099420212209224700927734375">
        <ele>17.200000762939453125</ele>
        <time>2026-08-12T22:58:37.000Z</time>
        <extensions>
          <ns3:TrackPointExtension>
            <ns3:atemp>33.0</ns3:atemp>
            <ns3:hr>167</ns3:hr>
            <ns3:cad>87</ns3:cad>
          </ns3:TrackPointExtension>
        </extensions>
      </trkpt>
      <trkpt lat="22.55280255340039730072021484375" lon="114.00991813279688358306884765625">
        <ele>17.200000762939453125</ele>
        <time>2026-08-12T22:58:38.000Z</time>
        <extensions>
          <ns3:TrackPointExtension>
            <ns3:atemp>33.0</ns3:atemp>
            <ns3:hr>167</ns3:hr>
            <ns3:cad>87</ns3:cad>
          </ns3:TrackPointExtension>
        </extensions>
      </trkpt>
      <trkpt lat="22.55281261168420314788818359375" lon="114.0098954178392887115478515625">
        <ele>17.200000762939453125</ele>
        <time>2026-08-12T22:58:39.000Z</time>
        <extensions>
          <ns3:TrackPointExtension>
            <ns3:atemp>33.0</ns3:atemp>
            <ns3:hr>167</ns3:hr>
            <ns3:cad>87</ns3:cad>
          </ns3:TrackPointExtension>
        </extensions>
      </trkpt>
      <trkpt lat="22.55282568745315074920654296875" lon="114.0098702721297740936279296875">
        <ele>17.200000762939453125</ele>
        <time>2026-08-12T22:58:40.000Z</time>
        <extensions>
          <ns3:TrackPointExtension>
            <ns3:atemp>33.0</ns3:atemp>
            <ns3:hr>168</ns3:hr>
            <ns3:cad>88</ns3:cad>
          </ns3:TrackPointExtension>
        </extensions>
      </trkpt>
      <trkpt lat="22.5528370030224323272705078125" lon="114.00984420441091060638427734375">
        <ele>17.200000762939453125</ele>
        <time>2026-08-12T22:58:41.000Z</time>
        <extensions>
          <ns3:TrackPointExtension>
            <ns3:atemp>33.0</ns3:atemp>
            <ns3:hr>168</ns3:hr>
            <ns3:cad>87</ns3:cad>
          </ns3:TrackPointExtension>
        </extensions>
      </trkpt>
      <trkpt lat="22.55284546874463558197021484375" lon="114.0098233334720134735107421875">
        <ele>17.200000762939453125</ele>
        <time>2026-08-12T22:58:42.000Z</time>
        <extensions>
          <ns3:TrackPointExtension>
            <ns3:atemp>33.0</ns3:atemp>
            <ns3:hr>168</ns3:hr>
            <ns3:cad>88</ns3:cad>
          </ns3:TrackPointExtension>
        </extensions>
      </trkpt>
      <trkpt lat="22.55285468883812427520751953125" lon="114.00979709811508655548095703125">
        <ele>17.200000762939453125</ele>
        <time>2026-08-12T22:58:43.000Z</time>
        <extensions>
          <ns3:TrackPointExtension>
            <ns3:atemp>34.0</ns3:atemp>
            <ns3:hr>168</ns3:hr>
            <ns3:cad>87</ns3:cad>
          </ns3:TrackPointExtension>
        </extensions>
      </trkpt>
      <trkpt lat="22.55286390893161296844482421875" lon="114.00977614335715770721435546875">
        <ele>17.3999996185302734375</ele>
        <time>2026-08-12T22:58:44.000Z</time>
        <extensions>
          <ns3:TrackPointExtension>
            <ns3:atemp>33.0</ns3:atemp>
            <ns3:hr>168</ns3:hr>
            <ns3:cad>88</ns3:cad>
          </ns3:TrackPointExtension>
        </extensions>
      </trkpt>
      <trkpt lat="22.55287715233862400054931640625" lon="114.009754769504070281982421875">
        <ele>17.3999996185302734375</ele>
        <time>2026-08-12T22:58:45.000Z</time>
        <extensions>
          <ns3:TrackPointExtension>
            <ns3:atemp>33.0</ns3:atemp>
            <ns3:hr>168</ns3:hr>
            <ns3:cad>87</ns3:cad>
          </ns3:TrackPointExtension>
        </extensions>
      </trkpt>
      <trkpt lat="22.55289827473461627960205078125" lon="114.00973808951675891876220703125">
        <ele>17.3999996185302734375</ele>
        <time>2026-08-12T22:58:46.000Z</time>
        <extensions>
          <ns3:TrackPointExtension>
            <ns3:atemp>33.0</ns3:atemp>
            <ns3:hr>168</ns3:hr>
            <ns3:cad>87</ns3:cad>
          </ns3:TrackPointExtension>
        </extensions>
      </trkpt>
      <trkpt lat="22.55290984176099300384521484375" lon="114.0097217448055744171142578125">
        <ele>17.6000003814697265625</ele>
        <time>2026-08-12T22:58:47.000Z</time>
        <extensions>
          <ns3:TrackPointExtension>
            <ns3:atemp>33.0</ns3:atemp>
            <ns3:hr>168</ns3:hr>
            <ns3:cad>87</ns3:cad>
          </ns3:TrackPointExtension>
        </extensions>
      </trkpt>
      <trkpt lat="22.55292124114930629730224609375" lon="114.00970925576984882354736328125">
        <ele>17.799999237060546875</ele>
        <time>2026-08-12T22:58:48.000Z</time>
        <extensions>
          <ns3:TrackPointExtension>
            <ns3:atemp>33.0</ns3:atemp>
            <ns3:hr>168</ns3:hr>
            <ns3:cad>87</ns3:cad>
          </ns3:TrackPointExtension>
        </extensions>
      </trkpt>
      <trkpt lat="22.5529335625469684600830078125" lon="114.00969676673412322998046875">
        <ele>17.799999237060546875</ele>
        <time>2026-08-12T22:58:49.000Z</time>
        <extensions>
          <ns3:TrackPointExtension>
            <ns3:atemp>33.0</ns3:atemp>
            <ns3:hr>168</ns3:hr>
            <ns3:cad>87</ns3:cad>
          </ns3:TrackPointExtension>
        </extensions>
      </trkpt>
      <trkpt lat="22.552947811782360076904296875" lon="114.009686373174190521240234375">
        <ele>18</ele>
        <time>2026-08-12T22:58:50.000Z</time>
        <extensions>
          <ns3:TrackPointExtension>
            <ns3:atemp>34.0</ns3:atemp>
            <ns3:hr>169</ns3:hr>
            <ns3:cad>87</ns3:cad>
          </ns3:TrackPointExtension>
        </extensions>
      </trkpt>
      <trkpt lat="22.5529588758945465087890625" lon="114.00967522524297237396240234375">
        <ele>18</ele>
        <time>2026-08-12T22:58:51.000Z</time>
        <extensions>
          <ns3:TrackPointExtension>
            <ns3:atemp>33.0</ns3:atemp>
            <ns3:hr>169</ns3:hr>
            <ns3:cad>87</ns3:cad>
          </ns3:TrackPointExtension>
        </extensions>
      </trkpt>
      <trkpt lat="22.5529680959880352020263671875" lon="114.00966265238821506500244140625">
        <ele>17.799999237060546875</ele>
        <time>2026-08-12T22:58:52.000Z</time>
        <extensions>
          <ns3:TrackPointExtension>
            <ns3:atemp>33.0</ns3:atemp>
            <ns3:hr>169</ns3:hr>
            <ns3:cad>87</ns3:cad>
          </ns3:TrackPointExtension>
        </extensions>
      </trkpt>
      <trkpt lat="22.55297522060573101043701171875" lon="114.0096550248563289642333984375">
        <ele>17.799999237060546875</ele>
        <time>2026-08-12T22:58:53.000Z</time>
        <extensions>
          <ns3:TrackPointExtension>
            <ns3:atemp>33.0</ns3:atemp>
            <ns3:hr>169</ns3:hr>
            <ns3:cad>87</ns3:cad>
          </ns3:TrackPointExtension>
        </extensions>
      </trkpt>
      <trkpt lat="22.55297253839671611785888671875" lon="114.00965142063796520233154296875">
        <ele>17.799999237060546875</ele>
        <time>2026-08-12T22:58:54.000Z</time>
        <extensions>
          <ns3:TrackPointExtension>
            <ns3:atemp>33.0</ns3:atemp>
            <ns3:hr>170</ns3:hr>
            <ns3:cad>53</ns3:cad>
          </ns3:TrackPointExtension>
        </extensions>
      </trkpt>
      <trkpt lat="22.55297119729220867156982421875" lon="114.00964270345866680145263671875">
        <ele>17.799999237060546875</ele>
        <time>2026-08-12T22:58:55.000Z</time>
        <extensions>
          <ns3:TrackPointExtension>
            <ns3:atemp>33.0</ns3:atemp>
            <ns3:hr>170</ns3:hr>
            <ns3:cad>0</ns3:cad>
          </ns3:TrackPointExtension>
        </extensions>
      </trkpt>
      <trkpt lat="22.55297203548252582550048828125" lon="114.00962795130908489227294921875">
        <ele>17.799999237060546875</ele>
        <time>2026-08-12T22:58:56.000Z</time>
        <extensions>
          <ns3:TrackPointExtension>
            <ns3:atemp>33.0</ns3:atemp>
            <ns3:hr>170</ns3:hr>
            <ns3:cad>0</ns3:cad>
          </ns3:TrackPointExtension>
        </extensions>
      </trkpt>
      <trkpt lat="22.5529749691486358642578125" lon="114.00961034931242465972900390625">
        <ele>17.799999237060546875</ele>
        <time>2026-08-12T22:58:57.000Z</time>
        <extensions>
          <ns3:TrackPointExtension>
            <ns3:atemp>33.0</ns3:atemp>
            <ns3:hr>170</ns3:hr>
            <ns3:cad>52</ns3:cad>
          </ns3:TrackPointExtension>
        </extensions>
      </trkpt>
      <trkpt lat="22.55297354422509670257568359375" lon="114.009593836963176727294921875">
        <ele>17.6000003814697265625</ele>
        <time>2026-08-12T22:58:58.000Z</time>
        <extensions>
          <ns3:TrackPointExtension>
            <ns3:atemp>33.0</ns3:atemp>
            <ns3:hr>169</ns3:hr>
            <ns3:cad>53</ns3:cad>
          </ns3:TrackPointExtension>
        </extensions>
      </trkpt>
      <trkpt lat="22.55297052673995494842529296875" lon="114.0095789171755313873291015625">
        <ele>17.6000003814697265625</ele>
        <time>2026-08-12T22:58:59.000Z</time>
        <extensions>
          <ns3:TrackPointExtension>
            <ns3:atemp>33.0</ns3:atemp>
            <ns3:hr>169</ns3:hr>
            <ns3:cad>52</ns3:cad>
          </ns3:TrackPointExtension>
        </extensions>
      </trkpt>
      <trkpt lat="22.55296532995998859405517578125" lon="114.00956843979656696319580078125">
        <ele>17.6000003814697265625</ele>
        <time>2026-08-12T22:59:00.000Z</time>
        <extensions>
          <ns3:TrackPointExtension>
            <ns3:atemp>33.0</ns3:atemp>
            <ns3:hr>169</ns3:hr>
            <ns3:cad>52</ns3:cad>
          </ns3:TrackPointExtension>
        </extensions>
      </trkpt>
      <trkpt lat="22.552962563931941986083984375" lon="114.0095628239214420318603515625">
        <ele>17.799999237060546875</ele>
        <time>2026-08-12T22:59:01.000Z</time>
        <extensions>
          <ns3:TrackPointExtension>
            <ns3:atemp>33.0</ns3:atemp>
            <ns3:hr>168</ns3:hr>
            <ns3:cad>52</ns3:cad>
          </ns3:TrackPointExtension>
        </extensions>
      </trkpt>
      <trkpt lat="22.5529587082564830780029296875" lon="114.00955620221793651580810546875">
        <ele>17.799999237060546875</ele>
        <time>2026-08-12T22:59:02.000Z</time>
        <extensions>
          <ns3:TrackPointExtension>
            <ns3:atemp>34.0</ns3:atemp>
            <ns3:hr>168</ns3:hr>
            <ns3:cad>53</ns3:cad>
          </ns3:TrackPointExtension>
        </extensions>
      </trkpt>
      <trkpt lat="22.5529560260474681854248046875" lon="114.009549915790557861328125">
        <ele>17.799999237060546875</ele>
        <time>2026-08-12T22:59:03.000Z</time>
        <extensions>
          <ns3:TrackPointExtension>
            <ns3:atemp>33.0</ns3:atemp>
            <ns3:hr>167</ns3:hr>
            <ns3:cad>53</ns3:cad>
          </ns3:TrackPointExtension>
        </extensions>
      </trkpt>
      <trkpt lat="22.5529533438384532928466796875" lon="114.00954245589673519134521484375">
        <ele>17.799999237060546875</ele>
        <time>2026-08-12T22:59:04.000Z</time>
        <extensions>
          <ns3:TrackPointExtension>
            <ns3:atemp>33.0</ns3:atemp>
            <ns3:hr>166</ns3:hr>
            <ns3:cad>53</ns3:cad>
          </ns3:TrackPointExtension>
        </extensions>
      </trkpt>
      <trkpt lat="22.5529543496668338775634765625" lon="114.0095319785177707672119140625">
        <ele>17.6000003814697265625</ele>
        <time>2026-08-12T22:59:05.000Z</time>
        <extensions>
          <ns3:TrackPointExtension>
            <ns3:atemp>33.0</ns3:atemp>
            <ns3:hr>165</ns3:hr>
            <ns3:cad>53</ns3:cad>
          </ns3:TrackPointExtension>
        </extensions>
      </trkpt>
      <trkpt lat="22.5530830956995487213134765625" lon="114.00923701934516429901123046875">
        <ele>18.200000762939453125</ele>
        <time>2026-08-12T22:59:57.000Z</time>
        <extensions>
          <ns3:TrackPointExtension>
            <ns3:atemp>33.0</ns3:atemp>
            <ns3:hr>137</ns3:hr>
            <ns3:cad>53</ns3:cad>
          </ns3:TrackPointExtension>
        </extensions>
      </trkpt>
      <trkpt lat="22.5530857779085636138916015625" lon="114.009230397641658782958984375">
        <ele>18.200000762939453125</ele>
        <time>2026-08-12T22:59:58.000Z</time>
        <extensions>
          <ns3:TrackPointExtension>
            <ns3:atemp>33.0</ns3:atemp>
            <ns3:hr>135</ns3:hr>
            <ns3:cad>53</ns3:cad>
          </ns3:TrackPointExtension>
        </extensions>
      </trkpt>
      <trkpt lat="22.553089298307895660400390625" lon="114.009224362671375274658203125">
        <ele>18.200000762939453125</ele>
        <time>2026-08-12T22:59:59.000Z</time>
        <extensions>
          <ns3:TrackPointExtension>
            <ns3:atemp>33.0</ns3:atemp>
            <ns3:hr>133</ns3:hr>
            <ns3:cad>53</ns3:cad>
          </ns3:TrackPointExtension>
        </extensions>
      </trkpt>
      <trkpt lat="22.55309424363076686859130859375" lon="114.0092138014733791351318359375">
        <ele>18.200000762939453125</ele>
        <time>2026-08-12T23:00:00.000Z</time>
        <extensions>
          <ns3:TrackPointExtension>
            <ns3:atemp>33.0</ns3:atemp>
            <ns3:hr>132</ns3:hr>
            <ns3:cad>53</ns3:cad>
          </ns3:TrackPointExtension>
        </extensions>
      </trkpt>
      <trkpt lat="22.55309893749654293060302734375" lon="114.0091987140476703643798828125">
        <ele>18.200000762939453125</ele>
        <time>2026-08-12T23:00:01.000Z</time>
        <extensions>
          <ns3:TrackPointExtension>
            <ns3:atemp>33.0</ns3:atemp>
            <ns3:hr>131</ns3:hr>
            <ns3:cad>52</ns3:cad>
          </ns3:TrackPointExtension>
        </extensions>
      </trkpt>
      <trkpt lat="22.55310195498168468475341796875" lon="114.009184129536151885986328125">
        <ele>18.200000762939453125</ele>
        <time>2026-08-12T23:00:02.000Z</time>
        <extensions>
          <ns3:TrackPointExtension>
            <ns3:atemp>33.0</ns3:atemp>
            <ns3:hr>130</ns3:hr>
            <ns3:cad>52</ns3:cad>
          </ns3:TrackPointExtension>
        </extensions>
      </trkpt>
      <trkpt lat="22.5531037151813507080078125" lon="114.00917499326169490814208984375">
        <ele>18.200000762939453125</ele>
        <time>2026-08-12T23:00:03.000Z</time>
        <extensions>
          <ns3:TrackPointExtension>
            <ns3:atemp>33.0</ns3:atemp>
            <ns3:hr>130</ns3:hr>
            <ns3:cad>52</ns3:cad>
          </ns3:TrackPointExtension>
        </extensions>
      </trkpt>
      <trkpt lat="22.55310446955263614654541015625" lon="114.00916560553014278411865234375">
        <ele>18.200000762939453125</ele>
        <time>2026-08-12T23:00:04.000Z</time>
        <extensions>
          <ns3:TrackPointExtension>
            <ns3:atemp>33.0</ns3:atemp>
            <ns3:hr>130</ns3:hr>
            <ns3:cad>51</ns3:cad>
          </ns3:TrackPointExtension>
        </extensions>
      </trkpt>
      <trkpt lat="22.55310237407684326171875" lon="114.00915588252246379852294921875">
        <ele>18.200000762939453125</ele>
        <time>2026-08-12T23:00:05.000Z</time>
        <extensions>
          <ns3:TrackPointExtension>
            <ns3:atemp>33.0</ns3:atemp>
            <ns3:hr>130</ns3:hr>
            <ns3:cad>51</ns3:cad>
          </ns3:TrackPointExtension>
        </extensions>
      </trkpt>
      <trkpt lat="22.553097344934940338134765625" lon="114.00915102101862430572509765625">
        <ele>18.200000762939453125</ele>
        <time>2026-08-12T23:00:06.000Z</time>
        <extensions>
          <ns3:TrackPointExtension>
            <ns3:atemp>33.0</ns3:atemp>
            <ns3:hr>129</ns3:hr>
            <ns3:cad>0</ns3:cad>
          </ns3:TrackPointExtension>
        </extensions>
      </trkpt>
      <trkpt lat="22.55309139378368854522705078125" lon="114.00914683006703853607177734375">
        <ele>18.200000762939453125</ele>
        <time>2026-08-12T23:00:07.000Z</time>
        <extensions>
          <ns3:TrackPointExtension>
            <ns3:atemp>33.0</ns3:atemp>
            <ns3:hr>130</ns3:hr>
            <ns3:cad>0</ns3:cad>
          </ns3:TrackPointExtension>
        </extensions>
      </trkpt>
      <trkpt lat="22.5530874542891979217529296875" lon="114.00914079509675502777099609375">
        <ele>18</ele>
        <time>2026-08-12T23:00:08.000Z</time>
        <extensions>
          <ns3:TrackPointExtension>
            <ns3:atemp>33.0</ns3:atemp>
            <ns3:hr>129</ns3:hr>
            <ns3:cad>0</ns3:cad>
          </ns3:TrackPointExtension>
        </extensions>
      </trkpt>
      <trkpt lat="22.553083263337612152099609375" lon="114.00913727469742298126220703125">
        <ele>18</ele>
        <time>2026-08-12T23:00:09.000Z</time>
        <extensions>
          <ns3:TrackPointExtension>
            <ns3:atemp>33.0</ns3:atemp>
            <ns3:hr>129</ns3:hr>
            <ns3:cad>0</ns3:cad>
          </ns3:TrackPointExtension>
        </extensions>
      </trkpt>
      <trkpt lat="22.55307999439537525177001953125" lon="114.009131826460361480712890625">
        <ele>18</ele>
        <time>2026-08-12T23:00:10.000Z</time>
        <extensions>
          <ns3:TrackPointExtension>
            <ns3:atemp>33.0</ns3:atemp>
            <ns3:hr>129</ns3:hr>
            <ns3:cad>0</ns3:cad>
          </ns3:TrackPointExtension>
        </extensions>
      </trkpt>
      <trkpt lat="22.55307932384312152862548828125" lon="114.00912956334650516510009765625">
        <ele>18</ele>
        <time>2026-08-12T23:00:11.000Z</time>
        <extensions>
          <ns3:TrackPointExtension>
            <ns3:atemp>33.0</ns3:atemp>
            <ns3:hr>129</ns3:hr>
            <ns3:cad>0</ns3:cad>
          </ns3:TrackPointExtension>
        </extensions>
      </trkpt>
      <trkpt lat="22.55307949148118495941162109375" lon="114.00912813842296600341796875">
        <ele>17.799999237060546875</ele>
        <time>2026-08-12T23:00:12.000Z</time>
        <extensions>
          <ns3:TrackPointExtension>
            <ns3:atemp>33.0</ns3:atemp>
            <ns3:hr>128</ns3:hr>
            <ns3:cad>0</ns3:cad>
          </ns3:TrackPointExtension>
        </extensions>
      </trkpt>
      <trkpt lat="22.55307965911924839019775390625" lon="114.00912721641361713409423828125">
        <ele>17.799999237060546875</ele>
        <time>2026-08-12T23:00:13.000Z</time>
        <extensions>
          <ns3:TrackPointExtension>
            <ns3:atemp>33.0</ns3:atemp>
            <ns3:hr>129</ns3:hr>
            <ns3:cad>0</ns3:cad>
          </ns3:TrackPointExtension>
        </extensions>
      </trkpt>
      <trkpt lat="22.5530800782144069671630859375" lon="114.00912537239491939544677734375">
        <ele>18</ele>
        <time>2026-08-12T23:00:14.000Z</time>
        <extensions>
          <ns3:TrackPointExtension>
            <ns3:atemp>33.0</ns3:atemp>
            <ns3:hr>129</ns3:hr>
            <ns3:cad>0</ns3:cad>
          </ns3:TrackPointExtension>
        </extensions>
      </trkpt>
      <trkpt lat="22.55307219922542572021484375" lon="114.009135179221630096435546875">
        <ele>18</ele>
        <time>2026-08-12T23:00:15.000Z</time>
        <extensions>
          <ns3:TrackPointExtension>
            <ns3:atemp>33.0</ns3:atemp>
            <ns3:hr>128</ns3:hr>
            <ns3:cad>0</ns3:cad>
          </ns3:TrackPointExtension>
        </extensions>
      </trkpt>
      <trkpt lat="22.55300070159137248992919921875" lon="114.00904993526637554168701171875">
        <ele>17.799999237060546875</ele>
        <time>2026-08-12T23:01:22.000Z</time>
        <extensions>
          <ns3:TrackPointExtension>
            <ns3:atemp>33.0</ns3:atemp>
            <ns3:hr>123</ns3:hr>
            <ns3:cad>83</ns3:cad>
          </ns3:TrackPointExtension>
        </extensions>
      </trkpt>
      <trkpt lat="22.5529868714511394500732421875" lon="114.0090314112603664398193359375">
        <ele>17.799999237060546875</ele>
        <time>2026-08-12T23:01:23.000Z</time>
        <extensions>
          <ns3:TrackPointExtension>
            <ns3:atemp>33.0</ns3:atemp>
            <ns3:hr>124</ns3:hr>
            <ns3:cad>83</ns3:cad>
          </ns3:TrackPointExtension>
        </extensions>
      </trkpt>
      <trkpt lat="22.5529744662344455718994140625" lon="114.00901707820594310760498046875">
        <ele>17.6000003814697265625</ele>
        <time>2026-08-12T23:01:24.000Z</time>
        <extensions>
          <ns3:TrackPointExtension>
            <ns3:atemp>33.0</ns3:atemp>
            <ns3:hr>125</ns3:hr>
            <ns3:cad>83</ns3:cad>
          </ns3:TrackPointExtension>
        </extensions>
      </trkpt>
      <trkpt lat="22.55295862443745136260986328125" lon="114.00899402797222137451171875">
        <ele>17.6000003814697265625</ele>
        <time>2026-08-12T23:01:25.000Z</time>
        <extensions>
          <ns3:TrackPointExtension>
            <ns3:atemp>33.0</ns3:atemp>
            <ns3:hr>126</ns3:hr>
            <ns3:cad>83</ns3:cad>
          </ns3:TrackPointExtension>
        </extensions>
      </trkpt>
      <trkpt lat="22.55294613540172576904296875" lon="114.0089826285839080810546875">
        <ele>17.6000003814697265625</ele>
        <time>2026-08-12T23:01:26.000Z</time>
        <extensions>
          <ns3:TrackPointExtension>
            <ns3:atemp>33.0</ns3:atemp>
            <ns3:hr>127</ns3:hr>
            <ns3:cad>84</ns3:cad>
          </ns3:TrackPointExtension>
        </extensions>
      </trkpt>
      <trkpt lat="22.5529240071773529052734375" lon="114.0089697204530239105224609375">
        <ele>17.6000003814697265625</ele>
        <time>2026-08-12T23:01:27.000Z</time>
        <extensions>
          <ns3:TrackPointExtension>
            <ns3:atemp>33.0</ns3:atemp>
            <ns3:hr>128</ns3:hr>
            <ns3:cad>85</ns3:cad>
          </ns3:TrackPointExtension>
        </extensions>
      </trkpt>
      <trkpt lat="22.5529027171432971954345703125" lon="114.00895840488374233245849609375">
        <ele>17.799999237060546875</ele>
        <time>2026-08-12T23:01:28.000Z</time>
        <extensions>
          <ns3:TrackPointExtension>
            <ns3:atemp>33.0</ns3:atemp>
            <ns3:hr>128</ns3:hr>
            <ns3:cad>85</ns3:cad>
          </ns3:TrackPointExtension>
        </extensions>
      </trkpt>
      <trkpt lat="22.5528846122324466705322265625" lon="114.0089499391615390777587890625">
        <ele>18.200000762939453125</ele>
        <time>2026-08-12T23:01:29.000Z</time>
        <extensions>
          <ns3:TrackPointExtension>
            <ns3:atemp>33.0</ns3:atemp>
            <ns3:hr>128</ns3:hr>
            <ns3:cad>85</ns3:cad>
          </ns3:TrackPointExtension>
        </extensions>
      </trkpt>
      <trkpt lat="22.55285854451358318328857421875" lon="114.00894038379192352294921875">
        <ele>18.3999996185302734375</ele>
        <time>2026-08-12T23:01:30.000Z</time>
        <extensions>
          <ns3:TrackPointExtension>
            <ns3:atemp>33.0</ns3:atemp>
            <ns3:hr>128</ns3:hr>
            <ns3:cad>85</ns3:cad>
          </ns3:TrackPointExtension>
        </extensions>
      </trkpt>
      <trkpt lat="22.55284060724079608917236328125" lon="114.008934684097766876220703125">
        <ele>18.6000003814697265625</ele>
        <time>2026-08-12T23:01:31.000Z</time>
        <extensions>
          <ns3:TrackPointExtension>
            <ns3:atemp>33.0</ns3:atemp>
            <ns3:hr>128</ns3:hr>
            <ns3:cad>85</ns3:cad>
          </ns3:TrackPointExtension>
        </extensions>
      </trkpt>
      <trkpt lat="22.5528168864548206329345703125" lon="114.00892303325235843658447265625">
        <ele>18.6000003814697265625</ele>
        <time>2026-08-12T23:01:32.000Z</time>
        <extensions>
          <ns3:TrackPointExtension>
            <ns3:atemp>33.0</ns3:atemp>
            <ns3:hr>128</ns3:hr>
            <ns3:cad>85</ns3:cad>
          </ns3:TrackPointExtension>
        </extensions>
      </trkpt>
      <trkpt lat="22.55280020646750926971435546875" lon="114.0089160762727260589599609375">
        <ele>18.6000003814697265625</ele>
        <time>2026-08-12T23:01:33.000Z</time>
        <extensions>
          <ns3:TrackPointExtension>
            <ns3:atemp>33.0</ns3:atemp>
            <ns3:hr>128</ns3:hr>
            <ns3:cad>85</ns3:cad>
          </ns3:TrackPointExtension>
        </extensions>
      </trkpt>
      <trkpt lat="22.55278050899505615234375" lon="114.0089006535708904266357421875">
        <ele>18.3999996185302734375</ele>
        <time>2026-08-12T23:01:34.000Z</time>
        <extensions>
          <ns3:TrackPointExtension>
            <ns3:atemp>33.0</ns3:atemp>
            <ns3:hr>128</ns3:hr>
            <ns3:cad>85</ns3:cad>
          </ns3:TrackPointExtension>
        </extensions>
      </trkpt>
      <trkpt lat="22.55276349373161792755126953125" lon="114.0088936127722263336181640625">
        <ele>18.3999996185302734375</ele>
        <time>2026-08-12T23:01:35.000Z</time>
        <extensions>
          <ns3:TrackPointExtension>
            <ns3:atemp>33.0</ns3:atemp>
            <ns3:hr>128</ns3:hr>
            <ns3:cad>86</ns3:cad>
          </ns3:TrackPointExtension>
        </extensions>
      </trkpt>
      <trkpt lat="22.55273826420307159423828125" lon="114.00888615287840366363525390625">
        <ele>18.3999996185302734375</ele>
        <time>2026-08-12T23:01:36.000Z</time>
        <extensions>
          <ns3:TrackPointExtension>
            <ns3:atemp>33.0</ns3:atemp>
            <ns3:hr>129</ns3:hr>
            <ns3:cad>87</ns3:cad>
          </ns3:TrackPointExtension>
        </extensions>
      </trkpt>
      <trkpt lat="22.5527189858257770538330078125" lon="114.00887710042297840118408203125">
        <ele>18.3999996185302734375</ele>
        <time>2026-08-12T23:01:37.000Z</time>
        <extensions>
          <ns3:TrackPointExtension>
            <ns3:atemp>33.0</ns3:atemp>
            <ns3:hr>129</ns3:hr>
            <ns3:cad>87</ns3:cad>
          </ns3:TrackPointExtension>
        </extensions>
      </trkpt>
      <trkpt lat="22.5526992045342922210693359375" lon="114.00886662304401397705078125">
        <ele>18.200000762939453125</ele>
        <time>2026-08-12T23:01:38.000Z</time>
        <extensions>
          <ns3:TrackPointExtension>
            <ns3:atemp>33.0</ns3:atemp>
            <ns3:hr>130</ns3:hr>
            <ns3:cad>87</ns3:cad>
          </ns3:TrackPointExtension>
        </extensions>
      </trkpt>
      <trkpt lat="22.55268327891826629638671875" lon="114.008852541446685791015625">
        <ele>18</ele>
        <time>2026-08-12T23:01:39.000Z</time>
        <extensions>
          <ns3:TrackPointExtension>
            <ns3:atemp>33.0</ns3:atemp>
            <ns3:hr>131</ns3:hr>
            <ns3:cad>87</ns3:cad>
          </ns3:TrackPointExtension>
        </extensions>
      </trkpt>
      <trkpt lat="22.55266794003546237945556640625" lon="114.00884022004902362823486328125">
        <ele>18</ele>
        <time>2026-08-12T23:01:40.000Z</time>
        <extensions>
          <ns3:TrackPointExtension>
            <ns3:atemp>33.0</ns3:atemp>
            <ns3:hr>132</ns3:hr>
            <ns3:cad>87</ns3:cad>
          </ns3:TrackPointExtension>
        </extensions>
      </trkpt>
      <trkpt lat="22.55264832638204097747802734375" lon="114.0088268928229808807373046875">
        <ele>18</ele>
        <time>2026-08-12T23:01:41.000Z</time>
        <extensions>
          <ns3:TrackPointExtension>
            <ns3:atemp>33.0</ns3:atemp>
            <ns3:hr>133</ns3:hr>
            <ns3:cad>87</ns3:cad>
          </ns3:TrackPointExtension>
        </extensions>
      </trkpt>
      <trkpt lat="22.55263038910925388336181640625" lon="114.0088191814720630645751953125">
        <ele>18</ele>
        <time>2026-08-12T23:01:42.000Z</time>
        <extensions>
          <ns3:TrackPointExtension>
            <ns3:atemp>33.0</ns3:atemp>
            <ns3:hr>135</ns3:hr>
            <ns3:cad>87</ns3:cad>
          </ns3:TrackPointExtension>
        </extensions>
      </trkpt>
      <trkpt lat="22.55261144600808620452880859375" lon="114.0088067762553691864013671875">
        <ele>18.200000762939453125</ele>
        <time>2026-08-12T23:01:43.000Z</time>
        <extensions>
          <ns3:TrackPointExtension>
            <ns3:atemp>33.0</ns3:atemp>
            <ns3:hr>136</ns3:hr>
            <ns3:cad>87</ns3:cad>
          </ns3:TrackPointExtension>
        </extensions>
      </trkpt>
      <trkpt lat="22.552595101296901702880859375" lon="114.0088007412850856781005859375">
        <ele>18.200000762939453125</ele>
        <time>2026-08-12T23:01:44.000Z</time>
        <extensions>
          <ns3:TrackPointExtension>
            <ns3:atemp>33.0</ns3:atemp>
            <ns3:hr>137</ns3:hr>
            <ns3:cad>88</ns3:cad>
          </ns3:TrackPointExtension>
        </extensions>
      </trkpt>
      <trkpt lat="22.55257464945316314697265625" lon="114.00879009626805782318115234375">
        <ele>18.200000762939453125</ele>
        <time>2026-08-12T23:01:45.000Z</time>
        <extensions>
          <ns3:TrackPointExtension>
            <ns3:atemp>33.0</ns3:atemp>
            <ns3:hr>138</ns3:hr>
            <ns3:cad>88</ns3:cad>
          </ns3:TrackPointExtension>
        </extensions>
      </trkpt>
      <trkpt lat="22.55255696363747119903564453125" lon="114.00877936743199825286865234375">
        <ele>18.200000762939453125</ele>
        <time>2026-08-12T23:01:46.000Z</time>
        <extensions>
          <ns3:TrackPointExtension>
            <ns3:atemp>33.0</ns3:atemp>
            <ns3:hr>138</ns3:hr>
            <ns3:cad>88</ns3:cad>
          </ns3:TrackPointExtension>
        </extensions>
      </trkpt>
      <trkpt lat="22.55253651179373264312744140625" lon="114.00876008905470371246337890625">
        <ele>18.3999996185302734375</ele>
        <time>2026-08-12T23:01:47.000Z</time>
        <extensions>
          <ns3:TrackPointExtension>
            <ns3:atemp>33.0</ns3:atemp>
            <ns3:hr>139</ns3:hr>
            <ns3:cad>89</ns3:cad>
          </ns3:TrackPointExtension>
        </extensions>
      </trkpt>
      <trkpt lat="22.55251807160675525665283203125" lon="114.00875623337924480438232421875">
        <ele>18.3999996185302734375</ele>
        <time>2026-08-12T23:01:48.000Z</time>
        <extensions>
          <ns3:TrackPointExtension>
            <ns3:atemp>33.0</ns3:atemp>
            <ns3:hr>139</ns3:hr>
            <ns3:cad>88</ns3:cad>
          </ns3:TrackPointExtension>
        </extensions>
      </trkpt>
      <trkpt lat="22.55249527283012866973876953125" lon="114.00874014012515544891357421875">
        <ele>18.3999996185302734375</ele>
        <time>2026-08-12T23:01:49.000Z</time>
        <extensions>
          <ns3:TrackPointExtension>
            <ns3:atemp>33.0</ns3:atemp>
            <ns3:hr>140</ns3:hr>
            <ns3:cad>89</ns3:cad>
          </ns3:TrackPointExtension>
        </extensions>
      </trkpt>
      <trkpt lat="22.55247884429991245269775390625" lon="114.0087263099849224090576171875">
        <ele>18.6000003814697265625</ele>
        <time>2026-08-12T23:01:50.000Z</time>
        <extensions>
          <ns3:TrackPointExtension>
            <ns3:atemp>33.0</ns3:atemp>
            <ns3:hr>140</ns3:hr>
            <ns3:cad>88</ns3:cad>
          </ns3:TrackPointExtension>
        </extensions>
      </trkpt>
      <trkpt lat="22.5524599850177764892578125" lon="114.00871130637824535369873046875">
        <ele>18.6000003814697265625</ele>
        <time>2026-08-12T23:01:51.000Z</time>
        <extensions>
          <ns3:TrackPointExtension>
            <ns3:atemp>33.0</ns3:atemp>
            <ns3:hr>141</ns3:hr>
            <ns3:cad>88</ns3:cad>
          </ns3:TrackPointExtension>
        </extensions>
      </trkpt>
      <trkpt lat="22.55244263447821140289306640625" lon="114.00869823060929775238037109375">
        <ele>18.799999237060546875</ele>
        <time>2026-08-12T23:01:52.000Z</time>
        <extensions>
          <ns3:TrackPointExtension>
            <ns3:atemp>33.0</ns3:atemp>
            <ns3:hr>141</ns3:hr>
            <ns3:cad>88</ns3:cad>
          </ns3:TrackPointExtension>
        </extensions>
      </trkpt>
      <trkpt lat="22.55242310464382171630859375" lon="114.0086822211742401123046875">
        <ele>18.799999237060546875</ele>
        <time>2026-08-12T23:01:53.000Z</time>
        <extensions>
          <ns3:TrackPointExtension>
            <ns3:atemp>33.0</ns3:atemp>
            <ns3:hr>142</ns3:hr>
            <ns3:cad>87</ns3:cad>
          </ns3:TrackPointExtension>
        </extensions>
      </trkpt>
      <trkpt lat="22.55240424536168575286865234375" lon="114.008664451539516448974609375">
        <ele>18.799999237060546875</ele>
        <time>2026-08-12T23:01:54.000Z</time>
        <extensions>
          <ns3:TrackPointExtension>
            <ns3:atemp>33.0</ns3:atemp>
            <ns3:hr>143</ns3:hr>
            <ns3:cad>87</ns3:cad>
          </ns3:TrackPointExtension>
        </extensions>
      </trkpt>
      <trkpt lat="22.5523850508034229278564453125" lon="114.00865070521831512451171875">
        <ele>18.799999237060546875</ele>
        <time>2026-08-12T23:01:55.000Z</time>
        <extensions>
          <ns3:TrackPointExtension>
            <ns3:atemp>33.0</ns3:atemp>
            <ns3:hr>143</ns3:hr>
            <ns3:cad>88</ns3:cad>
          </ns3:TrackPointExtension>
        </extensions>
      </trkpt>
      <trkpt lat="22.5523622520267963409423828125" lon="114.0086394734680652618408203125">
        <ele>18.799999237060546875</ele>
        <time>2026-08-12T23:01:56.000Z</time>
        <extensions>
          <ns3:TrackPointExtension>
            <ns3:atemp>33.0</ns3:atemp>
            <ns3:hr>144</ns3:hr>
            <ns3:cad>88</ns3:cad>
          </ns3:TrackPointExtension>
        </extensions>
      </trkpt>
      <trkpt lat="22.5523414649069309234619140625" lon="114.00862949900329113006591796875">
        <ele>18.799999237060546875</ele>
        <time>2026-08-12T23:01:57.000Z</time>
        <extensions>
          <ns3:TrackPointExtension>
            <ns3:atemp>33.0</ns3:atemp>
            <ns3:hr>144</ns3:hr>
            <ns3:cad>88</ns3:cad>
          </ns3:TrackPointExtension>
        </extensions>
      </trkpt>
      <trkpt lat="22.5523243658244609832763671875" lon="114.008613489568233489990234375">
        <ele>18.799999237060546875</ele>
        <time>2026-08-12T23:01:58.000Z</time>
        <extensions>
          <ns3:TrackPointExtension>
            <ns3:atemp>33.0</ns3:atemp>
            <ns3:hr>145</ns3:hr>
            <ns3:cad>89</ns3:cad>
          </ns3:TrackPointExtension>
        </extensions>
      </trkpt>
      <trkpt lat="22.55230668000876903533935546875" lon="114.00860049761831760406494140625">
        <ele>18.799999237060546875</ele>
        <time>2026-08-12T23:01:59.000Z</time>
        <extensions>
          <ns3:TrackPointExtension>
            <ns3:atemp>33.0</ns3:atemp>
            <ns3:hr>145</ns3:hr>
            <ns3:cad>88</ns3:cad>
          </ns3:TrackPointExtension>
        </extensions>
      </trkpt>
      <trkpt lat="22.55228488706052303314208984375" lon="114.0085861645638942718505859375">
        <ele>19</ele>
        <time>2026-08-12T23:02:00.000Z</time>
        <extensions>
          <ns3:TrackPointExtension>
            <ns3:atemp>33.0</ns3:atemp>
            <ns3:hr>146</ns3:hr>
            <ns3:cad>89</ns3:cad>
          </ns3:TrackPointExtension>
        </extensions>
      </trkpt>
      <trkpt lat="22.552269212901592254638671875" lon="114.008573926985263824462890625">
        <ele>19</ele>
        <time>2026-08-12T23:02:01.000Z</time>
        <extensions>
          <ns3:TrackPointExtension>
            <ns3:atemp>33.0</ns3:atemp>
            <ns3:hr>146</ns3:hr>
            <ns3:cad>88</ns3:cad>
          </ns3:TrackPointExtension>
        </extensions>
      </trkpt>
      <trkpt lat="22.55224817432463169097900390625" lon="114.0085583366453647613525390625">
        <ele>19</ele>
        <time>2026-08-12T23:02:02.000Z</time>
        <extensions>
          <ns3:TrackPointExtension>
            <ns3:atemp>33.0</ns3:atemp>
            <ns3:hr>147</ns3:hr>
            <ns3:cad>89</ns3:cad>
          </ns3:TrackPointExtension>
        </extensions>
      </trkpt>
      <trkpt lat="22.5522325001657009124755859375" lon="114.00854886509478092193603515625">
        <ele>19</ele>
        <time>2026-08-12T23:02:03.000Z</time>
        <extensions>
          <ns3:TrackPointExtension>
            <ns3:atemp>33.0</ns3:atemp>
            <ns3:hr>147</ns3:hr>
            <ns3:cad>88</ns3:cad>
          </ns3:TrackPointExtension>
        </extensions>
      </trkpt>
      <trkpt lat="22.55220961757004261016845703125" lon="114.0085311792790889739990234375">
        <ele>19</ele>
        <time>2026-08-12T23:02:04.000Z</time>
        <extensions>
          <ns3:TrackPointExtension>
            <ns3:atemp>33.0</ns3:atemp>
            <ns3:hr>148</ns3:hr>
            <ns3:cad>89</ns3:cad>
          </ns3:TrackPointExtension>
        </extensions>
      </trkpt>
      <trkpt lat="22.5521915964782238006591796875" lon="114.008518941700458526611328125">
        <ele>19</ele>
        <time>2026-08-12T23:02:05.000Z</time>
        <extensions>
          <ns3:TrackPointExtension>
            <ns3:atemp>33.0</ns3:atemp>
            <ns3:hr>148</ns3:hr>
            <ns3:cad>89</ns3:cad>
          </ns3:TrackPointExtension>
        </extensions>
      </trkpt>
      <trkpt lat="22.5521654449403285980224609375" lon="114.008499495685100555419921875">
        <ele>19.200000762939453125</ele>
        <time>2026-08-12T23:02:06.000Z</time>
        <extensions>
          <ns3:TrackPointExtension>
            <ns3:atemp>33.0</ns3:atemp>
            <ns3:hr>148</ns3:hr>
            <ns3:cad>89</ns3:cad>
          </ns3:TrackPointExtension>
        </extensions>
      </trkpt>
      <trkpt lat="22.5521433167159557342529296875" lon="114.00848465971648693084716796875">
        <ele>19.200000762939453125</ele>
        <time>2026-08-12T23:02:07.000Z</time>
        <extensions>
          <ns3:TrackPointExtension>
            <ns3:atemp>33.0</ns3:atemp>
            <ns3:hr>148</ns3:hr>
            <ns3:cad>88</ns3:cad>
          </ns3:TrackPointExtension>
        </extensions>
      </trkpt>
      <trkpt lat="22.55212143994867801666259765625" lon="114.00846823118627071380615234375">
        <ele>19</ele>
        <time>2026-08-12T23:02:08.000Z</time>
        <extensions>
          <ns3:TrackPointExtension>
            <ns3:atemp>33.0</ns3:atemp>
            <ns3:hr>148</ns3:hr>
            <ns3:cad>88</ns3:cad>
          </ns3:TrackPointExtension>
        </extensions>
      </trkpt>
      <trkpt lat="22.55209562368690967559814453125" lon="114.008451215922832489013671875">
        <ele>19</ele>
        <time>2026-08-12T23:02:09.000Z</time>
        <extensions>
          <ns3:TrackPointExtension>
            <ns3:atemp>33.0</ns3:atemp>
            <ns3:hr>148</ns3:hr>
            <ns3:cad>88</ns3:cad>
          </ns3:TrackPointExtension>
        </extensions>
      </trkpt>
      <trkpt lat="22.55207441747188568115234375" lon="114.0084403194487094879150390625">
        <ele>18.799999237060546875</ele>
        <time>2026-08-12T23:02:10.000Z</time>
        <extensions>
          <ns3:TrackPointExtension>
            <ns3:atemp>33.0</ns3:atemp>
            <ns3:hr>149</ns3:hr>
            <ns3:cad>88</ns3:cad>
          </ns3:TrackPointExtension>
        </extensions>
      </trkpt>
      <trkpt lat="22.55205019377171993255615234375" lon="114.008419699966907501220703125">
        <ele>18.799999237060546875</ele>
        <time>2026-08-12T23:02:11.000Z</time>
        <extensions>
          <ns3:TrackPointExtension>
            <ns3:atemp>33.0</ns3:atemp>
            <ns3:hr>148</ns3:hr>
            <ns3:cad>87</ns3:cad>
          </ns3:TrackPointExtension>
        </extensions>
      </trkpt>
      <trkpt lat="22.55202881991863250732421875" lon="114.008406288921833038330078125">
        <ele>18.799999237060546875</ele>
        <time>2026-08-12T23:02:12.000Z</time>
        <extensions>
          <ns3:TrackPointExtension>
            <ns3:atemp>33.0</ns3:atemp>
            <ns3:hr>148</ns3:hr>
            <ns3:cad>85</ns3:cad>
          </ns3:TrackPointExtension>
        </extensions>
      </trkpt>
      <trkpt lat="22.55200861953198909759521484375" lon="114.0083977393805980682373046875">
        <ele>19</ele>
        <time>2026-08-12T23:02:13.000Z</time>
        <extensions>
          <ns3:TrackPointExtension>
            <ns3:atemp>33.0</ns3:atemp>
            <ns3:hr>148</ns3:hr>
            <ns3:cad>85</ns3:cad>
          </ns3:TrackPointExtension>
        </extensions>
      </trkpt>
      <trkpt lat="22.5519852340221405029296875" lon="114.00838105939328670501708984375">
        <ele>19</ele>
        <time>2026-08-12T23:02:14.000Z</time>
        <extensions>
          <ns3:TrackPointExtension>
            <ns3:atemp>33.0</ns3:atemp>
            <ns3:hr>148</ns3:hr>
            <ns3:cad>84</ns3:cad>
          </ns3:TrackPointExtension>
        </extensions>
      </trkpt>
      <trkpt lat="22.5519691407680511474609375" lon="114.00837351568043231964111328125">
        <ele>19.200000762939453125</ele>
        <time>2026-08-12T23:02:15.000Z</time>
        <extensions>
          <ns3:TrackPointExtension>
            <ns3:atemp>33.0</ns3:atemp>
            <ns3:hr>148</ns3:hr>
            <ns3:cad>84</ns3:cad>
          </ns3:TrackPointExtension>
        </extensions>
      </trkpt>
      <trkpt lat="22.551948688924312591552734375" lon="114.00835624895989894866943359375">
        <ele>19.200000762939453125</ele>
        <time>2026-08-12T23:02:16.000Z</time>
        <extensions>
          <ns3:TrackPointExtension>
            <ns3:atemp>33.0</ns3:atemp>
            <ns3:hr>148</ns3:hr>
            <ns3:cad>83</ns3:cad>
          </ns3:TrackPointExtension>
        </extensions>
      </trkpt>
      <trkpt lat="22.55193502642214298248291015625" lon="114.0083397366106510162353515625">
        <ele>19.200000762939453125</ele>
        <time>2026-08-12T23:02:17.000Z</time>
        <extensions>
          <ns3:TrackPointExtension>
            <ns3:atemp>33.0</ns3:atemp>
            <ns3:hr>148</ns3:hr>
            <ns3:cad>82</ns3:cad>
          </ns3:TrackPointExtension>
        </extensions>
      </trkpt>
      <trkpt lat="22.55191591568291187286376953125" lon="114.008323140442371368408203125">
        <ele>19.200000762939453125</ele>
        <time>2026-08-12T23:02:18.000Z</time>
        <extensions>
          <ns3:TrackPointExtension>
            <ns3:atemp>33.0</ns3:atemp>
            <ns3:hr>148</ns3:hr>
            <ns3:cad>82</ns3:cad>
          </ns3:TrackPointExtension>
        </extensions>
      </trkpt>
      <trkpt lat="22.55189747549593448638916015625" lon="114.00831199251115322113037109375">
        <ele>19.200000762939453125</ele>
        <time>2026-08-12T23:02:19.000Z</time>
        <extensions>
          <ns3:TrackPointExtension>
            <ns3:atemp>33.0</ns3:atemp>
            <ns3:hr>148</ns3:hr>
            <ns3:cad>82</ns3:cad>
          </ns3:TrackPointExtension>
        </extensions>
      </trkpt>
      <trkpt lat="22.5518764369189739227294921875" lon="114.00829522870481014251708984375">
        <ele>19.200000762939453125</ele>
        <time>2026-08-12T23:02:20.000Z</time>
        <extensions>
          <ns3:TrackPointExtension>
            <ns3:atemp>33.0</ns3:atemp>
            <ns3:hr>147</ns3:hr>
            <ns3:cad>84</ns3:cad>
          </ns3:TrackPointExtension>
        </extensions>
      </trkpt>
      <trkpt lat="22.55185992456972599029541015625" lon="114.00828030891716480255126953125">
        <ele>19</ele>
        <time>2026-08-12T23:02:21.000Z</time>
        <extensions>
          <ns3:TrackPointExtension>
            <ns3:atemp>33.0</ns3:atemp>
            <ns3:hr>148</ns3:hr>
            <ns3:cad>86</ns3:cad>
          </ns3:TrackPointExtension>
        </extensions>
      </trkpt>
      <trkpt lat="22.5518452562391757965087890625" lon="114.0082611143589019775390625">
        <ele>19</ele>
        <time>2026-08-12T23:02:22.000Z</time>
        <extensions>
          <ns3:TrackPointExtension>
            <ns3:atemp>33.0</ns3:atemp>
            <ns3:hr>148</ns3:hr>
            <ns3:cad>86</ns3:cad>
          </ns3:TrackPointExtension>
        </extensions>
      </trkpt>
      <trkpt lat="22.551833353936672210693359375" lon="114.008235298097133636474609375">
        <ele>18.799999237060546875</ele>
        <time>2026-08-12T23:02:23.000Z</time>
        <extensions>
          <ns3:TrackPointExtension>
            <ns3:atemp>33.0</ns3:atemp>
            <ns3:hr>148</ns3:hr>
            <ns3:cad>87</ns3:cad>
          </ns3:TrackPointExtension>
        </extensions>
      </trkpt>
      <trkpt lat="22.5518204458057880401611328125" lon="114.0082190372049808502197265625">
        <ele>19</ele>
        <time>2026-08-12T23:02:24.000Z</time>
        <extensions>
          <ns3:TrackPointExtension>
            <ns3:atemp>33.0</ns3:atemp>
            <ns3:hr>148</ns3:hr>
            <ns3:cad>87</ns3:cad>
          </ns3:TrackPointExtension>
        </extensions>
      </trkpt>
      <trkpt lat="22.55180544219911098480224609375" lon="114.00820009410381317138671875">
        <ele>19</ele>
        <time>2026-08-12T23:02:25.000Z</time>
        <extensions>
          <ns3:TrackPointExtension>
            <ns3:atemp>33.0</ns3:atemp>
            <ns3:hr>148</ns3:hr>
            <ns3:cad>87</ns3:cad>
          </ns3:TrackPointExtension>
        </extensions>
      </trkpt>
      <trkpt lat="22.55179454572498798370361328125" lon="114.0081860125064849853515625">
        <ele>19</ele>
        <time>2026-08-12T23:02:26.000Z</time>
        <extensions>
          <ns3:TrackPointExtension>
            <ns3:atemp>33.0</ns3:atemp>
            <ns3:hr>149</ns3:hr>
            <ns3:cad>87</ns3:cad>
          </ns3:TrackPointExtension>
        </extensions>
      </trkpt>
      <trkpt lat="22.55178339779376983642578125" lon="114.0081603638827800750732421875">
        <ele>19</ele>
        <time>2026-08-12T23:02:27.000Z</time>
        <extensions>
          <ns3:TrackPointExtension>
            <ns3:atemp>33.0</ns3:atemp>
            <ns3:hr>149</ns3:hr>
            <ns3:cad>87</ns3:cad>
          </ns3:TrackPointExtension>
        </extensions>
      </trkpt>
      <trkpt lat="22.5517775304615497589111328125" lon="114.0081352181732654571533203125">
        <ele>19.200000762939453125</ele>
        <time>2026-08-12T23:02:28.000Z</time>
        <extensions>
          <ns3:TrackPointExtension>
            <ns3:atemp>33.0</ns3:atemp>
            <ns3:hr>149</ns3:hr>
            <ns3:cad>86</ns3:cad>
          </ns3:TrackPointExtension>
        </extensions>
      </trkpt>
      <trkpt lat="22.55177325569093227386474609375" lon="114.00810998864471912384033203125">
        <ele>19.200000762939453125</ele>
        <time>2026-08-12T23:02:29.000Z</time>
        <extensions>
          <ns3:TrackPointExtension>
            <ns3:atemp>33.0</ns3:atemp>
            <ns3:hr>150</ns3:hr>
            <ns3:cad>87</ns3:cad>
          </ns3:TrackPointExtension>
        </extensions>
      </trkpt>
      <trkpt lat="22.55177375860512256622314453125" lon="114.00808450765907764434814453125">
        <ele>19.200000762939453125</ele>
        <time>2026-08-12T23:02:30.000Z</time>
        <extensions>
          <ns3:TrackPointExtension>
            <ns3:atemp>33.0</ns3:atemp>
            <ns3:hr>150</ns3:hr>
            <ns3:cad>87</ns3:cad>
          </ns3:TrackPointExtension>
        </extensions>
      </trkpt>
      <trkpt lat="22.55177275277674198150634765625" lon="114.0080599486827850341796875">
        <ele>19.200000762939453125</ele>
        <time>2026-08-12T23:02:31.000Z</time>
        <extensions>
          <ns3:TrackPointExtension>
            <ns3:atemp>33.0</ns3:atemp>
            <ns3:hr>150</ns3:hr>
            <ns3:cad>87</ns3:cad>
          </ns3:TrackPointExtension>
        </extensions>
      </trkpt>
      <trkpt lat="22.551773674786090850830078125" lon="114.0080343000590801239013671875">
        <ele>19.3999996185302734375</ele>
        <time>2026-08-12T23:02:32.000Z</time>
        <extensions>
          <ns3:TrackPointExtension>
            <ns3:atemp>33.0</ns3:atemp>
            <ns3:hr>150</ns3:hr>
            <ns3:cad>87</ns3:cad>
          </ns3:TrackPointExtension>
        </extensions>
      </trkpt>
      <trkpt lat="22.55177476443350315093994140625" lon="114.00800764560699462890625">
        <ele>19.3999996185302734375</ele>
        <time>2026-08-12T23:02:33.000Z</time>
        <extensions>
          <ns3:TrackPointExtension>
            <ns3:atemp>33.0</ns3:atemp>
            <ns3:hr>150</ns3:hr>
            <ns3:cad>87</ns3:cad>
          </ns3:TrackPointExtension>
        </extensions>
      </trkpt>
      <trkpt lat="22.55177409388124942779541015625" lon="114.007980823516845703125">
        <ele>19.3999996185302734375</ele>
        <time>2026-08-12T23:02:34.000Z</time>
        <extensions>
          <ns3:TrackPointExtension>
            <ns3:atemp>33.0</ns3:atemp>
            <ns3:hr>151</ns3:hr>
            <ns3:cad>87</ns3:cad>
          </ns3:TrackPointExtension>
        </extensions>
      </trkpt>
      <trkpt lat="22.551773004233837127685546875" lon="114.0079615451395511627197265625">
        <ele>19.6000003814697265625</ele>
        <time>2026-08-12T23:02:35.000Z</time>
        <extensions>
          <ns3:TrackPointExtension>
            <ns3:atemp>33.0</ns3:atemp>
            <ns3:hr>151</ns3:hr>
            <ns3:cad>87</ns3:cad>
          </ns3:TrackPointExtension>
        </extensions>
      </trkpt>
      <trkpt lat="22.55177401006221771240234375" lon="114.0079327113926410675048828125">
        <ele>19.6000003814697265625</ele>
        <time>2026-08-12T23:02:36.000Z</time>
        <extensions>
          <ns3:TrackPointExtension>
            <ns3:atemp>33.0</ns3:atemp>
            <ns3:hr>151</ns3:hr>
            <ns3:cad>87</ns3:cad>
          </ns3:TrackPointExtension>
        </extensions>
      </trkpt>
      <trkpt lat="22.55177493207156658172607421875" lon="114.00790848769247531890869140625">
        <ele>19.6000003814697265625</ele>
        <time>2026-08-12T23:02:37.000Z</time>
        <extensions>
          <ns3:TrackPointExtension>
            <ns3:atemp>33.0</ns3:atemp>
            <ns3:hr>152</ns3:hr>
            <ns3:cad>87</ns3:cad>
          </ns3:TrackPointExtension>
        </extensions>
      </trkpt>
      <trkpt lat="22.5517725013196468353271484375" lon="114.007883928716182708740234375">
        <ele>19.799999237060546875</ele>
        <time>2026-08-12T23:02:38.000Z</time>
        <extensions>
          <ns3:TrackPointExtension>
            <ns3:atemp>33.0</ns3:atemp>
            <ns3:hr>152</ns3:hr>
            <ns3:cad>86</ns3:cad>
          </ns3:TrackPointExtension>
        </extensions>
      </trkpt>
      <trkpt lat="22.55177275277674198150634765625" lon="114.00786020793020725250244140625">
        <ele>19.6000003814697265625</ele>
        <time>2026-08-12T23:02:39.000Z</time>
        <extensions>
          <ns3:TrackPointExtension>
            <ns3:atemp>33.0</ns3:atemp>
            <ns3:hr>152</ns3:hr>
            <ns3:cad>86</ns3:cad>
          </ns3:TrackPointExtension>
        </extensions>
      </trkpt>
      <trkpt lat="22.551774680614471435546875" lon="114.00783388875424861907958984375">
        <ele>19.799999237060546875</ele>
        <time>2026-08-12T23:02:40.000Z</time>
        <extensions>
          <ns3:TrackPointExtension>
            <ns3:atemp>33.0</ns3:atemp>
            <ns3:hr>153</ns3:hr>
            <ns3:cad>86</ns3:cad>
          </ns3:TrackPointExtension>
        </extensions>
      </trkpt>
      <trkpt lat="22.551777362823486328125" lon="114.00781092233955860137939453125">
        <ele>19.799999237060546875</ele>
        <time>2026-08-12T23:02:41.000Z</time>
        <extensions>
          <ns3:TrackPointExtension>
            <ns3:atemp>33.0</ns3:atemp>
            <ns3:hr>153</ns3:hr>
            <ns3:cad>86</ns3:cad>
          </ns3:TrackPointExtension>
        </extensions>
      </trkpt>
      <trkpt lat="22.55177828483283519744873046875" lon="114.00778879411518573760986328125">
        <ele>19.799999237060546875</ele>
        <time>2026-08-12T23:02:42.000Z</time>
        <extensions>
          <ns3:TrackPointExtension>
            <ns3:atemp>33.0</ns3:atemp>
            <ns3:hr>154</ns3:hr>
            <ns3:cad>87</ns3:cad>
          </ns3:TrackPointExtension>
        </extensions>
      </trkpt>
      <trkpt lat="22.55178214050829410552978515625" lon="114.00776549242436885833740234375">
        <ele>20</ele>
        <time>2026-08-12T23:02:43.000Z</time>
        <extensions>
          <ns3:TrackPointExtension>
            <ns3:atemp>33.0</ns3:atemp>
            <ns3:hr>155</ns3:hr>
            <ns3:cad>87</ns3:cad>
          </ns3:TrackPointExtension>
        </extensions>
      </trkpt>
      <trkpt lat="22.55178281106054782867431640625" lon="114.0077456273138523101806640625">
        <ele>20</ele>
        <time>2026-08-12T23:02:44.000Z</time>
        <extensions>
          <ns3:TrackPointExtension>
            <ns3:atemp>33.0</ns3:atemp>
            <ns3:hr>155</ns3:hr>
            <ns3:cad>87</ns3:cad>
          </ns3:TrackPointExtension>
        </extensions>
      </trkpt>
      <trkpt lat="22.5517812184989452362060546875" lon="114.00772291235625743865966796875">
        <ele>20.200000762939453125</ele>
        <time>2026-08-12T23:02:45.000Z</time>
        <extensions>
          <ns3:TrackPointExtension>
            <ns3:atemp>33.0</ns3:atemp>
            <ns3:hr>155</ns3:hr>
            <ns3:cad>87</ns3:cad>
          </ns3:TrackPointExtension>
        </extensions>
      </trkpt>
      <trkpt lat="22.5517812184989452362060546875" lon="114.007701873779296875">
        <ele>20.200000762939453125</ele>
        <time>2026-08-12T23:02:46.000Z</time>
        <extensions>
          <ns3:TrackPointExtension>
            <ns3:atemp>33.0</ns3:atemp>
            <ns3:hr>156</ns3:hr>
            <ns3:cad>87</ns3:cad>
          </ns3:TrackPointExtension>
        </extensions>
      </trkpt>
      <trkpt lat="22.5517792068421840667724609375" lon="114.00767840445041656494140625">
        <ele>20.200000762939453125</ele>
        <time>2026-08-12T23:02:47.000Z</time>
        <extensions>
          <ns3:TrackPointExtension>
            <ns3:atemp>33.0</ns3:atemp>
            <ns3:hr>156</ns3:hr>
            <ns3:cad>87</ns3:cad>
          </ns3:TrackPointExtension>
        </extensions>
      </trkpt>
      <trkpt lat="22.55177937448024749755859375" lon="114.00765619240701198577880859375">
        <ele>20.200000762939453125</ele>
        <time>2026-08-12T23:02:48.000Z</time>
        <extensions>
          <ns3:TrackPointExtension>
            <ns3:atemp>33.0</ns3:atemp>
            <ns3:hr>156</ns3:hr>
            <ns3:cad>87</ns3:cad>
          </ns3:TrackPointExtension>
        </extensions>
      </trkpt>
      <trkpt lat="22.55177962593734264373779296875" lon="114.00763574056327342987060546875">
        <ele>20.3999996185302734375</ele>
        <time>2026-08-12T23:02:49.000Z</time>
        <extensions>
          <ns3:TrackPointExtension>
            <ns3:atemp>33.0</ns3:atemp>
            <ns3:hr>157</ns3:hr>
            <ns3:cad>87</ns3:cad>
          </ns3:TrackPointExtension>
        </extensions>
      </trkpt>
      <trkpt lat="22.55178029648959636688232421875" lon="114.0076131932437419891357421875">
        <ele>20.3999996185302734375</ele>
        <time>2026-08-12T23:02:50.000Z</time>
        <extensions>
          <ns3:TrackPointExtension>
            <ns3:atemp>33.0</ns3:atemp>
            <ns3:hr>157</ns3:hr>
            <ns3:cad>87</ns3:cad>
          </ns3:TrackPointExtension>
        </extensions>
      </trkpt>
      <trkpt lat="22.55177493207156658172607421875" lon="114.0075893886387348175048828125">
        <ele>20.6000003814697265625</ele>
        <time>2026-08-12T23:02:51.000Z</time>
        <extensions>
          <ns3:TrackPointExtension>
            <ns3:atemp>33.0</ns3:atemp>
            <ns3:hr>158</ns3:hr>
            <ns3:cad>87</ns3:cad>
          </ns3:TrackPointExtension>
        </extensions>
      </trkpt>
      <trkpt lat="22.55177375860512256622314453125" lon="114.00756633840501308441162109375">
        <ele>20.799999237060546875</ele>
        <time>2026-08-12T23:02:52.000Z</time>
        <extensions>
          <ns3:TrackPointExtension>
            <ns3:atemp>33.0</ns3:atemp>
            <ns3:hr>158</ns3:hr>
            <ns3:cad>87</ns3:cad>
          </ns3:TrackPointExtension>
        </extensions>
      </trkpt>
      <trkpt lat="22.55176956765353679656982421875" lon="114.00754295289516448974609375">
        <ele>20.799999237060546875</ele>
        <time>2026-08-12T23:02:53.000Z</time>
        <extensions>
          <ns3:TrackPointExtension>
            <ns3:atemp>33.0</ns3:atemp>
            <ns3:hr>159</ns3:hr>
            <ns3:cad>87</ns3:cad>
          </ns3:TrackPointExtension>
        </extensions>
      </trkpt>
      <trkpt lat="22.55176537670195102691650390625" lon="114.0075189806520938873291015625">
        <ele>20.799999237060546875</ele>
        <time>2026-08-12T23:02:54.000Z</time>
        <extensions>
          <ns3:TrackPointExtension>
            <ns3:atemp>33.0</ns3:atemp>
            <ns3:hr>160</ns3:hr>
            <ns3:cad>87</ns3:cad>
          </ns3:TrackPointExtension>
        </extensions>
      </trkpt>
      <trkpt lat="22.5517644546926021575927734375" lon="114.00749727152287960052490234375">
        <ele>20.799999237060546875</ele>
        <time>2026-08-12T23:02:55.000Z</time>
        <extensions>
          <ns3:TrackPointExtension>
            <ns3:atemp>33.0</ns3:atemp>
            <ns3:hr>161</ns3:hr>
            <ns3:cad>87</ns3:cad>
          </ns3:TrackPointExtension>
        </extensions>
      </trkpt>
      <trkpt lat="22.55176051519811153411865234375" lon="114.0074760653078556060791015625">
        <ele>20.799999237060546875</ele>
        <time>2026-08-12T23:02:56.000Z</time>
        <extensions>
          <ns3:TrackPointExtension>
            <ns3:atemp>33.0</ns3:atemp>
            <ns3:hr>161</ns3:hr>
            <ns3:cad>87</ns3:cad>
          </ns3:TrackPointExtension>
        </extensions>
      </trkpt>
      <trkpt lat="22.55175657570362091064453125" lon="114.0074546076357364654541015625">
        <ele>20.799999237060546875</ele>
        <time>2026-08-12T23:02:57.000Z</time>
        <extensions>
          <ns3:TrackPointExtension>
            <ns3:atemp>33.0</ns3:atemp>
            <ns3:hr>161</ns3:hr>
            <ns3:cad>87</ns3:cad>
          </ns3:TrackPointExtension>
        </extensions>
      </trkpt>
      <trkpt lat="22.5517507083714008331298828125" lon="114.0074296295642852783203125">
        <ele>20.799999237060546875</ele>
        <time>2026-08-12T23:02:58.000Z</time>
        <extensions>
          <ns3:TrackPointExtension>
            <ns3:atemp>33.0</ns3:atemp>
            <ns3:hr>161</ns3:hr>
            <ns3:cad>87</ns3:cad>
          </ns3:TrackPointExtension>
        </extensions>
      </trkpt>
      <trkpt lat="22.5517491996288299560546875" lon="114.0074049867689609527587890625">
        <ele>20.799999237060546875</ele>
        <time>2026-08-12T23:02:59.000Z</time>
        <extensions>
          <ns3:TrackPointExtension>
            <ns3:atemp>33.0</ns3:atemp>
            <ns3:hr>162</ns3:hr>
            <ns3:cad>88</ns3:cad>
          </ns3:TrackPointExtension>
        </extensions>
      </trkpt>
      <trkpt lat="22.55174450576305389404296875" lon="114.007380008697509765625">
        <ele>21</ele>
        <time>2026-08-12T23:03:00.000Z</time>
        <extensions>
          <ns3:TrackPointExtension>
            <ns3:atemp>33.0</ns3:atemp>
            <ns3:hr>162</ns3:hr>
            <ns3:cad>87</ns3:cad>
          </ns3:TrackPointExtension>
        </extensions>
      </trkpt>
      <trkpt lat="22.55174391902983188629150390625" lon="114.00735528208315372467041015625">
        <ele>21</ele>
        <time>2026-08-12T23:03:01.000Z</time>
        <extensions>
          <ns3:TrackPointExtension>
            <ns3:atemp>33.0</ns3:atemp>
            <ns3:hr>162</ns3:hr>
            <ns3:cad>87</ns3:cad>
          </ns3:TrackPointExtension>
        </extensions>
      </trkpt>
      <trkpt lat="22.55173939280211925506591796875" lon="114.00733533315360546112060546875">
        <ele>20.799999237060546875</ele>
        <time>2026-08-12T23:03:02.000Z</time>
        <extensions>
          <ns3:TrackPointExtension>
            <ns3:atemp>33.0</ns3:atemp>
            <ns3:hr>161</ns3:hr>
            <ns3:cad>87</ns3:cad>
          </ns3:TrackPointExtension>
        </extensions>
      </trkpt>
      <trkpt lat="22.551739476621150970458984375" lon="114.007312953472137451171875">
        <ele>21</ele>
        <time>2026-08-12T23:03:03.000Z</time>
        <extensions>
          <ns3:TrackPointExtension>
            <ns3:atemp>33.0</ns3:atemp>
            <ns3:hr>161</ns3:hr>
            <ns3:cad>87</ns3:cad>
          </ns3:TrackPointExtension>
        </extensions>
      </trkpt>
      <trkpt lat="22.55174190737307071685791015625" lon="114.00729057379066944122314453125">
        <ele>21</ele>
        <time>2026-08-12T23:03:04.000Z</time>
        <extensions>
          <ns3:TrackPointExtension>
            <ns3:atemp>33.0</ns3:atemp>
            <ns3:hr>161</ns3:hr>
            <ns3:cad>87</ns3:cad>
          </ns3:TrackPointExtension>
        </extensions>
      </trkpt>
      <trkpt lat="22.55173956044018268585205078125" lon="114.00726961903274059295654296875">
        <ele>21</ele>
        <time>2026-08-12T23:03:05.000Z</time>
        <extensions>
          <ns3:TrackPointExtension>
            <ns3:atemp>33.0</ns3:atemp>
            <ns3:hr>162</ns3:hr>
            <ns3:cad>87</ns3:cad>
          </ns3:TrackPointExtension>
        </extensions>
      </trkpt>
      <trkpt lat="22.5517393089830875396728515625" lon="114.00724925100803375244140625">
        <ele>21</ele>
        <time>2026-08-12T23:03:06.000Z</time>
        <extensions>
          <ns3:TrackPointExtension>
            <ns3:atemp>33.0</ns3:atemp>
            <ns3:hr>162</ns3:hr>
            <ns3:cad>87</ns3:cad>
          </ns3:TrackPointExtension>
        </extensions>
      </trkpt>
      <trkpt lat="22.55174274556338787078857421875" lon="114.007227458059787750244140625">
        <ele>21.200000762939453125</ele>
        <time>2026-08-12T23:03:07.000Z</time>
        <extensions>
          <ns3:TrackPointExtension>
            <ns3:atemp>33.0</ns3:atemp>
            <ns3:hr>162</ns3:hr>
            <ns3:cad>86</ns3:cad>
          </ns3:TrackPointExtension>
        </extensions>
      </trkpt>
      <trkpt lat="22.55174358375370502471923828125" lon="114.007210694253444671630859375">
        <ele>21.200000762939453125</ele>
        <time>2026-08-12T23:03:08.000Z</time>
        <extensions>
          <ns3:TrackPointExtension>
            <ns3:atemp>33.0</ns3:atemp>
            <ns3:hr>163</ns3:hr>
            <ns3:cad>87</ns3:cad>
          </ns3:TrackPointExtension>
        </extensions>
      </trkpt>
      <trkpt lat="22.55174375139176845550537109375" lon="114.00718797929584980010986328125">
        <ele>21.3999996185302734375</ele>
        <time>2026-08-12T23:03:09.000Z</time>
        <extensions>
          <ns3:TrackPointExtension>
            <ns3:atemp>33.0</ns3:atemp>
            <ns3:hr>163</ns3:hr>
            <ns3:cad>86</ns3:cad>
          </ns3:TrackPointExtension>
        </extensions>
      </trkpt>
      <trkpt lat="22.55174660123884677886962890625" lon="114.0071682818233966827392578125">
        <ele>21.3999996185302734375</ele>
        <time>2026-08-12T23:03:10.000Z</time>
        <extensions>
          <ns3:TrackPointExtension>
            <ns3:atemp>33.0</ns3:atemp>
            <ns3:hr>163</ns3:hr>
            <ns3:cad>87</ns3:cad>
          </ns3:TrackPointExtension>
        </extensions>
      </trkpt>
      <trkpt lat="22.55174316465854644775390625" lon="114.0071441419422626495361328125">
        <ele>21.3999996185302734375</ele>
        <time>2026-08-12T23:03:11.000Z</time>
        <extensions>
          <ns3:TrackPointExtension>
            <ns3:atemp>33.0</ns3:atemp>
            <ns3:hr>164</ns3:hr>
            <ns3:cad>87</ns3:cad>
          </ns3:TrackPointExtension>
        </extensions>
      </trkpt>
      <trkpt lat="22.55174584686756134033203125" lon="114.0071211755275726318359375">
        <ele>21.3999996185302734375</ele>
        <time>2026-08-12T23:03:12.000Z</time>
        <extensions>
          <ns3:TrackPointExtension>
            <ns3:atemp>33.0</ns3:atemp>
            <ns3:hr>164</ns3:hr>
            <ns3:cad>87</ns3:cad>
          </ns3:TrackPointExtension>
        </extensions>
      </trkpt>
      <trkpt lat="22.5517413206398487091064453125" lon="114.00709779001772403717041015625">
        <ele>21.3999996185302734375</ele>
        <time>2026-08-12T23:03:13.000Z</time>
        <extensions>
          <ns3:TrackPointExtension>
            <ns3:atemp>33.0</ns3:atemp>
            <ns3:hr>164</ns3:hr>
            <ns3:cad>87</ns3:cad>
          </ns3:TrackPointExtension>
        </extensions>
      </trkpt>
      <trkpt lat="22.5517413206398487091064453125" lon="114.00706996209919452667236328125">
        <ele>21.3999996185302734375</ele>
        <time>2026-08-12T23:03:14.000Z</time>
        <extensions>
          <ns3:TrackPointExtension>
            <ns3:atemp>33.0</ns3:atemp>
            <ns3:hr>164</ns3:hr>
            <ns3:cad>87</ns3:cad>
          </ns3:TrackPointExtension>
        </extensions>
      </trkpt>
      <trkpt lat="22.551741488277912139892578125" lon="114.00704205036163330078125">
        <ele>21.3999996185302734375</ele>
        <time>2026-08-12T23:03:15.000Z</time>
        <extensions>
          <ns3:TrackPointExtension>
            <ns3:atemp>33.0</ns3:atemp>
            <ns3:hr>164</ns3:hr>
            <ns3:cad>87</ns3:cad>
          </ns3:TrackPointExtension>
        </extensions>
      </trkpt>
      <trkpt lat="22.55173872224986553192138671875" lon="114.0070170722901821136474609375">
        <ele>21.6000003814697265625</ele>
        <time>2026-08-12T23:03:16.000Z</time>
        <extensions>
          <ns3:TrackPointExtension>
            <ns3:atemp>33.0</ns3:atemp>
            <ns3:hr>164</ns3:hr>
            <ns3:cad>87</ns3:cad>
          </ns3:TrackPointExtension>
        </extensions>
      </trkpt>
      <trkpt lat="22.55173788405954837799072265625" lon="114.0069895796477794647216796875">
        <ele>21.6000003814697265625</ele>
        <time>2026-08-12T23:03:17.000Z</time>
        <extensions>
          <ns3:TrackPointExtension>
            <ns3:atemp>33.0</ns3:atemp>
            <ns3:hr>164</ns3:hr>
            <ns3:cad>87</ns3:cad>
          </ns3:TrackPointExtension>
        </extensions>
      </trkpt>
      <trkpt lat="22.55173637531697750091552734375" lon="114.00696066208183765411376953125">
        <ele>21.6000003814697265625</ele>
        <time>2026-08-12T23:03:18.000Z</time>
        <extensions>
          <ns3:TrackPointExtension>
            <ns3:atemp>33.0</ns3:atemp>
            <ns3:hr>164</ns3:hr>
            <ns3:cad>87</ns3:cad>
          </ns3:TrackPointExtension>
        </extensions>
      </trkpt>
      <trkpt lat="22.551733441650867462158203125" lon="114.0069356001913547515869140625">
        <ele>21.6000003814697265625</ele>
        <time>2026-08-12T23:03:19.000Z</time>
        <extensions>
          <ns3:TrackPointExtension>
            <ns3:atemp>33.0</ns3:atemp>
            <ns3:hr>164</ns3:hr>
            <ns3:cad>87</ns3:cad>
          </ns3:TrackPointExtension>
        </extensions>
      </trkpt>
      <trkpt lat="22.5517312623560428619384765625" lon="114.0069111250340938568115234375">
        <ele>21.799999237060546875</ele>
        <time>2026-08-12T23:03:20.000Z</time>
        <extensions>
          <ns3:TrackPointExtension>
            <ns3:atemp>33.0</ns3:atemp>
            <ns3:hr>164</ns3:hr>
            <ns3:cad>87</ns3:cad>
          </ns3:TrackPointExtension>
        </extensions>
      </trkpt>
      <trkpt lat="22.55172614939510822296142578125" lon="114.00688505731523036956787109375">
        <ele>21.799999237060546875</ele>
        <time>2026-08-12T23:03:21.000Z</time>
        <extensions>
          <ns3:TrackPointExtension>
            <ns3:atemp>33.0</ns3:atemp>
            <ns3:hr>164</ns3:hr>
            <ns3:cad>87</ns3:cad>
          </ns3:TrackPointExtension>
        </extensions>
      </trkpt>
      <trkpt lat="22.5517212040722370147705078125" lon="114.00685764849185943603515625">
        <ele>21.799999237060546875</ele>
        <time>2026-08-12T23:03:22.000Z</time>
        <extensions>
          <ns3:TrackPointExtension>
            <ns3:atemp>33.0</ns3:atemp>
            <ns3:hr>164</ns3:hr>
            <ns3:cad>87</ns3:cad>
          </ns3:TrackPointExtension>
        </extensions>
      </trkpt>
      <trkpt lat="22.55171391181647777557373046875" lon="114.006826467812061309814453125">
        <ele>22</ele>
        <time>2026-08-12T23:03:23.000Z</time>
        <extensions>
          <ns3:TrackPointExtension>
            <ns3:atemp>33.0</ns3:atemp>
            <ns3:hr>164</ns3:hr>
            <ns3:cad>87</ns3:cad>
          </ns3:TrackPointExtension>
        </extensions>
      </trkpt>
      <trkpt lat="22.55170318298041820526123046875" lon="114.006800316274166107177734375">
        <ele>22</ele>
        <time>2026-08-12T23:03:24.000Z</time>
        <extensions>
          <ns3:TrackPointExtension>
            <ns3:atemp>33.0</ns3:atemp>
            <ns3:hr>165</ns3:hr>
            <ns3:cad>87</ns3:cad>
          </ns3:TrackPointExtension>
        </extensions>
      </trkpt>
      <trkpt lat="22.55169714801013469696044921875" lon="114.00676888413727283477783203125">
        <ele>22</ele>
        <time>2026-08-12T23:03:25.000Z</time>
        <extensions>
          <ns3:TrackPointExtension>
            <ns3:atemp>33.0</ns3:atemp>
            <ns3:hr>165</ns3:hr>
            <ns3:cad>87</ns3:cad>
          </ns3:TrackPointExtension>
        </extensions>
      </trkpt>
      <trkpt lat="22.55167971365153789520263671875" lon="114.00674491189420223236083984375">
        <ele>22</ele>
        <time>2026-08-12T23:03:26.000Z</time>
        <extensions>
          <ns3:TrackPointExtension>
            <ns3:atemp>33.0</ns3:atemp>
            <ns3:hr>165</ns3:hr>
            <ns3:cad>87</ns3:cad>
          </ns3:TrackPointExtension>
        </extensions>
      </trkpt>
      <trkpt lat="22.55167300812900066375732421875" lon="114.0067213587462902069091796875">
        <ele>22</ele>
        <time>2026-08-12T23:03:27.000Z</time>
        <extensions>
          <ns3:TrackPointExtension>
            <ns3:atemp>33.0</ns3:atemp>
            <ns3:hr>165</ns3:hr>
            <ns3:cad>87</ns3:cad>
          </ns3:TrackPointExtension>
        </extensions>
      </trkpt>
      <trkpt lat="22.55166714079678058624267578125" lon="114.0066968835890293121337890625">
        <ele>22</ele>
        <time>2026-08-12T23:03:28.000Z</time>
        <extensions>
          <ns3:TrackPointExtension>
            <ns3:atemp>33.0</ns3:atemp>
            <ns3:hr>165</ns3:hr>
            <ns3:cad>87</ns3:cad>
          </ns3:TrackPointExtension>
        </extensions>
      </trkpt>
      <trkpt lat="22.5516593456268310546875" lon="114.00667215697467327117919921875">
        <ele>22</ele>
        <time>2026-08-12T23:03:29.000Z</time>
        <extensions>
          <ns3:TrackPointExtension>
            <ns3:atemp>33.0</ns3:atemp>
            <ns3:hr>165</ns3:hr>
            <ns3:cad>87</ns3:cad>
          </ns3:TrackPointExtension>
        </extensions>
      </trkpt>
      <trkpt lat="22.551652975380420684814453125" lon="114.00664214976131916046142578125">
        <ele>22</ele>
        <time>2026-08-12T23:03:30.000Z</time>
        <extensions>
          <ns3:TrackPointExtension>
            <ns3:atemp>33.0</ns3:atemp>
            <ns3:hr>165</ns3:hr>
            <ns3:cad>88</ns3:cad>
          </ns3:TrackPointExtension>
        </extensions>
      </trkpt>
      <trkpt lat="22.55164752714335918426513671875" lon="114.006613902747631072998046875">
        <ele>22</ele>
        <time>2026-08-12T23:03:31.000Z</time>
        <extensions>
          <ns3:TrackPointExtension>
            <ns3:atemp>33.0</ns3:atemp>
            <ns3:hr>165</ns3:hr>
            <ns3:cad>87</ns3:cad>
          </ns3:TrackPointExtension>
        </extensions>
      </trkpt>
      <trkpt lat="22.55164082162082195281982421875" lon="114.00658314116299152374267578125">
        <ele>22</ele>
        <time>2026-08-12T23:03:32.000Z</time>
        <extensions>
          <ns3:TrackPointExtension>
            <ns3:atemp>33.0</ns3:atemp>
            <ns3:hr>166</ns3:hr>
            <ns3:cad>87</ns3:cad>
          </ns3:TrackPointExtension>
        </extensions>
      </trkpt>
      <trkpt lat="22.551636882126331329345703125" lon="114.00655330158770084381103515625">
        <ele>22</ele>
        <time>2026-08-12T23:03:33.000Z</time>
        <extensions>
          <ns3:TrackPointExtension>
            <ns3:atemp>33.0</ns3:atemp>
            <ns3:hr>166</ns3:hr>
            <ns3:cad>87</ns3:cad>
          </ns3:TrackPointExtension>
        </extensions>
      </trkpt>
      <trkpt lat="22.55163185298442840576171875" lon="114.0065176784992218017578125">
        <ele>22</ele>
        <time>2026-08-12T23:03:34.000Z</time>
        <extensions>
          <ns3:TrackPointExtension>
            <ns3:atemp>33.0</ns3:atemp>
            <ns3:hr>166</ns3:hr>
            <ns3:cad>87</ns3:cad>
          </ns3:TrackPointExtension>
        </extensions>
      </trkpt>
      <trkpt lat="22.5516276620328426361083984375" lon="114.0064849890768527984619140625">
        <ele>22.200000762939453125</ele>
        <time>2026-08-12T23:03:35.000Z</time>
        <extensions>
          <ns3:TrackPointExtension>
            <ns3:atemp>33.0</ns3:atemp>
            <ns3:hr>166</ns3:hr>
            <ns3:cad>87</ns3:cad>
          </ns3:TrackPointExtension>
        </extensions>
      </trkpt>
      <trkpt lat="22.551624812185764312744140625" lon="114.00644735433161258697509765625">
        <ele>22.200000762939453125</ele>
        <time>2026-08-12T23:03:36.000Z</time>
        <extensions>
          <ns3:TrackPointExtension>
            <ns3:atemp>33.0</ns3:atemp>
            <ns3:hr>165</ns3:hr>
            <ns3:cad>86</ns3:cad>
          </ns3:TrackPointExtension>
        </extensions>
      </trkpt>
      <trkpt lat="22.55162472836673259735107421875" lon="114.0064142458140850067138671875">
        <ele>22.200000762939453125</ele>
        <time>2026-08-12T23:03:37.000Z</time>
        <extensions>
          <ns3:TrackPointExtension>
            <ns3:atemp>33.0</ns3:atemp>
            <ns3:hr>166</ns3:hr>
            <ns3:cad>86</ns3:cad>
          </ns3:TrackPointExtension>
        </extensions>
      </trkpt>
      <trkpt lat="22.5516249798238277435302734375" lon="114.00638423860073089599609375">
        <ele>22.3999996185302734375</ele>
        <time>2026-08-12T23:03:38.000Z</time>
        <extensions>
          <ns3:TrackPointExtension>
            <ns3:atemp>33.0</ns3:atemp>
            <ns3:hr>166</ns3:hr>
            <ns3:cad>86</ns3:cad>
          </ns3:TrackPointExtension>
        </extensions>
      </trkpt>
      <trkpt lat="22.55162204615771770477294921875" lon="114.0063562430441379547119140625">
        <ele>22.3999996185302734375</ele>
        <time>2026-08-12T23:03:39.000Z</time>
        <extensions>
          <ns3:TrackPointExtension>
            <ns3:atemp>33.0</ns3:atemp>
            <ns3:hr>166</ns3:hr>
            <ns3:cad>86</ns3:cad>
          </ns3:TrackPointExtension>
        </extensions>
      </trkpt>
      <trkpt lat="22.55161953158676624298095703125" lon="114.0063326060771942138671875">
        <ele>22.6000003814697265625</ele>
        <time>2026-08-12T23:03:40.000Z</time>
        <extensions>
          <ns3:TrackPointExtension>
            <ns3:atemp>33.0</ns3:atemp>
            <ns3:hr>167</ns3:hr>
            <ns3:cad>87</ns3:cad>
          </ns3:TrackPointExtension>
        </extensions>
      </trkpt>
      <trkpt lat="22.5516172684729099273681640625" lon="114.006307460367679595947265625">
        <ele>22.6000003814697265625</ele>
        <time>2026-08-12T23:03:41.000Z</time>
        <extensions>
          <ns3:TrackPointExtension>
            <ns3:atemp>33.0</ns3:atemp>
            <ns3:hr>168</ns3:hr>
            <ns3:cad>86</ns3:cad>
          </ns3:TrackPointExtension>
        </extensions>
      </trkpt>
      <trkpt lat="22.55161383189260959625244140625" lon="114.00628508068621158599853515625">
        <ele>22.6000003814697265625</ele>
        <time>2026-08-12T23:03:42.000Z</time>
        <extensions>
          <ns3:TrackPointExtension>
            <ns3:atemp>33.0</ns3:atemp>
            <ns3:hr>168</ns3:hr>
            <ns3:cad>86</ns3:cad>
          </ns3:TrackPointExtension>
        </extensions>
      </trkpt>
      <trkpt lat="22.5516149215400218963623046875" lon="114.006264209747314453125">
        <ele>22.6000003814697265625</ele>
        <time>2026-08-12T23:03:43.000Z</time>
        <extensions>
          <ns3:TrackPointExtension>
            <ns3:atemp>33.0</ns3:atemp>
            <ns3:hr>169</ns3:hr>
            <ns3:cad>86</ns3:cad>
          </ns3:TrackPointExtension>
        </extensions>
      </trkpt>
      <trkpt lat="22.55161869339644908905029296875" lon="114.00624467991292476654052734375">
        <ele>22.799999237060546875</ele>
        <time>2026-08-12T23:03:44.000Z</time>
        <extensions>
          <ns3:TrackPointExtension>
            <ns3:atemp>33.0</ns3:atemp>
            <ns3:hr>169</ns3:hr>
            <ns3:cad>86</ns3:cad>
          </ns3:TrackPointExtension>
        </extensions>
      </trkpt>
      <trkpt lat="22.55161953158676624298095703125" lon="114.006224982440471649169921875">
        <ele>22.799999237060546875</ele>
        <time>2026-08-12T23:03:45.000Z</time>
        <extensions>
          <ns3:TrackPointExtension>
            <ns3:atemp>33.0</ns3:atemp>
            <ns3:hr>169</ns3:hr>
            <ns3:cad>86</ns3:cad>
          </ns3:TrackPointExtension>
        </extensions>
      </trkpt>
      <trkpt lat="22.55162003450095653533935546875" lon="114.006204195320606231689453125">
        <ele>22.799999237060546875</ele>
        <time>2026-08-12T23:03:46.000Z</time>
        <extensions>
          <ns3:TrackPointExtension>
            <ns3:atemp>33.0</ns3:atemp>
            <ns3:hr>169</ns3:hr>
            <ns3:cad>87</ns3:cad>
          </ns3:TrackPointExtension>
        </extensions>
      </trkpt>
      <trkpt lat="22.5516204535961151123046875" lon="114.0061835758388042449951171875">
        <ele>22.799999237060546875</ele>
        <time>2026-08-12T23:03:47.000Z</time>
        <extensions>
          <ns3:TrackPointExtension>
            <ns3:atemp>33.0</ns3:atemp>
            <ns3:hr>168</ns3:hr>
            <ns3:cad>87</ns3:cad>
          </ns3:TrackPointExtension>
        </extensions>
      </trkpt>
      <trkpt lat="22.5516192801296710968017578125" lon="114.0061614476144313812255859375">
        <ele>23</ele>
        <time>2026-08-12T23:03:48.000Z</time>
        <extensions>
          <ns3:TrackPointExtension>
            <ns3:atemp>33.0</ns3:atemp>
            <ns3:hr>168</ns3:hr>
            <ns3:cad>87</ns3:cad>
          </ns3:TrackPointExtension>
        </extensions>
      </trkpt>
      <trkpt lat="22.55161869339644908905029296875" lon="114.00613772682845592498779296875">
        <ele>23</ele>
        <time>2026-08-12T23:03:49.000Z</time>
        <extensions>
          <ns3:TrackPointExtension>
            <ns3:atemp>33.0</ns3:atemp>
            <ns3:hr>168</ns3:hr>
            <ns3:cad>88</ns3:cad>
          </ns3:TrackPointExtension>
        </extensions>
      </trkpt>
      <trkpt lat="22.55162020213901996612548828125" lon="114.00611576624214649200439453125">
        <ele>23</ele>
        <time>2026-08-12T23:03:50.000Z</time>
        <extensions>
          <ns3:TrackPointExtension>
            <ns3:atemp>33.0</ns3:atemp>
            <ns3:hr>168</ns3:hr>
            <ns3:cad>88</ns3:cad>
          </ns3:TrackPointExtension>
        </extensions>
      </trkpt>
      <trkpt lat="22.55162070505321025848388671875" lon="114.0060937218368053436279296875">
        <ele>23.200000762939453125</ele>
        <time>2026-08-12T23:03:51.000Z</time>
        <extensions>
          <ns3:TrackPointExtension>
            <ns3:atemp>33.0</ns3:atemp>
            <ns3:hr>168</ns3:hr>
            <ns3:cad>87</ns3:cad>
          </ns3:TrackPointExtension>
        </extensions>
      </trkpt>
      <trkpt lat="22.5516233034431934356689453125" lon="114.00607100687921047210693359375">
        <ele>23.200000762939453125</ele>
        <time>2026-08-12T23:03:52.000Z</time>
        <extensions>
          <ns3:TrackPointExtension>
            <ns3:atemp>33.0</ns3:atemp>
            <ns3:hr>169</ns3:hr>
            <ns3:cad>87</ns3:cad>
          </ns3:TrackPointExtension>
        </extensions>
      </trkpt>
      <trkpt lat="22.551625482738018035888671875" lon="114.00604703463613986968994140625">
        <ele>23.200000762939453125</ele>
        <time>2026-08-12T23:03:53.000Z</time>
        <extensions>
          <ns3:TrackPointExtension>
            <ns3:atemp>33.0</ns3:atemp>
            <ns3:hr>169</ns3:hr>
            <ns3:cad>87</ns3:cad>
          </ns3:TrackPointExtension>
        </extensions>
      </trkpt>
      <trkpt lat="22.55162590183317661285400390625" lon="114.00602356530725955963134765625">
        <ele>23.200000762939453125</ele>
        <time>2026-08-12T23:03:54.000Z</time>
        <extensions>
          <ns3:TrackPointExtension>
            <ns3:atemp>33.0</ns3:atemp>
            <ns3:hr>169</ns3:hr>
            <ns3:cad>87</ns3:cad>
          </ns3:TrackPointExtension>
        </extensions>
      </trkpt>
      <trkpt lat="22.5516276620328426361083984375" lon="114.0059995092451572418212890625">
        <ele>23.200000762939453125</ele>
        <time>2026-08-12T23:03:55.000Z</time>
        <extensions>
          <ns3:TrackPointExtension>
            <ns3:atemp>33.0</ns3:atemp>
            <ns3:hr>170</ns3:hr>
            <ns3:cad>87</ns3:cad>
          </ns3:TrackPointExtension>
        </extensions>
      </trkpt>
      <trkpt lat="22.55162891931831836700439453125" lon="114.00597109459340572357177734375">
        <ele>23.200000762939453125</ele>
        <time>2026-08-12T23:03:56.000Z</time>
        <extensions>
          <ns3:TrackPointExtension>
            <ns3:atemp>33.0</ns3:atemp>
            <ns3:hr>170</ns3:hr>
            <ns3:cad>87</ns3:cad>
          </ns3:TrackPointExtension>
        </extensions>
      </trkpt>
      <trkpt lat="22.5516296736896038055419921875" lon="114.0059435181319713592529296875">
        <ele>23.200000762939453125</ele>
        <time>2026-08-12T23:03:57.000Z</time>
        <extensions>
          <ns3:TrackPointExtension>
            <ns3:atemp>33.0</ns3:atemp>
            <ns3:hr>170</ns3:hr>
            <ns3:cad>87</ns3:cad>
          </ns3:TrackPointExtension>
        </extensions>
      </trkpt>
      <trkpt lat="22.55163009278476238250732421875" lon="114.005918540060520172119140625">
        <ele>23.3999996185302734375</ele>
        <time>2026-08-12T23:03:58.000Z</time>
        <extensions>
          <ns3:TrackPointExtension>
            <ns3:atemp>33.0</ns3:atemp>
            <ns3:hr>170</ns3:hr>
            <ns3:cad>87</ns3:cad>
          </ns3:TrackPointExtension>
        </extensions>
      </trkpt>
      <trkpt lat="22.55163126625120639801025390625" lon="114.00589406490325927734375">
        <ele>23.3999996185302734375</ele>
        <time>2026-08-12T23:03:59.000Z</time>
        <extensions>
          <ns3:TrackPointExtension>
            <ns3:atemp>33.0</ns3:atemp>
            <ns3:hr>169</ns3:hr>
            <ns3:cad>87</ns3:cad>
          </ns3:TrackPointExtension>
        </extensions>
      </trkpt>
      <trkpt lat="22.55163612775504589080810546875" lon="114.00587051175534725189208984375">
        <ele>23.3999996185302734375</ele>
        <time>2026-08-12T23:04:00.000Z</time>
        <extensions>
          <ns3:TrackPointExtension>
            <ns3:atemp>33.0</ns3:atemp>
            <ns3:hr>169</ns3:hr>
            <ns3:cad>87</ns3:cad>
          </ns3:TrackPointExtension>
        </extensions>
      </trkpt>
      <trkpt lat="22.551637552678585052490234375" lon="114.00584368966519832611083984375">
        <ele>23.3999996185302734375</ele>
        <time>2026-08-12T23:04:01.000Z</time>
        <extensions>
          <ns3:TrackPointExtension>
            <ns3:atemp>33.0</ns3:atemp>
            <ns3:hr>169</ns3:hr>
            <ns3:cad>87</ns3:cad>
          </ns3:TrackPointExtension>
        </extensions>
      </trkpt>
      <trkpt lat="22.55164266563951969146728515625" lon="114.00582089088857173919677734375">
        <ele>23.3999996185302734375</ele>
        <time>2026-08-12T23:04:02.000Z</time>
        <extensions>
          <ns3:TrackPointExtension>
            <ns3:atemp>33.0</ns3:atemp>
            <ns3:hr>169</ns3:hr>
            <ns3:cad>87</ns3:cad>
          </ns3:TrackPointExtension>
        </extensions>
      </trkpt>
      <trkpt lat="22.55164953880012035369873046875" lon="114.0057923085987567901611328125">
        <ele>23.3999996185302734375</ele>
        <time>2026-08-12T23:04:03.000Z</time>
        <extensions>
          <ns3:TrackPointExtension>
            <ns3:atemp>33.0</ns3:atemp>
            <ns3:hr>169</ns3:hr>
            <ns3:cad>86</ns3:cad>
          </ns3:TrackPointExtension>
        </extensions>
      </trkpt>
      <trkpt lat="22.551655657589435577392578125" lon="114.0057661570608615875244140625">
        <ele>23.3999996185302734375</ele>
        <time>2026-08-12T23:04:04.000Z</time>
        <extensions>
          <ns3:TrackPointExtension>
            <ns3:atemp>33.0</ns3:atemp>
            <ns3:hr>168</ns3:hr>
            <ns3:cad>86</ns3:cad>
          </ns3:TrackPointExtension>
        </extensions>
      </trkpt>
      <trkpt lat="22.55166177637875080108642578125" lon="114.0057443641126155853271484375">
        <ele>23.3999996185302734375</ele>
        <time>2026-08-12T23:04:05.000Z</time>
        <extensions>
          <ns3:TrackPointExtension>
            <ns3:atemp>33.0</ns3:atemp>
            <ns3:hr>169</ns3:hr>
            <ns3:cad>86</ns3:cad>
          </ns3:TrackPointExtension>
        </extensions>
      </trkpt>
      <trkpt lat="22.5516689009964466094970703125" lon="114.0057215653359889984130859375">
        <ele>23.6000003814697265625</ele>
        <time>2026-08-12T23:04:06.000Z</time>
        <extensions>
          <ns3:TrackPointExtension>
            <ns3:atemp>33.0</ns3:atemp>
            <ns3:hr>169</ns3:hr>
            <ns3:cad>87</ns3:cad>
          </ns3:TrackPointExtension>
        </extensions>
      </trkpt>
      <trkpt lat="22.551673762500286102294921875" lon="114.0056957490742206573486328125">
        <ele>23.799999237060546875</ele>
        <time>2026-08-12T23:04:07.000Z</time>
        <extensions>
          <ns3:TrackPointExtension>
            <ns3:atemp>33.0</ns3:atemp>
            <ns3:hr>168</ns3:hr>
            <ns3:cad>87</ns3:cad>
          </ns3:TrackPointExtension>
        </extensions>
      </trkpt>
      <trkpt lat="22.5516769476234912872314453125" lon="114.0056675858795642852783203125">
        <ele>23.799999237060546875</ele>
        <time>2026-08-12T23:04:08.000Z</time>
        <extensions>
          <ns3:TrackPointExtension>
            <ns3:atemp>33.0</ns3:atemp>
            <ns3:hr>168</ns3:hr>
            <ns3:cad>87</ns3:cad>
          </ns3:TrackPointExtension>
        </extensions>
      </trkpt>
      <trkpt lat="22.55168055184185504913330078125" lon="114.00563992559909820556640625">
        <ele>23.799999237060546875</ele>
        <time>2026-08-12T23:04:09.000Z</time>
        <extensions>
          <ns3:TrackPointExtension>
            <ns3:atemp>33.0</ns3:atemp>
            <ns3:hr>168</ns3:hr>
            <ns3:cad>87</ns3:cad>
          </ns3:TrackPointExtension>
        </extensions>
      </trkpt>
      <trkpt lat="22.55168373696506023406982421875" lon="114.00561100803315639495849609375">
        <ele>24</ele>
        <time>2026-08-12T23:04:10.000Z</time>
        <extensions>
          <ns3:TrackPointExtension>
            <ns3:atemp>33.0</ns3:atemp>
            <ns3:hr>168</ns3:hr>
            <ns3:cad>87</ns3:cad>
          </ns3:TrackPointExtension>
        </extensions>
      </trkpt>
      <trkpt lat="22.55168658681213855743408203125" lon="114.0055857785046100616455078125">
        <ele>24</ele>
        <time>2026-08-12T23:04:11.000Z</time>
        <extensions>
          <ns3:TrackPointExtension>
            <ns3:atemp>33.0</ns3:atemp>
            <ns3:hr>168</ns3:hr>
            <ns3:cad>87</ns3:cad>
          </ns3:TrackPointExtension>
        </extensions>
      </trkpt>
      <trkpt lat="22.55168859846889972686767578125" lon="114.0055596269667148590087890625">
        <ele>23.799999237060546875</ele>
        <time>2026-08-12T23:04:12.000Z</time>
        <extensions>
          <ns3:TrackPointExtension>
            <ns3:atemp>33.0</ns3:atemp>
            <ns3:hr>168</ns3:hr>
            <ns3:cad>88</ns3:cad>
          </ns3:TrackPointExtension>
        </extensions>
      </trkpt>
      <trkpt lat="22.55168977193534374237060546875" lon="114.00553406216204166412353515625">
        <ele>23.799999237060546875</ele>
        <time>2026-08-12T23:04:13.000Z</time>
        <extensions>
          <ns3:TrackPointExtension>
            <ns3:atemp>33.0</ns3:atemp>
            <ns3:hr>168</ns3:hr>
            <ns3:cad>88</ns3:cad>
          </ns3:TrackPointExtension>
        </extensions>
      </trkpt>
      <trkpt lat="22.55169228650629520416259765625" lon="114.005506820976734161376953125">
        <ele>23.799999237060546875</ele>
        <time>2026-08-12T23:04:14.000Z</time>
        <extensions>
          <ns3:TrackPointExtension>
            <ns3:atemp>33.0</ns3:atemp>
            <ns3:hr>169</ns3:hr>
            <ns3:cad>88</ns3:cad>
          </ns3:TrackPointExtension>
        </extensions>
      </trkpt>
      <trkpt lat="22.551692537963390350341796875" lon="114.00548410601913928985595703125">
        <ele>24</ele>
        <time>2026-08-12T23:04:15.000Z</time>
        <extensions>
          <ns3:TrackPointExtension>
            <ns3:atemp>33.0</ns3:atemp>
            <ns3:hr>168</ns3:hr>
            <ns3:cad>88</ns3:cad>
          </ns3:TrackPointExtension>
        </extensions>
      </trkpt>
      <trkpt lat="22.551693208515644073486328125" lon="114.00545694865286350250244140625">
        <ele>24</ele>
        <time>2026-08-12T23:04:16.000Z</time>
        <extensions>
          <ns3:TrackPointExtension>
            <ns3:atemp>33.0</ns3:atemp>
            <ns3:hr>168</ns3:hr>
            <ns3:cad>88</ns3:cad>
          </ns3:TrackPointExtension>
        </extensions>
      </trkpt>
      <trkpt lat="22.551692537963390350341796875" lon="114.0054342336952686309814453125">
        <ele>24</ele>
        <time>2026-08-12T23:04:17.000Z</time>
        <extensions>
          <ns3:TrackPointExtension>
            <ns3:atemp>33.0</ns3:atemp>
            <ns3:hr>168</ns3:hr>
            <ns3:cad>88</ns3:cad>
          </ns3:TrackPointExtension>
        </extensions>
      </trkpt>
      <trkpt lat="22.5516920350492000579833984375" lon="114.0054017119109630584716796875">
        <ele>24.200000762939453125</ele>
        <time>2026-08-12T23:04:18.000Z</time>
        <extensions>
          <ns3:TrackPointExtension>
            <ns3:atemp>33.0</ns3:atemp>
            <ns3:hr>169</ns3:hr>
            <ns3:cad>88</ns3:cad>
          </ns3:TrackPointExtension>
        </extensions>
      </trkpt>
      <trkpt lat="22.55169086158275604248046875" lon="114.005373381078243255615234375">
        <ele>24.200000762939453125</ele>
        <time>2026-08-12T23:04:19.000Z</time>
        <extensions>
          <ns3:TrackPointExtension>
            <ns3:atemp>33.0</ns3:atemp>
            <ns3:hr>168</ns3:hr>
            <ns3:cad>87</ns3:cad>
          </ns3:TrackPointExtension>
        </extensions>
      </trkpt>
      <trkpt lat="22.55168993957340717315673828125" lon="114.0053400211036205291748046875">
        <ele>24.200000762939453125</ele>
        <time>2026-08-12T23:04:20.000Z</time>
        <extensions>
          <ns3:TrackPointExtension>
            <ns3:atemp>33.0</ns3:atemp>
            <ns3:hr>169</ns3:hr>
            <ns3:cad>88</ns3:cad>
          </ns3:TrackPointExtension>
        </extensions>
      </trkpt>
      <trkpt lat="22.55169086158275604248046875" lon="114.00531680323183536529541015625">
        <ele>24.3999996185302734375</ele>
        <time>2026-08-12T23:04:21.000Z</time>
        <extensions>
          <ns3:TrackPointExtension>
            <ns3:atemp>33.0</ns3:atemp>
            <ns3:hr>170</ns3:hr>
            <ns3:cad>87</ns3:cad>
          </ns3:TrackPointExtension>
        </extensions>
      </trkpt>
      <trkpt lat="22.551691867411136627197265625" lon="114.00528855621814727783203125">
        <ele>24.3999996185302734375</ele>
        <time>2026-08-12T23:04:22.000Z</time>
        <extensions>
          <ns3:TrackPointExtension>
            <ns3:atemp>33.0</ns3:atemp>
            <ns3:hr>170</ns3:hr>
            <ns3:cad>88</ns3:cad>
          </ns3:TrackPointExtension>
        </extensions>
      </trkpt>
      <trkpt lat="22.55169262178242206573486328125" lon="114.00526131503283977508544921875">
        <ele>24.3999996185302734375</ele>
        <time>2026-08-12T23:04:23.000Z</time>
        <extensions>
          <ns3:TrackPointExtension>
            <ns3:atemp>33.0</ns3:atemp>
            <ns3:hr>171</ns3:hr>
            <ns3:cad>87</ns3:cad>
          </ns3:TrackPointExtension>
        </extensions>
      </trkpt>
      <trkpt lat="22.5516916997730731964111328125" lon="114.005233235657215118408203125">
        <ele>24.3999996185302734375</ele>
        <time>2026-08-12T23:04:24.000Z</time>
        <extensions>
          <ns3:TrackPointExtension>
            <ns3:atemp>33.0</ns3:atemp>
            <ns3:hr>172</ns3:hr>
            <ns3:cad>87</ns3:cad>
          </ns3:TrackPointExtension>
        </extensions>
      </trkpt>
      <trkpt lat="22.5516923703253269195556640625" lon="114.0052062459290027618408203125">
        <ele>24.3999996185302734375</ele>
        <time>2026-08-12T23:04:25.000Z</time>
        <extensions>
          <ns3:TrackPointExtension>
            <ns3:atemp>33.0</ns3:atemp>
            <ns3:hr>172</ns3:hr>
            <ns3:cad>87</ns3:cad>
          </ns3:TrackPointExtension>
        </extensions>
      </trkpt>
      <trkpt lat="22.55169144831597805023193359375" lon="114.00518068112432956695556640625">
        <ele>24.6000003814697265625</ele>
        <time>2026-08-12T23:04:26.000Z</time>
        <extensions>
          <ns3:TrackPointExtension>
            <ns3:atemp>33.0</ns3:atemp>
            <ns3:hr>172</ns3:hr>
            <ns3:cad>87</ns3:cad>
          </ns3:TrackPointExtension>
        </extensions>
      </trkpt>
      <trkpt lat="22.5516933761537075042724609375" lon="114.00515486486256122589111328125">
        <ele>24.6000003814697265625</ele>
        <time>2026-08-12T23:04:27.000Z</time>
        <extensions>
          <ns3:TrackPointExtension>
            <ns3:atemp>33.0</ns3:atemp>
            <ns3:hr>172</ns3:hr>
            <ns3:cad>87</ns3:cad>
          </ns3:TrackPointExtension>
        </extensions>
      </trkpt>
      <trkpt lat="22.551693208515644073486328125" lon="114.00513223372399806976318359375">
        <ele>24.6000003814697265625</ele>
        <time>2026-08-12T23:04:28.000Z</time>
        <extensions>
          <ns3:TrackPointExtension>
            <ns3:atemp>33.0</ns3:atemp>
            <ns3:hr>172</ns3:hr>
            <ns3:cad>87</ns3:cad>
          </ns3:TrackPointExtension>
        </extensions>
      </trkpt>
      <trkpt lat="22.55169496871531009674072265625" lon="114.0051019750535488128662109375">
        <ele>24.6000003814697265625</ele>
        <time>2026-08-12T23:04:29.000Z</time>
        <extensions>
          <ns3:TrackPointExtension>
            <ns3:atemp>33.0</ns3:atemp>
            <ns3:hr>172</ns3:hr>
            <ns3:cad>87</ns3:cad>
          </ns3:TrackPointExtension>
        </extensions>
      </trkpt>
      <trkpt lat="22.55169689655303955078125" lon="114.00507775135338306427001953125">
        <ele>24.6000003814697265625</ele>
        <time>2026-08-12T23:04:30.000Z</time>
        <extensions>
          <ns3:TrackPointExtension>
            <ns3:atemp>33.0</ns3:atemp>
            <ns3:hr>172</ns3:hr>
            <ns3:cad>87</ns3:cad>
          </ns3:TrackPointExtension>
        </extensions>
      </trkpt>
      <trkpt lat="22.55169798620045185089111328125" lon="114.0050486661493778228759765625">
        <ele>24.799999237060546875</ele>
        <time>2026-08-12T23:04:31.000Z</time>
        <extensions>
          <ns3:TrackPointExtension>
            <ns3:atemp>33.0</ns3:atemp>
            <ns3:hr>172</ns3:hr>
            <ns3:cad>87</ns3:cad>
          </ns3:TrackPointExtension>
        </extensions>
      </trkpt>
      <trkpt lat="22.5516977347433567047119140625" lon="114.00502511300146579742431640625">
        <ele>24.799999237060546875</ele>
        <time>2026-08-12T23:04:32.000Z</time>
        <extensions>
          <ns3:TrackPointExtension>
            <ns3:atemp>33.0</ns3:atemp>
            <ns3:hr>172</ns3:hr>
            <ns3:cad>87</ns3:cad>
          </ns3:TrackPointExtension>
        </extensions>
      </trkpt>
      <trkpt lat="22.5517007522284984588623046875" lon="114.00499979965388774871826171875">
        <ele>24.799999237060546875</ele>
        <time>2026-08-12T23:04:33.000Z</time>
        <extensions>
          <ns3:TrackPointExtension>
            <ns3:atemp>33.0</ns3:atemp>
            <ns3:hr>172</ns3:hr>
            <ns3:cad>87</ns3:cad>
          </ns3:TrackPointExtension>
        </extensions>
      </trkpt>
      <trkpt lat="22.55170200951397418975830078125" lon="114.00497716851532459259033203125">
        <ele>25</ele>
        <time>2026-08-12T23:04:34.000Z</time>
        <extensions>
          <ns3:TrackPointExtension>
            <ns3:atemp>33.0</ns3:atemp>
            <ns3:hr>172</ns3:hr>
            <ns3:cad>86</ns3:cad>
          </ns3:TrackPointExtension>
        </extensions>
      </trkpt>
      <trkpt lat="22.55170284770429134368896484375" lon="114.0049514360725879669189453125">
        <ele>25</ele>
        <time>2026-08-12T23:04:35.000Z</time>
        <extensions>
          <ns3:TrackPointExtension>
            <ns3:atemp>33.0</ns3:atemp>
            <ns3:hr>171</ns3:hr>
            <ns3:cad>87</ns3:cad>
          </ns3:TrackPointExtension>
        </extensions>
      </trkpt>
      <trkpt lat="22.5517051108181476593017578125" lon="114.004926793277263641357421875">
        <ele>25</ele>
        <time>2026-08-12T23:04:36.000Z</time>
        <extensions>
          <ns3:TrackPointExtension>
            <ns3:atemp>33.0</ns3:atemp>
            <ns3:hr>171</ns3:hr>
            <ns3:cad>87</ns3:cad>
          </ns3:TrackPointExtension>
        </extensions>
      </trkpt>
      <trkpt lat="22.5517067871987819671630859375" lon="114.00490156374871730804443359375">
        <ele>25.200000762939453125</ele>
        <time>2026-08-12T23:04:37.000Z</time>
        <extensions>
          <ns3:TrackPointExtension>
            <ns3:atemp>33.0</ns3:atemp>
            <ns3:hr>172</ns3:hr>
            <ns3:cad>88</ns3:cad>
          </ns3:TrackPointExtension>
        </extensions>
      </trkpt>
      <trkpt lat="22.551706619560718536376953125" lon="114.0048766694962978363037109375">
        <ele>25.200000762939453125</ele>
        <time>2026-08-12T23:04:38.000Z</time>
        <extensions>
          <ns3:TrackPointExtension>
            <ns3:atemp>33.0</ns3:atemp>
            <ns3:hr>172</ns3:hr>
            <ns3:cad>87</ns3:cad>
          </ns3:TrackPointExtension>
        </extensions>
      </trkpt>
      <trkpt lat="22.55170636810362339019775390625" lon="114.004852361977100372314453125">
        <ele>25.200000762939453125</ele>
        <time>2026-08-12T23:04:39.000Z</time>
        <extensions>
          <ns3:TrackPointExtension>
            <ns3:atemp>33.0</ns3:atemp>
            <ns3:hr>172</ns3:hr>
            <ns3:cad>88</ns3:cad>
          </ns3:TrackPointExtension>
        </extensions>
      </trkpt>
      <trkpt lat="22.55170687101781368255615234375" lon="114.0048287250101566314697265625">
        <ele>25.3999996185302734375</ele>
        <time>2026-08-12T23:04:40.000Z</time>
        <extensions>
          <ns3:TrackPointExtension>
            <ns3:atemp>33.0</ns3:atemp>
            <ns3:hr>173</ns3:hr>
            <ns3:cad>87</ns3:cad>
          </ns3:TrackPointExtension>
        </extensions>
      </trkpt>
      <trkpt lat="22.5517091341316699981689453125" lon="114.00480735115706920623779296875">
        <ele>25.3999996185302734375</ele>
        <time>2026-08-12T23:04:41.000Z</time>
        <extensions>
          <ns3:TrackPointExtension>
            <ns3:atemp>33.0</ns3:atemp>
            <ns3:hr>173</ns3:hr>
            <ns3:cad>87</ns3:cad>
          </ns3:TrackPointExtension>
        </extensions>
      </trkpt>
      <trkpt lat="22.5517108105123043060302734375" lon="114.0047797746956348419189453125">
        <ele>25.3999996185302734375</ele>
        <time>2026-08-12T23:04:42.000Z</time>
        <extensions>
          <ns3:TrackPointExtension>
            <ns3:atemp>33.0</ns3:atemp>
            <ns3:hr>173</ns3:hr>
            <ns3:cad>87</ns3:cad>
          </ns3:TrackPointExtension>
        </extensions>
      </trkpt>
      <trkpt lat="22.5517114810645580291748046875" lon="114.0047563053667545318603515625">
        <ele>25.3999996185302734375</ele>
        <time>2026-08-12T23:04:43.000Z</time>
        <extensions>
          <ns3:TrackPointExtension>
            <ns3:atemp>33.0</ns3:atemp>
            <ns3:hr>173</ns3:hr>
            <ns3:cad>87</ns3:cad>
          </ns3:TrackPointExtension>
        </extensions>
      </trkpt>
      <trkpt lat="22.5517118163406848907470703125" lon="114.00472990237176418304443359375">
        <ele>25.3999996185302734375</ele>
        <time>2026-08-12T23:04:44.000Z</time>
        <extensions>
          <ns3:TrackPointExtension>
            <ns3:atemp>33.0</ns3:atemp>
            <ns3:hr>173</ns3:hr>
            <ns3:cad>87</ns3:cad>
          </ns3:TrackPointExtension>
        </extensions>
      </trkpt>
      <trkpt lat="22.551715672016143798828125" lon="114.00470274500548839569091796875">
        <ele>25.3999996185302734375</ele>
        <time>2026-08-12T23:04:45.000Z</time>
        <extensions>
          <ns3:TrackPointExtension>
            <ns3:atemp>33.0</ns3:atemp>
            <ns3:hr>173</ns3:hr>
            <ns3:cad>87</ns3:cad>
          </ns3:TrackPointExtension>
        </extensions>
      </trkpt>
      <trkpt lat="22.55171609111130237579345703125" lon="114.0046711452305316925048828125">
        <ele>25.6000003814697265625</ele>
        <time>2026-08-12T23:04:46.000Z</time>
        <extensions>
          <ns3:TrackPointExtension>
            <ns3:atemp>33.0</ns3:atemp>
            <ns3:hr>173</ns3:hr>
            <ns3:cad>87</ns3:cad>
          </ns3:TrackPointExtension>
        </extensions>
      </trkpt>
      <trkpt lat="22.55171776749193668365478515625" lon="114.00464206002652645111083984375">
        <ele>25.799999237060546875</ele>
        <time>2026-08-12T23:04:47.000Z</time>
        <extensions>
          <ns3:TrackPointExtension>
            <ns3:atemp>33.0</ns3:atemp>
            <ns3:hr>173</ns3:hr>
            <ns3:cad>87</ns3:cad>
          </ns3:TrackPointExtension>
        </extensions>
      </trkpt>
      <trkpt lat="22.55171961151063442230224609375" lon="114.00461674667894840240478515625">
        <ele>26</ele>
        <time>2026-08-12T23:04:48.000Z</time>
        <extensions>
          <ns3:TrackPointExtension>
            <ns3:atemp>33.0</ns3:atemp>
            <ns3:hr>173</ns3:hr>
            <ns3:cad>86</ns3:cad>
          </ns3:TrackPointExtension>
        </extensions>
      </trkpt>
      <trkpt lat="22.55171927623450756072998046875" lon="114.00459076277911663055419921875">
        <ele>26</ele>
        <time>2026-08-12T23:04:49.000Z</time>
        <extensions>
          <ns3:TrackPointExtension>
            <ns3:atemp>33.0</ns3:atemp>
            <ns3:hr>173</ns3:hr>
            <ns3:cad>87</ns3:cad>
          </ns3:TrackPointExtension>
        </extensions>
      </trkpt>
      <trkpt lat="22.55171860568225383758544921875" lon="114.0045665390789508819580078125">
        <ele>26</ele>
        <time>2026-08-12T23:04:50.000Z</time>
        <extensions>
          <ns3:TrackPointExtension>
            <ns3:atemp>33.0</ns3:atemp>
            <ns3:hr>173</ns3:hr>
            <ns3:cad>86</ns3:cad>
          </ns3:TrackPointExtension>
        </extensions>
      </trkpt>
      <trkpt lat="22.55171827040612697601318359375" lon="114.0045397169888019561767578125">
        <ele>26</ele>
        <time>2026-08-12T23:04:51.000Z</time>
        <extensions>
          <ns3:TrackPointExtension>
            <ns3:atemp>33.0</ns3:atemp>
            <ns3:hr>172</ns3:hr>
            <ns3:cad>86</ns3:cad>
          </ns3:TrackPointExtension>
        </extensions>
      </trkpt>
      <trkpt lat="22.55171558819711208343505859375" lon="114.00451465509831905364990234375">
        <ele>25.799999237060546875</ele>
        <time>2026-08-12T23:04:52.000Z</time>
        <extensions>
          <ns3:TrackPointExtension>
            <ns3:atemp>33.0</ns3:atemp>
            <ns3:hr>172</ns3:hr>
            <ns3:cad>86</ns3:cad>
          </ns3:TrackPointExtension>
        </extensions>
      </trkpt>
      <trkpt lat="22.55171609111130237579345703125" lon="114.0044864080846309661865234375">
        <ele>25.799999237060546875</ele>
        <time>2026-08-12T23:04:53.000Z</time>
        <extensions>
          <ns3:TrackPointExtension>
            <ns3:atemp>33.0</ns3:atemp>
            <ns3:hr>172</ns3:hr>
            <ns3:cad>86</ns3:cad>
          </ns3:TrackPointExtension>
        </extensions>
      </trkpt>
      <trkpt lat="22.551713995635509490966796875" lon="114.00446134619414806365966796875">
        <ele>25.799999237060546875</ele>
        <time>2026-08-12T23:04:54.000Z</time>
        <extensions>
          <ns3:TrackPointExtension>
            <ns3:atemp>33.0</ns3:atemp>
            <ns3:hr>172</ns3:hr>
            <ns3:cad>87</ns3:cad>
          </ns3:TrackPointExtension>
        </extensions>
      </trkpt>
      <trkpt lat="22.55171122960746288299560546875" lon="114.00443720631301403045654296875">
        <ele>26</ele>
        <time>2026-08-12T23:04:55.000Z</time>
        <extensions>
          <ns3:TrackPointExtension>
            <ns3:atemp>33.0</ns3:atemp>
            <ns3:hr>172</ns3:hr>
            <ns3:cad>87</ns3:cad>
          </ns3:TrackPointExtension>
        </extensions>
      </trkpt>
      <trkpt lat="22.55170829594135284423828125" lon="114.00441348552703857421875">
        <ele>26</ele>
        <time>2026-08-12T23:04:56.000Z</time>
        <extensions>
          <ns3:TrackPointExtension>
            <ns3:atemp>33.0</ns3:atemp>
            <ns3:hr>173</ns3:hr>
            <ns3:cad>87</ns3:cad>
          </ns3:TrackPointExtension>
        </extensions>
      </trkpt>
      <trkpt lat="22.5517051108181476593017578125" lon="114.0043881721794605255126953125">
        <ele>26</ele>
        <time>2026-08-12T23:04:57.000Z</time>
        <extensions>
          <ns3:TrackPointExtension>
            <ns3:atemp>33.0</ns3:atemp>
            <ns3:hr>173</ns3:hr>
            <ns3:cad>88</ns3:cad>
          </ns3:TrackPointExtension>
        </extensions>
      </trkpt>
      <trkpt lat="22.5517024286091327667236328125" lon="114.004364199936389923095703125">
        <ele>26</ele>
        <time>2026-08-12T23:04:58.000Z</time>
        <extensions>
          <ns3:TrackPointExtension>
            <ns3:atemp>33.0</ns3:atemp>
            <ns3:hr>173</ns3:hr>
            <ns3:cad>87</ns3:cad>
          </ns3:TrackPointExtension>
        </extensions>
      </trkpt>
      <trkpt lat="22.551699243485927581787109375" lon="114.0043378807604312896728515625">
        <ele>26</ele>
        <time>2026-08-12T23:04:59.000Z</time>
        <extensions>
          <ns3:TrackPointExtension>
            <ns3:atemp>33.0</ns3:atemp>
            <ns3:hr>173</ns3:hr>
            <ns3:cad>87</ns3:cad>
          </ns3:TrackPointExtension>
        </extensions>
      </trkpt>
      <trkpt lat="22.55169815383851528167724609375" lon="114.00431298650801181793212890625">
        <ele>26</ele>
        <time>2026-08-12T23:05:00.000Z</time>
        <extensions>
          <ns3:TrackPointExtension>
            <ns3:atemp>33.0</ns3:atemp>
            <ns3:hr>173</ns3:hr>
            <ns3:cad>87</ns3:cad>
          </ns3:TrackPointExtension>
        </extensions>
      </trkpt>
      <trkpt lat="22.5516957230865955352783203125" lon="114.0042862482368946075439453125">
        <ele>26.200000762939453125</ele>
        <time>2026-08-12T23:05:01.000Z</time>
        <extensions>
          <ns3:TrackPointExtension>
            <ns3:atemp>33.0</ns3:atemp>
            <ns3:hr>172</ns3:hr>
            <ns3:cad>87</ns3:cad>
          </ns3:TrackPointExtension>
        </extensions>
      </trkpt>
      <trkpt lat="22.5516937114298343658447265625" lon="114.00426303036510944366455078125">
        <ele>26.200000762939453125</ele>
        <time>2026-08-12T23:05:02.000Z</time>
        <extensions>
          <ns3:TrackPointExtension>
            <ns3:atemp>33.0</ns3:atemp>
            <ns3:hr>173</ns3:hr>
            <ns3:cad>87</ns3:cad>
          </ns3:TrackPointExtension>
        </extensions>
      </trkpt>
      <trkpt lat="22.55169027484953403472900390625" lon="114.00423889048397541046142578125">
        <ele>26.3999996185302734375</ele>
        <time>2026-08-12T23:05:03.000Z</time>
        <extensions>
          <ns3:TrackPointExtension>
            <ns3:atemp>33.0</ns3:atemp>
            <ns3:hr>173</ns3:hr>
            <ns3:cad>86</ns3:cad>
          </ns3:TrackPointExtension>
        </extensions>
      </trkpt>
      <trkpt lat="22.55169463343918323516845703125" lon="114.00420502759516239166259765625">
        <ele>26.3999996185302734375</ele>
        <time>2026-08-12T23:05:04.000Z</time>
        <extensions>
          <ns3:TrackPointExtension>
            <ns3:atemp>33.0</ns3:atemp>
            <ns3:hr>174</ns3:hr>
            <ns3:cad>86</ns3:cad>
          </ns3:TrackPointExtension>
        </extensions>
      </trkpt>
      <trkpt lat="22.5516984052956104278564453125" lon="114.00418189354240894317626953125">
        <ele>26.3999996185302734375</ele>
        <time>2026-08-12T23:05:05.000Z</time>
        <extensions>
          <ns3:TrackPointExtension>
            <ns3:atemp>33.0</ns3:atemp>
            <ns3:hr>174</ns3:hr>
            <ns3:cad>86</ns3:cad>
          </ns3:TrackPointExtension>
        </extensions>
      </trkpt>
      <trkpt lat="22.5517143309116363525390625" lon="114.00415071286261081695556640625">
        <ele>26.6000003814697265625</ele>
        <time>2026-08-12T23:05:06.000Z</time>
        <extensions>
          <ns3:TrackPointExtension>
            <ns3:atemp>33.0</ns3:atemp>
            <ns3:hr>174</ns3:hr>
            <ns3:cad>86</ns3:cad>
          </ns3:TrackPointExtension>
        </extensions>
      </trkpt>
      <trkpt lat="22.55172849632799625396728515625" lon="114.0041253156960010528564453125">
        <ele>26.6000003814697265625</ele>
        <time>2026-08-12T23:05:07.000Z</time>
        <extensions>
          <ns3:TrackPointExtension>
            <ns3:atemp>33.0</ns3:atemp>
            <ns3:hr>174</ns3:hr>
            <ns3:cad>86</ns3:cad>
          </ns3:TrackPointExtension>
        </extensions>
      </trkpt>
      <trkpt lat="22.55173872224986553192138671875" lon="114.0041011758148670196533203125">
        <ele>26.799999237060546875</ele>
        <time>2026-08-12T23:05:08.000Z</time>
        <extensions>
          <ns3:TrackPointExtension>
            <ns3:atemp>33.0</ns3:atemp>
            <ns3:hr>175</ns3:hr>
            <ns3:cad>86</ns3:cad>
          </ns3:TrackPointExtension>
        </extensions>
      </trkpt>
      <trkpt lat="22.55175397731363773345947265625" lon="114.00408214889466762542724609375">
        <ele>26.799999237060546875</ele>
        <time>2026-08-12T23:05:09.000Z</time>
        <extensions>
          <ns3:TrackPointExtension>
            <ns3:atemp>33.0</ns3:atemp>
            <ns3:hr>175</ns3:hr>
            <ns3:cad>86</ns3:cad>
          </ns3:TrackPointExtension>
        </extensions>
      </trkpt>
      <trkpt lat="22.551758922636508941650390625" lon="114.00405876338481903076171875">
        <ele>27</ele>
        <time>2026-08-12T23:05:10.000Z</time>
        <extensions>
          <ns3:TrackPointExtension>
            <ns3:atemp>33.0</ns3:atemp>
            <ns3:hr>174</ns3:hr>
            <ns3:cad>86</ns3:cad>
          </ns3:TrackPointExtension>
        </extensions>
      </trkpt>
      <trkpt lat="22.55176504142582416534423828125" lon="114.00402749888598918914794921875">
        <ele>27</ele>
        <time>2026-08-12T23:05:11.000Z</time>
        <extensions>
          <ns3:TrackPointExtension>
            <ns3:atemp>33.0</ns3:atemp>
            <ns3:hr>172</ns3:hr>
            <ns3:cad>85</ns3:cad>
          </ns3:TrackPointExtension>
        </extensions>
      </trkpt>
      <trkpt lat="22.5517684780061244964599609375" lon="114.00400788523256778717041015625">
        <ele>27</ele>
        <time>2026-08-12T23:05:12.000Z</time>
        <extensions>
          <ns3:TrackPointExtension>
            <ns3:atemp>33.0</ns3:atemp>
            <ns3:hr>172</ns3:hr>
            <ns3:cad>85</ns3:cad>
          </ns3:TrackPointExtension>
        </extensions>
      </trkpt>
      <trkpt lat="22.55177157931029796600341796875" lon="114.00398424826562404632568359375">
        <ele>27</ele>
        <time>2026-08-12T23:05:13.000Z</time>
        <extensions>
          <ns3:TrackPointExtension>
            <ns3:atemp>33.0</ns3:atemp>
            <ns3:hr>172</ns3:hr>
            <ns3:cad>84</ns3:cad>
          </ns3:TrackPointExtension>
        </extensions>
      </trkpt>
      <trkpt lat="22.55177660845220088958740234375" lon="114.003965221345424652099609375">
        <ele>27</ele>
        <time>2026-08-12T23:05:14.000Z</time>
        <extensions>
          <ns3:TrackPointExtension>
            <ns3:atemp>33.0</ns3:atemp>
            <ns3:hr>173</ns3:hr>
            <ns3:cad>84</ns3:cad>
          </ns3:TrackPointExtension>
        </extensions>
      </trkpt>
      <trkpt lat="22.55177811719477176666259765625" lon="114.003943093121051788330078125">
        <ele>27.200000762939453125</ele>
        <time>2026-08-12T23:05:15.000Z</time>
        <extensions>
          <ns3:TrackPointExtension>
            <ns3:atemp>33.0</ns3:atemp>
            <ns3:hr>172</ns3:hr>
            <ns3:cad>84</ns3:cad>
          </ns3:TrackPointExtension>
        </extensions>
      </trkpt>
      <trkpt lat="22.55178096704185009002685546875" lon="114.003916941583156585693359375">
        <ele>27.200000762939453125</ele>
        <time>2026-08-12T23:05:16.000Z</time>
        <extensions>
          <ns3:TrackPointExtension>
            <ns3:atemp>33.0</ns3:atemp>
            <ns3:hr>171</ns3:hr>
            <ns3:cad>85</ns3:cad>
          </ns3:TrackPointExtension>
        </extensions>
      </trkpt>
      <trkpt lat="22.55177828483283519744873046875" lon="114.00389540009200572967529296875">
        <ele>27.200000762939453125</ele>
        <time>2026-08-12T23:05:17.000Z</time>
        <extensions>
          <ns3:TrackPointExtension>
            <ns3:atemp>33.0</ns3:atemp>
            <ns3:hr>171</ns3:hr>
            <ns3:cad>85</ns3:cad>
          </ns3:TrackPointExtension>
        </extensions>
      </trkpt>
      <trkpt lat="22.55178029648959636688232421875" lon="114.00387394241988658905029296875">
        <ele>27.200000762939453125</ele>
        <time>2026-08-12T23:05:18.000Z</time>
        <extensions>
          <ns3:TrackPointExtension>
            <ns3:atemp>33.0</ns3:atemp>
            <ns3:hr>171</ns3:hr>
            <ns3:cad>86</ns3:cad>
          </ns3:TrackPointExtension>
        </extensions>
      </trkpt>
      <trkpt lat="22.55177392624318599700927734375" lon="114.0038406662642955780029296875">
        <ele>27.200000762939453125</ele>
        <time>2026-08-12T23:05:19.000Z</time>
        <extensions>
          <ns3:TrackPointExtension>
            <ns3:atemp>33.0</ns3:atemp>
            <ns3:hr>171</ns3:hr>
            <ns3:cad>86</ns3:cad>
          </ns3:TrackPointExtension>
        </extensions>
      </trkpt>
      <trkpt lat="22.551773674786090850830078125" lon="114.00382482446730136871337890625">
        <ele>27.200000762939453125</ele>
        <time>2026-08-12T23:05:20.000Z</time>
        <extensions>
          <ns3:TrackPointExtension>
            <ns3:atemp>33.0</ns3:atemp>
            <ns3:hr>171</ns3:hr>
            <ns3:cad>86</ns3:cad>
          </ns3:TrackPointExtension>
        </extensions>
      </trkpt>
    </trkseg>
  </trk>
</gpx>
