<gpx xmlns:ns3="http://www.garmin.com/xmlschemas/TrackPointExtension/v1" xmlns="http://www.topografix.com/GPX/1/1" xmlns:xsi="http://www.w3.org/2001/XMLSchema-instance" xmlns:ns2="http://www.garmin.com/xmlschemas/GpxExtensions/v3" creator="Garmin Connect" version="1.1" xsi:schemaLocation="http://www.topografix.com/GPX/1/1 http://www.topografix.com/GPX/11.xsd">
  <extensions>
<distance>6008.26</distance>
<average_hr>148.0</average_hr>
<average_speed>2.6770000457763667</average_speed>
<start_time>2026-09-11T22:36:28+00:00</start_time>
<end_time>2026-09-11T23:13:52.274000+00:00</end_time>
<moving_time>2238.547</moving_time>
<elapsed_time>2320.274</elapsed_time>
</extensions>
<metadata>
    <link href="connect.garmin.com">
      <text>Garmin Connect</text>
    </link>
    <time>2026-09-11T22:36:28.000Z</time>
  </metadata>
  <trk>
    <name>深圳市 跑步</name>
    <type>running</type>
    <trkseg>
      <trkpt lat="22.55179387517273426055908203125" lon="114.001492559909820556640625">
        <ele>41.40000152587890625</ele>
        <time>2026-09-11T22:36:28.000Z</time>
        <extensions>
          <ns3:TrackPointExtension>
            <ns3:atemp>30.0</ns3:atemp>
            <ns3:hr>117</ns3:hr>
            <ns3:cad>82</ns3:cad>
          </ns3:TrackPointExtension>
        </extensions>
      </trkpt>
      <trkpt lat="22.55179018713533878326416015625" lon="114.00152734480798244476318359375">
        <ele>41.40000152587890625</ele>
        <time>2026-09-11T22:36:29.000Z</time>
        <extensions>
          <ns3:TrackPointExtension>
            <ns3:atemp>30.0</ns3:atemp>
            <ns3:hr>118</ns3:hr>
            <ns3:cad>82</ns3:cad>
          </ns3:TrackPointExtension>
        </extensions>
      </trkpt>
      <trkpt lat="22.55179521627724170684814453125" lon="114.00154829956591129302978515625">
        <ele>41.40000152587890625</ele>
        <time>2026-09-11T22:36:30.000Z</time>
        <extensions>
          <ns3:TrackPointExtension>
            <ns3:atemp>30.0</ns3:atemp>
            <ns3:hr>119</ns3:hr>
            <ns3:cad>82</ns3:cad>
          </ns3:TrackPointExtension>
        </extensions>
      </trkpt>
      <trkpt lat="22.5517845712602138519287109375" lon="114.00157235562801361083984375">
        <ele>41.40000152587890625</ele>
        <time>2026-09-11T22:36:31.000Z</time>
        <extensions>
          <ns3:TrackPointExtension>
            <ns3:atemp>30.0</ns3:atemp>
            <ns3:hr>119</ns3:hr>
            <ns3:cad>82</ns3:cad>
          </ns3:TrackPointExtension>
        </extensions>
      </trkpt>
      <trkpt lat="22.55179622210562229156494140625" lon="114.00164921768009662628173828125">
        <ele>41.200000762939453125</ele>
        <time>2026-09-11T22:36:32.000Z</time>
        <extensions>
          <ns3:TrackPointExtension>
            <ns3:atemp>30.0</ns3:atemp>
            <ns3:hr>120</ns3:hr>
            <ns3:cad>81</ns3:cad>
          </ns3:TrackPointExtension>
        </extensions>
      </trkpt>
      <trkpt lat="22.55180829204618930816650390625" lon="114.00163714773952960968017578125">
        <ele>41</ele>
        <time>2026-09-11T22:36:33.000Z</time>
        <extensions>
          <ns3:TrackPointExtension>
            <ns3:atemp>30.0</ns3:atemp>
            <ns3:hr>120</ns3:hr>
            <ns3:cad>81</ns3:cad>
          </ns3:TrackPointExtension>
        </extensions>
      </trkpt>
      <trkpt lat="22.55180929787456989288330078125" lon="114.00165441446006298065185546875">
        <ele>40.799999237060546875</ele>
        <time>2026-09-11T22:36:34.000Z</time>
        <extensions>
          <ns3:TrackPointExtension>
            <ns3:atemp>30.0</ns3:atemp>
            <ns3:hr>120</ns3:hr>
            <ns3:cad>83</ns3:cad>
          </ns3:TrackPointExtension>
        </extensions>
      </trkpt>
      <trkpt lat="22.551811896264553070068359375" lon="114.00167704559862613677978515625">
        <ele>40.799999237060546875</ele>
        <time>2026-09-11T22:36:35.000Z</time>
        <extensions>
          <ns3:TrackPointExtension>
            <ns3:atemp>30.0</ns3:atemp>
            <ns3:hr>120</ns3:hr>
            <ns3:cad>83</ns3:cad>
          </ns3:TrackPointExtension>
        </extensions>
      </trkpt>
      <trkpt lat="22.5518137402832508087158203125" lon="114.00169883854687213897705078125">
        <ele>40.799999237060546875</ele>
        <time>2026-09-11T22:36:36.000Z</time>
        <extensions>
          <ns3:TrackPointExtension>
            <ns3:atemp>30.0</ns3:atemp>
            <ns3:hr>121</ns3:hr>
            <ns3:cad>83</ns3:cad>
          </ns3:TrackPointExtension>
        </extensions>
      </trkpt>
      <trkpt lat="22.55181985907256603240966796875" lon="114.00171292014420032501220703125">
        <ele>40.799999237060546875</ele>
        <time>2026-09-11T22:36:37.000Z</time>
        <extensions>
          <ns3:TrackPointExtension>
            <ns3:atemp>30.0</ns3:atemp>
            <ns3:hr>121</ns3:hr>
            <ns3:cad>83</ns3:cad>
          </ns3:TrackPointExtension>
        </extensions>
      </trkpt>
      <trkpt lat="22.55183092318475246429443359375" lon="114.001728929579257965087890625">
        <ele>40.799999237060546875</ele>
        <time>2026-09-11T22:36:38.000Z</time>
        <extensions>
          <ns3:TrackPointExtension>
            <ns3:atemp>30.0</ns3:atemp>
            <ns3:hr>122</ns3:hr>
            <ns3:cad>83</ns3:cad>
          </ns3:TrackPointExtension>
        </extensions>
      </trkpt>
      <trkpt lat="22.55183704197406768798828125" lon="114.00174896232783794403076171875">
        <ele>40.59999847412109375</ele>
        <time>2026-09-11T22:36:39.000Z</time>
        <extensions>
          <ns3:TrackPointExtension>
            <ns3:atemp>30.0</ns3:atemp>
            <ns3:hr>122</ns3:hr>
            <ns3:cad>82</ns3:cad>
          </ns3:TrackPointExtension>
        </extensions>
      </trkpt>
      <trkpt lat="22.551839388906955718994140625" lon="114.00176706723868846893310546875">
        <ele>40.59999847412109375</ele>
        <time>2026-09-11T22:36:40.000Z</time>
        <extensions>
          <ns3:TrackPointExtension>
            <ns3:atemp>30.0</ns3:atemp>
            <ns3:hr>122</ns3:hr>
            <ns3:cad>82</ns3:cad>
          </ns3:TrackPointExtension>
        </extensions>
      </trkpt>
      <trkpt lat="22.55183980800211429595947265625" lon="114.0017847530543804168701171875">
        <ele>40.40000152587890625</ele>
        <time>2026-09-11T22:36:41.000Z</time>
        <extensions>
          <ns3:TrackPointExtension>
            <ns3:atemp>30.0</ns3:atemp>
            <ns3:hr>122</ns3:hr>
            <ns3:cad>82</ns3:cad>
          </ns3:TrackPointExtension>
        </extensions>
      </trkpt>
      <trkpt lat="22.55184450186789035797119140625" lon="114.00182607583701610565185546875">
        <ele>40.40000152587890625</ele>
        <time>2026-09-11T22:36:42.000Z</time>
        <extensions>
          <ns3:TrackPointExtension>
            <ns3:atemp>30.0</ns3:atemp>
            <ns3:hr>122</ns3:hr>
            <ns3:cad>82</ns3:cad>
          </ns3:TrackPointExtension>
        </extensions>
      </trkpt>
      <trkpt lat="22.55185171030461788177490234375" lon="114.0018464438617229461669921875">
        <ele>40.40000152587890625</ele>
        <time>2026-09-11T22:36:43.000Z</time>
        <extensions>
          <ns3:TrackPointExtension>
            <ns3:atemp>30.0</ns3:atemp>
            <ns3:hr>122</ns3:hr>
            <ns3:cad>82</ns3:cad>
          </ns3:TrackPointExtension>
        </extensions>
      </trkpt>
      <trkpt lat="22.5518553145229816436767578125" lon="114.00186496786773204803466796875">
        <ele>40.200000762939453125</ele>
        <time>2026-09-11T22:36:44.000Z</time>
        <extensions>
          <ns3:TrackPointExtension>
            <ns3:atemp>30.0</ns3:atemp>
            <ns3:hr>122</ns3:hr>
            <ns3:cad>82</ns3:cad>
          </ns3:TrackPointExtension>
        </extensions>
      </trkpt>
      <trkpt lat="22.5518553145229816436767578125" lon="114.001884162425994873046875">
        <ele>40.200000762939453125</ele>
        <time>2026-09-11T22:36:45.000Z</time>
        <extensions>
          <ns3:TrackPointExtension>
            <ns3:atemp>30.0</ns3:atemp>
            <ns3:hr>122</ns3:hr>
            <ns3:cad>82</ns3:cad>
          </ns3:TrackPointExtension>
        </extensions>
      </trkpt>
      <trkpt lat="22.5518559850752353668212890625" lon="114.00188927538692951202392578125">
        <ele>40.200000762939453125</ele>
        <time>2026-09-11T22:36:46.000Z</time>
        <extensions>
          <ns3:TrackPointExtension>
            <ns3:atemp>30.0</ns3:atemp>
            <ns3:hr>123</ns3:hr>
            <ns3:cad>82</ns3:cad>
          </ns3:TrackPointExtension>
        </extensions>
      </trkpt>
      <trkpt lat="22.5518559850752353668212890625" lon="114.0019150078296661376953125">
        <ele>40</ele>
        <time>2026-09-11T22:36:47.000Z</time>
        <extensions>
          <ns3:TrackPointExtension>
            <ns3:atemp>30.0</ns3:atemp>
            <ns3:hr>123</ns3:hr>
            <ns3:cad>82</ns3:cad>
          </ns3:TrackPointExtension>
        </extensions>
      </trkpt>
      <trkpt lat="22.551855482161045074462890625" lon="114.00193177163600921630859375">
        <ele>40</ele>
        <time>2026-09-11T22:36:48.000Z</time>
        <extensions>
          <ns3:TrackPointExtension>
            <ns3:atemp>30.0</ns3:atemp>
            <ns3:hr>123</ns3:hr>
            <ns3:cad>82</ns3:cad>
          </ns3:TrackPointExtension>
        </extensions>
      </trkpt>
      <trkpt lat="22.55185506306588649749755859375" lon="114.0019503794610500335693359375">
        <ele>40</ele>
        <time>2026-09-11T22:36:49.000Z</time>
        <extensions>
          <ns3:TrackPointExtension>
            <ns3:atemp>30.0</ns3:atemp>
            <ns3:hr>123</ns3:hr>
            <ns3:cad>82</ns3:cad>
          </ns3:TrackPointExtension>
        </extensions>
      </trkpt>
      <trkpt lat="22.55185321904718875885009765625" lon="114.00197242386639118194580078125">
        <ele>40</ele>
        <time>2026-09-11T22:36:50.000Z</time>
        <extensions>
          <ns3:TrackPointExtension>
            <ns3:atemp>30.0</ns3:atemp>
            <ns3:hr>123</ns3:hr>
            <ns3:cad>82</ns3:cad>
          </ns3:TrackPointExtension>
        </extensions>
      </trkpt>
      <trkpt lat="22.5518529675900936126708984375" lon="114.00198751129209995269775390625">
        <ele>40</ele>
        <time>2026-09-11T22:36:51.000Z</time>
        <extensions>
          <ns3:TrackPointExtension>
            <ns3:atemp>30.0</ns3:atemp>
            <ns3:hr>123</ns3:hr>
            <ns3:cad>82</ns3:cad>
          </ns3:TrackPointExtension>
        </extensions>
      </trkpt>
      <trkpt lat="22.551855482161045074462890625" lon="114.00201047770678997039794921875">
        <ele>39.799999237060546875</ele>
        <time>2026-09-11T22:36:52.000Z</time>
        <extensions>
          <ns3:TrackPointExtension>
            <ns3:atemp>30.0</ns3:atemp>
            <ns3:hr>123</ns3:hr>
            <ns3:cad>82</ns3:cad>
          </ns3:TrackPointExtension>
        </extensions>
      </trkpt>
      <trkpt lat="22.5518526323139667510986328125" lon="114.00202673859894275665283203125">
        <ele>39.799999237060546875</ele>
        <time>2026-09-11T22:36:53.000Z</time>
        <extensions>
          <ns3:TrackPointExtension>
            <ns3:atemp>30.0</ns3:atemp>
            <ns3:hr>124</ns3:hr>
            <ns3:cad>83</ns3:cad>
          </ns3:TrackPointExtension>
        </extensions>
      </trkpt>
      <trkpt lat="22.55185154266655445098876953125" lon="114.0020383894443511962890625">
        <ele>39.59999847412109375</ele>
        <time>2026-09-11T22:36:54.000Z</time>
        <extensions>
          <ns3:TrackPointExtension>
            <ns3:atemp>30.0</ns3:atemp>
            <ns3:hr>123</ns3:hr>
            <ns3:cad>83</ns3:cad>
          </ns3:TrackPointExtension>
        </extensions>
      </trkpt>
      <trkpt lat="22.55185020156204700469970703125" lon="114.00206009857356548309326171875">
        <ele>39.59999847412109375</ele>
        <time>2026-09-11T22:36:55.000Z</time>
        <extensions>
          <ns3:TrackPointExtension>
            <ns3:atemp>30.0</ns3:atemp>
            <ns3:hr>123</ns3:hr>
            <ns3:cad>83</ns3:cad>
          </ns3:TrackPointExtension>
        </extensions>
      </trkpt>
      <trkpt lat="22.55185154266655445098876953125" lon="114.0020868368446826934814453125">
        <ele>39.59999847412109375</ele>
        <time>2026-09-11T22:36:56.000Z</time>
        <extensions>
          <ns3:TrackPointExtension>
            <ns3:atemp>30.0</ns3:atemp>
            <ns3:hr>123</ns3:hr>
            <ns3:cad>83</ns3:cad>
          </ns3:TrackPointExtension>
        </extensions>
      </trkpt>
      <trkpt lat="22.5518506206572055816650390625" lon="114.00211541913449764251708984375">
        <ele>39.59999847412109375</ele>
        <time>2026-09-11T22:36:57.000Z</time>
        <extensions>
          <ns3:TrackPointExtension>
            <ns3:atemp>30.0</ns3:atemp>
            <ns3:hr>124</ns3:hr>
            <ns3:cad>83</ns3:cad>
          </ns3:TrackPointExtension>
        </extensions>
      </trkpt>
      <trkpt lat="22.55184911191463470458984375" lon="114.00213788263499736785888671875">
        <ele>39.59999847412109375</ele>
        <time>2026-09-11T22:36:58.000Z</time>
        <extensions>
          <ns3:TrackPointExtension>
            <ns3:atemp>30.0</ns3:atemp>
            <ns3:hr>124</ns3:hr>
            <ns3:cad>83</ns3:cad>
          </ns3:TrackPointExtension>
        </extensions>
      </trkpt>
      <trkpt lat="22.55184902809560298919677734375" lon="114.00215766392648220062255859375">
        <ele>39.40000152587890625</ele>
        <time>2026-09-11T22:36:59.000Z</time>
        <extensions>
          <ns3:TrackPointExtension>
            <ns3:atemp>30.0</ns3:atemp>
            <ns3:hr>124</ns3:hr>
            <ns3:cad>82</ns3:cad>
          </ns3:TrackPointExtension>
        </extensions>
      </trkpt>
      <trkpt lat="22.55185053683817386627197265625" lon="114.00218255817890167236328125">
        <ele>39.40000152587890625</ele>
        <time>2026-09-11T22:37:00.000Z</time>
        <extensions>
          <ns3:TrackPointExtension>
            <ns3:atemp>30.0</ns3:atemp>
            <ns3:hr>125</ns3:hr>
            <ns3:cad>82</ns3:cad>
          </ns3:TrackPointExtension>
        </extensions>
      </trkpt>
      <trkpt lat="22.55184768699109554290771484375" lon="114.0021984837949275970458984375">
        <ele>39.40000152587890625</ele>
        <time>2026-09-11T22:37:01.000Z</time>
        <extensions>
          <ns3:TrackPointExtension>
            <ns3:atemp>30.0</ns3:atemp>
            <ns3:hr>125</ns3:hr>
            <ns3:cad>82</ns3:cad>
          </ns3:TrackPointExtension>
        </extensions>
      </trkpt>
      <trkpt lat="22.55184165202081203460693359375" lon="114.00221583433449268341064453125">
        <ele>39.40000152587890625</ele>
        <time>2026-09-11T22:37:02.000Z</time>
        <extensions>
          <ns3:TrackPointExtension>
            <ns3:atemp>30.0</ns3:atemp>
            <ns3:hr>125</ns3:hr>
            <ns3:cad>83</ns3:cad>
          </ns3:TrackPointExtension>
        </extensions>
      </trkpt>
      <trkpt lat="22.55184047855436801910400390625" lon="114.002240560948848724365234375">
        <ele>39.40000152587890625</ele>
        <time>2026-09-11T22:37:03.000Z</time>
        <extensions>
          <ns3:TrackPointExtension>
            <ns3:atemp>30.0</ns3:atemp>
            <ns3:hr>125</ns3:hr>
            <ns3:cad>83</ns3:cad>
          </ns3:TrackPointExtension>
        </extensions>
      </trkpt>
      <trkpt lat="22.551840059459209442138671875" lon="114.00225942023098468780517578125">
        <ele>39.40000152587890625</ele>
        <time>2026-09-11T22:37:04.000Z</time>
        <extensions>
          <ns3:TrackPointExtension>
            <ns3:atemp>30.0</ns3:atemp>
            <ns3:hr>125</ns3:hr>
            <ns3:cad>83</ns3:cad>
          </ns3:TrackPointExtension>
        </extensions>
      </trkpt>
      <trkpt lat="22.55183679051697254180908203125" lon="114.0022856555879116058349609375">
        <ele>39.40000152587890625</ele>
        <time>2026-09-11T22:37:05.000Z</time>
        <extensions>
          <ns3:TrackPointExtension>
            <ns3:atemp>30.0</ns3:atemp>
            <ns3:hr>125</ns3:hr>
            <ns3:cad>83</ns3:cad>
          </ns3:TrackPointExtension>
        </extensions>
      </trkpt>
      <trkpt lat="22.55183410830795764923095703125" lon="114.00230753235518932342529296875">
        <ele>39.200000762939453125</ele>
        <time>2026-09-11T22:37:06.000Z</time>
        <extensions>
          <ns3:TrackPointExtension>
            <ns3:atemp>30.0</ns3:atemp>
            <ns3:hr>126</ns3:hr>
            <ns3:cad>83</ns3:cad>
          </ns3:TrackPointExtension>
        </extensions>
      </trkpt>
      <trkpt lat="22.55183142609894275665283203125" lon="114.00232739746570587158203125">
        <ele>39.200000762939453125</ele>
        <time>2026-09-11T22:37:07.000Z</time>
        <extensions>
          <ns3:TrackPointExtension>
            <ns3:atemp>30.0</ns3:atemp>
            <ns3:hr>126</ns3:hr>
            <ns3:cad>83</ns3:cad>
          </ns3:TrackPointExtension>
        </extensions>
      </trkpt>
      <trkpt lat="22.55182564258575439453125" lon="114.002349860966205596923828125">
        <ele>39.200000762939453125</ele>
        <time>2026-09-11T22:37:08.000Z</time>
        <extensions>
          <ns3:TrackPointExtension>
            <ns3:atemp>30.0</ns3:atemp>
            <ns3:hr>127</ns3:hr>
            <ns3:cad>83</ns3:cad>
          </ns3:TrackPointExtension>
        </extensions>
      </trkpt>
      <trkpt lat="22.551815919578075408935546875" lon="114.00236302055418491363525390625">
        <ele>39.200000762939453125</ele>
        <time>2026-09-11T22:37:09.000Z</time>
        <extensions>
          <ns3:TrackPointExtension>
            <ns3:atemp>30.0</ns3:atemp>
            <ns3:hr>127</ns3:hr>
            <ns3:cad>83</ns3:cad>
          </ns3:TrackPointExtension>
        </extensions>
      </trkpt>
      <trkpt lat="22.55180829204618930816650390625" lon="114.0023879148066043853759765625">
        <ele>39</ele>
        <time>2026-09-11T22:37:10.000Z</time>
        <extensions>
          <ns3:TrackPointExtension>
            <ns3:atemp>30.0</ns3:atemp>
            <ns3:hr>127</ns3:hr>
            <ns3:cad>83</ns3:cad>
          </ns3:TrackPointExtension>
        </extensions>
      </trkpt>
      <trkpt lat="22.55180242471396923065185546875" lon="114.002409875392913818359375">
        <ele>39</ele>
        <time>2026-09-11T22:37:11.000Z</time>
        <extensions>
          <ns3:TrackPointExtension>
            <ns3:atemp>30.0</ns3:atemp>
            <ns3:hr>128</ns3:hr>
            <ns3:cad>83</ns3:cad>
          </ns3:TrackPointExtension>
        </extensions>
      </trkpt>
      <trkpt lat="22.55179706029593944549560546875" lon="114.00243661366403102874755859375">
        <ele>38.799999237060546875</ele>
        <time>2026-09-11T22:37:12.000Z</time>
        <extensions>
          <ns3:TrackPointExtension>
            <ns3:atemp>30.0</ns3:atemp>
            <ns3:hr>128</ns3:hr>
            <ns3:cad>83</ns3:cad>
          </ns3:TrackPointExtension>
        </extensions>
      </trkpt>
      <trkpt lat="22.55179588682949542999267578125" lon="114.00246578268706798553466796875">
        <ele>38.59999847412109375</ele>
        <time>2026-09-11T22:37:13.000Z</time>
        <extensions>
          <ns3:TrackPointExtension>
            <ns3:atemp>30.0</ns3:atemp>
            <ns3:hr>129</ns3:hr>
            <ns3:cad>83</ns3:cad>
          </ns3:TrackPointExtension>
        </extensions>
      </trkpt>
      <trkpt lat="22.55179504863917827606201171875" lon="114.0024858154356479644775390625">
        <ele>38.59999847412109375</ele>
        <time>2026-09-11T22:37:14.000Z</time>
        <extensions>
          <ns3:TrackPointExtension>
            <ns3:atemp>30.0</ns3:atemp>
            <ns3:hr>129</ns3:hr>
            <ns3:cad>83</ns3:cad>
          </ns3:TrackPointExtension>
        </extensions>
      </trkpt>
      <trkpt lat="22.5517922826111316680908203125" lon="114.0025149844586849212646484375">
        <ele>38.59999847412109375</ele>
        <time>2026-09-11T22:37:15.000Z</time>
        <extensions>
          <ns3:TrackPointExtension>
            <ns3:atemp>30.0</ns3:atemp>
            <ns3:hr>129</ns3:hr>
            <ns3:cad>83</ns3:cad>
          </ns3:TrackPointExtension>
        </extensions>
      </trkpt>
      <trkpt lat="22.55179303698241710662841796875" lon="114.00253820233047008514404296875">
        <ele>38.59999847412109375</ele>
        <time>2026-09-11T22:37:16.000Z</time>
        <extensions>
          <ns3:TrackPointExtension>
            <ns3:atemp>30.0</ns3:atemp>
            <ns3:hr>129</ns3:hr>
            <ns3:cad>83</ns3:cad>
          </ns3:TrackPointExtension>
        </extensions>
      </trkpt>
      <trkpt lat="22.55179412662982940673828125" lon="114.00255630724132061004638671875">
        <ele>38.40000152587890625</ele>
        <time>2026-09-11T22:37:17.000Z</time>
        <extensions>
          <ns3:TrackPointExtension>
            <ns3:atemp>30.0</ns3:atemp>
            <ns3:hr>129</ns3:hr>
            <ns3:cad>83</ns3:cad>
          </ns3:TrackPointExtension>
        </extensions>
      </trkpt>
      <trkpt lat="22.55179345607757568359375" lon="114.0025850571691989898681640625">
        <ele>38.200000762939453125</ele>
        <time>2026-09-11T22:37:18.000Z</time>
        <extensions>
          <ns3:TrackPointExtension>
            <ns3:atemp>30.0</ns3:atemp>
            <ns3:hr>129</ns3:hr>
            <ns3:cad>82</ns3:cad>
          </ns3:TrackPointExtension>
        </extensions>
      </trkpt>
      <trkpt lat="22.551796138286590576171875" lon="114.00260508991777896881103515625">
        <ele>38.200000762939453125</ele>
        <time>2026-09-11T22:37:19.000Z</time>
        <extensions>
          <ns3:TrackPointExtension>
            <ns3:atemp>30.0</ns3:atemp>
            <ns3:hr>128</ns3:hr>
            <ns3:cad>82</ns3:cad>
          </ns3:TrackPointExtension>
        </extensions>
      </trkpt>
      <trkpt lat="22.5517959706485271453857421875" lon="114.00263291783630847930908203125">
        <ele>38</ele>
        <time>2026-09-11T22:37:20.000Z</time>
        <extensions>
          <ns3:TrackPointExtension>
            <ns3:atemp>30.0</ns3:atemp>
            <ns3:hr>127</ns3:hr>
            <ns3:cad>82</ns3:cad>
          </ns3:TrackPointExtension>
        </extensions>
      </trkpt>
      <trkpt lat="22.55179345607757568359375" lon="114.00266393087804317474365234375">
        <ele>38</ele>
        <time>2026-09-11T22:37:21.000Z</time>
        <extensions>
          <ns3:TrackPointExtension>
            <ns3:atemp>30.0</ns3:atemp>
            <ns3:hr>127</ns3:hr>
            <ns3:cad>83</ns3:cad>
          </ns3:TrackPointExtension>
        </extensions>
      </trkpt>
      <trkpt lat="22.5517894327640533447265625" lon="114.00268840603530406951904296875">
        <ele>38.200000762939453125</ele>
        <time>2026-09-11T22:37:22.000Z</time>
        <extensions>
          <ns3:TrackPointExtension>
            <ns3:atemp>30.0</ns3:atemp>
            <ns3:hr>127</ns3:hr>
            <ns3:cad>83</ns3:cad>
          </ns3:TrackPointExtension>
        </extensions>
      </trkpt>
      <trkpt lat="22.551782391965389251708984375" lon="114.0027178265154361724853515625">
        <ele>38.200000762939453125</ele>
        <time>2026-09-11T22:37:23.000Z</time>
        <extensions>
          <ns3:TrackPointExtension>
            <ns3:atemp>30.0</ns3:atemp>
            <ns3:hr>127</ns3:hr>
            <ns3:cad>83</ns3:cad>
          </ns3:TrackPointExtension>
        </extensions>
      </trkpt>
      <trkpt lat="22.5517748482525348663330078125" lon="114.00273953564465045928955078125">
        <ele>38.200000762939453125</ele>
        <time>2026-09-11T22:37:24.000Z</time>
        <extensions>
          <ns3:TrackPointExtension>
            <ns3:atemp>30.0</ns3:atemp>
            <ns3:hr>128</ns3:hr>
            <ns3:cad>83</ns3:cad>
          </ns3:TrackPointExtension>
        </extensions>
      </trkpt>
      <trkpt lat="22.5517714954912662506103515625" lon="114.00276484899222850799560546875">
        <ele>38</ele>
        <time>2026-09-11T22:37:25.000Z</time>
        <extensions>
          <ns3:TrackPointExtension>
            <ns3:atemp>30.0</ns3:atemp>
            <ns3:hr>127</ns3:hr>
            <ns3:cad>83</ns3:cad>
          </ns3:TrackPointExtension>
        </extensions>
      </trkpt>
      <trkpt lat="22.551768310368061065673828125" lon="114.002787061035633087158203125">
        <ele>38</ele>
        <time>2026-09-11T22:37:26.000Z</time>
        <extensions>
          <ns3:TrackPointExtension>
            <ns3:atemp>30.0</ns3:atemp>
            <ns3:hr>127</ns3:hr>
            <ns3:cad>83</ns3:cad>
          </ns3:TrackPointExtension>
        </extensions>
      </trkpt>
      <trkpt lat="22.55176738835871219635009765625" lon="114.00280893780291080474853515625">
        <ele>38</ele>
        <time>2026-09-11T22:37:27.000Z</time>
        <extensions>
          <ns3:TrackPointExtension>
            <ns3:atemp>30.0</ns3:atemp>
            <ns3:hr>127</ns3:hr>
            <ns3:cad>83</ns3:cad>
          </ns3:TrackPointExtension>
        </extensions>
      </trkpt>
      <trkpt lat="22.55176655016839504241943359375" lon="114.0028361789882183074951171875">
        <ele>38</ele>
        <time>2026-09-11T22:37:28.000Z</time>
        <extensions>
          <ns3:TrackPointExtension>
            <ns3:atemp>30.0</ns3:atemp>
            <ns3:hr>127</ns3:hr>
            <ns3:cad>83</ns3:cad>
          </ns3:TrackPointExtension>
        </extensions>
      </trkpt>
      <trkpt lat="22.5517657957971096038818359375" lon="114.00285780429840087890625">
        <ele>38</ele>
        <time>2026-09-11T22:37:29.000Z</time>
        <extensions>
          <ns3:TrackPointExtension>
            <ns3:atemp>30.0</ns3:atemp>
            <ns3:hr>126</ns3:hr>
            <ns3:cad>83</ns3:cad>
          </ns3:TrackPointExtension>
        </extensions>
      </trkpt>
      <trkpt lat="22.55176420323550701141357421875" lon="114.0028831176459789276123046875">
        <ele>38</ele>
        <time>2026-09-11T22:37:30.000Z</time>
        <extensions>
          <ns3:TrackPointExtension>
            <ns3:atemp>30.0</ns3:atemp>
            <ns3:hr>126</ns3:hr>
            <ns3:cad>83</ns3:cad>
          </ns3:TrackPointExtension>
        </extensions>
      </trkpt>
      <trkpt lat="22.55176587961614131927490234375" lon="114.00290817953646183013916015625">
        <ele>37.799999237060546875</ele>
        <time>2026-09-11T22:37:31.000Z</time>
        <extensions>
          <ns3:TrackPointExtension>
            <ns3:atemp>30.0</ns3:atemp>
            <ns3:hr>126</ns3:hr>
            <ns3:cad>84</ns3:cad>
          </ns3:TrackPointExtension>
        </extensions>
      </trkpt>
      <trkpt lat="22.551764957606792449951171875" lon="114.0029263682663440704345703125">
        <ele>37.799999237060546875</ele>
        <time>2026-09-11T22:37:32.000Z</time>
        <extensions>
          <ns3:TrackPointExtension>
            <ns3:atemp>30.0</ns3:atemp>
            <ns3:hr>127</ns3:hr>
            <ns3:cad>84</ns3:cad>
          </ns3:TrackPointExtension>
        </extensions>
      </trkpt>
      <trkpt lat="22.5517624430358409881591796875" lon="114.0029555372893810272216796875">
        <ele>37.59999847412109375</ele>
        <time>2026-09-11T22:37:33.000Z</time>
        <extensions>
          <ns3:TrackPointExtension>
            <ns3:atemp>30.0</ns3:atemp>
            <ns3:hr>126</ns3:hr>
            <ns3:cad>84</ns3:cad>
          </ns3:TrackPointExtension>
        </extensions>
      </trkpt>
      <trkpt lat="22.551760934293270111083984375" lon="114.0029743127524852752685546875">
        <ele>37.59999847412109375</ele>
        <time>2026-09-11T22:37:34.000Z</time>
        <extensions>
          <ns3:TrackPointExtension>
            <ns3:atemp>30.0</ns3:atemp>
            <ns3:hr>126</ns3:hr>
            <ns3:cad>84</ns3:cad>
          </ns3:TrackPointExtension>
        </extensions>
      </trkpt>
      <trkpt lat="22.55175531841814517974853515625" lon="114.0029987879097461700439453125">
        <ele>37.59999847412109375</ele>
        <time>2026-09-11T22:37:35.000Z</time>
        <extensions>
          <ns3:TrackPointExtension>
            <ns3:atemp>30.0</ns3:atemp>
            <ns3:hr>127</ns3:hr>
            <ns3:cad>84</ns3:cad>
          </ns3:TrackPointExtension>
        </extensions>
      </trkpt>
      <trkpt lat="22.55175464786589145660400390625" lon="114.00301940739154815673828125">
        <ele>37.59999847412109375</ele>
        <time>2026-09-11T22:37:36.000Z</time>
        <extensions>
          <ns3:TrackPointExtension>
            <ns3:atemp>30.0</ns3:atemp>
            <ns3:hr>126</ns3:hr>
            <ns3:cad>84</ns3:cad>
          </ns3:TrackPointExtension>
        </extensions>
      </trkpt>
      <trkpt lat="22.55175255239009857177734375" lon="114.00303726084530353546142578125">
        <ele>37.59999847412109375</ele>
        <time>2026-09-11T22:37:37.000Z</time>
        <extensions>
          <ns3:TrackPointExtension>
            <ns3:atemp>30.0</ns3:atemp>
            <ns3:hr>126</ns3:hr>
            <ns3:cad>84</ns3:cad>
          </ns3:TrackPointExtension>
        </extensions>
      </trkpt>
      <trkpt lat="22.551752887666225433349609375" lon="114.00306324474513530731201171875">
        <ele>37.59999847412109375</ele>
        <time>2026-09-11T22:37:38.000Z</time>
        <extensions>
          <ns3:TrackPointExtension>
            <ns3:atemp>30.0</ns3:atemp>
            <ns3:hr>127</ns3:hr>
            <ns3:cad>84</ns3:cad>
          </ns3:TrackPointExtension>
        </extensions>
      </trkpt>
      <trkpt lat="22.5517518818378448486328125" lon="114.00308302603662014007568359375">
        <ele>37.40000152587890625</ele>
        <time>2026-09-11T22:37:39.000Z</time>
        <extensions>
          <ns3:TrackPointExtension>
            <ns3:atemp>30.0</ns3:atemp>
            <ns3:hr>126</ns3:hr>
            <ns3:cad>84</ns3:cad>
          </ns3:TrackPointExtension>
        </extensions>
      </trkpt>
      <trkpt lat="22.5517550669610500335693359375" lon="114.0031124465167522430419921875">
        <ele>37.200000762939453125</ele>
        <time>2026-09-11T22:37:40.000Z</time>
        <extensions>
          <ns3:TrackPointExtension>
            <ns3:atemp>30.0</ns3:atemp>
            <ns3:hr>126</ns3:hr>
            <ns3:cad>84</ns3:cad>
          </ns3:TrackPointExtension>
        </extensions>
      </trkpt>
      <trkpt lat="22.55175464786589145660400390625" lon="114.00313683785498142242431640625">
        <ele>37.200000762939453125</ele>
        <time>2026-09-11T22:37:41.000Z</time>
        <extensions>
          <ns3:TrackPointExtension>
            <ns3:atemp>30.0</ns3:atemp>
            <ns3:hr>127</ns3:hr>
            <ns3:cad>83</ns3:cad>
          </ns3:TrackPointExtension>
        </extensions>
      </trkpt>
      <trkpt lat="22.551755569875240325927734375" lon="114.0031593851745128631591796875">
        <ele>37.200000762939453125</ele>
        <time>2026-09-11T22:37:42.000Z</time>
        <extensions>
          <ns3:TrackPointExtension>
            <ns3:atemp>30.0</ns3:atemp>
            <ns3:hr>126</ns3:hr>
            <ns3:cad>83</ns3:cad>
          </ns3:TrackPointExtension>
        </extensions>
      </trkpt>
      <trkpt lat="22.5517570786178112030029296875" lon="114.00318545289337635040283203125">
        <ele>37.200000762939453125</ele>
        <time>2026-09-11T22:37:43.000Z</time>
        <extensions>
          <ns3:TrackPointExtension>
            <ns3:atemp>30.0</ns3:atemp>
            <ns3:hr>126</ns3:hr>
            <ns3:cad>84</ns3:cad>
          </ns3:TrackPointExtension>
        </extensions>
      </trkpt>
      <trkpt lat="22.55175766535103321075439453125" lon="114.0032051503658294677734375">
        <ele>37.200000762939453125</ele>
        <time>2026-09-11T22:37:44.000Z</time>
        <extensions>
          <ns3:TrackPointExtension>
            <ns3:atemp>30.0</ns3:atemp>
            <ns3:hr>127</ns3:hr>
            <ns3:cad>84</ns3:cad>
          </ns3:TrackPointExtension>
        </extensions>
      </trkpt>
      <trkpt lat="22.55175464786589145660400390625" lon="114.003232307732105255126953125">
        <ele>37.200000762939453125</ele>
        <time>2026-09-11T22:37:45.000Z</time>
        <extensions>
          <ns3:TrackPointExtension>
            <ns3:atemp>30.0</ns3:atemp>
            <ns3:hr>126</ns3:hr>
            <ns3:cad>84</ns3:cad>
          </ns3:TrackPointExtension>
        </extensions>
      </trkpt>
      <trkpt lat="22.55175565369427204132080078125" lon="114.00325686670839786529541015625">
        <ele>37.200000762939453125</ele>
        <time>2026-09-11T22:37:46.000Z</time>
        <extensions>
          <ns3:TrackPointExtension>
            <ns3:atemp>30.0</ns3:atemp>
            <ns3:hr>126</ns3:hr>
            <ns3:cad>84</ns3:cad>
          </ns3:TrackPointExtension>
        </extensions>
      </trkpt>
      <trkpt lat="22.5517560727894306182861328125" lon="114.00327731855213642120361328125">
        <ele>37.200000762939453125</ele>
        <time>2026-09-11T22:37:47.000Z</time>
        <extensions>
          <ns3:TrackPointExtension>
            <ns3:atemp>30.0</ns3:atemp>
            <ns3:hr>127</ns3:hr>
            <ns3:cad>84</ns3:cad>
          </ns3:TrackPointExtension>
        </extensions>
      </trkpt>
      <trkpt lat="22.55175883881747722625732421875" lon="114.003306068480014801025390625">
        <ele>37</ele>
        <time>2026-09-11T22:37:48.000Z</time>
        <extensions>
          <ns3:TrackPointExtension>
            <ns3:atemp>30.0</ns3:atemp>
            <ns3:hr>126</ns3:hr>
            <ns3:cad>84</ns3:cad>
          </ns3:TrackPointExtension>
        </extensions>
      </trkpt>
      <trkpt lat="22.5517599284648895263671875" lon="114.00332895107567310333251953125">
        <ele>37</ele>
        <time>2026-09-11T22:37:49.000Z</time>
        <extensions>
          <ns3:TrackPointExtension>
            <ns3:atemp>30.0</ns3:atemp>
            <ns3:hr>126</ns3:hr>
            <ns3:cad>84</ns3:cad>
          </ns3:TrackPointExtension>
        </extensions>
      </trkpt>
      <trkpt lat="22.551756240427494049072265625" lon="114.00335242040455341339111328125">
        <ele>37</ele>
        <time>2026-09-11T22:37:50.000Z</time>
        <extensions>
          <ns3:TrackPointExtension>
            <ns3:atemp>30.0</ns3:atemp>
            <ns3:hr>127</ns3:hr>
            <ns3:cad>84</ns3:cad>
          </ns3:TrackPointExtension>
        </extensions>
      </trkpt>
      <trkpt lat="22.55175649188458919525146484375" lon="114.00337505154311656951904296875">
        <ele>37</ele>
        <time>2026-09-11T22:37:51.000Z</time>
        <extensions>
          <ns3:TrackPointExtension>
            <ns3:atemp>30.0</ns3:atemp>
            <ns3:hr>126</ns3:hr>
            <ns3:cad>84</ns3:cad>
          </ns3:TrackPointExtension>
        </extensions>
      </trkpt>
      <trkpt lat="22.55175431258976459503173828125" lon="114.0033991076052188873291015625">
        <ele>36.799999237060546875</ele>
        <time>2026-09-11T22:37:52.000Z</time>
        <extensions>
          <ns3:TrackPointExtension>
            <ns3:atemp>30.0</ns3:atemp>
            <ns3:hr>126</ns3:hr>
            <ns3:cad>84</ns3:cad>
          </ns3:TrackPointExtension>
        </extensions>
      </trkpt>
      <trkpt lat="22.5517518818378448486328125" lon="114.0034269355237483978271484375">
        <ele>36.799999237060546875</ele>
        <time>2026-09-11T22:37:53.000Z</time>
        <extensions>
          <ns3:TrackPointExtension>
            <ns3:atemp>30.0</ns3:atemp>
            <ns3:hr>127</ns3:hr>
            <ns3:cad>84</ns3:cad>
          </ns3:TrackPointExtension>
        </extensions>
      </trkpt>
      <trkpt lat="22.55174987018108367919921875" lon="114.0034504048526287078857421875">
        <ele>36.799999237060546875</ele>
        <time>2026-09-11T22:37:54.000Z</time>
        <extensions>
          <ns3:TrackPointExtension>
            <ns3:atemp>30.0</ns3:atemp>
            <ns3:hr>127</ns3:hr>
            <ns3:cad>83</ns3:cad>
          </ns3:TrackPointExtension>
        </extensions>
      </trkpt>
      <trkpt lat="22.5517493672668933868408203125" lon="114.00347798131406307220458984375">
        <ele>36.59999847412109375</ele>
        <time>2026-09-11T22:37:55.000Z</time>
        <extensions>
          <ns3:TrackPointExtension>
            <ns3:atemp>30.0</ns3:atemp>
            <ns3:hr>127</ns3:hr>
            <ns3:cad>83</ns3:cad>
          </ns3:TrackPointExtension>
        </extensions>
      </trkpt>
      <trkpt lat="22.551746182143688201904296875" lon="114.00350446812808513641357421875">
        <ele>36.59999847412109375</ele>
        <time>2026-09-11T22:37:56.000Z</time>
        <extensions>
          <ns3:TrackPointExtension>
            <ns3:atemp>30.0</ns3:atemp>
            <ns3:hr>127</ns3:hr>
            <ns3:cad>84</ns3:cad>
          </ns3:TrackPointExtension>
        </extensions>
      </trkpt>
      <trkpt lat="22.55174375139176845550537109375" lon="114.00352357886731624603271484375">
        <ele>36.59999847412109375</ele>
        <time>2026-09-11T22:37:57.000Z</time>
        <extensions>
          <ns3:TrackPointExtension>
            <ns3:atemp>30.0</ns3:atemp>
            <ns3:hr>126</ns3:hr>
            <ns3:cad>84</ns3:cad>
          </ns3:TrackPointExtension>
        </extensions>
      </trkpt>
      <trkpt lat="22.55173872224986553192138671875" lon="114.0035526640713214874267578125">
        <ele>36.59999847412109375</ele>
        <time>2026-09-11T22:37:58.000Z</time>
        <extensions>
          <ns3:TrackPointExtension>
            <ns3:atemp>30.0</ns3:atemp>
            <ns3:hr>127</ns3:hr>
            <ns3:cad>84</ns3:cad>
          </ns3:TrackPointExtension>
        </extensions>
      </trkpt>
      <trkpt lat="22.55173838697373867034912109375" lon="114.00357655249536037445068359375">
        <ele>36.40000152587890625</ele>
        <time>2026-09-11T22:37:59.000Z</time>
        <extensions>
          <ns3:TrackPointExtension>
            <ns3:atemp>30.0</ns3:atemp>
            <ns3:hr>127</ns3:hr>
            <ns3:cad>84</ns3:cad>
          </ns3:TrackPointExtension>
        </extensions>
      </trkpt>
      <trkpt lat="22.55173654295504093170166015625" lon="114.0036016143858432769775390625">
        <ele>36.40000152587890625</ele>
        <time>2026-09-11T22:38:00.000Z</time>
        <extensions>
          <ns3:TrackPointExtension>
            <ns3:atemp>30.0</ns3:atemp>
            <ns3:hr>127</ns3:hr>
            <ns3:cad>84</ns3:cad>
          </ns3:TrackPointExtension>
        </extensions>
      </trkpt>
      <trkpt lat="22.55173604004085063934326171875" lon="114.00362835265696048736572265625">
        <ele>36.40000152587890625</ele>
        <time>2026-09-11T22:38:01.000Z</time>
        <extensions>
          <ns3:TrackPointExtension>
            <ns3:atemp>30.0</ns3:atemp>
            <ns3:hr>126</ns3:hr>
            <ns3:cad>84</ns3:cad>
          </ns3:TrackPointExtension>
        </extensions>
      </trkpt>
      <trkpt lat="22.55173453129827976226806640625" lon="114.00364846922457218170166015625">
        <ele>36.40000152587890625</ele>
        <time>2026-09-11T22:38:02.000Z</time>
        <extensions>
          <ns3:TrackPointExtension>
            <ns3:atemp>30.0</ns3:atemp>
            <ns3:hr>126</ns3:hr>
            <ns3:cad>83</ns3:cad>
          </ns3:TrackPointExtension>
        </extensions>
      </trkpt>
      <trkpt lat="22.55173905752599239349365234375" lon="114.003673531115055084228515625">
        <ele>36.200000762939453125</ele>
        <time>2026-09-11T22:38:03.000Z</time>
        <extensions>
          <ns3:TrackPointExtension>
            <ns3:atemp>30.0</ns3:atemp>
            <ns3:hr>126</ns3:hr>
            <ns3:cad>83</ns3:cad>
          </ns3:TrackPointExtension>
        </extensions>
      </trkpt>
      <trkpt lat="22.551759593188762664794921875" lon="114.00368602015078067779541015625">
        <ele>36.200000762939453125</ele>
        <time>2026-09-11T22:38:04.000Z</time>
        <extensions>
          <ns3:TrackPointExtension>
            <ns3:atemp>30.0</ns3:atemp>
            <ns3:hr>126</ns3:hr>
            <ns3:cad>83</ns3:cad>
          </ns3:TrackPointExtension>
        </extensions>
      </trkpt>
      <trkpt lat="22.55177359096705913543701171875" lon="114.0037122555077075958251953125">
        <ele>36</ele>
        <time>2026-09-11T22:38:05.000Z</time>
        <extensions>
          <ns3:TrackPointExtension>
            <ns3:atemp>30.0</ns3:atemp>
            <ns3:hr>126</ns3:hr>
            <ns3:cad>83</ns3:cad>
          </ns3:TrackPointExtension>
        </extensions>
      </trkpt>
      <trkpt lat="22.55179404281079769134521484375" lon="114.0037377364933490753173828125">
        <ele>36</ele>
        <time>2026-09-11T22:38:06.000Z</time>
        <extensions>
          <ns3:TrackPointExtension>
            <ns3:atemp>30.0</ns3:atemp>
            <ns3:hr>127</ns3:hr>
            <ns3:cad>83</ns3:cad>
          </ns3:TrackPointExtension>
        </extensions>
      </trkpt>
      <trkpt lat="22.5518090464174747467041015625" lon="114.0037531591951847076416015625">
        <ele>35.799999237060546875</ele>
        <time>2026-09-11T22:38:07.000Z</time>
        <extensions>
          <ns3:TrackPointExtension>
            <ns3:atemp>30.0</ns3:atemp>
            <ns3:hr>126</ns3:hr>
            <ns3:cad>83</ns3:cad>
          </ns3:TrackPointExtension>
        </extensions>
      </trkpt>
      <trkpt lat="22.551818601787090301513671875" lon="114.00377738289535045623779296875">
        <ele>35.59999847412109375</ele>
        <time>2026-09-11T22:38:08.000Z</time>
        <extensions>
          <ns3:TrackPointExtension>
            <ns3:atemp>30.0</ns3:atemp>
            <ns3:hr>126</ns3:hr>
            <ns3:cad>84</ns3:cad>
          </ns3:TrackPointExtension>
        </extensions>
      </trkpt>
      <trkpt lat="22.5518244691193103790283203125" lon="114.00379917584359645843505859375">
        <ele>35.40000152587890625</ele>
        <time>2026-09-11T22:38:09.000Z</time>
        <extensions>
          <ns3:TrackPointExtension>
            <ns3:atemp>30.0</ns3:atemp>
            <ns3:hr>126</ns3:hr>
            <ns3:cad>84</ns3:cad>
          </ns3:TrackPointExtension>
        </extensions>
      </trkpt>
      <trkpt lat="22.55182924680411815643310546875" lon="114.00382096879184246063232421875">
        <ele>35.200000762939453125</ele>
        <time>2026-09-11T22:38:10.000Z</time>
        <extensions>
          <ns3:TrackPointExtension>
            <ns3:atemp>30.0</ns3:atemp>
            <ns3:hr>126</ns3:hr>
            <ns3:cad>84</ns3:cad>
          </ns3:TrackPointExtension>
        </extensions>
      </trkpt>
      <trkpt lat="22.55183729343116283416748046875" lon="114.00384594686329364776611328125">
        <ele>35.200000762939453125</ele>
        <time>2026-09-11T22:38:11.000Z</time>
        <extensions>
          <ns3:TrackPointExtension>
            <ns3:atemp>30.0</ns3:atemp>
            <ns3:hr>125</ns3:hr>
            <ns3:cad>84</ns3:cad>
          </ns3:TrackPointExtension>
        </extensions>
      </trkpt>
      <trkpt lat="22.5518432445824146270751953125" lon="114.0038676559925079345703125">
        <ele>35</ele>
        <time>2026-09-11T22:38:12.000Z</time>
        <extensions>
          <ns3:TrackPointExtension>
            <ns3:atemp>30.0</ns3:atemp>
            <ns3:hr>125</ns3:hr>
            <ns3:cad>84</ns3:cad>
          </ns3:TrackPointExtension>
        </extensions>
      </trkpt>
      <trkpt lat="22.5518469326198101043701171875" lon="114.00389271788299083709716796875">
        <ele>34.799999237060546875</ele>
        <time>2026-09-11T22:38:13.000Z</time>
        <extensions>
          <ns3:TrackPointExtension>
            <ns3:atemp>30.0</ns3:atemp>
            <ns3:hr>125</ns3:hr>
            <ns3:cad>84</ns3:cad>
          </ns3:TrackPointExtension>
        </extensions>
      </trkpt>
      <trkpt lat="22.55184785462915897369384765625" lon="114.00391015224158763885498046875">
        <ele>34.799999237060546875</ele>
        <time>2026-09-11T22:38:14.000Z</time>
        <extensions>
          <ns3:TrackPointExtension>
            <ns3:atemp>30.0</ns3:atemp>
            <ns3:hr>124</ns3:hr>
            <ns3:cad>84</ns3:cad>
          </ns3:TrackPointExtension>
        </extensions>
      </trkpt>
      <trkpt lat="22.5518452562391757965087890625" lon="114.00392842479050159454345703125">
        <ele>34.799999237060546875</ele>
        <time>2026-09-11T22:38:15.000Z</time>
        <extensions>
          <ns3:TrackPointExtension>
            <ns3:atemp>30.0</ns3:atemp>
            <ns3:hr>125</ns3:hr>
            <ns3:cad>84</ns3:cad>
          </ns3:TrackPointExtension>
        </extensions>
      </trkpt>
      <trkpt lat="22.55184508860111236572265625" lon="114.00395005010068416595458984375">
        <ele>35</ele>
        <time>2026-09-11T22:38:16.000Z</time>
        <extensions>
          <ns3:TrackPointExtension>
            <ns3:atemp>30.0</ns3:atemp>
            <ns3:hr>125</ns3:hr>
            <ns3:cad>84</ns3:cad>
          </ns3:TrackPointExtension>
        </extensions>
      </trkpt>
      <trkpt lat="22.55184567533433437347412109375" lon="114.0039744414389133453369140625">
        <ele>35</ele>
        <time>2026-09-11T22:38:17.000Z</time>
        <extensions>
          <ns3:TrackPointExtension>
            <ns3:atemp>30.0</ns3:atemp>
            <ns3:hr>125</ns3:hr>
            <ns3:cad>85</ns3:cad>
          </ns3:TrackPointExtension>
        </extensions>
      </trkpt>
      <trkpt lat="22.55183637142181396484375" lon="114.00400084443390369415283203125">
        <ele>35</ele>
        <time>2026-09-11T22:38:18.000Z</time>
        <extensions>
          <ns3:TrackPointExtension>
            <ns3:atemp>30.0</ns3:atemp>
            <ns3:hr>124</ns3:hr>
            <ns3:cad>85</ns3:cad>
          </ns3:TrackPointExtension>
        </extensions>
      </trkpt>
      <trkpt lat="22.551832012832164764404296875" lon="114.00402464903891086578369140625">
        <ele>35</ele>
        <time>2026-09-11T22:38:19.000Z</time>
        <extensions>
          <ns3:TrackPointExtension>
            <ns3:atemp>30.0</ns3:atemp>
            <ns3:hr>125</ns3:hr>
            <ns3:cad>84</ns3:cad>
          </ns3:TrackPointExtension>
        </extensions>
      </trkpt>
      <trkpt lat="22.55181902088224887847900390625" lon="114.00405230931937694549560546875">
        <ele>34.799999237060546875</ele>
        <time>2026-09-11T22:38:20.000Z</time>
        <extensions>
          <ns3:TrackPointExtension>
            <ns3:atemp>30.0</ns3:atemp>
            <ns3:hr>125</ns3:hr>
            <ns3:cad>84</ns3:cad>
          </ns3:TrackPointExtension>
        </extensions>
      </trkpt>
      <trkpt lat="22.5518103875219821929931640625" lon="114.00407041423022747039794921875">
        <ele>34.799999237060546875</ele>
        <time>2026-09-11T22:38:21.000Z</time>
        <extensions>
          <ns3:TrackPointExtension>
            <ns3:atemp>30.0</ns3:atemp>
            <ns3:hr>125</ns3:hr>
            <ns3:cad>84</ns3:cad>
          </ns3:TrackPointExtension>
        </extensions>
      </trkpt>
      <trkpt lat="22.55180074833333492279052734375" lon="114.00408449582755565643310546875">
        <ele>34.799999237060546875</ele>
        <time>2026-09-11T22:38:22.000Z</time>
        <extensions>
          <ns3:TrackPointExtension>
            <ns3:atemp>30.0</ns3:atemp>
            <ns3:hr>124</ns3:hr>
            <ns3:cad>84</ns3:cad>
          </ns3:TrackPointExtension>
        </extensions>
      </trkpt>
      <trkpt lat="22.551785409450531005859375" lon="114.00409941561520099639892578125">
        <ele>34.799999237060546875</ele>
        <time>2026-09-11T22:38:23.000Z</time>
        <extensions>
          <ns3:TrackPointExtension>
            <ns3:atemp>30.0</ns3:atemp>
            <ns3:hr>125</ns3:hr>
            <ns3:cad>84</ns3:cad>
          </ns3:TrackPointExtension>
        </extensions>
      </trkpt>
      <trkpt lat="22.55177275277674198150634765625" lon="114.0041132457554340362548828125">
        <ele>34.59999847412109375</ele>
        <time>2026-09-11T22:38:24.000Z</time>
        <extensions>
          <ns3:TrackPointExtension>
            <ns3:atemp>30.0</ns3:atemp>
            <ns3:hr>125</ns3:hr>
            <ns3:cad>84</ns3:cad>
          </ns3:TrackPointExtension>
        </extensions>
      </trkpt>
      <trkpt lat="22.5517614372074604034423828125" lon="114.0041313506662845611572265625">
        <ele>34.59999847412109375</ele>
        <time>2026-09-11T22:38:25.000Z</time>
        <extensions>
          <ns3:TrackPointExtension>
            <ns3:atemp>30.0</ns3:atemp>
            <ns3:hr>125</ns3:hr>
            <ns3:cad>84</ns3:cad>
          </ns3:TrackPointExtension>
        </extensions>
      </trkpt>
      <trkpt lat="22.55175791680812835693359375" lon="114.00415892712771892547607421875">
        <ele>34.59999847412109375</ele>
        <time>2026-09-11T22:38:26.000Z</time>
        <extensions>
          <ns3:TrackPointExtension>
            <ns3:atemp>30.0</ns3:atemp>
            <ns3:hr>126</ns3:hr>
            <ns3:cad>84</ns3:cad>
          </ns3:TrackPointExtension>
        </extensions>
      </trkpt>
      <trkpt lat="22.55175523459911346435546875" lon="114.0041846595704555511474609375">
        <ele>34.40000152587890625</ele>
        <time>2026-09-11T22:38:27.000Z</time>
        <extensions>
          <ns3:TrackPointExtension>
            <ns3:atemp>30.0</ns3:atemp>
            <ns3:hr>126</ns3:hr>
            <ns3:cad>84</ns3:cad>
          </ns3:TrackPointExtension>
        </extensions>
      </trkpt>
      <trkpt lat="22.55174995400011539459228515625" lon="114.0042108111083507537841796875">
        <ele>34.40000152587890625</ele>
        <time>2026-09-11T22:38:28.000Z</time>
        <extensions>
          <ns3:TrackPointExtension>
            <ns3:atemp>30.0</ns3:atemp>
            <ns3:hr>126</ns3:hr>
            <ns3:cad>84</ns3:cad>
          </ns3:TrackPointExtension>
        </extensions>
      </trkpt>
      <trkpt lat="22.55174794234335422515869140625" lon="114.00423788465559482574462890625">
        <ele>34.40000152587890625</ele>
        <time>2026-09-11T22:38:29.000Z</time>
        <extensions>
          <ns3:TrackPointExtension>
            <ns3:atemp>30.0</ns3:atemp>
            <ns3:hr>126</ns3:hr>
            <ns3:cad>83</ns3:cad>
          </ns3:TrackPointExtension>
        </extensions>
      </trkpt>
      <trkpt lat="22.551747523248195648193359375" lon="114.0042654611170291900634765625">
        <ele>34.200000762939453125</ele>
        <time>2026-09-11T22:38:30.000Z</time>
        <extensions>
          <ns3:TrackPointExtension>
            <ns3:atemp>30.0</ns3:atemp>
            <ns3:hr>126</ns3:hr>
            <ns3:cad>83</ns3:cad>
          </ns3:TrackPointExtension>
        </extensions>
      </trkpt>
      <trkpt lat="22.55174928344786167144775390625" lon="114.0042919479310512542724609375">
        <ele>34.200000762939453125</ele>
        <time>2026-09-11T22:38:31.000Z</time>
        <extensions>
          <ns3:TrackPointExtension>
            <ns3:atemp>30.0</ns3:atemp>
            <ns3:hr>126</ns3:hr>
            <ns3:cad>83</ns3:cad>
          </ns3:TrackPointExtension>
        </extensions>
      </trkpt>
      <trkpt lat="22.551752217113971710205078125" lon="114.00431633926928043365478515625">
        <ele>34.200000762939453125</ele>
        <time>2026-09-11T22:38:32.000Z</time>
        <extensions>
          <ns3:TrackPointExtension>
            <ns3:atemp>30.0</ns3:atemp>
            <ns3:hr>126</ns3:hr>
            <ns3:cad>83</ns3:cad>
          </ns3:TrackPointExtension>
        </extensions>
      </trkpt>
      <trkpt lat="22.55175095982849597930908203125" lon="114.00434014387428760528564453125">
        <ele>34.200000762939453125</ele>
        <time>2026-09-11T22:38:33.000Z</time>
        <extensions>
          <ns3:TrackPointExtension>
            <ns3:atemp>30.0</ns3:atemp>
            <ns3:hr>126</ns3:hr>
            <ns3:cad>84</ns3:cad>
          </ns3:TrackPointExtension>
        </extensions>
      </trkpt>
      <trkpt lat="22.551751546561717987060546875" lon="114.00436562485992908477783203125">
        <ele>34</ele>
        <time>2026-09-11T22:38:34.000Z</time>
        <extensions>
          <ns3:TrackPointExtension>
            <ns3:atemp>30.0</ns3:atemp>
            <ns3:hr>126</ns3:hr>
            <ns3:cad>84</ns3:cad>
          </ns3:TrackPointExtension>
        </extensions>
      </trkpt>
      <trkpt lat="22.55174987018108367919921875" lon="114.00438733398914337158203125">
        <ele>34</ele>
        <time>2026-09-11T22:38:35.000Z</time>
        <extensions>
          <ns3:TrackPointExtension>
            <ns3:atemp>30.0</ns3:atemp>
            <ns3:hr>127</ns3:hr>
            <ns3:cad>84</ns3:cad>
          </ns3:TrackPointExtension>
        </extensions>
      </trkpt>
      <trkpt lat="22.5517463497817516326904296875" lon="114.00441256351768970489501953125">
        <ele>33.799999237060546875</ele>
        <time>2026-09-11T22:38:36.000Z</time>
        <extensions>
          <ns3:TrackPointExtension>
            <ns3:atemp>30.0</ns3:atemp>
            <ns3:hr>127</ns3:hr>
            <ns3:cad>84</ns3:cad>
          </ns3:TrackPointExtension>
        </extensions>
      </trkpt>
      <trkpt lat="22.55174945108592510223388671875" lon="114.00443653576076030731201171875">
        <ele>33.799999237060546875</ele>
        <time>2026-09-11T22:38:37.000Z</time>
        <extensions>
          <ns3:TrackPointExtension>
            <ns3:atemp>30.0</ns3:atemp>
            <ns3:hr>127</ns3:hr>
            <ns3:cad>84</ns3:cad>
          </ns3:TrackPointExtension>
        </extensions>
      </trkpt>
      <trkpt lat="22.55174743942916393280029296875" lon="114.00445749051868915557861328125">
        <ele>33.799999237060546875</ele>
        <time>2026-09-11T22:38:38.000Z</time>
        <extensions>
          <ns3:TrackPointExtension>
            <ns3:atemp>30.0</ns3:atemp>
            <ns3:hr>128</ns3:hr>
            <ns3:cad>84</ns3:cad>
          </ns3:TrackPointExtension>
        </extensions>
      </trkpt>
      <trkpt lat="22.5517483614385128021240234375" lon="114.00448179803788661956787109375">
        <ele>33.799999237060546875</ele>
        <time>2026-09-11T22:38:39.000Z</time>
        <extensions>
          <ns3:TrackPointExtension>
            <ns3:atemp>30.0</ns3:atemp>
            <ns3:hr>128</ns3:hr>
            <ns3:cad>84</ns3:cad>
          </ns3:TrackPointExtension>
        </extensions>
      </trkpt>
      <trkpt lat="22.5517513789236545562744140625" lon="114.00450543500483036041259765625">
        <ele>33.59999847412109375</ele>
        <time>2026-09-11T22:38:40.000Z</time>
        <extensions>
          <ns3:TrackPointExtension>
            <ns3:atemp>30.0</ns3:atemp>
            <ns3:hr>128</ns3:hr>
            <ns3:cad>83</ns3:cad>
          </ns3:TrackPointExtension>
        </extensions>
      </trkpt>
      <trkpt lat="22.5517543964087963104248046875" lon="114.004529155790805816650390625">
        <ele>33.59999847412109375</ele>
        <time>2026-09-11T22:38:41.000Z</time>
        <extensions>
          <ns3:TrackPointExtension>
            <ns3:atemp>30.0</ns3:atemp>
            <ns3:hr>128</ns3:hr>
            <ns3:cad>83</ns3:cad>
          </ns3:TrackPointExtension>
        </extensions>
      </trkpt>
      <trkpt lat="22.55175665952265262603759765625" lon="114.0045487694442272186279296875">
        <ele>33.59999847412109375</ele>
        <time>2026-09-11T22:38:42.000Z</time>
        <extensions>
          <ns3:TrackPointExtension>
            <ns3:atemp>30.0</ns3:atemp>
            <ns3:hr>127</ns3:hr>
            <ns3:cad>83</ns3:cad>
          </ns3:TrackPointExtension>
        </extensions>
      </trkpt>
      <trkpt lat="22.55175833590328693389892578125" lon="114.00456997565925121307373046875">
        <ele>33.59999847412109375</ele>
        <time>2026-09-11T22:38:43.000Z</time>
        <extensions>
          <ns3:TrackPointExtension>
            <ns3:atemp>30.0</ns3:atemp>
            <ns3:hr>127</ns3:hr>
            <ns3:cad>83</ns3:cad>
          </ns3:TrackPointExtension>
        </extensions>
      </trkpt>
      <trkpt lat="22.55176068283617496490478515625" lon="114.00459277443587779998779296875">
        <ele>33.59999847412109375</ele>
        <time>2026-09-11T22:38:44.000Z</time>
        <extensions>
          <ns3:TrackPointExtension>
            <ns3:atemp>30.0</ns3:atemp>
            <ns3:hr>127</ns3:hr>
            <ns3:cad>83</ns3:cad>
          </ns3:TrackPointExtension>
        </extensions>
      </trkpt>
      <trkpt lat="22.5517624430358409881591796875" lon="114.00461398065090179443359375">
        <ele>33.40000152587890625</ele>
        <time>2026-09-11T22:38:45.000Z</time>
        <extensions>
          <ns3:TrackPointExtension>
            <ns3:atemp>30.0</ns3:atemp>
            <ns3:hr>127</ns3:hr>
            <ns3:cad>83</ns3:cad>
          </ns3:TrackPointExtension>
        </extensions>
      </trkpt>
      <trkpt lat="22.551760263741016387939453125" lon="114.0046379528939723968505859375">
        <ele>33.40000152587890625</ele>
        <time>2026-09-11T22:38:46.000Z</time>
        <extensions>
          <ns3:TrackPointExtension>
            <ns3:atemp>30.0</ns3:atemp>
            <ns3:hr>128</ns3:hr>
            <ns3:cad>83</ns3:cad>
          </ns3:TrackPointExtension>
        </extensions>
      </trkpt>
      <trkpt lat="22.55176068283617496490478515625" lon="114.004658572375774383544921875">
        <ele>33.40000152587890625</ele>
        <time>2026-09-11T22:38:47.000Z</time>
        <extensions>
          <ns3:TrackPointExtension>
            <ns3:atemp>30.0</ns3:atemp>
            <ns3:hr>127</ns3:hr>
            <ns3:cad>83</ns3:cad>
          </ns3:TrackPointExtension>
        </extensions>
      </trkpt>
      <trkpt lat="22.551760263741016387939453125" lon="114.00468028150498867034912109375">
        <ele>33.200000762939453125</ele>
        <time>2026-09-11T22:38:48.000Z</time>
        <extensions>
          <ns3:TrackPointExtension>
            <ns3:atemp>30.0</ns3:atemp>
            <ns3:hr>127</ns3:hr>
            <ns3:cad>84</ns3:cad>
          </ns3:TrackPointExtension>
        </extensions>
      </trkpt>
      <trkpt lat="22.55175934173166751861572265625" lon="114.00469872169196605682373046875">
        <ele>33.200000762939453125</ele>
        <time>2026-09-11T22:38:49.000Z</time>
        <extensions>
          <ns3:TrackPointExtension>
            <ns3:atemp>30.0</ns3:atemp>
            <ns3:hr>128</ns3:hr>
            <ns3:cad>84</ns3:cad>
          </ns3:TrackPointExtension>
        </extensions>
      </trkpt>
      <trkpt lat="22.5517621077597141265869140625" lon="114.00472520850598812103271484375">
        <ele>33.200000762939453125</ele>
        <time>2026-09-11T22:38:50.000Z</time>
        <extensions>
          <ns3:TrackPointExtension>
            <ns3:atemp>30.0</ns3:atemp>
            <ns3:hr>128</ns3:hr>
            <ns3:cad>84</ns3:cad>
          </ns3:TrackPointExtension>
        </extensions>
      </trkpt>
      <trkpt lat="22.55176202394068241119384765625" lon="114.00475102476775646209716796875">
        <ele>33</ele>
        <time>2026-09-11T22:38:51.000Z</time>
        <extensions>
          <ns3:TrackPointExtension>
            <ns3:atemp>30.0</ns3:atemp>
            <ns3:hr>127</ns3:hr>
            <ns3:cad>84</ns3:cad>
          </ns3:TrackPointExtension>
        </extensions>
      </trkpt>
      <trkpt lat="22.55176336504518985748291015625" lon="114.00477533228695392608642578125">
        <ele>33</ele>
        <time>2026-09-11T22:38:52.000Z</time>
        <extensions>
          <ns3:TrackPointExtension>
            <ns3:atemp>30.0</ns3:atemp>
            <ns3:hr>127</ns3:hr>
            <ns3:cad>84</ns3:cad>
          </ns3:TrackPointExtension>
        </extensions>
      </trkpt>
      <trkpt lat="22.55176353268325328826904296875" lon="114.00480416603386402130126953125">
        <ele>33</ele>
        <time>2026-09-11T22:38:53.000Z</time>
        <extensions>
          <ns3:TrackPointExtension>
            <ns3:atemp>30.0</ns3:atemp>
            <ns3:hr>127</ns3:hr>
            <ns3:cad>84</ns3:cad>
          </ns3:TrackPointExtension>
        </extensions>
      </trkpt>
      <trkpt lat="22.55176194012165069580078125" lon="114.00482880882918834686279296875">
        <ele>33</ele>
        <time>2026-09-11T22:38:54.000Z</time>
        <extensions>
          <ns3:TrackPointExtension>
            <ns3:atemp>30.0</ns3:atemp>
            <ns3:hr>127</ns3:hr>
            <ns3:cad>83</ns3:cad>
          </ns3:TrackPointExtension>
        </extensions>
      </trkpt>
      <trkpt lat="22.551762275397777557373046875" lon="114.00485043413937091827392578125">
        <ele>32.799999237060546875</ele>
        <time>2026-09-11T22:38:55.000Z</time>
        <extensions>
          <ns3:TrackPointExtension>
            <ns3:atemp>30.0</ns3:atemp>
            <ns3:hr>127</ns3:hr>
            <ns3:cad>83</ns3:cad>
          </ns3:TrackPointExtension>
        </extensions>
      </trkpt>
      <trkpt lat="22.55175699479877948760986328125" lon="114.00487323291599750518798828125">
        <ele>32.799999237060546875</ele>
        <time>2026-09-11T22:38:56.000Z</time>
        <extensions>
          <ns3:TrackPointExtension>
            <ns3:atemp>30.0</ns3:atemp>
            <ns3:hr>127</ns3:hr>
            <ns3:cad>83</ns3:cad>
          </ns3:TrackPointExtension>
        </extensions>
      </trkpt>
      <trkpt lat="22.5517545640468597412109375" lon="114.00489385239779949188232421875">
        <ele>32.799999237060546875</ele>
        <time>2026-09-11T22:38:57.000Z</time>
        <extensions>
          <ns3:TrackPointExtension>
            <ns3:atemp>30.0</ns3:atemp>
            <ns3:hr>127</ns3:hr>
            <ns3:cad>83</ns3:cad>
          </ns3:TrackPointExtension>
        </extensions>
      </trkpt>
      <trkpt lat="22.551748193800449371337890625" lon="114.00491707026958465576171875">
        <ele>32.799999237060546875</ele>
        <time>2026-09-11T22:38:58.000Z</time>
        <extensions>
          <ns3:TrackPointExtension>
            <ns3:atemp>30.0</ns3:atemp>
            <ns3:hr>127</ns3:hr>
            <ns3:cad>84</ns3:cad>
          </ns3:TrackPointExtension>
        </extensions>
      </trkpt>
      <trkpt lat="22.55174542777240276336669921875" lon="114.0049386955797672271728515625">
        <ele>32.799999237060546875</ele>
        <time>2026-09-11T22:38:59.000Z</time>
        <extensions>
          <ns3:TrackPointExtension>
            <ns3:atemp>30.0</ns3:atemp>
            <ns3:hr>127</ns3:hr>
            <ns3:cad>84</ns3:cad>
          </ns3:TrackPointExtension>
        </extensions>
      </trkpt>
      <trkpt lat="22.55174509249627590179443359375" lon="114.00496107526123523712158203125">
        <ele>32.799999237060546875</ele>
        <time>2026-09-11T22:39:00.000Z</time>
        <extensions>
          <ns3:TrackPointExtension>
            <ns3:atemp>30.0</ns3:atemp>
            <ns3:hr>127</ns3:hr>
            <ns3:cad>84</ns3:cad>
          </ns3:TrackPointExtension>
        </extensions>
      </trkpt>
      <trkpt lat="22.55174056626856327056884765625" lon="114.00498420931398868560791015625">
        <ele>32.59999847412109375</ele>
        <time>2026-09-11T22:39:01.000Z</time>
        <extensions>
          <ns3:TrackPointExtension>
            <ns3:atemp>30.0</ns3:atemp>
            <ns3:hr>128</ns3:hr>
            <ns3:cad>84</ns3:cad>
          </ns3:TrackPointExtension>
        </extensions>
      </trkpt>
      <trkpt lat="22.551742158830165863037109375" lon="114.005005247890949249267578125">
        <ele>32.59999847412109375</ele>
        <time>2026-09-11T22:39:02.000Z</time>
        <extensions>
          <ns3:TrackPointExtension>
            <ns3:atemp>30.0</ns3:atemp>
            <ns3:hr>127</ns3:hr>
            <ns3:cad>84</ns3:cad>
          </ns3:TrackPointExtension>
        </extensions>
      </trkpt>
      <trkpt lat="22.551742158830165863037109375" lon="114.0050288848578929901123046875">
        <ele>32.40000152587890625</ele>
        <time>2026-09-11T22:39:03.000Z</time>
        <extensions>
          <ns3:TrackPointExtension>
            <ns3:atemp>30.0</ns3:atemp>
            <ns3:hr>127</ns3:hr>
            <ns3:cad>84</ns3:cad>
          </ns3:TrackPointExtension>
        </extensions>
      </trkpt>
      <trkpt lat="22.55174190737307071685791015625" lon="114.00505243800580501556396484375">
        <ele>32.40000152587890625</ele>
        <time>2026-09-11T22:39:04.000Z</time>
        <extensions>
          <ns3:TrackPointExtension>
            <ns3:atemp>30.0</ns3:atemp>
            <ns3:hr>128</ns3:hr>
            <ns3:cad>84</ns3:cad>
          </ns3:TrackPointExtension>
        </extensions>
      </trkpt>
      <trkpt lat="22.55173905752599239349365234375" lon="114.0050761587917804718017578125">
        <ele>32.40000152587890625</ele>
        <time>2026-09-11T22:39:05.000Z</time>
        <extensions>
          <ns3:TrackPointExtension>
            <ns3:atemp>30.0</ns3:atemp>
            <ns3:hr>127</ns3:hr>
            <ns3:cad>84</ns3:cad>
          </ns3:TrackPointExtension>
        </extensions>
      </trkpt>
      <trkpt lat="22.55173469893634319305419921875" lon="114.0050972811877727508544921875">
        <ele>32.40000152587890625</ele>
        <time>2026-09-11T22:39:06.000Z</time>
        <extensions>
          <ns3:TrackPointExtension>
            <ns3:atemp>30.0</ns3:atemp>
            <ns3:hr>128</ns3:hr>
            <ns3:cad>84</ns3:cad>
          </ns3:TrackPointExtension>
        </extensions>
      </trkpt>
      <trkpt lat="22.551731765270233154296875" lon="114.00511798448860645294189453125">
        <ele>32.200000762939453125</ele>
        <time>2026-09-11T22:39:07.000Z</time>
        <extensions>
          <ns3:TrackPointExtension>
            <ns3:atemp>30.0</ns3:atemp>
            <ns3:hr>128</ns3:hr>
            <ns3:cad>84</ns3:cad>
          </ns3:TrackPointExtension>
        </extensions>
      </trkpt>
      <trkpt lat="22.55172975361347198486328125" lon="114.00514162145555019378662109375">
        <ele>32.200000762939453125</ele>
        <time>2026-09-11T22:39:08.000Z</time>
        <extensions>
          <ns3:TrackPointExtension>
            <ns3:atemp>30.0</ns3:atemp>
            <ns3:hr>128</ns3:hr>
            <ns3:cad>84</ns3:cad>
          </ns3:TrackPointExtension>
        </extensions>
      </trkpt>
      <trkpt lat="22.55172547884285449981689453125" lon="114.0051650069653987884521484375">
        <ele>32.200000762939453125</ele>
        <time>2026-09-11T22:39:09.000Z</time>
        <extensions>
          <ns3:TrackPointExtension>
            <ns3:atemp>30.0</ns3:atemp>
            <ns3:hr>127</ns3:hr>
            <ns3:cad>85</ns3:cad>
          </ns3:TrackPointExtension>
        </extensions>
      </trkpt>
      <trkpt lat="22.551721036434173583984375" lon="114.00519057177007198333740234375">
        <ele>32.200000762939453125</ele>
        <time>2026-09-11T22:39:10.000Z</time>
        <extensions>
          <ns3:TrackPointExtension>
            <ns3:atemp>30.0</ns3:atemp>
            <ns3:hr>127</ns3:hr>
            <ns3:cad>85</ns3:cad>
          </ns3:TrackPointExtension>
        </extensions>
      </trkpt>
      <trkpt lat="22.5517215393483638763427734375" lon="114.0052159689366817474365234375">
        <ele>32</ele>
        <time>2026-09-11T22:39:11.000Z</time>
        <extensions>
          <ns3:TrackPointExtension>
            <ns3:atemp>30.0</ns3:atemp>
            <ns3:hr>127</ns3:hr>
            <ns3:cad>85</ns3:cad>
          </ns3:TrackPointExtension>
        </extensions>
      </trkpt>
      <trkpt lat="22.55172262899577617645263671875" lon="114.00523985736072063446044921875">
        <ele>32</ele>
        <time>2026-09-11T22:39:12.000Z</time>
        <extensions>
          <ns3:TrackPointExtension>
            <ns3:atemp>30.0</ns3:atemp>
            <ns3:hr>126</ns3:hr>
            <ns3:cad>85</ns3:cad>
          </ns3:TrackPointExtension>
        </extensions>
      </trkpt>
      <trkpt lat="22.5517245568335056304931640625" lon="114.0052679367363452911376953125">
        <ele>32</ele>
        <time>2026-09-11T22:39:13.000Z</time>
        <extensions>
          <ns3:TrackPointExtension>
            <ns3:atemp>30.0</ns3:atemp>
            <ns3:hr>126</ns3:hr>
            <ns3:cad>84</ns3:cad>
          </ns3:TrackPointExtension>
        </extensions>
      </trkpt>
      <trkpt lat="22.55172816105186939239501953125" lon="114.005294255912303924560546875">
        <ele>32</ele>
        <time>2026-09-11T22:39:14.000Z</time>
        <extensions>
          <ns3:TrackPointExtension>
            <ns3:atemp>30.0</ns3:atemp>
            <ns3:hr>126</ns3:hr>
            <ns3:cad>84</ns3:cad>
          </ns3:TrackPointExtension>
        </extensions>
      </trkpt>
      <trkpt lat="22.551727406680583953857421875" lon="114.005319066345691680908203125">
        <ele>32</ele>
        <time>2026-09-11T22:39:15.000Z</time>
        <extensions>
          <ns3:TrackPointExtension>
            <ns3:atemp>30.0</ns3:atemp>
            <ns3:hr>127</ns3:hr>
            <ns3:cad>84</ns3:cad>
          </ns3:TrackPointExtension>
        </extensions>
      </trkpt>
      <trkpt lat="22.5517272390425205230712890625" lon="114.00534278713166713714599609375">
        <ele>32</ele>
        <time>2026-09-11T22:39:16.000Z</time>
        <extensions>
          <ns3:TrackPointExtension>
            <ns3:atemp>30.0</ns3:atemp>
            <ns3:hr>127</ns3:hr>
            <ns3:cad>84</ns3:cad>
          </ns3:TrackPointExtension>
        </extensions>
      </trkpt>
      <trkpt lat="22.55172665230929851531982421875" lon="114.0053665079176425933837890625">
        <ele>31.799999237060546875</ele>
        <time>2026-09-11T22:39:17.000Z</time>
        <extensions>
          <ns3:TrackPointExtension>
            <ns3:atemp>30.0</ns3:atemp>
            <ns3:hr>127</ns3:hr>
            <ns3:cad>84</ns3:cad>
          </ns3:TrackPointExtension>
        </extensions>
      </trkpt>
      <trkpt lat="22.55172573029994964599609375" lon="114.00539374910295009613037109375">
        <ele>31.799999237060546875</ele>
        <time>2026-09-11T22:39:18.000Z</time>
        <extensions>
          <ns3:TrackPointExtension>
            <ns3:atemp>30.0</ns3:atemp>
            <ns3:hr>127</ns3:hr>
            <ns3:cad>84</ns3:cad>
          </ns3:TrackPointExtension>
        </extensions>
      </trkpt>
      <trkpt lat="22.5517282448709011077880859375" lon="114.00541252456605434417724609375">
        <ele>31.799999237060546875</ele>
        <time>2026-09-11T22:39:19.000Z</time>
        <extensions>
          <ns3:TrackPointExtension>
            <ns3:atemp>30.0</ns3:atemp>
            <ns3:hr>128</ns3:hr>
            <ns3:cad>84</ns3:cad>
          </ns3:TrackPointExtension>
        </extensions>
      </trkpt>
      <trkpt lat="22.55173268727958202362060546875" lon="114.005438424646854400634765625">
        <ele>31.6000003814697265625</ele>
        <time>2026-09-11T22:39:20.000Z</time>
        <extensions>
          <ns3:TrackPointExtension>
            <ns3:atemp>30.0</ns3:atemp>
            <ns3:hr>128</ns3:hr>
            <ns3:cad>84</ns3:cad>
          </ns3:TrackPointExtension>
        </extensions>
      </trkpt>
      <trkpt lat="22.55173352546989917755126953125" lon="114.0054587088525295257568359375">
        <ele>31.6000003814697265625</ele>
        <time>2026-09-11T22:39:21.000Z</time>
        <extensions>
          <ns3:TrackPointExtension>
            <ns3:atemp>30.0</ns3:atemp>
            <ns3:hr>128</ns3:hr>
            <ns3:cad>83</ns3:cad>
          </ns3:TrackPointExtension>
        </extensions>
      </trkpt>
      <trkpt lat="22.55173511803150177001953125" lon="114.00548427365720272064208984375">
        <ele>31.6000003814697265625</ele>
        <time>2026-09-11T22:39:22.000Z</time>
        <extensions>
          <ns3:TrackPointExtension>
            <ns3:atemp>30.0</ns3:atemp>
            <ns3:hr>127</ns3:hr>
            <ns3:cad>83</ns3:cad>
          </ns3:TrackPointExtension>
        </extensions>
      </trkpt>
      <trkpt lat="22.55173034034669399261474609375" lon="114.005503468215465545654296875">
        <ele>31.6000003814697265625</ele>
        <time>2026-09-11T22:39:23.000Z</time>
        <extensions>
          <ns3:TrackPointExtension>
            <ns3:atemp>30.0</ns3:atemp>
            <ns3:hr>127</ns3:hr>
            <ns3:cad>83</ns3:cad>
          </ns3:TrackPointExtension>
        </extensions>
      </trkpt>
      <trkpt lat="22.5517312623560428619384765625" lon="114.0055224113166332244873046875">
        <ele>31.6000003814697265625</ele>
        <time>2026-09-11T22:39:24.000Z</time>
        <extensions>
          <ns3:TrackPointExtension>
            <ns3:atemp>30.0</ns3:atemp>
            <ns3:hr>127</ns3:hr>
            <ns3:cad>83</ns3:cad>
          </ns3:TrackPointExtension>
        </extensions>
      </trkpt>
      <trkpt lat="22.551732100546360015869140625" lon="114.005547054111957550048828125">
        <ele>31.3999996185302734375</ele>
        <time>2026-09-11T22:39:25.000Z</time>
        <extensions>
          <ns3:TrackPointExtension>
            <ns3:atemp>30.0</ns3:atemp>
            <ns3:hr>127</ns3:hr>
            <ns3:cad>84</ns3:cad>
          </ns3:TrackPointExtension>
        </extensions>
      </trkpt>
      <trkpt lat="22.551732100546360015869140625" lon="114.0055713616311550140380859375">
        <ele>31.3999996185302734375</ele>
        <time>2026-09-11T22:39:26.000Z</time>
        <extensions>
          <ns3:TrackPointExtension>
            <ns3:atemp>30.0</ns3:atemp>
            <ns3:hr>128</ns3:hr>
            <ns3:cad>84</ns3:cad>
          </ns3:TrackPointExtension>
        </extensions>
      </trkpt>
      <trkpt lat="22.55173050798475742340087890625" lon="114.0055944956839084625244140625">
        <ele>31.3999996185302734375</ele>
        <time>2026-09-11T22:39:27.000Z</time>
        <extensions>
          <ns3:TrackPointExtension>
            <ns3:atemp>30.0</ns3:atemp>
            <ns3:hr>127</ns3:hr>
            <ns3:cad>85</ns3:cad>
          </ns3:TrackPointExtension>
        </extensions>
      </trkpt>
      <trkpt lat="22.5517295859754085540771484375" lon="114.0056219883263111114501953125">
        <ele>31.3999996185302734375</ele>
        <time>2026-09-11T22:39:28.000Z</time>
        <extensions>
          <ns3:TrackPointExtension>
            <ns3:atemp>30.0</ns3:atemp>
            <ns3:hr>127</ns3:hr>
            <ns3:cad>85</ns3:cad>
          </ns3:TrackPointExtension>
        </extensions>
      </trkpt>
      <trkpt lat="22.55173050798475742340087890625" lon="114.00564654730260372161865234375">
        <ele>31.3999996185302734375</ele>
        <time>2026-09-11T22:39:29.000Z</time>
        <extensions>
          <ns3:TrackPointExtension>
            <ns3:atemp>30.0</ns3:atemp>
            <ns3:hr>128</ns3:hr>
            <ns3:cad>85</ns3:cad>
          </ns3:TrackPointExtension>
        </extensions>
      </trkpt>
      <trkpt lat="22.551730088889598846435546875" lon="114.0056727826595306396484375">
        <ele>31.200000762939453125</ele>
        <time>2026-09-11T22:39:30.000Z</time>
        <extensions>
          <ns3:TrackPointExtension>
            <ns3:atemp>30.0</ns3:atemp>
            <ns3:hr>127</ns3:hr>
            <ns3:cad>85</ns3:cad>
          </ns3:TrackPointExtension>
        </extensions>
      </trkpt>
      <trkpt lat="22.55173201672732830047607421875" lon="114.00569851510226726531982421875">
        <ele>31.200000762939453125</ele>
        <time>2026-09-11T22:39:31.000Z</time>
        <extensions>
          <ns3:TrackPointExtension>
            <ns3:atemp>30.0</ns3:atemp>
            <ns3:hr>127</ns3:hr>
            <ns3:cad>85</ns3:cad>
          </ns3:TrackPointExtension>
        </extensions>
      </trkpt>
      <trkpt lat="22.55173419602215290069580078125" lon="114.0057259239256381988525390625">
        <ele>31.200000762939453125</ele>
        <time>2026-09-11T22:39:32.000Z</time>
        <extensions>
          <ns3:TrackPointExtension>
            <ns3:atemp>30.0</ns3:atemp>
            <ns3:hr>127</ns3:hr>
            <ns3:cad>85</ns3:cad>
          </ns3:TrackPointExtension>
        </extensions>
      </trkpt>
      <trkpt lat="22.55173520185053348541259765625" lon="114.0057527460157871246337890625">
        <ele>31</ele>
        <time>2026-09-11T22:39:33.000Z</time>
        <extensions>
          <ns3:TrackPointExtension>
            <ns3:atemp>30.0</ns3:atemp>
            <ns3:hr>127</ns3:hr>
            <ns3:cad>85</ns3:cad>
          </ns3:TrackPointExtension>
        </extensions>
      </trkpt>
      <trkpt lat="22.5517372973263263702392578125" lon="114.0057765506207942962646484375">
        <ele>31</ele>
        <time>2026-09-11T22:39:34.000Z</time>
        <extensions>
          <ns3:TrackPointExtension>
            <ns3:atemp>30.0</ns3:atemp>
            <ns3:hr>127</ns3:hr>
            <ns3:cad>84</ns3:cad>
          </ns3:TrackPointExtension>
        </extensions>
      </trkpt>
      <trkpt lat="22.55173972807824611663818359375" lon="114.005802534520626068115234375">
        <ele>31</ele>
        <time>2026-09-11T22:39:35.000Z</time>
        <extensions>
          <ns3:TrackPointExtension>
            <ns3:atemp>30.0</ns3:atemp>
            <ns3:hr>128</ns3:hr>
            <ns3:cad>84</ns3:cad>
          </ns3:TrackPointExtension>
        </extensions>
      </trkpt>
      <trkpt lat="22.5517411530017852783203125" lon="114.00582575239241123199462890625">
        <ele>30.799999237060546875</ele>
        <time>2026-09-11T22:39:36.000Z</time>
        <extensions>
          <ns3:TrackPointExtension>
            <ns3:atemp>30.0</ns3:atemp>
            <ns3:hr>128</ns3:hr>
            <ns3:cad>84</ns3:cad>
          </ns3:TrackPointExtension>
        </extensions>
      </trkpt>
      <trkpt lat="22.5517491996288299560546875" lon="114.0058472938835620880126953125">
        <ele>30.799999237060546875</ele>
        <time>2026-09-11T22:39:37.000Z</time>
        <extensions>
          <ns3:TrackPointExtension>
            <ns3:atemp>30.0</ns3:atemp>
            <ns3:hr>128</ns3:hr>
            <ns3:cad>84</ns3:cad>
          </ns3:TrackPointExtension>
        </extensions>
      </trkpt>
      <trkpt lat="22.55175297148525714874267578125" lon="114.00586925446987152099609375">
        <ele>30.799999237060546875</ele>
        <time>2026-09-11T22:39:38.000Z</time>
        <extensions>
          <ns3:TrackPointExtension>
            <ns3:atemp>30.0</ns3:atemp>
            <ns3:hr>128</ns3:hr>
            <ns3:cad>85</ns3:cad>
          </ns3:TrackPointExtension>
        </extensions>
      </trkpt>
      <trkpt lat="22.55175054073333740234375" lon="114.00589247234165668487548828125">
        <ele>30.6000003814697265625</ele>
        <time>2026-09-11T22:39:39.000Z</time>
        <extensions>
          <ns3:TrackPointExtension>
            <ns3:atemp>30.0</ns3:atemp>
            <ns3:hr>129</ns3:hr>
            <ns3:cad>85</ns3:cad>
          </ns3:TrackPointExtension>
        </extensions>
      </trkpt>
      <trkpt lat="22.55175230093300342559814453125" lon="114.00591627694666385650634765625">
        <ele>30.6000003814697265625</ele>
        <time>2026-09-11T22:39:40.000Z</time>
        <extensions>
          <ns3:TrackPointExtension>
            <ns3:atemp>30.0</ns3:atemp>
            <ns3:hr>129</ns3:hr>
            <ns3:cad>85</ns3:cad>
          </ns3:TrackPointExtension>
        </extensions>
      </trkpt>
      <trkpt lat="22.55175481550395488739013671875" lon="114.00593555532395839691162109375">
        <ele>30.6000003814697265625</ele>
        <time>2026-09-11T22:39:41.000Z</time>
        <extensions>
          <ns3:TrackPointExtension>
            <ns3:atemp>30.0</ns3:atemp>
            <ns3:hr>129</ns3:hr>
            <ns3:cad>85</ns3:cad>
          </ns3:TrackPointExtension>
        </extensions>
      </trkpt>
      <trkpt lat="22.55175280384719371795654296875" lon="114.00596179068088531494140625">
        <ele>30.6000003814697265625</ele>
        <time>2026-09-11T22:39:42.000Z</time>
        <extensions>
          <ns3:TrackPointExtension>
            <ns3:atemp>30.0</ns3:atemp>
            <ns3:hr>128</ns3:hr>
            <ns3:cad>83</ns3:cad>
          </ns3:TrackPointExtension>
        </extensions>
      </trkpt>
      <trkpt lat="22.551752887666225433349609375" lon="114.005988277494907379150390625">
        <ele>30.3999996185302734375</ele>
        <time>2026-09-11T22:39:43.000Z</time>
        <extensions>
          <ns3:TrackPointExtension>
            <ns3:atemp>30.0</ns3:atemp>
            <ns3:hr>128</ns3:hr>
            <ns3:cad>83</ns3:cad>
          </ns3:TrackPointExtension>
        </extensions>
      </trkpt>
      <trkpt lat="22.55175657570362091064453125" lon="114.0060142613947391510009765625">
        <ele>30.3999996185302734375</ele>
        <time>2026-09-11T22:39:44.000Z</time>
        <extensions>
          <ns3:TrackPointExtension>
            <ns3:atemp>30.0</ns3:atemp>
            <ns3:hr>129</ns3:hr>
            <ns3:cad>84</ns3:cad>
          </ns3:TrackPointExtension>
        </extensions>
      </trkpt>
      <trkpt lat="22.5517574138939380645751953125" lon="114.006041921675205230712890625">
        <ele>30.3999996185302734375</ele>
        <time>2026-09-11T22:39:45.000Z</time>
        <extensions>
          <ns3:TrackPointExtension>
            <ns3:atemp>30.0</ns3:atemp>
            <ns3:hr>129</ns3:hr>
            <ns3:cad>84</ns3:cad>
          </ns3:TrackPointExtension>
        </extensions>
      </trkpt>
      <trkpt lat="22.55175699479877948760986328125" lon="114.00606597773730754852294921875">
        <ele>30.3999996185302734375</ele>
        <time>2026-09-11T22:39:46.000Z</time>
        <extensions>
          <ns3:TrackPointExtension>
            <ns3:atemp>30.0</ns3:atemp>
            <ns3:hr>130</ns3:hr>
            <ns3:cad>84</ns3:cad>
          </ns3:TrackPointExtension>
        </extensions>
      </trkpt>
      <trkpt lat="22.55175263620913028717041015625" lon="114.00609053671360015869140625">
        <ele>30.200000762939453125</ele>
        <time>2026-09-11T22:39:47.000Z</time>
        <extensions>
          <ns3:TrackPointExtension>
            <ns3:atemp>30.0</ns3:atemp>
            <ns3:hr>130</ns3:hr>
            <ns3:cad>84</ns3:cad>
          </ns3:TrackPointExtension>
        </extensions>
      </trkpt>
      <trkpt lat="22.5517513789236545562744140625" lon="114.00611375458538532257080078125">
        <ele>30.200000762939453125</ele>
        <time>2026-09-11T22:39:48.000Z</time>
        <extensions>
          <ns3:TrackPointExtension>
            <ns3:atemp>30.0</ns3:atemp>
            <ns3:hr>131</ns3:hr>
            <ns3:cad>84</ns3:cad>
          </ns3:TrackPointExtension>
        </extensions>
      </trkpt>
      <trkpt lat="22.55174693651497364044189453125" lon="114.006143510341644287109375">
        <ele>30.200000762939453125</ele>
        <time>2026-09-11T22:39:49.000Z</time>
        <extensions>
          <ns3:TrackPointExtension>
            <ns3:atemp>30.0</ns3:atemp>
            <ns3:hr>131</ns3:hr>
            <ns3:cad>84</ns3:cad>
          </ns3:TrackPointExtension>
        </extensions>
      </trkpt>
      <trkpt lat="22.5517483614385128021240234375" lon="114.0061674825847148895263671875">
        <ele>30.200000762939453125</ele>
        <time>2026-09-11T22:39:50.000Z</time>
        <extensions>
          <ns3:TrackPointExtension>
            <ns3:atemp>30.0</ns3:atemp>
            <ns3:hr>131</ns3:hr>
            <ns3:cad>84</ns3:cad>
          </ns3:TrackPointExtension>
        </extensions>
      </trkpt>
      <trkpt lat="22.5517517141997814178466796875" lon="114.006188772618770599365234375">
        <ele>30</ele>
        <time>2026-09-11T22:39:51.000Z</time>
        <extensions>
          <ns3:TrackPointExtension>
            <ns3:atemp>30.0</ns3:atemp>
            <ns3:hr>131</ns3:hr>
            <ns3:cad>84</ns3:cad>
          </ns3:TrackPointExtension>
        </extensions>
      </trkpt>
      <trkpt lat="22.551753558218479156494140625" lon="114.006216935813426971435546875">
        <ele>30</ele>
        <time>2026-09-11T22:39:52.000Z</time>
        <extensions>
          <ns3:TrackPointExtension>
            <ns3:atemp>30.0</ns3:atemp>
            <ns3:hr>131</ns3:hr>
            <ns3:cad>84</ns3:cad>
          </ns3:TrackPointExtension>
        </extensions>
      </trkpt>
      <trkpt lat="22.551759593188762664794921875" lon="114.00623244233429431915283203125">
        <ele>30</ele>
        <time>2026-09-11T22:39:53.000Z</time>
        <extensions>
          <ns3:TrackPointExtension>
            <ns3:atemp>30.0</ns3:atemp>
            <ns3:hr>131</ns3:hr>
            <ns3:cad>84</ns3:cad>
          </ns3:TrackPointExtension>
        </extensions>
      </trkpt>
      <trkpt lat="22.5517559051513671875" lon="114.00626278482377529144287109375">
        <ele>30</ele>
        <time>2026-09-11T22:39:54.000Z</time>
        <extensions>
          <ns3:TrackPointExtension>
            <ns3:atemp>30.0</ns3:atemp>
            <ns3:hr>131</ns3:hr>
            <ns3:cad>84</ns3:cad>
          </ns3:TrackPointExtension>
        </extensions>
      </trkpt>
      <trkpt lat="22.55175481550395488739013671875" lon="114.006287343800067901611328125">
        <ele>30</ele>
        <time>2026-09-11T22:39:55.000Z</time>
        <extensions>
          <ns3:TrackPointExtension>
            <ns3:atemp>30.0</ns3:atemp>
            <ns3:hr>132</ns3:hr>
            <ns3:cad>84</ns3:cad>
          </ns3:TrackPointExtension>
        </extensions>
      </trkpt>
      <trkpt lat="22.551756910979747772216796875" lon="114.0063143335282802581787109375">
        <ele>29.799999237060546875</ele>
        <time>2026-09-11T22:39:56.000Z</time>
        <extensions>
          <ns3:TrackPointExtension>
            <ns3:atemp>30.0</ns3:atemp>
            <ns3:hr>132</ns3:hr>
            <ns3:cad>84</ns3:cad>
          </ns3:TrackPointExtension>
        </extensions>
      </trkpt>
      <trkpt lat="22.55174894817173480987548828125" lon="114.00635498575866222381591796875">
        <ele>29.799999237060546875</ele>
        <time>2026-09-11T22:39:57.000Z</time>
        <extensions>
          <ns3:TrackPointExtension>
            <ns3:atemp>30.0</ns3:atemp>
            <ns3:hr>132</ns3:hr>
            <ns3:cad>84</ns3:cad>
          </ns3:TrackPointExtension>
        </extensions>
      </trkpt>
      <trkpt lat="22.5517463497817516326904296875" lon="114.00638549588620662689208984375">
        <ele>29.6000003814697265625</ele>
        <time>2026-09-11T22:39:58.000Z</time>
        <extensions>
          <ns3:TrackPointExtension>
            <ns3:atemp>30.0</ns3:atemp>
            <ns3:hr>131</ns3:hr>
            <ns3:cad>84</ns3:cad>
          </ns3:TrackPointExtension>
        </extensions>
      </trkpt>
      <trkpt lat="22.55174442194402217864990234375" lon="114.00641382671892642974853515625">
        <ele>29.6000003814697265625</ele>
        <time>2026-09-11T22:39:59.000Z</time>
        <extensions>
          <ns3:TrackPointExtension>
            <ns3:atemp>30.0</ns3:atemp>
            <ns3:hr>131</ns3:hr>
            <ns3:cad>84</ns3:cad>
          </ns3:TrackPointExtension>
        </extensions>
      </trkpt>
      <trkpt lat="22.5517463497817516326904296875" lon="114.00643830187618732452392578125">
        <ele>29.6000003814697265625</ele>
        <time>2026-09-11T22:40:00.000Z</time>
        <extensions>
          <ns3:TrackPointExtension>
            <ns3:atemp>30.0</ns3:atemp>
            <ns3:hr>131</ns3:hr>
            <ns3:cad>84</ns3:cad>
          </ns3:TrackPointExtension>
        </extensions>
      </trkpt>
      <trkpt lat="22.55174995400011539459228515625" lon="114.0064613521099090576171875">
        <ele>29.3999996185302734375</ele>
        <time>2026-09-11T22:40:01.000Z</time>
        <extensions>
          <ns3:TrackPointExtension>
            <ns3:atemp>30.0</ns3:atemp>
            <ns3:hr>130</ns3:hr>
            <ns3:cad>82</ns3:cad>
          </ns3:TrackPointExtension>
        </extensions>
      </trkpt>
      <trkpt lat="22.55175054073333740234375" lon="114.00648809038102626800537109375">
        <ele>29.3999996185302734375</ele>
        <time>2026-09-11T22:40:02.000Z</time>
        <extensions>
          <ns3:TrackPointExtension>
            <ns3:atemp>30.0</ns3:atemp>
            <ns3:hr>129</ns3:hr>
            <ns3:cad>82</ns3:cad>
          </ns3:TrackPointExtension>
        </extensions>
      </trkpt>
      <trkpt lat="22.55175800062716007232666015625" lon="114.00650762021541595458984375">
        <ele>29.3999996185302734375</ele>
        <time>2026-09-11T22:40:03.000Z</time>
        <extensions>
          <ns3:TrackPointExtension>
            <ns3:atemp>30.0</ns3:atemp>
            <ns3:hr>129</ns3:hr>
            <ns3:cad>84</ns3:cad>
          </ns3:TrackPointExtension>
        </extensions>
      </trkpt>
      <trkpt lat="22.55175800062716007232666015625" lon="114.00652882643043994903564453125">
        <ele>29.3999996185302734375</ele>
        <time>2026-09-11T22:40:04.000Z</time>
        <extensions>
          <ns3:TrackPointExtension>
            <ns3:atemp>30.0</ns3:atemp>
            <ns3:hr>128</ns3:hr>
            <ns3:cad>84</ns3:cad>
          </ns3:TrackPointExtension>
        </extensions>
      </trkpt>
      <trkpt lat="22.5517600961029529571533203125" lon="114.00654961355030536651611328125">
        <ele>29.200000762939453125</ele>
        <time>2026-09-11T22:40:05.000Z</time>
        <extensions>
          <ns3:TrackPointExtension>
            <ns3:atemp>30.0</ns3:atemp>
            <ns3:hr>128</ns3:hr>
            <ns3:cad>84</ns3:cad>
          </ns3:TrackPointExtension>
        </extensions>
      </trkpt>
      <trkpt lat="22.55175984464585781097412109375" lon="114.00657123886048793792724609375">
        <ele>29.200000762939453125</ele>
        <time>2026-09-11T22:40:06.000Z</time>
        <extensions>
          <ns3:TrackPointExtension>
            <ns3:atemp>30.0</ns3:atemp>
            <ns3:hr>128</ns3:hr>
            <ns3:cad>84</ns3:cad>
          </ns3:TrackPointExtension>
        </extensions>
      </trkpt>
      <trkpt lat="22.55176101811230182647705078125" lon="114.006596468389034271240234375">
        <ele>29.200000762939453125</ele>
        <time>2026-09-11T22:40:07.000Z</time>
        <extensions>
          <ns3:TrackPointExtension>
            <ns3:atemp>30.0</ns3:atemp>
            <ns3:hr>128</ns3:hr>
            <ns3:cad>85</ns3:cad>
          </ns3:TrackPointExtension>
        </extensions>
      </trkpt>
      <trkpt lat="22.55176571197807788848876953125" lon="114.00662572123110294342041015625">
        <ele>29.3999996185302734375</ele>
        <time>2026-09-11T22:40:08.000Z</time>
        <extensions>
          <ns3:TrackPointExtension>
            <ns3:atemp>30.0</ns3:atemp>
            <ns3:hr>129</ns3:hr>
            <ns3:cad>85</ns3:cad>
          </ns3:TrackPointExtension>
        </extensions>
      </trkpt>
      <trkpt lat="22.55176755599677562713623046875" lon="114.0066563151776790618896484375">
        <ele>29.3999996185302734375</ele>
        <time>2026-09-11T22:40:09.000Z</time>
        <extensions>
          <ns3:TrackPointExtension>
            <ns3:atemp>30.0</ns3:atemp>
            <ns3:hr>129</ns3:hr>
            <ns3:cad>84</ns3:cad>
          </ns3:TrackPointExtension>
        </extensions>
      </trkpt>
      <trkpt lat="22.5517706573009490966796875" lon="114.00668338872492313385009765625">
        <ele>29.3999996185302734375</ele>
        <time>2026-09-11T22:40:10.000Z</time>
        <extensions>
          <ns3:TrackPointExtension>
            <ns3:atemp>30.0</ns3:atemp>
            <ns3:hr>129</ns3:hr>
            <ns3:cad>84</ns3:cad>
          </ns3:TrackPointExtension>
        </extensions>
      </trkpt>
      <trkpt lat="22.55177459679543972015380859375" lon="114.00670954026281833648681640625">
        <ele>29.200000762939453125</ele>
        <time>2026-09-11T22:40:11.000Z</time>
        <extensions>
          <ns3:TrackPointExtension>
            <ns3:atemp>30.0</ns3:atemp>
            <ns3:hr>130</ns3:hr>
            <ns3:cad>84</ns3:cad>
          </ns3:TrackPointExtension>
        </extensions>
      </trkpt>
      <trkpt lat="22.55177375860512256622314453125" lon="114.00673300959169864654541015625">
        <ele>29.200000762939453125</ele>
        <time>2026-09-11T22:40:12.000Z</time>
        <extensions>
          <ns3:TrackPointExtension>
            <ns3:atemp>30.0</ns3:atemp>
            <ns3:hr>130</ns3:hr>
            <ns3:cad>84</ns3:cad>
          </ns3:TrackPointExtension>
        </extensions>
      </trkpt>
      <trkpt lat="22.55177744664251804351806640625" lon="114.00675438344478607177734375">
        <ele>29.200000762939453125</ele>
        <time>2026-09-11T22:40:13.000Z</time>
        <extensions>
          <ns3:TrackPointExtension>
            <ns3:atemp>30.0</ns3:atemp>
            <ns3:hr>130</ns3:hr>
            <ns3:cad>84</ns3:cad>
          </ns3:TrackPointExtension>
        </extensions>
      </trkpt>
      <trkpt lat="22.55177694372832775115966796875" lon="114.0067823790013790130615234375">
        <ele>29.200000762939453125</ele>
        <time>2026-09-11T22:40:14.000Z</time>
        <extensions>
          <ns3:TrackPointExtension>
            <ns3:atemp>30.0</ns3:atemp>
            <ns3:hr>130</ns3:hr>
            <ns3:cad>84</ns3:cad>
          </ns3:TrackPointExtension>
        </extensions>
      </trkpt>
      <trkpt lat="22.551777027547359466552734375" lon="114.0068081952631473541259765625">
        <ele>29.200000762939453125</ele>
        <time>2026-09-11T22:40:15.000Z</time>
        <extensions>
          <ns3:TrackPointExtension>
            <ns3:atemp>30.0</ns3:atemp>
            <ns3:hr>131</ns3:hr>
            <ns3:cad>84</ns3:cad>
          </ns3:TrackPointExtension>
        </extensions>
      </trkpt>
      <trkpt lat="22.55177803337574005126953125" lon="114.0068343468010425567626953125">
        <ele>29</ele>
        <time>2026-09-11T22:40:16.000Z</time>
        <extensions>
          <ns3:TrackPointExtension>
            <ns3:atemp>30.0</ns3:atemp>
            <ns3:hr>131</ns3:hr>
            <ns3:cad>84</ns3:cad>
          </ns3:TrackPointExtension>
        </extensions>
      </trkpt>
      <trkpt lat="22.55177862010896205902099609375" lon="114.00686033070087432861328125">
        <ele>29</ele>
        <time>2026-09-11T22:40:17.000Z</time>
        <extensions>
          <ns3:TrackPointExtension>
            <ns3:atemp>30.0</ns3:atemp>
            <ns3:hr>131</ns3:hr>
            <ns3:cad>84</ns3:cad>
          </ns3:TrackPointExtension>
        </extensions>
      </trkpt>
      <trkpt lat="22.55177945829927921295166015625" lon="114.00688673369586467742919921875">
        <ele>29</ele>
        <time>2026-09-11T22:40:18.000Z</time>
        <extensions>
          <ns3:TrackPointExtension>
            <ns3:atemp>30.0</ns3:atemp>
            <ns3:hr>131</ns3:hr>
            <ns3:cad>85</ns3:cad>
          </ns3:TrackPointExtension>
        </extensions>
      </trkpt>
      <trkpt lat="22.5517802126705646514892578125" lon="114.00691221468150615692138671875">
        <ele>29</ele>
        <time>2026-09-11T22:40:19.000Z</time>
        <extensions>
          <ns3:TrackPointExtension>
            <ns3:atemp>30.0</ns3:atemp>
            <ns3:hr>131</ns3:hr>
            <ns3:cad>85</ns3:cad>
          </ns3:TrackPointExtension>
        </extensions>
      </trkpt>
      <trkpt lat="22.55178339779376983642578125" lon="114.00693803094327449798583984375">
        <ele>28.799999237060546875</ele>
        <time>2026-09-11T22:40:20.000Z</time>
        <extensions>
          <ns3:TrackPointExtension>
            <ns3:atemp>30.0</ns3:atemp>
            <ns3:hr>131</ns3:hr>
            <ns3:cad>85</ns3:cad>
          </ns3:TrackPointExtension>
        </extensions>
      </trkpt>
      <trkpt lat="22.55178608000278472900390625" lon="114.0069654397666454315185546875">
        <ele>28.799999237060546875</ele>
        <time>2026-09-11T22:40:21.000Z</time>
        <extensions>
          <ns3:TrackPointExtension>
            <ns3:atemp>30.0</ns3:atemp>
            <ns3:hr>132</ns3:hr>
            <ns3:cad>85</ns3:cad>
          </ns3:TrackPointExtension>
        </extensions>
      </trkpt>
      <trkpt lat="22.55178851075470447540283203125" lon="114.00698932819068431854248046875">
        <ele>28.799999237060546875</ele>
        <time>2026-09-11T22:40:22.000Z</time>
        <extensions>
          <ns3:TrackPointExtension>
            <ns3:atemp>30.0</ns3:atemp>
            <ns3:hr>132</ns3:hr>
            <ns3:cad>85</ns3:cad>
          </ns3:TrackPointExtension>
        </extensions>
      </trkpt>
      <trkpt lat="22.551783062517642974853515625" lon="114.0070157311856746673583984375">
        <ele>28.799999237060546875</ele>
        <time>2026-09-11T22:40:23.000Z</time>
        <extensions>
          <ns3:TrackPointExtension>
            <ns3:atemp>30.0</ns3:atemp>
            <ns3:hr>132</ns3:hr>
            <ns3:cad>85</ns3:cad>
          </ns3:TrackPointExtension>
        </extensions>
      </trkpt>
      <trkpt lat="22.55178549326956272125244140625" lon="114.00703827850520610809326171875">
        <ele>29</ele>
        <time>2026-09-11T22:40:24.000Z</time>
        <extensions>
          <ns3:TrackPointExtension>
            <ns3:atemp>30.0</ns3:atemp>
            <ns3:hr>132</ns3:hr>
            <ns3:cad>85</ns3:cad>
          </ns3:TrackPointExtension>
        </extensions>
      </trkpt>
      <trkpt lat="22.551787085831165313720703125" lon="114.00706090964376926422119140625">
        <ele>29</ele>
        <time>2026-09-11T22:40:25.000Z</time>
        <extensions>
          <ns3:TrackPointExtension>
            <ns3:atemp>30.0</ns3:atemp>
            <ns3:hr>132</ns3:hr>
            <ns3:cad>85</ns3:cad>
          </ns3:TrackPointExtension>
        </extensions>
      </trkpt>
      <trkpt lat="22.55179052241146564483642578125" lon="114.0070858038961887359619140625">
        <ele>29</ele>
        <time>2026-09-11T22:40:26.000Z</time>
        <extensions>
          <ns3:TrackPointExtension>
            <ns3:atemp>30.0</ns3:atemp>
            <ns3:hr>132</ns3:hr>
            <ns3:cad>85</ns3:cad>
          </ns3:TrackPointExtension>
        </extensions>
      </trkpt>
      <trkpt lat="22.55179169587790966033935546875" lon="114.0071072615683078765869140625">
        <ele>28.799999237060546875</ele>
        <time>2026-09-11T22:40:27.000Z</time>
        <extensions>
          <ns3:TrackPointExtension>
            <ns3:atemp>30.0</ns3:atemp>
            <ns3:hr>132</ns3:hr>
            <ns3:cad>85</ns3:cad>
          </ns3:TrackPointExtension>
        </extensions>
      </trkpt>
      <trkpt lat="22.5517896004021167755126953125" lon="114.00712980888783931732177734375">
        <ele>28.799999237060546875</ele>
        <time>2026-09-11T22:40:28.000Z</time>
        <extensions>
          <ns3:TrackPointExtension>
            <ns3:atemp>30.0</ns3:atemp>
            <ns3:hr>133</ns3:hr>
            <ns3:cad>85</ns3:cad>
          </ns3:TrackPointExtension>
        </extensions>
      </trkpt>
      <trkpt lat="22.5517899356782436370849609375" lon="114.007152356207370758056640625">
        <ele>28.6000003814697265625</ele>
        <time>2026-09-11T22:40:29.000Z</time>
        <extensions>
          <ns3:TrackPointExtension>
            <ns3:atemp>30.0</ns3:atemp>
            <ns3:hr>133</ns3:hr>
            <ns3:cad>85</ns3:cad>
          </ns3:TrackPointExtension>
        </extensions>
      </trkpt>
      <trkpt lat="22.551790773868560791015625" lon="114.0071743167936801910400390625">
        <ele>28.6000003814697265625</ele>
        <time>2026-09-11T22:40:30.000Z</time>
        <extensions>
          <ns3:TrackPointExtension>
            <ns3:atemp>30.0</ns3:atemp>
            <ns3:hr>133</ns3:hr>
            <ns3:cad>85</ns3:cad>
          </ns3:TrackPointExtension>
        </extensions>
      </trkpt>
      <trkpt lat="22.55179504863917827606201171875" lon="114.0071997977793216705322265625">
        <ele>28.3999996185302734375</ele>
        <time>2026-09-11T22:40:31.000Z</time>
        <extensions>
          <ns3:TrackPointExtension>
            <ns3:atemp>30.0</ns3:atemp>
            <ns3:hr>132</ns3:hr>
            <ns3:cad>85</ns3:cad>
          </ns3:TrackPointExtension>
        </extensions>
      </trkpt>
      <trkpt lat="22.5517953000962734222412109375" lon="114.0072205848991870880126953125">
        <ele>28.3999996185302734375</ele>
        <time>2026-09-11T22:40:32.000Z</time>
        <extensions>
          <ns3:TrackPointExtension>
            <ns3:atemp>30.0</ns3:atemp>
            <ns3:hr>132</ns3:hr>
            <ns3:cad>86</ns3:cad>
          </ns3:TrackPointExtension>
        </extensions>
      </trkpt>
      <trkpt lat="22.5517936237156391143798828125" lon="114.0072450600564479827880859375">
        <ele>28.200000762939453125</ele>
        <time>2026-09-11T22:40:33.000Z</time>
        <extensions>
          <ns3:TrackPointExtension>
            <ns3:atemp>30.0</ns3:atemp>
            <ns3:hr>132</ns3:hr>
            <ns3:cad>86</ns3:cad>
          </ns3:TrackPointExtension>
        </extensions>
      </trkpt>
      <trkpt lat="22.5517912767827510833740234375" lon="114.0072715468704700469970703125">
        <ele>28.200000762939453125</ele>
        <time>2026-09-11T22:40:34.000Z</time>
        <extensions>
          <ns3:TrackPointExtension>
            <ns3:atemp>30.0</ns3:atemp>
            <ns3:hr>132</ns3:hr>
            <ns3:cad>85</ns3:cad>
          </ns3:TrackPointExtension>
        </extensions>
      </trkpt>
      <trkpt lat="22.55179052241146564483642578125" lon="114.0072955191135406494140625">
        <ele>28</ele>
        <time>2026-09-11T22:40:35.000Z</time>
        <extensions>
          <ns3:TrackPointExtension>
            <ns3:atemp>30.0</ns3:atemp>
            <ns3:hr>132</ns3:hr>
            <ns3:cad>85</ns3:cad>
          </ns3:TrackPointExtension>
        </extensions>
      </trkpt>
      <trkpt lat="22.5517916120588779449462890625" lon="114.00731873698532581329345703125">
        <ele>28</ele>
        <time>2026-09-11T22:40:36.000Z</time>
        <extensions>
          <ns3:TrackPointExtension>
            <ns3:atemp>30.0</ns3:atemp>
            <ns3:hr>132</ns3:hr>
            <ns3:cad>84</ns3:cad>
          </ns3:TrackPointExtension>
        </extensions>
      </trkpt>
      <trkpt lat="22.551797144114971160888671875" lon="114.007341451942920684814453125">
        <ele>28</ele>
        <time>2026-09-11T22:40:37.000Z</time>
        <extensions>
          <ns3:TrackPointExtension>
            <ns3:atemp>30.0</ns3:atemp>
            <ns3:hr>132</ns3:hr>
            <ns3:cad>84</ns3:cad>
          </ns3:TrackPointExtension>
        </extensions>
      </trkpt>
      <trkpt lat="22.551793791353702545166015625" lon="114.0073634125292301177978515625">
        <ele>28</ele>
        <time>2026-09-11T22:40:38.000Z</time>
        <extensions>
          <ns3:TrackPointExtension>
            <ns3:atemp>30.0</ns3:atemp>
            <ns3:hr>132</ns3:hr>
            <ns3:cad>84</ns3:cad>
          </ns3:TrackPointExtension>
        </extensions>
      </trkpt>
      <trkpt lat="22.55179286934435367584228515625" lon="114.0073840320110321044921875">
        <ele>28</ele>
        <time>2026-09-11T22:40:39.000Z</time>
        <extensions>
          <ns3:TrackPointExtension>
            <ns3:atemp>30.0</ns3:atemp>
            <ns3:hr>131</ns3:hr>
            <ns3:cad>84</ns3:cad>
          </ns3:TrackPointExtension>
        </extensions>
      </trkpt>
      <trkpt lat="22.55179253406822681427001953125" lon="114.00740305893123149871826171875">
        <ele>28</ele>
        <time>2026-09-11T22:40:40.000Z</time>
        <extensions>
          <ns3:TrackPointExtension>
            <ns3:atemp>30.0</ns3:atemp>
            <ns3:hr>131</ns3:hr>
            <ns3:cad>84</ns3:cad>
          </ns3:TrackPointExtension>
        </extensions>
      </trkpt>
      <trkpt lat="22.551794461905956268310546875" lon="114.00742049328982830047607421875">
        <ele>28</ele>
        <time>2026-09-11T22:40:41.000Z</time>
        <extensions>
          <ns3:TrackPointExtension>
            <ns3:atemp>30.0</ns3:atemp>
            <ns3:hr>131</ns3:hr>
            <ns3:cad>84</ns3:cad>
          </ns3:TrackPointExtension>
        </extensions>
      </trkpt>
      <trkpt lat="22.551799155771732330322265625" lon="114.0074336528778076171875">
        <ele>27.799999237060546875</ele>
        <time>2026-09-11T22:40:42.000Z</time>
        <extensions>
          <ns3:TrackPointExtension>
            <ns3:atemp>30.0</ns3:atemp>
            <ns3:hr>131</ns3:hr>
            <ns3:cad>84</ns3:cad>
          </ns3:TrackPointExtension>
        </extensions>
      </trkpt>
      <trkpt lat="22.55179806612432003021240234375" lon="114.0074562840163707733154296875">
        <ele>27.799999237060546875</ele>
        <time>2026-09-11T22:40:43.000Z</time>
        <extensions>
          <ns3:TrackPointExtension>
            <ns3:atemp>30.0</ns3:atemp>
            <ns3:hr>131</ns3:hr>
            <ns3:cad>85</ns3:cad>
          </ns3:TrackPointExtension>
        </extensions>
      </trkpt>
      <trkpt lat="22.55180158652365207672119140625" lon="114.00747212581336498260498046875">
        <ele>27.799999237060546875</ele>
        <time>2026-09-11T22:40:44.000Z</time>
        <extensions>
          <ns3:TrackPointExtension>
            <ns3:atemp>30.0</ns3:atemp>
            <ns3:hr>131</ns3:hr>
            <ns3:cad>85</ns3:cad>
          </ns3:TrackPointExtension>
        </extensions>
      </trkpt>
      <trkpt lat="22.551797144114971160888671875" lon="114.00749542750418186187744140625">
        <ele>27.799999237060546875</ele>
        <time>2026-09-11T22:40:45.000Z</time>
        <extensions>
          <ns3:TrackPointExtension>
            <ns3:atemp>30.0</ns3:atemp>
            <ns3:hr>130</ns3:hr>
            <ns3:cad>85</ns3:cad>
          </ns3:TrackPointExtension>
        </extensions>
      </trkpt>
      <trkpt lat="22.551795132458209991455078125" lon="114.0075149573385715484619140625">
        <ele>27.6000003814697265625</ele>
        <time>2026-09-11T22:40:46.000Z</time>
        <extensions>
          <ns3:TrackPointExtension>
            <ns3:atemp>30.0</ns3:atemp>
            <ns3:hr>131</ns3:hr>
            <ns3:cad>85</ns3:cad>
          </ns3:TrackPointExtension>
        </extensions>
      </trkpt>
      <trkpt lat="22.55179546773433685302734375" lon="114.00753758847713470458984375">
        <ele>27.6000003814697265625</ele>
        <time>2026-09-11T22:40:47.000Z</time>
        <extensions>
          <ns3:TrackPointExtension>
            <ns3:atemp>30.0</ns3:atemp>
            <ns3:hr>131</ns3:hr>
            <ns3:cad>85</ns3:cad>
          </ns3:TrackPointExtension>
        </extensions>
      </trkpt>
      <trkpt lat="22.55179278552532196044921875" lon="114.00756667368113994598388671875">
        <ele>27.6000003814697265625</ele>
        <time>2026-09-11T22:40:48.000Z</time>
        <extensions>
          <ns3:TrackPointExtension>
            <ns3:atemp>30.0</ns3:atemp>
            <ns3:hr>131</ns3:hr>
            <ns3:cad>85</ns3:cad>
          </ns3:TrackPointExtension>
        </extensions>
      </trkpt>
      <trkpt lat="22.55179010331630706787109375" lon="114.00759450159966945648193359375">
        <ele>27.6000003814697265625</ele>
        <time>2026-09-11T22:40:49.000Z</time>
        <extensions>
          <ns3:TrackPointExtension>
            <ns3:atemp>30.0</ns3:atemp>
            <ns3:hr>131</ns3:hr>
            <ns3:cad>85</ns3:cad>
          </ns3:TrackPointExtension>
        </extensions>
      </trkpt>
      <trkpt lat="22.55178566090762615203857421875" lon="114.007621072232723236083984375">
        <ele>27.6000003814697265625</ele>
        <time>2026-09-11T22:40:50.000Z</time>
        <extensions>
          <ns3:TrackPointExtension>
            <ns3:atemp>30.0</ns3:atemp>
            <ns3:hr>132</ns3:hr>
            <ns3:cad>85</ns3:cad>
          </ns3:TrackPointExtension>
        </extensions>
      </trkpt>
      <trkpt lat="22.55178281106054782867431640625" lon="114.00765149854123592376708984375">
        <ele>27.6000003814697265625</ele>
        <time>2026-09-11T22:40:51.000Z</time>
        <extensions>
          <ns3:TrackPointExtension>
            <ns3:atemp>30.0</ns3:atemp>
            <ns3:hr>132</ns3:hr>
            <ns3:cad>86</ns3:cad>
          </ns3:TrackPointExtension>
        </extensions>
      </trkpt>
      <trkpt lat="22.55177794955670833587646484375" lon="114.00768066756427288055419921875">
        <ele>27.6000003814697265625</ele>
        <time>2026-09-11T22:40:52.000Z</time>
        <extensions>
          <ns3:TrackPointExtension>
            <ns3:atemp>30.0</ns3:atemp>
            <ns3:hr>132</ns3:hr>
            <ns3:cad>86</ns3:cad>
          </ns3:TrackPointExtension>
        </extensions>
      </trkpt>
      <trkpt lat="22.5517808832228183746337890625" lon="114.00771670974791049957275390625">
        <ele>27.6000003814697265625</ele>
        <time>2026-09-11T22:40:53.000Z</time>
        <extensions>
          <ns3:TrackPointExtension>
            <ns3:atemp>30.0</ns3:atemp>
            <ns3:hr>132</ns3:hr>
            <ns3:cad>85</ns3:cad>
          </ns3:TrackPointExtension>
        </extensions>
      </trkpt>
      <trkpt lat="22.5517889298498630523681640625" lon="114.0077503211796283721923828125">
        <ele>27.3999996185302734375</ele>
        <time>2026-09-11T22:40:54.000Z</time>
        <extensions>
          <ns3:TrackPointExtension>
            <ns3:atemp>30.0</ns3:atemp>
            <ns3:hr>132</ns3:hr>
            <ns3:cad>85</ns3:cad>
          </ns3:TrackPointExtension>
        </extensions>
      </trkpt>
      <trkpt lat="22.5517882592976093292236328125" lon="114.0077855251729488372802734375">
        <ele>27.3999996185302734375</ele>
        <time>2026-09-11T22:40:55.000Z</time>
        <extensions>
          <ns3:TrackPointExtension>
            <ns3:atemp>30.0</ns3:atemp>
            <ns3:hr>132</ns3:hr>
            <ns3:cad>85</ns3:cad>
          </ns3:TrackPointExtension>
        </extensions>
      </trkpt>
      <trkpt lat="22.5517865829169750213623046875" lon="114.00781192816793918609619140625">
        <ele>27.3999996185302734375</ele>
        <time>2026-09-11T22:40:56.000Z</time>
        <extensions>
          <ns3:TrackPointExtension>
            <ns3:atemp>30.0</ns3:atemp>
            <ns3:hr>132</ns3:hr>
            <ns3:cad>85</ns3:cad>
          </ns3:TrackPointExtension>
        </extensions>
      </trkpt>
      <trkpt lat="22.551785744726657867431640625" lon="114.00784025900065898895263671875">
        <ele>27.3999996185302734375</ele>
        <time>2026-09-11T22:40:57.000Z</time>
        <extensions>
          <ns3:TrackPointExtension>
            <ns3:atemp>30.0</ns3:atemp>
            <ns3:hr>132</ns3:hr>
            <ns3:cad>85</ns3:cad>
          </ns3:TrackPointExtension>
        </extensions>
      </trkpt>
      <trkpt lat="22.55178272724151611328125" lon="114.00786808691918849945068359375">
        <ele>27.200000762939453125</ele>
        <time>2026-09-11T22:40:58.000Z</time>
        <extensions>
          <ns3:TrackPointExtension>
            <ns3:atemp>30.0</ns3:atemp>
            <ns3:hr>133</ns3:hr>
            <ns3:cad>85</ns3:cad>
          </ns3:TrackPointExtension>
        </extensions>
      </trkpt>
      <trkpt lat="22.5517822243273258209228515625" lon="114.00789692066609859466552734375">
        <ele>27.200000762939453125</ele>
        <time>2026-09-11T22:40:59.000Z</time>
        <extensions>
          <ns3:TrackPointExtension>
            <ns3:atemp>30.0</ns3:atemp>
            <ns3:hr>133</ns3:hr>
            <ns3:cad>85</ns3:cad>
          </ns3:TrackPointExtension>
        </extensions>
      </trkpt>
      <trkpt lat="22.551782391965389251708984375" lon="114.0079271793365478515625">
        <ele>27.200000762939453125</ele>
        <time>2026-09-11T22:41:00.000Z</time>
        <extensions>
          <ns3:TrackPointExtension>
            <ns3:atemp>30.0</ns3:atemp>
            <ns3:hr>133</ns3:hr>
            <ns3:cad>85</ns3:cad>
          </ns3:TrackPointExtension>
        </extensions>
      </trkpt>
      <trkpt lat="22.5517835654318332672119140625" lon="114.0079541690647602081298828125">
        <ele>27.200000762939453125</ele>
        <time>2026-09-11T22:41:01.000Z</time>
        <extensions>
          <ns3:TrackPointExtension>
            <ns3:atemp>30.0</ns3:atemp>
            <ns3:hr>133</ns3:hr>
            <ns3:cad>85</ns3:cad>
          </ns3:TrackPointExtension>
        </extensions>
      </trkpt>
      <trkpt lat="22.55178339779376983642578125" lon="114.00798710994422435760498046875">
        <ele>27.200000762939453125</ele>
        <time>2026-09-11T22:41:02.000Z</time>
        <extensions>
          <ns3:TrackPointExtension>
            <ns3:atemp>30.0</ns3:atemp>
            <ns3:hr>133</ns3:hr>
            <ns3:cad>85</ns3:cad>
          </ns3:TrackPointExtension>
        </extensions>
      </trkpt>
      <trkpt lat="22.551780380308628082275390625" lon="114.0080148540437221527099609375">
        <ele>27.200000762939453125</ele>
        <time>2026-09-11T22:41:03.000Z</time>
        <extensions>
          <ns3:TrackPointExtension>
            <ns3:atemp>30.0</ns3:atemp>
            <ns3:hr>134</ns3:hr>
            <ns3:cad>85</ns3:cad>
          </ns3:TrackPointExtension>
        </extensions>
      </trkpt>
      <trkpt lat="22.5517798773944377899169921875" lon="114.00804293341934680938720703125">
        <ele>27</ele>
        <time>2026-09-11T22:41:04.000Z</time>
        <extensions>
          <ns3:TrackPointExtension>
            <ns3:atemp>30.0</ns3:atemp>
            <ns3:hr>134</ns3:hr>
            <ns3:cad>84</ns3:cad>
          </ns3:TrackPointExtension>
        </extensions>
      </trkpt>
      <trkpt lat="22.551777698099613189697265625" lon="114.0080765448510646820068359375">
        <ele>27</ele>
        <time>2026-09-11T22:41:05.000Z</time>
        <extensions>
          <ns3:TrackPointExtension>
            <ns3:atemp>30.0</ns3:atemp>
            <ns3:hr>134</ns3:hr>
            <ns3:cad>84</ns3:cad>
          </ns3:TrackPointExtension>
        </extensions>
      </trkpt>
      <trkpt lat="22.551779039204120635986328125" lon="114.00810219347476959228515625">
        <ele>26.799999237060546875</ele>
        <time>2026-09-11T22:41:06.000Z</time>
        <extensions>
          <ns3:TrackPointExtension>
            <ns3:atemp>30.0</ns3:atemp>
            <ns3:hr>134</ns3:hr>
            <ns3:cad>84</ns3:cad>
          </ns3:TrackPointExtension>
        </extensions>
      </trkpt>
      <trkpt lat="22.55178339779376983642578125" lon="114.00813077576458454132080078125">
        <ele>26.799999237060546875</ele>
        <time>2026-09-11T22:41:07.000Z</time>
        <extensions>
          <ns3:TrackPointExtension>
            <ns3:atemp>30.0</ns3:atemp>
            <ns3:hr>134</ns3:hr>
            <ns3:cad>84</ns3:cad>
          </ns3:TrackPointExtension>
        </extensions>
      </trkpt>
      <trkpt lat="22.55178733728826045989990234375" lon="114.00815374217927455902099609375">
        <ele>26.799999237060546875</ele>
        <time>2026-09-11T22:41:08.000Z</time>
        <extensions>
          <ns3:TrackPointExtension>
            <ns3:atemp>30.0</ns3:atemp>
            <ns3:hr>134</ns3:hr>
            <ns3:cad>84</ns3:cad>
          </ns3:TrackPointExtension>
        </extensions>
      </trkpt>
      <trkpt lat="22.55179345607757568359375" lon="114.00817989371716976165771484375">
        <ele>26.799999237060546875</ele>
        <time>2026-09-11T22:41:09.000Z</time>
        <extensions>
          <ns3:TrackPointExtension>
            <ns3:atemp>30.0</ns3:atemp>
            <ns3:hr>133</ns3:hr>
            <ns3:cad>84</ns3:cad>
          </ns3:TrackPointExtension>
        </extensions>
      </trkpt>
      <trkpt lat="22.55180058069527149200439453125" lon="114.00820135138928890228271484375">
        <ele>26.799999237060546875</ele>
        <time>2026-09-11T22:41:10.000Z</time>
        <extensions>
          <ns3:TrackPointExtension>
            <ns3:atemp>30.0</ns3:atemp>
            <ns3:hr>134</ns3:hr>
            <ns3:cad>84</ns3:cad>
          </ns3:TrackPointExtension>
        </extensions>
      </trkpt>
      <trkpt lat="22.55180862732231616973876953125" lon="114.0082197077572345733642578125">
        <ele>26.799999237060546875</ele>
        <time>2026-09-11T22:41:11.000Z</time>
        <extensions>
          <ns3:TrackPointExtension>
            <ns3:atemp>30.0</ns3:atemp>
            <ns3:hr>134</ns3:hr>
            <ns3:cad>84</ns3:cad>
          </ns3:TrackPointExtension>
        </extensions>
      </trkpt>
      <trkpt lat="22.5518216192722320556640625" lon="114.00824359618127346038818359375">
        <ele>26.6000003814697265625</ele>
        <time>2026-09-11T22:41:12.000Z</time>
        <extensions>
          <ns3:TrackPointExtension>
            <ns3:atemp>30.0</ns3:atemp>
            <ns3:hr>135</ns3:hr>
            <ns3:cad>85</ns3:cad>
          </ns3:TrackPointExtension>
        </extensions>
      </trkpt>
      <trkpt lat="22.55183058790862560272216796875" lon="114.00825398974120616912841796875">
        <ele>26.6000003814697265625</ele>
        <time>2026-09-11T22:41:13.000Z</time>
        <extensions>
          <ns3:TrackPointExtension>
            <ns3:atemp>30.0</ns3:atemp>
            <ns3:hr>135</ns3:hr>
            <ns3:cad>85</ns3:cad>
          </ns3:TrackPointExtension>
        </extensions>
      </trkpt>
      <trkpt lat="22.55184332840144634246826171875" lon="114.0082773752510547637939453125">
        <ele>26.3999996185302734375</ele>
        <time>2026-09-11T22:41:14.000Z</time>
        <extensions>
          <ns3:TrackPointExtension>
            <ns3:atemp>30.0</ns3:atemp>
            <ns3:hr>135</ns3:hr>
            <ns3:cad>85</ns3:cad>
          </ns3:TrackPointExtension>
        </extensions>
      </trkpt>
      <trkpt lat="22.55185338668525218963623046875" lon="114.00829472579061985015869140625">
        <ele>26.3999996185302734375</ele>
        <time>2026-09-11T22:41:15.000Z</time>
        <extensions>
          <ns3:TrackPointExtension>
            <ns3:atemp>30.0</ns3:atemp>
            <ns3:hr>135</ns3:hr>
            <ns3:cad>85</ns3:cad>
          </ns3:TrackPointExtension>
        </extensions>
      </trkpt>
      <trkpt lat="22.5518660433590412139892578125" lon="114.00831878185272216796875">
        <ele>26.3999996185302734375</ele>
        <time>2026-09-11T22:41:16.000Z</time>
        <extensions>
          <ns3:TrackPointExtension>
            <ns3:atemp>30.0</ns3:atemp>
            <ns3:hr>135</ns3:hr>
            <ns3:cad>85</ns3:cad>
          </ns3:TrackPointExtension>
        </extensions>
      </trkpt>
      <trkpt lat="22.55188154987990856170654296875" lon="114.00833764113485813140869140625">
        <ele>26.6000003814697265625</ele>
        <time>2026-09-11T22:41:17.000Z</time>
        <extensions>
          <ns3:TrackPointExtension>
            <ns3:atemp>30.0</ns3:atemp>
            <ns3:hr>135</ns3:hr>
            <ns3:cad>85</ns3:cad>
          </ns3:TrackPointExtension>
        </extensions>
      </trkpt>
      <trkpt lat="22.55189797841012477874755859375" lon="114.0083511359989643096923828125">
        <ele>26.6000003814697265625</ele>
        <time>2026-09-11T22:41:18.000Z</time>
        <extensions>
          <ns3:TrackPointExtension>
            <ns3:atemp>30.0</ns3:atemp>
            <ns3:hr>135</ns3:hr>
            <ns3:cad>85</ns3:cad>
          </ns3:TrackPointExtension>
        </extensions>
      </trkpt>
      <trkpt lat="22.55192161537706851959228515625" lon="114.00837284512817859649658203125">
        <ele>26.6000003814697265625</ele>
        <time>2026-09-11T22:41:19.000Z</time>
        <extensions>
          <ns3:TrackPointExtension>
            <ns3:atemp>30.0</ns3:atemp>
            <ns3:hr>135</ns3:hr>
            <ns3:cad>85</ns3:cad>
          </ns3:TrackPointExtension>
        </extensions>
      </trkpt>
      <trkpt lat="22.55194156430661678314208984375" lon="114.00838650763034820556640625">
        <ele>26.6000003814697265625</ele>
        <time>2026-09-11T22:41:20.000Z</time>
        <extensions>
          <ns3:TrackPointExtension>
            <ns3:atemp>30.0</ns3:atemp>
            <ns3:hr>135</ns3:hr>
            <ns3:cad>84</ns3:cad>
          </ns3:TrackPointExtension>
        </extensions>
      </trkpt>
      <trkpt lat="22.55196067504584789276123046875" lon="114.0084034390747547149658203125">
        <ele>26.6000003814697265625</ele>
        <time>2026-09-11T22:41:21.000Z</time>
        <extensions>
          <ns3:TrackPointExtension>
            <ns3:atemp>30.0</ns3:atemp>
            <ns3:hr>135</ns3:hr>
            <ns3:cad>84</ns3:cad>
          </ns3:TrackPointExtension>
        </extensions>
      </trkpt>
      <trkpt lat="22.5519763492047786712646484375" lon="114.00841224007308483123779296875">
        <ele>26.6000003814697265625</ele>
        <time>2026-09-11T22:41:22.000Z</time>
        <extensions>
          <ns3:TrackPointExtension>
            <ns3:atemp>30.0</ns3:atemp>
            <ns3:hr>136</ns3:hr>
            <ns3:cad>85</ns3:cad>
          </ns3:TrackPointExtension>
        </extensions>
      </trkpt>
      <trkpt lat="22.5519921071827411651611328125" lon="114.00842464528977870941162109375">
        <ele>26.3999996185302734375</ele>
        <time>2026-09-11T22:41:23.000Z</time>
        <extensions>
          <ns3:TrackPointExtension>
            <ns3:atemp>30.0</ns3:atemp>
            <ns3:hr>135</ns3:hr>
            <ns3:cad>85</ns3:cad>
          </ns3:TrackPointExtension>
        </extensions>
      </trkpt>
      <trkpt lat="22.55201130174100399017333984375" lon="114.008439145982265472412109375">
        <ele>26.3999996185302734375</ele>
        <time>2026-09-11T22:41:24.000Z</time>
        <extensions>
          <ns3:TrackPointExtension>
            <ns3:atemp>30.0</ns3:atemp>
            <ns3:hr>135</ns3:hr>
            <ns3:cad>85</ns3:cad>
          </ns3:TrackPointExtension>
        </extensions>
      </trkpt>
      <trkpt lat="22.55203007720410823822021484375" lon="114.008452557027339935302734375">
        <ele>26.3999996185302734375</ele>
        <time>2026-09-11T22:41:25.000Z</time>
        <extensions>
          <ns3:TrackPointExtension>
            <ns3:atemp>30.0</ns3:atemp>
            <ns3:hr>135</ns3:hr>
            <ns3:cad>85</ns3:cad>
          </ns3:TrackPointExtension>
        </extensions>
      </trkpt>
      <trkpt lat="22.55205170251429080963134765625" lon="114.00846806354820728302001953125">
        <ele>26.3999996185302734375</ele>
        <time>2026-09-11T22:41:26.000Z</time>
        <extensions>
          <ns3:TrackPointExtension>
            <ns3:atemp>30.0</ns3:atemp>
            <ns3:hr>135</ns3:hr>
            <ns3:cad>85</ns3:cad>
          </ns3:TrackPointExtension>
        </extensions>
      </trkpt>
      <trkpt lat="22.5520695559680461883544921875" lon="114.008480720221996307373046875">
        <ele>26.3999996185302734375</ele>
        <time>2026-09-11T22:41:27.000Z</time>
        <extensions>
          <ns3:TrackPointExtension>
            <ns3:atemp>30.0</ns3:atemp>
            <ns3:hr>135</ns3:hr>
            <ns3:cad>85</ns3:cad>
          </ns3:TrackPointExtension>
        </extensions>
      </trkpt>
      <trkpt lat="22.5520876608788967132568359375" lon="114.00849807076156139373779296875">
        <ele>26.3999996185302734375</ele>
        <time>2026-09-11T22:41:28.000Z</time>
        <extensions>
          <ns3:TrackPointExtension>
            <ns3:atemp>30.0</ns3:atemp>
            <ns3:hr>135</ns3:hr>
            <ns3:cad>85</ns3:cad>
          </ns3:TrackPointExtension>
        </extensions>
      </trkpt>
      <trkpt lat="22.55210484378039836883544921875" lon="114.00851382873952388763427734375">
        <ele>26.3999996185302734375</ele>
        <time>2026-09-11T22:41:29.000Z</time>
        <extensions>
          <ns3:TrackPointExtension>
            <ns3:atemp>30.0</ns3:atemp>
            <ns3:hr>136</ns3:hr>
            <ns3:cad>85</ns3:cad>
          </ns3:TrackPointExtension>
        </extensions>
      </trkpt>
      <trkpt lat="22.55212026648223400115966796875" lon="114.00852791033685207366943359375">
        <ele>26.6000003814697265625</ele>
        <time>2026-09-11T22:41:30.000Z</time>
        <extensions>
          <ns3:TrackPointExtension>
            <ns3:atemp>30.0</ns3:atemp>
            <ns3:hr>135</ns3:hr>
            <ns3:cad>85</ns3:cad>
          </ns3:TrackPointExtension>
        </extensions>
      </trkpt>
      <trkpt lat="22.55213719792664051055908203125" lon="114.00854668579995632171630859375">
        <ele>26.6000003814697265625</ele>
        <time>2026-09-11T22:41:31.000Z</time>
        <extensions>
          <ns3:TrackPointExtension>
            <ns3:atemp>30.0</ns3:atemp>
            <ns3:hr>135</ns3:hr>
            <ns3:cad>85</ns3:cad>
          </ns3:TrackPointExtension>
        </extensions>
      </trkpt>
      <trkpt lat="22.552152536809444427490234375" lon="114.00855372659862041473388671875">
        <ele>26.6000003814697265625</ele>
        <time>2026-09-11T22:41:32.000Z</time>
        <extensions>
          <ns3:TrackPointExtension>
            <ns3:atemp>30.0</ns3:atemp>
            <ns3:hr>135</ns3:hr>
            <ns3:cad>85</ns3:cad>
          </ns3:TrackPointExtension>
        </extensions>
      </trkpt>
      <trkpt lat="22.55217307247221469879150390625" lon="114.0085687302052974700927734375">
        <ele>26.3999996185302734375</ele>
        <time>2026-09-11T22:41:33.000Z</time>
        <extensions>
          <ns3:TrackPointExtension>
            <ns3:atemp>30.0</ns3:atemp>
            <ns3:hr>135</ns3:hr>
            <ns3:cad>86</ns3:cad>
          </ns3:TrackPointExtension>
        </extensions>
      </trkpt>
      <trkpt lat="22.55218966864049434661865234375" lon="114.00857820175588130950927734375">
        <ele>26.3999996185302734375</ele>
        <time>2026-09-11T22:41:34.000Z</time>
        <extensions>
          <ns3:TrackPointExtension>
            <ns3:atemp>30.0</ns3:atemp>
            <ns3:hr>135</ns3:hr>
            <ns3:cad>86</ns3:cad>
          </ns3:TrackPointExtension>
        </extensions>
      </trkpt>
      <trkpt lat="22.552208863198757171630859375" lon="114.0085868351161479949951171875">
        <ele>26.200000762939453125</ele>
        <time>2026-09-11T22:41:35.000Z</time>
        <extensions>
          <ns3:TrackPointExtension>
            <ns3:atemp>30.0</ns3:atemp>
            <ns3:hr>135</ns3:hr>
            <ns3:cad>85</ns3:cad>
          </ns3:TrackPointExtension>
        </extensions>
      </trkpt>
      <trkpt lat="22.55223157815635204315185546875" lon="114.008596725761890411376953125">
        <ele>26.200000762939453125</ele>
        <time>2026-09-11T22:41:36.000Z</time>
        <extensions>
          <ns3:TrackPointExtension>
            <ns3:atemp>30.0</ns3:atemp>
            <ns3:hr>135</ns3:hr>
            <ns3:cad>85</ns3:cad>
          </ns3:TrackPointExtension>
        </extensions>
      </trkpt>
      <trkpt lat="22.55225144326686859130859375" lon="114.0086092986166477203369140625">
        <ele>26.200000762939453125</ele>
        <time>2026-09-11T22:41:37.000Z</time>
        <extensions>
          <ns3:TrackPointExtension>
            <ns3:atemp>30.0</ns3:atemp>
            <ns3:hr>135</ns3:hr>
            <ns3:cad>86</ns3:cad>
          </ns3:TrackPointExtension>
        </extensions>
      </trkpt>
      <trkpt lat="22.55226493813097476959228515625" lon="114.00862530805170536041259765625">
        <ele>26.200000762939453125</ele>
        <time>2026-09-11T22:41:38.000Z</time>
        <extensions>
          <ns3:TrackPointExtension>
            <ns3:atemp>30.0</ns3:atemp>
            <ns3:hr>135</ns3:hr>
            <ns3:cad>86</ns3:cad>
          </ns3:TrackPointExtension>
        </extensions>
      </trkpt>
      <trkpt lat="22.55228103138506412506103515625" lon="114.00863318704068660736083984375">
        <ele>26.200000762939453125</ele>
        <time>2026-09-11T22:41:39.000Z</time>
        <extensions>
          <ns3:TrackPointExtension>
            <ns3:atemp>30.0</ns3:atemp>
            <ns3:hr>135</ns3:hr>
            <ns3:cad>86</ns3:cad>
          </ns3:TrackPointExtension>
        </extensions>
      </trkpt>
      <trkpt lat="22.55231045186519622802734375" lon="114.00863821618258953094482421875">
        <ele>26.200000762939453125</ele>
        <time>2026-09-11T22:41:40.000Z</time>
        <extensions>
          <ns3:TrackPointExtension>
            <ns3:atemp>30.0</ns3:atemp>
            <ns3:hr>135</ns3:hr>
            <ns3:cad>86</ns3:cad>
          </ns3:TrackPointExtension>
        </extensions>
      </trkpt>
      <trkpt lat="22.5523290596902370452880859375" lon="114.00864542461931705474853515625">
        <ele>26.200000762939453125</ele>
        <time>2026-09-11T22:41:41.000Z</time>
        <extensions>
          <ns3:TrackPointExtension>
            <ns3:atemp>30.0</ns3:atemp>
            <ns3:hr>135</ns3:hr>
            <ns3:cad>86</ns3:cad>
          </ns3:TrackPointExtension>
        </extensions>
      </trkpt>
      <trkpt lat="22.55234557203948497772216796875" lon="114.0086545608937740325927734375">
        <ele>26.200000762939453125</ele>
        <time>2026-09-11T22:41:42.000Z</time>
        <extensions>
          <ns3:TrackPointExtension>
            <ns3:atemp>30.0</ns3:atemp>
            <ns3:hr>135</ns3:hr>
            <ns3:cad>86</ns3:cad>
          </ns3:TrackPointExtension>
        </extensions>
      </trkpt>
      <trkpt lat="22.55236652679741382598876953125" lon="114.008669145405292510986328125">
        <ele>26.200000762939453125</ele>
        <time>2026-09-11T22:41:43.000Z</time>
        <extensions>
          <ns3:TrackPointExtension>
            <ns3:atemp>30.0</ns3:atemp>
            <ns3:hr>135</ns3:hr>
            <ns3:cad>86</ns3:cad>
          </ns3:TrackPointExtension>
        </extensions>
      </trkpt>
      <trkpt lat="22.5523877330124378204345703125" lon="114.00868423283100128173828125">
        <ele>26.200000762939453125</ele>
        <time>2026-09-11T22:41:44.000Z</time>
        <extensions>
          <ns3:TrackPointExtension>
            <ns3:atemp>30.0</ns3:atemp>
            <ns3:hr>135</ns3:hr>
            <ns3:cad>86</ns3:cad>
          </ns3:TrackPointExtension>
        </extensions>
      </trkpt>
      <trkpt lat="22.5524095259606838226318359375" lon="114.00869630277156829833984375">
        <ele>26.200000762939453125</ele>
        <time>2026-09-11T22:41:45.000Z</time>
        <extensions>
          <ns3:TrackPointExtension>
            <ns3:atemp>30.0</ns3:atemp>
            <ns3:hr>135</ns3:hr>
            <ns3:cad>86</ns3:cad>
          </ns3:TrackPointExtension>
        </extensions>
      </trkpt>
      <trkpt lat="22.55243274383246898651123046875" lon="114.00870325975120067596435546875">
        <ele>26.200000762939453125</ele>
        <time>2026-09-11T22:41:46.000Z</time>
        <extensions>
          <ns3:TrackPointExtension>
            <ns3:atemp>30.0</ns3:atemp>
            <ns3:hr>136</ns3:hr>
            <ns3:cad>86</ns3:cad>
          </ns3:TrackPointExtension>
        </extensions>
      </trkpt>
      <trkpt lat="22.552457638084888458251953125" lon="114.00871767662465572357177734375">
        <ele>26</ele>
        <time>2026-09-11T22:41:47.000Z</time>
        <extensions>
          <ns3:TrackPointExtension>
            <ns3:atemp>30.0</ns3:atemp>
            <ns3:hr>137</ns3:hr>
            <ns3:cad>87</ns3:cad>
          </ns3:TrackPointExtension>
        </extensions>
      </trkpt>
      <trkpt lat="22.5524725578725337982177734375" lon="114.0087293274700641632080078125">
        <ele>26</ele>
        <time>2026-09-11T22:41:48.000Z</time>
        <extensions>
          <ns3:TrackPointExtension>
            <ns3:atemp>30.0</ns3:atemp>
            <ns3:hr>137</ns3:hr>
            <ns3:cad>87</ns3:cad>
          </ns3:TrackPointExtension>
        </extensions>
      </trkpt>
      <trkpt lat="22.5524946860969066619873046875" lon="114.00873879902064800262451171875">
        <ele>26</ele>
        <time>2026-09-11T22:41:49.000Z</time>
        <extensions>
          <ns3:TrackPointExtension>
            <ns3:atemp>30.0</ns3:atemp>
            <ns3:hr>138</ns3:hr>
            <ns3:cad>86</ns3:cad>
          </ns3:TrackPointExtension>
        </extensions>
      </trkpt>
      <trkpt lat="22.5525114499032497406005859375" lon="114.00874852202832698822021484375">
        <ele>25.799999237060546875</ele>
        <time>2026-09-11T22:41:50.000Z</time>
        <extensions>
          <ns3:TrackPointExtension>
            <ns3:atemp>30.0</ns3:atemp>
            <ns3:hr>138</ns3:hr>
            <ns3:cad>86</ns3:cad>
          </ns3:TrackPointExtension>
        </extensions>
      </trkpt>
      <trkpt lat="22.55253282375633716583251953125" lon="114.00876109488308429718017578125">
        <ele>25.799999237060546875</ele>
        <time>2026-09-11T22:41:51.000Z</time>
        <extensions>
          <ns3:TrackPointExtension>
            <ns3:atemp>30.0</ns3:atemp>
            <ns3:hr>139</ns3:hr>
            <ns3:cad>86</ns3:cad>
          </ns3:TrackPointExtension>
        </extensions>
      </trkpt>
      <trkpt lat="22.5525540299713611602783203125" lon="114.00878012180328369140625">
        <ele>25.799999237060546875</ele>
        <time>2026-09-11T22:41:52.000Z</time>
        <extensions>
          <ns3:TrackPointExtension>
            <ns3:atemp>30.0</ns3:atemp>
            <ns3:hr>140</ns3:hr>
            <ns3:cad>86</ns3:cad>
          </ns3:TrackPointExtension>
        </extensions>
      </trkpt>
      <trkpt lat="22.55256936885416507720947265625" lon="114.0087930299341678619384765625">
        <ele>25.799999237060546875</ele>
        <time>2026-09-11T22:41:53.000Z</time>
        <extensions>
          <ns3:TrackPointExtension>
            <ns3:atemp>30.0</ns3:atemp>
            <ns3:hr>140</ns3:hr>
            <ns3:cad>86</ns3:cad>
          </ns3:TrackPointExtension>
        </extensions>
      </trkpt>
      <trkpt lat="22.55259166471660137176513671875" lon="114.0088087879121303558349609375">
        <ele>25.799999237060546875</ele>
        <time>2026-09-11T22:41:54.000Z</time>
        <extensions>
          <ns3:TrackPointExtension>
            <ns3:atemp>30.0</ns3:atemp>
            <ns3:hr>140</ns3:hr>
            <ns3:cad>86</ns3:cad>
          </ns3:TrackPointExtension>
        </extensions>
      </trkpt>
      <trkpt lat="22.552610523998737335205078125" lon="114.00881792418658733367919921875">
        <ele>25.799999237060546875</ele>
        <time>2026-09-11T22:41:55.000Z</time>
        <extensions>
          <ns3:TrackPointExtension>
            <ns3:atemp>30.0</ns3:atemp>
            <ns3:hr>141</ns3:hr>
            <ns3:cad>86</ns3:cad>
          </ns3:TrackPointExtension>
        </extensions>
      </trkpt>
      <trkpt lat="22.55263189785182476043701171875" lon="114.0088335983455181121826171875">
        <ele>25.799999237060546875</ele>
        <time>2026-09-11T22:41:56.000Z</time>
        <extensions>
          <ns3:TrackPointExtension>
            <ns3:atemp>30.0</ns3:atemp>
            <ns3:hr>141</ns3:hr>
            <ns3:cad>86</ns3:cad>
          </ns3:TrackPointExtension>
        </extensions>
      </trkpt>
      <trkpt lat="22.55264966748654842376708984375" lon="114.0088423155248165130615234375">
        <ele>25.799999237060546875</ele>
        <time>2026-09-11T22:41:57.000Z</time>
        <extensions>
          <ns3:TrackPointExtension>
            <ns3:atemp>30.0</ns3:atemp>
            <ns3:hr>141</ns3:hr>
            <ns3:cad>86</ns3:cad>
          </ns3:TrackPointExtension>
        </extensions>
      </trkpt>
      <trkpt lat="22.55266726948320865631103515625" lon="114.008852876722812652587890625">
        <ele>25.799999237060546875</ele>
        <time>2026-09-11T22:41:58.000Z</time>
        <extensions>
          <ns3:TrackPointExtension>
            <ns3:atemp>30.0</ns3:atemp>
            <ns3:hr>141</ns3:hr>
            <ns3:cad>85</ns3:cad>
          </ns3:TrackPointExtension>
        </extensions>
      </trkpt>
      <trkpt lat="22.5526948459446430206298828125" lon="114.00886595249176025390625">
        <ele>25.799999237060546875</ele>
        <time>2026-09-11T22:41:59.000Z</time>
        <extensions>
          <ns3:TrackPointExtension>
            <ns3:atemp>30.0</ns3:atemp>
            <ns3:hr>141</ns3:hr>
            <ns3:cad>85</ns3:cad>
          </ns3:TrackPointExtension>
        </extensions>
      </trkpt>
      <trkpt lat="22.5527169741690158843994140625" lon="114.008875675499439239501953125">
        <ele>25.799999237060546875</ele>
        <time>2026-09-11T22:42:00.000Z</time>
        <extensions>
          <ns3:TrackPointExtension>
            <ns3:atemp>30.0</ns3:atemp>
            <ns3:hr>140</ns3:hr>
            <ns3:cad>86</ns3:cad>
          </ns3:TrackPointExtension>
        </extensions>
      </trkpt>
      <trkpt lat="22.55273868329823017120361328125" lon="114.00889101438224315643310546875">
        <ele>25.6000003814697265625</ele>
        <time>2026-09-11T22:42:01.000Z</time>
        <extensions>
          <ns3:TrackPointExtension>
            <ns3:atemp>30.0</ns3:atemp>
            <ns3:hr>140</ns3:hr>
            <ns3:cad>86</ns3:cad>
          </ns3:TrackPointExtension>
        </extensions>
      </trkpt>
      <trkpt lat="22.55275628529489040374755859375" lon="114.00889839045703411102294921875">
        <ele>25.6000003814697265625</ele>
        <time>2026-09-11T22:42:02.000Z</time>
        <extensions>
          <ns3:TrackPointExtension>
            <ns3:atemp>30.0</ns3:atemp>
            <ns3:hr>140</ns3:hr>
            <ns3:cad>87</ns3:cad>
          </ns3:TrackPointExtension>
        </extensions>
      </trkpt>
      <trkpt lat="22.55277573131024837493896484375" lon="114.00890811346471309661865234375">
        <ele>25.6000003814697265625</ele>
        <time>2026-09-11T22:42:03.000Z</time>
        <extensions>
          <ns3:TrackPointExtension>
            <ns3:atemp>30.0</ns3:atemp>
            <ns3:hr>139</ns3:hr>
            <ns3:cad>87</ns3:cad>
          </ns3:TrackPointExtension>
        </extensions>
      </trkpt>
      <trkpt lat="22.55279433913528919219970703125" lon="114.00891616009175777435302734375">
        <ele>25.6000003814697265625</ele>
        <time>2026-09-11T22:42:04.000Z</time>
        <extensions>
          <ns3:TrackPointExtension>
            <ns3:atemp>30.0</ns3:atemp>
            <ns3:hr>139</ns3:hr>
            <ns3:cad>86</ns3:cad>
          </ns3:TrackPointExtension>
        </extensions>
      </trkpt>
      <trkpt lat="22.55281395278871059417724609375" lon="114.008924625813961029052734375">
        <ele>25.3999996185302734375</ele>
        <time>2026-09-11T22:42:05.000Z</time>
        <extensions>
          <ns3:TrackPointExtension>
            <ns3:atemp>30.0</ns3:atemp>
            <ns3:hr>139</ns3:hr>
            <ns3:cad>86</ns3:cad>
          </ns3:TrackPointExtension>
        </extensions>
      </trkpt>
      <trkpt lat="22.55283473990857601165771484375" lon="114.00893275626003742218017578125">
        <ele>25.3999996185302734375</ele>
        <time>2026-09-11T22:42:06.000Z</time>
        <extensions>
          <ns3:TrackPointExtension>
            <ns3:atemp>30.0</ns3:atemp>
            <ns3:hr>139</ns3:hr>
            <ns3:cad>85</ns3:cad>
          </ns3:TrackPointExtension>
        </extensions>
      </trkpt>
      <trkpt lat="22.55285351537168025970458984375" lon="114.008938036859035491943359375">
        <ele>25.3999996185302734375</ele>
        <time>2026-09-11T22:42:07.000Z</time>
        <extensions>
          <ns3:TrackPointExtension>
            <ns3:atemp>30.0</ns3:atemp>
            <ns3:hr>139</ns3:hr>
            <ns3:cad>85</ns3:cad>
          </ns3:TrackPointExtension>
        </extensions>
      </trkpt>
      <trkpt lat="22.55287664942443370819091796875" lon="114.00894901715219020843505859375">
        <ele>25.3999996185302734375</ele>
        <time>2026-09-11T22:42:08.000Z</time>
        <extensions>
          <ns3:TrackPointExtension>
            <ns3:atemp>30.0</ns3:atemp>
            <ns3:hr>138</ns3:hr>
            <ns3:cad>85</ns3:cad>
          </ns3:TrackPointExtension>
        </extensions>
      </trkpt>
      <trkpt lat="22.5528889708220958709716796875" lon="114.008967876434326171875">
        <ele>25.3999996185302734375</ele>
        <time>2026-09-11T22:42:09.000Z</time>
        <extensions>
          <ns3:TrackPointExtension>
            <ns3:atemp>30.0</ns3:atemp>
            <ns3:hr>138</ns3:hr>
            <ns3:cad>85</ns3:cad>
          </ns3:TrackPointExtension>
        </extensions>
      </trkpt>
      <trkpt lat="22.5528966821730136871337890625" lon="114.00899444706737995147705078125">
        <ele>25.3999996185302734375</ele>
        <time>2026-09-11T22:42:10.000Z</time>
        <extensions>
          <ns3:TrackPointExtension>
            <ns3:atemp>30.0</ns3:atemp>
            <ns3:hr>138</ns3:hr>
            <ns3:cad>85</ns3:cad>
          </ns3:TrackPointExtension>
        </extensions>
      </trkpt>
      <trkpt lat="22.5529080815613269805908203125" lon="114.0090220235288143157958984375">
        <ele>25.3999996185302734375</ele>
        <time>2026-09-11T22:42:11.000Z</time>
        <extensions>
          <ns3:TrackPointExtension>
            <ns3:atemp>30.0</ns3:atemp>
            <ns3:hr>138</ns3:hr>
            <ns3:cad>85</ns3:cad>
          </ns3:TrackPointExtension>
        </extensions>
      </trkpt>
      <trkpt lat="22.55291788838803768157958984375" lon="114.00904054753482341766357421875">
        <ele>25.3999996185302734375</ele>
        <time>2026-09-11T22:42:12.000Z</time>
        <extensions>
          <ns3:TrackPointExtension>
            <ns3:atemp>30.0</ns3:atemp>
            <ns3:hr>138</ns3:hr>
            <ns3:cad>84</ns3:cad>
          </ns3:TrackPointExtension>
        </extensions>
      </trkpt>
      <trkpt lat="22.552931047976016998291015625" lon="114.009059406816959381103515625">
        <ele>25.3999996185302734375</ele>
        <time>2026-09-11T22:42:13.000Z</time>
        <extensions>
          <ns3:TrackPointExtension>
            <ns3:atemp>30.0</ns3:atemp>
            <ns3:hr>137</ns3:hr>
            <ns3:cad>84</ns3:cad>
          </ns3:TrackPointExtension>
        </extensions>
      </trkpt>
      <trkpt lat="22.5529432855546474456787109375" lon="114.0090689621865749359130859375">
        <ele>25.3999996185302734375</ele>
        <time>2026-09-11T22:42:14.000Z</time>
        <extensions>
          <ns3:TrackPointExtension>
            <ns3:atemp>30.0</ns3:atemp>
            <ns3:hr>138</ns3:hr>
            <ns3:cad>83</ns3:cad>
          </ns3:TrackPointExtension>
        </extensions>
      </trkpt>
      <trkpt lat="22.55295795388519763946533203125" lon="114.00907558389008045196533203125">
        <ele>25.3999996185302734375</ele>
        <time>2026-09-11T22:42:15.000Z</time>
        <extensions>
          <ns3:TrackPointExtension>
            <ns3:atemp>30.0</ns3:atemp>
            <ns3:hr>138</ns3:hr>
            <ns3:cad>84</ns3:cad>
          </ns3:TrackPointExtension>
        </extensions>
      </trkpt>
      <trkpt lat="22.55297941155731678009033203125" lon="114.009084217250347137451171875">
        <ele>25.3999996185302734375</ele>
        <time>2026-09-11T22:42:16.000Z</time>
        <extensions>
          <ns3:TrackPointExtension>
            <ns3:atemp>30.0</ns3:atemp>
            <ns3:hr>138</ns3:hr>
            <ns3:cad>83</ns3:cad>
          </ns3:TrackPointExtension>
        </extensions>
      </trkpt>
      <trkpt lat="22.55299181677401065826416015625" lon="114.0090900845825672149658203125">
        <ele>25.200000762939453125</ele>
        <time>2026-09-11T22:42:17.000Z</time>
        <extensions>
          <ns3:TrackPointExtension>
            <ns3:atemp>30.0</ns3:atemp>
            <ns3:hr>137</ns3:hr>
            <ns3:cad>82</ns3:cad>
          </ns3:TrackPointExtension>
        </extensions>
      </trkpt>
      <trkpt lat="22.5530126877129077911376953125" lon="114.00910223834216594696044921875">
        <ele>25.3999996185302734375</ele>
        <time>2026-09-11T22:42:18.000Z</time>
        <extensions>
          <ns3:TrackPointExtension>
            <ns3:atemp>30.0</ns3:atemp>
            <ns3:hr>138</ns3:hr>
            <ns3:cad>82</ns3:cad>
          </ns3:TrackPointExtension>
        </extensions>
      </trkpt>
      <trkpt lat="22.553031630814075469970703125" lon="114.0091118775308132171630859375">
        <ele>25.3999996185302734375</ele>
        <time>2026-09-11T22:42:19.000Z</time>
        <extensions>
          <ns3:TrackPointExtension>
            <ns3:atemp>30.0</ns3:atemp>
            <ns3:hr>138</ns3:hr>
            <ns3:cad>82</ns3:cad>
          </ns3:TrackPointExtension>
        </extensions>
      </trkpt>
      <trkpt lat="22.55304948426783084869384765625" lon="114.009121768176555633544921875">
        <ele>25.3999996185302734375</ele>
        <time>2026-09-11T22:42:20.000Z</time>
        <extensions>
          <ns3:TrackPointExtension>
            <ns3:atemp>30.0</ns3:atemp>
            <ns3:hr>138</ns3:hr>
            <ns3:cad>82</ns3:cad>
          </ns3:TrackPointExtension>
        </extensions>
      </trkpt>
      <trkpt lat="22.55307211540639400482177734375" lon="114.00913752615451812744140625">
        <ele>25.3999996185302734375</ele>
        <time>2026-09-11T22:42:21.000Z</time>
        <extensions>
          <ns3:TrackPointExtension>
            <ns3:atemp>30.0</ns3:atemp>
            <ns3:hr>137</ns3:hr>
            <ns3:cad>83</ns3:cad>
          </ns3:TrackPointExtension>
        </extensions>
      </trkpt>
      <trkpt lat="22.553085945546627044677734375" lon="114.00915185920894145965576171875">
        <ele>25.3999996185302734375</ele>
        <time>2026-09-11T22:42:22.000Z</time>
        <extensions>
          <ns3:TrackPointExtension>
            <ns3:atemp>30.0</ns3:atemp>
            <ns3:hr>137</ns3:hr>
            <ns3:cad>83</ns3:cad>
          </ns3:TrackPointExtension>
        </extensions>
      </trkpt>
      <trkpt lat="22.55309927277266979217529296875" lon="114.00915973819792270660400390625">
        <ele>25.3999996185302734375</ele>
        <time>2026-09-11T22:42:23.000Z</time>
        <extensions>
          <ns3:TrackPointExtension>
            <ns3:atemp>30.0</ns3:atemp>
            <ns3:hr>137</ns3:hr>
            <ns3:cad>84</ns3:cad>
          </ns3:TrackPointExtension>
        </extensions>
      </trkpt>
      <trkpt lat="22.553110755980014801025390625" lon="114.00915755890309810638427734375">
        <ele>25.6000003814697265625</ele>
        <time>2026-09-11T22:42:24.000Z</time>
        <extensions>
          <ns3:TrackPointExtension>
            <ns3:atemp>30.0</ns3:atemp>
            <ns3:hr>137</ns3:hr>
            <ns3:cad>84</ns3:cad>
          </ns3:TrackPointExtension>
        </extensions>
      </trkpt>
      <trkpt lat="22.55311536602675914764404296875" lon="114.009166024625301361083984375">
        <ele>25.6000003814697265625</ele>
        <time>2026-09-11T22:42:25.000Z</time>
        <extensions>
          <ns3:TrackPointExtension>
            <ns3:atemp>30.0</ns3:atemp>
            <ns3:hr>136</ns3:hr>
            <ns3:cad>84</ns3:cad>
          </ns3:TrackPointExtension>
        </extensions>
      </trkpt>
      <trkpt lat="22.5531146116554737091064453125" lon="114.00918320752680301666259765625">
        <ele>25.6000003814697265625</ele>
        <time>2026-09-11T22:42:26.000Z</time>
        <extensions>
          <ns3:TrackPointExtension>
            <ns3:atemp>30.0</ns3:atemp>
            <ns3:hr>136</ns3:hr>
            <ns3:cad>84</ns3:cad>
          </ns3:TrackPointExtension>
        </extensions>
      </trkpt>
      <trkpt lat="22.55311310291290283203125" lon="114.009195528924465179443359375">
        <ele>25.6000003814697265625</ele>
        <time>2026-09-11T22:42:27.000Z</time>
        <extensions>
          <ns3:TrackPointExtension>
            <ns3:atemp>30.0</ns3:atemp>
            <ns3:hr>136</ns3:hr>
            <ns3:cad>84</ns3:cad>
          </ns3:TrackPointExtension>
        </extensions>
      </trkpt>
      <trkpt lat="22.55310975015163421630859375" lon="114.009193517267704010009765625">
        <ele>25.6000003814697265625</ele>
        <time>2026-09-11T22:42:28.000Z</time>
        <extensions>
          <ns3:TrackPointExtension>
            <ns3:atemp>30.0</ns3:atemp>
            <ns3:hr>136</ns3:hr>
            <ns3:cad>84</ns3:cad>
          </ns3:TrackPointExtension>
        </extensions>
      </trkpt>
      <trkpt lat="22.55310614593327045440673828125" lon="114.00919578038156032562255859375">
        <ele>25.799999237060546875</ele>
        <time>2026-09-11T22:42:29.000Z</time>
        <extensions>
          <ns3:TrackPointExtension>
            <ns3:atemp>30.0</ns3:atemp>
            <ns3:hr>136</ns3:hr>
            <ns3:cad>0</ns3:cad>
          </ns3:TrackPointExtension>
        </extensions>
      </trkpt>
      <trkpt lat="22.5531063973903656005859375" lon="114.00920064188539981842041015625">
        <ele>25.799999237060546875</ele>
        <time>2026-09-11T22:42:30.000Z</time>
        <extensions>
          <ns3:TrackPointExtension>
            <ns3:atemp>30.0</ns3:atemp>
            <ns3:hr>135</ns3:hr>
            <ns3:cad>0</ns3:cad>
          </ns3:TrackPointExtension>
        </extensions>
      </trkpt>
      <trkpt lat="22.5531085766851902008056640625" lon="114.00920399464666843414306640625">
        <ele>25.799999237060546875</ele>
        <time>2026-09-11T22:42:31.000Z</time>
        <extensions>
          <ns3:TrackPointExtension>
            <ns3:atemp>30.0</ns3:atemp>
            <ns3:hr>135</ns3:hr>
            <ns3:cad>0</ns3:cad>
          </ns3:TrackPointExtension>
        </extensions>
      </trkpt>
      <trkpt lat="22.55310966633260250091552734375" lon="114.00920768268406391143798828125">
        <ele>25.6000003814697265625</ele>
        <time>2026-09-11T22:42:32.000Z</time>
        <extensions>
          <ns3:TrackPointExtension>
            <ns3:atemp>30.0</ns3:atemp>
            <ns3:hr>134</ns3:hr>
            <ns3:cad>0</ns3:cad>
          </ns3:TrackPointExtension>
        </extensions>
      </trkpt>
      <trkpt lat="22.55311016924679279327392578125" lon="114.00921204127371311187744140625">
        <ele>25.3999996185302734375</ele>
        <time>2026-09-11T22:42:33.000Z</time>
        <extensions>
          <ns3:TrackPointExtension>
            <ns3:atemp>30.0</ns3:atemp>
            <ns3:hr>134</ns3:hr>
            <ns3:cad>0</ns3:cad>
          </ns3:TrackPointExtension>
        </extensions>
      </trkpt>
      <trkpt lat="22.55312240682542324066162109375" lon="114.009202904999256134033203125">
        <ele>25.200000762939453125</ele>
        <time>2026-09-11T22:42:34.000Z</time>
        <extensions>
          <ns3:TrackPointExtension>
            <ns3:atemp>30.0</ns3:atemp>
            <ns3:hr>133</ns3:hr>
            <ns3:cad>0</ns3:cad>
          </ns3:TrackPointExtension>
        </extensions>
      </trkpt>
      <trkpt lat="22.5530599616467952728271484375" lon="114.00935319252312183380126953125">
        <ele>25.3999996185302734375</ele>
        <time>2026-09-11T22:42:46.000Z</time>
        <extensions>
          <ns3:TrackPointExtension>
            <ns3:atemp>30.0</ns3:atemp>
            <ns3:hr>126</ns3:hr>
            <ns3:cad>83</ns3:cad>
          </ns3:TrackPointExtension>
        </extensions>
      </trkpt>
      <trkpt lat="22.55305551923811435699462890625" lon="114.00937632657587528228759765625">
        <ele>25.3999996185302734375</ele>
        <time>2026-09-11T22:42:47.000Z</time>
        <extensions>
          <ns3:TrackPointExtension>
            <ns3:atemp>30.0</ns3:atemp>
            <ns3:hr>126</ns3:hr>
            <ns3:cad>83</ns3:cad>
          </ns3:TrackPointExtension>
        </extensions>
      </trkpt>
      <trkpt lat="22.5530500710010528564453125" lon="114.0093911625444889068603515625">
        <ele>25.3999996185302734375</ele>
        <time>2026-09-11T22:42:48.000Z</time>
        <extensions>
          <ns3:TrackPointExtension>
            <ns3:atemp>30.0</ns3:atemp>
            <ns3:hr>125</ns3:hr>
            <ns3:cad>84</ns3:cad>
          </ns3:TrackPointExtension>
        </extensions>
      </trkpt>
      <trkpt lat="22.5530420243740081787109375" lon="114.00940432213246822357177734375">
        <ele>25.3999996185302734375</ele>
        <time>2026-09-11T22:42:49.000Z</time>
        <extensions>
          <ns3:TrackPointExtension>
            <ns3:atemp>30.0</ns3:atemp>
            <ns3:hr>126</ns3:hr>
            <ns3:cad>84</ns3:cad>
          </ns3:TrackPointExtension>
        </extensions>
      </trkpt>
      <trkpt lat="22.5530445389449596405029296875" lon="114.00940884836018085479736328125">
        <ele>25.6000003814697265625</ele>
        <time>2026-09-11T22:42:50.000Z</time>
        <extensions>
          <ns3:TrackPointExtension>
            <ns3:atemp>30.0</ns3:atemp>
            <ns3:hr>125</ns3:hr>
            <ns3:cad>84</ns3:cad>
          </ns3:TrackPointExtension>
        </extensions>
      </trkpt>
      <trkpt lat="22.55304713733494281768798828125" lon="114.00941052474081516265869140625">
        <ele>25.6000003814697265625</ele>
        <time>2026-09-11T22:42:51.000Z</time>
        <extensions>
          <ns3:TrackPointExtension>
            <ns3:atemp>30.0</ns3:atemp>
            <ns3:hr>125</ns3:hr>
            <ns3:cad>84</ns3:cad>
          </ns3:TrackPointExtension>
        </extensions>
      </trkpt>
      <trkpt lat="22.55304646678268909454345703125" lon="114.00941270403563976287841796875">
        <ele>25.6000003814697265625</ele>
        <time>2026-09-11T22:42:52.000Z</time>
        <extensions>
          <ns3:TrackPointExtension>
            <ns3:atemp>30.0</ns3:atemp>
            <ns3:hr>125</ns3:hr>
            <ns3:cad>0</ns3:cad>
          </ns3:TrackPointExtension>
        </extensions>
      </trkpt>
      <trkpt lat="22.55304680205881595611572265625" lon="114.0094117820262908935546875">
        <ele>25.3999996185302734375</ele>
        <time>2026-09-11T22:42:53.000Z</time>
        <extensions>
          <ns3:TrackPointExtension>
            <ns3:atemp>30.0</ns3:atemp>
            <ns3:hr>124</ns3:hr>
            <ns3:cad>0</ns3:cad>
          </ns3:TrackPointExtension>
        </extensions>
      </trkpt>
      <trkpt lat="22.55304596386849880218505859375" lon="114.00941035710275173187255859375">
        <ele>25.200000762939453125</ele>
        <time>2026-09-11T22:42:54.000Z</time>
        <extensions>
          <ns3:TrackPointExtension>
            <ns3:atemp>30.0</ns3:atemp>
            <ns3:hr>123</ns3:hr>
            <ns3:cad>0</ns3:cad>
          </ns3:TrackPointExtension>
        </extensions>
      </trkpt>
      <trkpt lat="22.5530773960053920745849609375" lon="114.00941002182662487030029296875">
        <ele>25</ele>
        <time>2026-09-11T22:42:55.000Z</time>
        <extensions>
          <ns3:TrackPointExtension>
            <ns3:atemp>30.0</ns3:atemp>
            <ns3:hr>122</ns3:hr>
            <ns3:cad>0</ns3:cad>
          </ns3:TrackPointExtension>
        </extensions>
      </trkpt>
      <trkpt lat="22.55298242904245853424072265625" lon="114.0094940923154354095458984375">
        <ele>25.200000762939453125</ele>
        <time>2026-09-11T22:43:18.000Z</time>
        <extensions>
          <ns3:TrackPointExtension>
            <ns3:atemp>30.0</ns3:atemp>
            <ns3:hr>108</ns3:hr>
            <ns3:cad>83</ns3:cad>
          </ns3:TrackPointExtension>
        </extensions>
      </trkpt>
      <trkpt lat="22.55297287367284297943115234375" lon="114.00951705873012542724609375">
        <ele>25.200000762939453125</ele>
        <time>2026-09-11T22:43:19.000Z</time>
        <extensions>
          <ns3:TrackPointExtension>
            <ns3:atemp>30.0</ns3:atemp>
            <ns3:hr>109</ns3:hr>
            <ns3:cad>83</ns3:cad>
          </ns3:TrackPointExtension>
        </extensions>
      </trkpt>
      <trkpt lat="22.55297605879604816436767578125" lon="114.00953725911676883697509765625">
        <ele>25.200000762939453125</ele>
        <time>2026-09-11T22:43:20.000Z</time>
        <extensions>
          <ns3:TrackPointExtension>
            <ns3:atemp>30.0</ns3:atemp>
            <ns3:hr>110</ns3:hr>
            <ns3:cad>83</ns3:cad>
          </ns3:TrackPointExtension>
        </extensions>
      </trkpt>
      <trkpt lat="22.55297589115798473358154296875" lon="114.0095665119588375091552734375">
        <ele>25</ele>
        <time>2026-09-11T22:43:21.000Z</time>
        <extensions>
          <ns3:TrackPointExtension>
            <ns3:atemp>30.0</ns3:atemp>
            <ns3:hr>112</ns3:hr>
            <ns3:cad>83</ns3:cad>
          </ns3:TrackPointExtension>
        </extensions>
      </trkpt>
      <trkpt lat="22.55297689698636531829833984375" lon="114.0095872990787029266357421875">
        <ele>25</ele>
        <time>2026-09-11T22:43:22.000Z</time>
        <extensions>
          <ns3:TrackPointExtension>
            <ns3:atemp>30.0</ns3:atemp>
            <ns3:hr>114</ns3:hr>
            <ns3:cad>83</ns3:cad>
          </ns3:TrackPointExtension>
        </extensions>
      </trkpt>
      <trkpt lat="22.55298159085214138031005859375" lon="114.009619988501071929931640625">
        <ele>25</ele>
        <time>2026-09-11T22:43:23.000Z</time>
        <extensions>
          <ns3:TrackPointExtension>
            <ns3:atemp>30.0</ns3:atemp>
            <ns3:hr>116</ns3:hr>
            <ns3:cad>84</ns3:cad>
          </ns3:TrackPointExtension>
        </extensions>
      </trkpt>
      <trkpt lat="22.55297656171023845672607421875" lon="114.00964521802961826324462890625">
        <ele>25</ele>
        <time>2026-09-11T22:43:24.000Z</time>
        <extensions>
          <ns3:TrackPointExtension>
            <ns3:atemp>30.0</ns3:atemp>
            <ns3:hr>117</ns3:hr>
            <ns3:cad>84</ns3:cad>
          </ns3:TrackPointExtension>
        </extensions>
      </trkpt>
      <trkpt lat="22.55297086201608180999755859375" lon="114.00966751389205455780029296875">
        <ele>25</ele>
        <time>2026-09-11T22:43:25.000Z</time>
        <extensions>
          <ns3:TrackPointExtension>
            <ns3:atemp>30.0</ns3:atemp>
            <ns3:hr>117</ns3:hr>
            <ns3:cad>84</ns3:cad>
          </ns3:TrackPointExtension>
        </extensions>
      </trkpt>
      <trkpt lat="22.552960216999053955078125" lon="114.009687714278697967529296875">
        <ele>24.799999237060546875</ele>
        <time>2026-09-11T22:43:26.000Z</time>
        <extensions>
          <ns3:TrackPointExtension>
            <ns3:atemp>30.0</ns3:atemp>
            <ns3:hr>117</ns3:hr>
            <ns3:cad>84</ns3:cad>
          </ns3:TrackPointExtension>
        </extensions>
      </trkpt>
      <trkpt lat="22.55295007489621639251708984375" lon="114.009705148637294769287109375">
        <ele>24.799999237060546875</ele>
        <time>2026-09-11T22:43:27.000Z</time>
        <extensions>
          <ns3:TrackPointExtension>
            <ns3:atemp>30.0</ns3:atemp>
            <ns3:hr>117</ns3:hr>
            <ns3:cad>84</ns3:cad>
          </ns3:TrackPointExtension>
        </extensions>
      </trkpt>
      <trkpt lat="22.5529375858604907989501953125" lon="114.00972484610974788665771484375">
        <ele>24.799999237060546875</ele>
        <time>2026-09-11T22:43:28.000Z</time>
        <extensions>
          <ns3:TrackPointExtension>
            <ns3:atemp>30.0</ns3:atemp>
            <ns3:hr>116</ns3:hr>
            <ns3:cad>84</ns3:cad>
          </ns3:TrackPointExtension>
        </extensions>
      </trkpt>
      <trkpt lat="22.552924342453479766845703125" lon="114.00974295102059841156005859375">
        <ele>24.799999237060546875</ele>
        <time>2026-09-11T22:43:29.000Z</time>
        <extensions>
          <ns3:TrackPointExtension>
            <ns3:atemp>30.0</ns3:atemp>
            <ns3:hr>116</ns3:hr>
            <ns3:cad>84</ns3:cad>
          </ns3:TrackPointExtension>
        </extensions>
      </trkpt>
      <trkpt lat="22.5529134459793567657470703125" lon="114.00975979864597320556640625">
        <ele>24.799999237060546875</ele>
        <time>2026-09-11T22:43:30.000Z</time>
        <extensions>
          <ns3:TrackPointExtension>
            <ns3:atemp>30.0</ns3:atemp>
            <ns3:hr>115</ns3:hr>
            <ns3:cad>84</ns3:cad>
          </ns3:TrackPointExtension>
        </extensions>
      </trkpt>
      <trkpt lat="22.55290129221975803375244140625" lon="114.0097820945084095001220703125">
        <ele>24.799999237060546875</ele>
        <time>2026-09-11T22:43:31.000Z</time>
        <extensions>
          <ns3:TrackPointExtension>
            <ns3:atemp>30.0</ns3:atemp>
            <ns3:hr>115</ns3:hr>
            <ns3:cad>84</ns3:cad>
          </ns3:TrackPointExtension>
        </extensions>
      </trkpt>
      <trkpt lat="22.55289408378303050994873046875" lon="114.009801037609577178955078125">
        <ele>24.799999237060546875</ele>
        <time>2026-09-11T22:43:32.000Z</time>
        <extensions>
          <ns3:TrackPointExtension>
            <ns3:atemp>30.0</ns3:atemp>
            <ns3:hr>115</ns3:hr>
            <ns3:cad>85</ns3:cad>
          </ns3:TrackPointExtension>
        </extensions>
      </trkpt>
      <trkpt lat="22.5528836064040660858154296875" lon="114.00982685387134552001953125">
        <ele>24.799999237060546875</ele>
        <time>2026-09-11T22:43:33.000Z</time>
        <extensions>
          <ns3:TrackPointExtension>
            <ns3:atemp>30.0</ns3:atemp>
            <ns3:hr>115</ns3:hr>
            <ns3:cad>85</ns3:cad>
          </ns3:TrackPointExtension>
        </extensions>
      </trkpt>
      <trkpt lat="22.55287497304379940032958984375" lon="114.0098476409912109375">
        <ele>24.6000003814697265625</ele>
        <time>2026-09-11T22:43:34.000Z</time>
        <extensions>
          <ns3:TrackPointExtension>
            <ns3:atemp>30.0</ns3:atemp>
            <ns3:hr>115</ns3:hr>
            <ns3:cad>85</ns3:cad>
          </ns3:TrackPointExtension>
        </extensions>
      </trkpt>
      <trkpt lat="22.55286474712193012237548828125" lon="114.009867422282695770263671875">
        <ele>24.6000003814697265625</ele>
        <time>2026-09-11T22:43:35.000Z</time>
        <extensions>
          <ns3:TrackPointExtension>
            <ns3:atemp>30.0</ns3:atemp>
            <ns3:hr>115</ns3:hr>
            <ns3:cad>85</ns3:cad>
          </ns3:TrackPointExtension>
        </extensions>
      </trkpt>
      <trkpt lat="22.5528554432094097137451171875" lon="114.00988854467868804931640625">
        <ele>24.6000003814697265625</ele>
        <time>2026-09-11T22:43:36.000Z</time>
        <extensions>
          <ns3:TrackPointExtension>
            <ns3:atemp>30.0</ns3:atemp>
            <ns3:hr>116</ns3:hr>
            <ns3:cad>85</ns3:cad>
          </ns3:TrackPointExtension>
        </extensions>
      </trkpt>
      <trkpt lat="22.552850246429443359375" lon="114.0099079906940460205078125">
        <ele>24.6000003814697265625</ele>
        <time>2026-09-11T22:43:37.000Z</time>
        <extensions>
          <ns3:TrackPointExtension>
            <ns3:atemp>30.0</ns3:atemp>
            <ns3:hr>116</ns3:hr>
            <ns3:cad>85</ns3:cad>
          </ns3:TrackPointExtension>
        </extensions>
      </trkpt>
      <trkpt lat="22.5528408586978912353515625" lon="114.009927771985530853271484375">
        <ele>24.3999996185302734375</ele>
        <time>2026-09-11T22:43:38.000Z</time>
        <extensions>
          <ns3:TrackPointExtension>
            <ns3:atemp>30.0</ns3:atemp>
            <ns3:hr>116</ns3:hr>
            <ns3:cad>85</ns3:cad>
          </ns3:TrackPointExtension>
        </extensions>
      </trkpt>
      <trkpt lat="22.55283239297568798065185546875" lon="114.0099473856389522552490234375">
        <ele>24.3999996185302734375</ele>
        <time>2026-09-11T22:43:39.000Z</time>
        <extensions>
          <ns3:TrackPointExtension>
            <ns3:atemp>30.0</ns3:atemp>
            <ns3:hr>116</ns3:hr>
            <ns3:cad>85</ns3:cad>
          </ns3:TrackPointExtension>
        </extensions>
      </trkpt>
      <trkpt lat="22.5528239272534847259521484375" lon="114.0099654905498027801513671875">
        <ele>24.3999996185302734375</ele>
        <time>2026-09-11T22:43:40.000Z</time>
        <extensions>
          <ns3:TrackPointExtension>
            <ns3:atemp>30.0</ns3:atemp>
            <ns3:hr>117</ns3:hr>
            <ns3:cad>86</ns3:cad>
          </ns3:TrackPointExtension>
        </extensions>
      </trkpt>
      <trkpt lat="22.552817054092884063720703125" lon="114.0099839307367801666259765625">
        <ele>24.3999996185302734375</ele>
        <time>2026-09-11T22:43:41.000Z</time>
        <extensions>
          <ns3:TrackPointExtension>
            <ns3:atemp>30.0</ns3:atemp>
            <ns3:hr>118</ns3:hr>
            <ns3:cad>86</ns3:cad>
          </ns3:TrackPointExtension>
        </extensions>
      </trkpt>
      <trkpt lat="22.55280808545649051666259765625" lon="114.0100017003715038299560546875">
        <ele>24.3999996185302734375</ele>
        <time>2026-09-11T22:43:42.000Z</time>
        <extensions>
          <ns3:TrackPointExtension>
            <ns3:atemp>30.0</ns3:atemp>
            <ns3:hr>118</ns3:hr>
            <ns3:cad>86</ns3:cad>
          </ns3:TrackPointExtension>
        </extensions>
      </trkpt>
      <trkpt lat="22.552803643047809600830078125" lon="114.01002743281424045562744140625">
        <ele>24.200000762939453125</ele>
        <time>2026-09-11T22:43:43.000Z</time>
        <extensions>
          <ns3:TrackPointExtension>
            <ns3:atemp>30.0</ns3:atemp>
            <ns3:hr>118</ns3:hr>
            <ns3:cad>86</ns3:cad>
          </ns3:TrackPointExtension>
        </extensions>
      </trkpt>
      <trkpt lat="22.55279802717268466949462890625" lon="114.01004956103861331939697265625">
        <ele>24.200000762939453125</ele>
        <time>2026-09-11T22:43:44.000Z</time>
        <extensions>
          <ns3:TrackPointExtension>
            <ns3:atemp>30.0</ns3:atemp>
            <ns3:hr>118</ns3:hr>
            <ns3:cad>85</ns3:cad>
          </ns3:TrackPointExtension>
        </extensions>
      </trkpt>
      <trkpt lat="22.55278847180306911468505859375" lon="114.01007118634879589080810546875">
        <ele>24.200000762939453125</ele>
        <time>2026-09-11T22:43:45.000Z</time>
        <extensions>
          <ns3:TrackPointExtension>
            <ns3:atemp>30.0</ns3:atemp>
            <ns3:hr>119</ns3:hr>
            <ns3:cad>85</ns3:cad>
          </ns3:TrackPointExtension>
        </extensions>
      </trkpt>
      <trkpt lat="22.55278092809021472930908203125" lon="114.01009364984929561614990234375">
        <ele>24.200000762939453125</ele>
        <time>2026-09-11T22:43:46.000Z</time>
        <extensions>
          <ns3:TrackPointExtension>
            <ns3:atemp>30.0</ns3:atemp>
            <ns3:hr>119</ns3:hr>
            <ns3:cad>85</ns3:cad>
          </ns3:TrackPointExtension>
        </extensions>
      </trkpt>
      <trkpt lat="22.55277204327285289764404296875" lon="114.0101180411875247955322265625">
        <ele>24.200000762939453125</ele>
        <time>2026-09-11T22:43:47.000Z</time>
        <extensions>
          <ns3:TrackPointExtension>
            <ns3:atemp>30.0</ns3:atemp>
            <ns3:hr>119</ns3:hr>
            <ns3:cad>85</ns3:cad>
          </ns3:TrackPointExtension>
        </extensions>
      </trkpt>
      <trkpt lat="22.5527689419686794281005859375" lon="114.01014511473476886749267578125">
        <ele>24</ele>
        <time>2026-09-11T22:43:48.000Z</time>
        <extensions>
          <ns3:TrackPointExtension>
            <ns3:atemp>30.0</ns3:atemp>
            <ns3:hr>120</ns3:hr>
            <ns3:cad>85</ns3:cad>
          </ns3:TrackPointExtension>
        </extensions>
      </trkpt>
      <trkpt lat="22.5527711212635040283203125" lon="114.01017243973910808563232421875">
        <ele>24</ele>
        <time>2026-09-11T22:43:49.000Z</time>
        <extensions>
          <ns3:TrackPointExtension>
            <ns3:atemp>30.0</ns3:atemp>
            <ns3:hr>120</ns3:hr>
            <ns3:cad>85</ns3:cad>
          </ns3:TrackPointExtension>
        </extensions>
      </trkpt>
      <trkpt lat="22.5527645833790302276611328125" lon="114.01019632816314697265625">
        <ele>23.799999237060546875</ele>
        <time>2026-09-11T22:43:50.000Z</time>
        <extensions>
          <ns3:TrackPointExtension>
            <ns3:atemp>30.0</ns3:atemp>
            <ns3:hr>120</ns3:hr>
            <ns3:cad>85</ns3:cad>
          </ns3:TrackPointExtension>
        </extensions>
      </trkpt>
      <trkpt lat="22.55276399664580821990966796875" lon="114.01022055186331272125244140625">
        <ele>23.799999237060546875</ele>
        <time>2026-09-11T22:43:51.000Z</time>
        <extensions>
          <ns3:TrackPointExtension>
            <ns3:atemp>30.0</ns3:atemp>
            <ns3:hr>120</ns3:hr>
            <ns3:cad>85</ns3:cad>
          </ns3:TrackPointExtension>
        </extensions>
      </trkpt>
      <trkpt lat="22.55275846458971500396728515625" lon="114.01024351827800273895263671875">
        <ele>23.6000003814697265625</ele>
        <time>2026-09-11T22:43:52.000Z</time>
        <extensions>
          <ns3:TrackPointExtension>
            <ns3:atemp>30.0</ns3:atemp>
            <ns3:hr>120</ns3:hr>
            <ns3:cad>85</ns3:cad>
          </ns3:TrackPointExtension>
        </extensions>
      </trkpt>
      <trkpt lat="22.552752681076526641845703125" lon="114.01026983745396137237548828125">
        <ele>23.6000003814697265625</ele>
        <time>2026-09-11T22:43:53.000Z</time>
        <extensions>
          <ns3:TrackPointExtension>
            <ns3:atemp>30.0</ns3:atemp>
            <ns3:hr>121</ns3:hr>
            <ns3:cad>86</ns3:cad>
          </ns3:TrackPointExtension>
        </extensions>
      </trkpt>
      <trkpt lat="22.5527498312294483184814453125" lon="114.0102947317063808441162109375">
        <ele>23.6000003814697265625</ele>
        <time>2026-09-11T22:43:54.000Z</time>
        <extensions>
          <ns3:TrackPointExtension>
            <ns3:atemp>30.0</ns3:atemp>
            <ns3:hr>121</ns3:hr>
            <ns3:cad>86</ns3:cad>
          </ns3:TrackPointExtension>
        </extensions>
      </trkpt>
      <trkpt lat="22.5527451373636722564697265625" lon="114.01032197289168834686279296875">
        <ele>23.6000003814697265625</ele>
        <time>2026-09-11T22:43:55.000Z</time>
        <extensions>
          <ns3:TrackPointExtension>
            <ns3:atemp>30.0</ns3:atemp>
            <ns3:hr>121</ns3:hr>
            <ns3:cad>86</ns3:cad>
          </ns3:TrackPointExtension>
        </extensions>
      </trkpt>
      <trkpt lat="22.55273918621242046356201171875" lon="114.01034913025796413421630859375">
        <ele>23.6000003814697265625</ele>
        <time>2026-09-11T22:43:56.000Z</time>
        <extensions>
          <ns3:TrackPointExtension>
            <ns3:atemp>30.0</ns3:atemp>
            <ns3:hr>122</ns3:hr>
            <ns3:cad>86</ns3:cad>
          </ns3:TrackPointExtension>
        </extensions>
      </trkpt>
      <trkpt lat="22.55273080430924892425537109375" lon="114.01037679053843021392822265625">
        <ele>23.6000003814697265625</ele>
        <time>2026-09-11T22:43:57.000Z</time>
        <extensions>
          <ns3:TrackPointExtension>
            <ns3:atemp>30.0</ns3:atemp>
            <ns3:hr>122</ns3:hr>
            <ns3:cad>87</ns3:cad>
          </ns3:TrackPointExtension>
        </extensions>
      </trkpt>
      <trkpt lat="22.55272460170090198516845703125" lon="114.010403193533420562744140625">
        <ele>23.6000003814697265625</ele>
        <time>2026-09-11T22:43:58.000Z</time>
        <extensions>
          <ns3:TrackPointExtension>
            <ns3:atemp>30.0</ns3:atemp>
            <ns3:hr>122</ns3:hr>
            <ns3:cad>87</ns3:cad>
          </ns3:TrackPointExtension>
        </extensions>
      </trkpt>
      <trkpt lat="22.5527095980942249298095703125" lon="114.01042942889034748077392578125">
        <ele>23.6000003814697265625</ele>
        <time>2026-09-11T22:43:59.000Z</time>
        <extensions>
          <ns3:TrackPointExtension>
            <ns3:atemp>30.0</ns3:atemp>
            <ns3:hr>122</ns3:hr>
            <ns3:cad>86</ns3:cad>
          </ns3:TrackPointExtension>
        </extensions>
      </trkpt>
      <trkpt lat="22.55270230583846569061279296875" lon="114.0104519762098789215087890625">
        <ele>23.3999996185302734375</ele>
        <time>2026-09-11T22:44:00.000Z</time>
        <extensions>
          <ns3:TrackPointExtension>
            <ns3:atemp>30.0</ns3:atemp>
            <ns3:hr>122</ns3:hr>
            <ns3:cad>86</ns3:cad>
          </ns3:TrackPointExtension>
        </extensions>
      </trkpt>
      <trkpt lat="22.55268788896501064300537109375" lon="114.01047728955745697021484375">
        <ele>23.3999996185302734375</ele>
        <time>2026-09-11T22:44:01.000Z</time>
        <extensions>
          <ns3:TrackPointExtension>
            <ns3:atemp>30.0</ns3:atemp>
            <ns3:hr>123</ns3:hr>
            <ns3:cad>86</ns3:cad>
          </ns3:TrackPointExtension>
        </extensions>
      </trkpt>
      <trkpt lat="22.55268193781375885009765625" lon="114.010499417781829833984375">
        <ele>23.3999996185302734375</ele>
        <time>2026-09-11T22:44:02.000Z</time>
        <extensions>
          <ns3:TrackPointExtension>
            <ns3:atemp>30.0</ns3:atemp>
            <ns3:hr>123</ns3:hr>
            <ns3:cad>86</ns3:cad>
          </ns3:TrackPointExtension>
        </extensions>
      </trkpt>
      <trkpt lat="22.55266718566417694091796875" lon="114.010523892939090728759765625">
        <ele>23.3999996185302734375</ele>
        <time>2026-09-11T22:44:03.000Z</time>
        <extensions>
          <ns3:TrackPointExtension>
            <ns3:atemp>30.0</ns3:atemp>
            <ns3:hr>123</ns3:hr>
            <ns3:cad>87</ns3:cad>
          </ns3:TrackPointExtension>
        </extensions>
      </trkpt>
      <trkpt lat="22.552652098238468170166015625" lon="114.01055373251438140869140625">
        <ele>23.3999996185302734375</ele>
        <time>2026-09-11T22:44:04.000Z</time>
        <extensions>
          <ns3:TrackPointExtension>
            <ns3:atemp>30.0</ns3:atemp>
            <ns3:hr>124</ns3:hr>
            <ns3:cad>87</ns3:cad>
          </ns3:TrackPointExtension>
        </extensions>
      </trkpt>
      <trkpt lat="22.55264514125883579254150390625" lon="114.01057946495711803436279296875">
        <ele>23.3999996185302734375</ele>
        <time>2026-09-11T22:44:05.000Z</time>
        <extensions>
          <ns3:TrackPointExtension>
            <ns3:atemp>30.0</ns3:atemp>
            <ns3:hr>124</ns3:hr>
            <ns3:cad>86</ns3:cad>
          </ns3:TrackPointExtension>
        </extensions>
      </trkpt>
      <trkpt lat="22.5526298023760318756103515625" lon="114.0106112323701381683349609375">
        <ele>23.3999996185302734375</ele>
        <time>2026-09-11T22:44:06.000Z</time>
        <extensions>
          <ns3:TrackPointExtension>
            <ns3:atemp>30.0</ns3:atemp>
            <ns3:hr>125</ns3:hr>
            <ns3:cad>86</ns3:cad>
          </ns3:TrackPointExtension>
        </extensions>
      </trkpt>
      <trkpt lat="22.55262401886284351348876953125" lon="114.010641239583492279052734375">
        <ele>23.3999996185302734375</ele>
        <time>2026-09-11T22:44:07.000Z</time>
        <extensions>
          <ns3:TrackPointExtension>
            <ns3:atemp>30.0</ns3:atemp>
            <ns3:hr>126</ns3:hr>
            <ns3:cad>85</ns3:cad>
          </ns3:TrackPointExtension>
        </extensions>
      </trkpt>
      <trkpt lat="22.55261379294097423553466796875" lon="114.0106665529310703277587890625">
        <ele>23.3999996185302734375</ele>
        <time>2026-09-11T22:44:08.000Z</time>
        <extensions>
          <ns3:TrackPointExtension>
            <ns3:atemp>30.0</ns3:atemp>
            <ns3:hr>127</ns3:hr>
            <ns3:cad>85</ns3:cad>
          </ns3:TrackPointExtension>
        </extensions>
      </trkpt>
      <trkpt lat="22.55260675214231014251708984375" lon="114.010693542659282684326171875">
        <ele>23.3999996185302734375</ele>
        <time>2026-09-11T22:44:09.000Z</time>
        <extensions>
          <ns3:TrackPointExtension>
            <ns3:atemp>30.0</ns3:atemp>
            <ns3:hr>127</ns3:hr>
            <ns3:cad>85</ns3:cad>
          </ns3:TrackPointExtension>
        </extensions>
      </trkpt>
      <trkpt lat="22.55259971134364604949951171875" lon="114.01071608997881412506103515625">
        <ele>23.3999996185302734375</ele>
        <time>2026-09-11T22:44:10.000Z</time>
        <extensions>
          <ns3:TrackPointExtension>
            <ns3:atemp>30.0</ns3:atemp>
            <ns3:hr>127</ns3:hr>
            <ns3:cad>85</ns3:cad>
          </ns3:TrackPointExtension>
        </extensions>
      </trkpt>
      <trkpt lat="22.5525915808975696563720703125" lon="114.0107450075447559356689453125">
        <ele>23.200000762939453125</ele>
        <time>2026-09-11T22:44:11.000Z</time>
        <extensions>
          <ns3:TrackPointExtension>
            <ns3:atemp>30.0</ns3:atemp>
            <ns3:hr>128</ns3:hr>
            <ns3:cad>85</ns3:cad>
          </ns3:TrackPointExtension>
        </extensions>
      </trkpt>
      <trkpt lat="22.5525878928601741790771484375" lon="114.01076805777847766876220703125">
        <ele>23.200000762939453125</ele>
        <time>2026-09-11T22:44:12.000Z</time>
        <extensions>
          <ns3:TrackPointExtension>
            <ns3:atemp>30.0</ns3:atemp>
            <ns3:hr>128</ns3:hr>
            <ns3:cad>85</ns3:cad>
          </ns3:TrackPointExtension>
        </extensions>
      </trkpt>
      <trkpt lat="22.55258127115666866302490234375" lon="114.0107942931354045867919921875">
        <ele>23</ele>
        <time>2026-09-11T22:44:13.000Z</time>
        <extensions>
          <ns3:TrackPointExtension>
            <ns3:atemp>30.0</ns3:atemp>
            <ns3:hr>128</ns3:hr>
            <ns3:cad>85</ns3:cad>
          </ns3:TrackPointExtension>
        </extensions>
      </trkpt>
      <trkpt lat="22.55258512683212757110595703125" lon="114.01081860065460205078125">
        <ele>23</ele>
        <time>2026-09-11T22:44:14.000Z</time>
        <extensions>
          <ns3:TrackPointExtension>
            <ns3:atemp>30.0</ns3:atemp>
            <ns3:hr>128</ns3:hr>
            <ns3:cad>85</ns3:cad>
          </ns3:TrackPointExtension>
        </extensions>
      </trkpt>
      <trkpt lat="22.55258881486952304840087890625" lon="114.010843075811862945556640625">
        <ele>23</ele>
        <time>2026-09-11T22:44:15.000Z</time>
        <extensions>
          <ns3:TrackPointExtension>
            <ns3:atemp>30.0</ns3:atemp>
            <ns3:hr>128</ns3:hr>
            <ns3:cad>84</ns3:cad>
          </ns3:TrackPointExtension>
        </extensions>
      </trkpt>
      <trkpt lat="22.552593089640140533447265625" lon="114.01087869890034198760986328125">
        <ele>23</ele>
        <time>2026-09-11T22:44:16.000Z</time>
        <extensions>
          <ns3:TrackPointExtension>
            <ns3:atemp>30.0</ns3:atemp>
            <ns3:hr>128</ns3:hr>
            <ns3:cad>84</ns3:cad>
          </ns3:TrackPointExtension>
        </extensions>
      </trkpt>
      <trkpt lat="22.552591748535633087158203125" lon="114.01090241968631744384765625">
        <ele>23</ele>
        <time>2026-09-11T22:44:17.000Z</time>
        <extensions>
          <ns3:TrackPointExtension>
            <ns3:atemp>30.0</ns3:atemp>
            <ns3:hr>128</ns3:hr>
            <ns3:cad>84</ns3:cad>
          </ns3:TrackPointExtension>
        </extensions>
      </trkpt>
      <trkpt lat="22.5525835342705249786376953125" lon="114.0109314210712909698486328125">
        <ele>23</ele>
        <time>2026-09-11T22:44:18.000Z</time>
        <extensions>
          <ns3:TrackPointExtension>
            <ns3:atemp>30.0</ns3:atemp>
            <ns3:hr>129</ns3:hr>
            <ns3:cad>84</ns3:cad>
          </ns3:TrackPointExtension>
        </extensions>
      </trkpt>
      <trkpt lat="22.5525842048227787017822265625" lon="114.010961093008518218994140625">
        <ele>23</ele>
        <time>2026-09-11T22:44:19.000Z</time>
        <extensions>
          <ns3:TrackPointExtension>
            <ns3:atemp>30.0</ns3:atemp>
            <ns3:hr>129</ns3:hr>
            <ns3:cad>84</ns3:cad>
          </ns3:TrackPointExtension>
        </extensions>
      </trkpt>
      <trkpt lat="22.5525744818150997161865234375" lon="114.0109931118786334991455078125">
        <ele>23.200000762939453125</ele>
        <time>2026-09-11T22:44:20.000Z</time>
        <extensions>
          <ns3:TrackPointExtension>
            <ns3:atemp>30.0</ns3:atemp>
            <ns3:hr>129</ns3:hr>
            <ns3:cad>84</ns3:cad>
          </ns3:TrackPointExtension>
        </extensions>
      </trkpt>
      <trkpt lat="22.552568614482879638671875" lon="114.01102286763489246368408203125">
        <ele>23.200000762939453125</ele>
        <time>2026-09-11T22:44:21.000Z</time>
        <extensions>
          <ns3:TrackPointExtension>
            <ns3:atemp>30.0</ns3:atemp>
            <ns3:hr>129</ns3:hr>
            <ns3:cad>84</ns3:cad>
          </ns3:TrackPointExtension>
        </extensions>
      </trkpt>
      <trkpt lat="22.552563585340976715087890625" lon="114.011046253144741058349609375">
        <ele>23.200000762939453125</ele>
        <time>2026-09-11T22:44:22.000Z</time>
        <extensions>
          <ns3:TrackPointExtension>
            <ns3:atemp>30.0</ns3:atemp>
            <ns3:hr>130</ns3:hr>
            <ns3:cad>84</ns3:cad>
          </ns3:TrackPointExtension>
        </extensions>
      </trkpt>
      <trkpt lat="22.552558891475200653076171875" lon="114.01107366196811199188232421875">
        <ele>23</ele>
        <time>2026-09-11T22:44:23.000Z</time>
        <extensions>
          <ns3:TrackPointExtension>
            <ns3:atemp>30.0</ns3:atemp>
            <ns3:hr>130</ns3:hr>
            <ns3:cad>84</ns3:cad>
          </ns3:TrackPointExtension>
        </extensions>
      </trkpt>
      <trkpt lat="22.55255428142845630645751953125" lon="114.011096544563770294189453125">
        <ele>23</ele>
        <time>2026-09-11T22:44:24.000Z</time>
        <extensions>
          <ns3:TrackPointExtension>
            <ns3:atemp>30.0</ns3:atemp>
            <ns3:hr>130</ns3:hr>
            <ns3:cad>86</ns3:cad>
          </ns3:TrackPointExtension>
        </extensions>
      </trkpt>
      <trkpt lat="22.55254724062979221343994140625" lon="114.01112345047295093536376953125">
        <ele>22.799999237060546875</ele>
        <time>2026-09-11T22:44:25.000Z</time>
        <extensions>
          <ns3:TrackPointExtension>
            <ns3:atemp>30.0</ns3:atemp>
            <ns3:hr>131</ns3:hr>
            <ns3:cad>86</ns3:cad>
          </ns3:TrackPointExtension>
        </extensions>
      </trkpt>
      <trkpt lat="22.552538774907588958740234375" lon="114.01114247739315032958984375">
        <ele>22.799999237060546875</ele>
        <time>2026-09-11T22:44:26.000Z</time>
        <extensions>
          <ns3:TrackPointExtension>
            <ns3:atemp>30.0</ns3:atemp>
            <ns3:hr>131</ns3:hr>
            <ns3:cad>86</ns3:cad>
          </ns3:TrackPointExtension>
        </extensions>
      </trkpt>
      <trkpt lat="22.55253232084214687347412109375" lon="114.01116686873137950897216796875">
        <ele>22.799999237060546875</ele>
        <time>2026-09-11T22:44:27.000Z</time>
        <extensions>
          <ns3:TrackPointExtension>
            <ns3:atemp>30.0</ns3:atemp>
            <ns3:hr>131</ns3:hr>
            <ns3:cad>86</ns3:cad>
          </ns3:TrackPointExtension>
        </extensions>
      </trkpt>
      <trkpt lat="22.5525282137095928192138671875" lon="114.01119167916476726531982421875">
        <ele>22.799999237060546875</ele>
        <time>2026-09-11T22:44:28.000Z</time>
        <extensions>
          <ns3:TrackPointExtension>
            <ns3:atemp>30.0</ns3:atemp>
            <ns3:hr>131</ns3:hr>
            <ns3:cad>86</ns3:cad>
          </ns3:TrackPointExtension>
        </extensions>
      </trkpt>
      <trkpt lat="22.55252368748188018798828125" lon="114.011212550103664398193359375">
        <ele>22.799999237060546875</ele>
        <time>2026-09-11T22:44:29.000Z</time>
        <extensions>
          <ns3:TrackPointExtension>
            <ns3:atemp>30.0</ns3:atemp>
            <ns3:hr>131</ns3:hr>
            <ns3:cad>86</ns3:cad>
          </ns3:TrackPointExtension>
        </extensions>
      </trkpt>
      <trkpt lat="22.55252125672996044158935546875" lon="114.011236689984798431396484375">
        <ele>22.799999237060546875</ele>
        <time>2026-09-11T22:44:30.000Z</time>
        <extensions>
          <ns3:TrackPointExtension>
            <ns3:atemp>30.0</ns3:atemp>
            <ns3:hr>132</ns3:hr>
            <ns3:cad>86</ns3:cad>
          </ns3:TrackPointExtension>
        </extensions>
      </trkpt>
      <trkpt lat="22.55251538939774036407470703125" lon="114.011256136000156402587890625">
        <ele>22.799999237060546875</ele>
        <time>2026-09-11T22:44:31.000Z</time>
        <extensions>
          <ns3:TrackPointExtension>
            <ns3:atemp>30.0</ns3:atemp>
            <ns3:hr>132</ns3:hr>
            <ns3:cad>86</ns3:cad>
          </ns3:TrackPointExtension>
        </extensions>
      </trkpt>
      <trkpt lat="22.55250751040875911712646484375" lon="114.01128136552870273590087890625">
        <ele>22.6000003814697265625</ele>
        <time>2026-09-11T22:44:32.000Z</time>
        <extensions>
          <ns3:TrackPointExtension>
            <ns3:atemp>30.0</ns3:atemp>
            <ns3:hr>132</ns3:hr>
            <ns3:cad>86</ns3:cad>
          </ns3:TrackPointExtension>
        </extensions>
      </trkpt>
      <trkpt lat="22.5524946860969066619873046875" lon="114.011298380792140960693359375">
        <ele>22.6000003814697265625</ele>
        <time>2026-09-11T22:44:33.000Z</time>
        <extensions>
          <ns3:TrackPointExtension>
            <ns3:atemp>30.0</ns3:atemp>
            <ns3:hr>133</ns3:hr>
            <ns3:cad>86</ns3:cad>
          </ns3:TrackPointExtension>
        </extensions>
      </trkpt>
      <trkpt lat="22.5524839572608470916748046875" lon="114.01131891645491123199462890625">
        <ele>22.6000003814697265625</ele>
        <time>2026-09-11T22:44:34.000Z</time>
        <extensions>
          <ns3:TrackPointExtension>
            <ns3:atemp>30.0</ns3:atemp>
            <ns3:hr>133</ns3:hr>
            <ns3:cad>86</ns3:cad>
          </ns3:TrackPointExtension>
        </extensions>
      </trkpt>
      <trkpt lat="22.55247197113931179046630859375" lon="114.0113381110131740570068359375">
        <ele>22.6000003814697265625</ele>
        <time>2026-09-11T22:44:35.000Z</time>
        <extensions>
          <ns3:TrackPointExtension>
            <ns3:atemp>30.0</ns3:atemp>
            <ns3:hr>133</ns3:hr>
            <ns3:cad>86</ns3:cad>
          </ns3:TrackPointExtension>
        </extensions>
      </trkpt>
      <trkpt lat="22.55246124230325222015380859375" lon="114.01135831139981746673583984375">
        <ele>22.6000003814697265625</ele>
        <time>2026-09-11T22:44:36.000Z</time>
        <extensions>
          <ns3:TrackPointExtension>
            <ns3:atemp>30.0</ns3:atemp>
            <ns3:hr>133</ns3:hr>
            <ns3:cad>86</ns3:cad>
          </ns3:TrackPointExtension>
        </extensions>
      </trkpt>
      <trkpt lat="22.5524464063346385955810546875" lon="114.01138211600482463836669921875">
        <ele>22.6000003814697265625</ele>
        <time>2026-09-11T22:44:37.000Z</time>
        <extensions>
          <ns3:TrackPointExtension>
            <ns3:atemp>30.0</ns3:atemp>
            <ns3:hr>133</ns3:hr>
            <ns3:cad>86</ns3:cad>
          </ns3:TrackPointExtension>
        </extensions>
      </trkpt>
      <trkpt lat="22.5524397008121013641357421875" lon="114.011401645839214324951171875">
        <ele>22.6000003814697265625</ele>
        <time>2026-09-11T22:44:38.000Z</time>
        <extensions>
          <ns3:TrackPointExtension>
            <ns3:atemp>30.0</ns3:atemp>
            <ns3:hr>133</ns3:hr>
            <ns3:cad>86</ns3:cad>
          </ns3:TrackPointExtension>
        </extensions>
      </trkpt>
      <trkpt lat="22.55242981016635894775390625" lon="114.0114242769777774810791015625">
        <ele>22.3999996185302734375</ele>
        <time>2026-09-11T22:44:39.000Z</time>
        <extensions>
          <ns3:TrackPointExtension>
            <ns3:atemp>30.0</ns3:atemp>
            <ns3:hr>133</ns3:hr>
            <ns3:cad>86</ns3:cad>
          </ns3:TrackPointExtension>
        </extensions>
      </trkpt>
      <trkpt lat="22.55242385901510715484619140625" lon="114.0114474110305309295654296875">
        <ele>22.3999996185302734375</ele>
        <time>2026-09-11T22:44:40.000Z</time>
        <extensions>
          <ns3:TrackPointExtension>
            <ns3:atemp>30.0</ns3:atemp>
            <ns3:hr>133</ns3:hr>
            <ns3:cad>86</ns3:cad>
          </ns3:TrackPointExtension>
        </extensions>
      </trkpt>
      <trkpt lat="22.55240944214165210723876953125" lon="114.01147180236876010894775390625">
        <ele>22.3999996185302734375</ele>
        <time>2026-09-11T22:44:41.000Z</time>
        <extensions>
          <ns3:TrackPointExtension>
            <ns3:atemp>30.0</ns3:atemp>
            <ns3:hr>132</ns3:hr>
            <ns3:cad>86</ns3:cad>
          </ns3:TrackPointExtension>
        </extensions>
      </trkpt>
      <trkpt lat="22.5523951090872287750244140625" lon="114.01149518787860870361328125">
        <ele>22.3999996185302734375</ele>
        <time>2026-09-11T22:44:42.000Z</time>
        <extensions>
          <ns3:TrackPointExtension>
            <ns3:atemp>30.0</ns3:atemp>
            <ns3:hr>132</ns3:hr>
            <ns3:cad>87</ns3:cad>
          </ns3:TrackPointExtension>
        </extensions>
      </trkpt>
      <trkpt lat="22.5523830391466617584228515625" lon="114.0115178190171718597412109375">
        <ele>22.3999996185302734375</ele>
        <time>2026-09-11T22:44:43.000Z</time>
        <extensions>
          <ns3:TrackPointExtension>
            <ns3:atemp>30.0</ns3:atemp>
            <ns3:hr>132</ns3:hr>
            <ns3:cad>86</ns3:cad>
          </ns3:TrackPointExtension>
        </extensions>
      </trkpt>
      <trkpt lat="22.55236250348389148712158203125" lon="114.011539109051227569580078125">
        <ele>22.3999996185302734375</ele>
        <time>2026-09-11T22:44:44.000Z</time>
        <extensions>
          <ns3:TrackPointExtension>
            <ns3:atemp>30.0</ns3:atemp>
            <ns3:hr>132</ns3:hr>
            <ns3:cad>86</ns3:cad>
          </ns3:TrackPointExtension>
        </extensions>
      </trkpt>
      <trkpt lat="22.55235177464783191680908203125" lon="114.0115546993911266326904296875">
        <ele>22.200000762939453125</ele>
        <time>2026-09-11T22:44:45.000Z</time>
        <extensions>
          <ns3:TrackPointExtension>
            <ns3:atemp>30.0</ns3:atemp>
            <ns3:hr>132</ns3:hr>
            <ns3:cad>85</ns3:cad>
          </ns3:TrackPointExtension>
        </extensions>
      </trkpt>
      <trkpt lat="22.552335262298583984375" lon="114.011573977768421173095703125">
        <ele>22.200000762939453125</ele>
        <time>2026-09-11T22:44:46.000Z</time>
        <extensions>
          <ns3:TrackPointExtension>
            <ns3:atemp>30.0</ns3:atemp>
            <ns3:hr>133</ns3:hr>
            <ns3:cad>85</ns3:cad>
          </ns3:TrackPointExtension>
        </extensions>
      </trkpt>
      <trkpt lat="22.55231908522546291351318359375" lon="114.011588059365749359130859375">
        <ele>22.200000762939453125</ele>
        <time>2026-09-11T22:44:47.000Z</time>
        <extensions>
          <ns3:TrackPointExtension>
            <ns3:atemp>30.0</ns3:atemp>
            <ns3:hr>133</ns3:hr>
            <ns3:cad>85</ns3:cad>
          </ns3:TrackPointExtension>
        </extensions>
      </trkpt>
      <trkpt lat="22.5523049198091030120849609375" lon="114.01160624809563159942626953125">
        <ele>22.200000762939453125</ele>
        <time>2026-09-11T22:44:48.000Z</time>
        <extensions>
          <ns3:TrackPointExtension>
            <ns3:atemp>30.0</ns3:atemp>
            <ns3:hr>133</ns3:hr>
            <ns3:cad>85</ns3:cad>
          </ns3:TrackPointExtension>
        </extensions>
      </trkpt>
      <trkpt lat="22.5522962026298046112060546875" lon="114.011626280844211578369140625">
        <ele>22</ele>
        <time>2026-09-11T22:44:49.000Z</time>
        <extensions>
          <ns3:TrackPointExtension>
            <ns3:atemp>30.0</ns3:atemp>
            <ns3:hr>133</ns3:hr>
            <ns3:cad>84</ns3:cad>
          </ns3:TrackPointExtension>
        </extensions>
      </trkpt>
      <trkpt lat="22.55228874273598194122314453125" lon="114.01164866052567958831787109375">
        <ele>22</ele>
        <time>2026-09-11T22:44:50.000Z</time>
        <extensions>
          <ns3:TrackPointExtension>
            <ns3:atemp>30.0</ns3:atemp>
            <ns3:hr>133</ns3:hr>
            <ns3:cad>84</ns3:cad>
          </ns3:TrackPointExtension>
        </extensions>
      </trkpt>
      <trkpt lat="22.552278935909271240234375" lon="114.01167078875005245208740234375">
        <ele>22</ele>
        <time>2026-09-11T22:44:51.000Z</time>
        <extensions>
          <ns3:TrackPointExtension>
            <ns3:atemp>30.0</ns3:atemp>
            <ns3:hr>134</ns3:hr>
            <ns3:cad>84</ns3:cad>
          </ns3:TrackPointExtension>
        </extensions>
      </trkpt>
      <trkpt lat="22.55226661451160907745361328125" lon="114.01168973185122013092041015625">
        <ele>22</ele>
        <time>2026-09-11T22:44:52.000Z</time>
        <extensions>
          <ns3:TrackPointExtension>
            <ns3:atemp>30.0</ns3:atemp>
            <ns3:hr>134</ns3:hr>
            <ns3:cad>84</ns3:cad>
          </ns3:TrackPointExtension>
        </extensions>
      </trkpt>
      <trkpt lat="22.5522516109049320220947265625" lon="114.01170440018177032470703125">
        <ele>22</ele>
        <time>2026-09-11T22:44:53.000Z</time>
        <extensions>
          <ns3:TrackPointExtension>
            <ns3:atemp>30.0</ns3:atemp>
            <ns3:hr>134</ns3:hr>
            <ns3:cad>85</ns3:cad>
          </ns3:TrackPointExtension>
        </extensions>
      </trkpt>
      <trkpt lat="22.5522365234792232513427734375" lon="114.0117238461971282958984375">
        <ele>22</ele>
        <time>2026-09-11T22:44:54.000Z</time>
        <extensions>
          <ns3:TrackPointExtension>
            <ns3:atemp>30.0</ns3:atemp>
            <ns3:hr>134</ns3:hr>
            <ns3:cad>85</ns3:cad>
          </ns3:TrackPointExtension>
        </extensions>
      </trkpt>
      <trkpt lat="22.5522237829864025115966796875" lon="114.0117468126118183135986328125">
        <ele>22</ele>
        <time>2026-09-11T22:44:55.000Z</time>
        <extensions>
          <ns3:TrackPointExtension>
            <ns3:atemp>30.0</ns3:atemp>
            <ns3:hr>134</ns3:hr>
            <ns3:cad>84</ns3:cad>
          </ns3:TrackPointExtension>
        </extensions>
      </trkpt>
      <trkpt lat="22.55222084932029247283935546875" lon="114.0117793343961238861083984375">
        <ele>22</ele>
        <time>2026-09-11T22:44:56.000Z</time>
        <extensions>
          <ns3:TrackPointExtension>
            <ns3:atemp>30.0</ns3:atemp>
            <ns3:hr>134</ns3:hr>
            <ns3:cad>84</ns3:cad>
          </ns3:TrackPointExtension>
        </extensions>
      </trkpt>
      <trkpt lat="22.552214562892913818359375" lon="114.0118044801056385040283203125">
        <ele>22</ele>
        <time>2026-09-11T22:44:57.000Z</time>
        <extensions>
          <ns3:TrackPointExtension>
            <ns3:atemp>30.0</ns3:atemp>
            <ns3:hr>134</ns3:hr>
            <ns3:cad>84</ns3:cad>
          </ns3:TrackPointExtension>
        </extensions>
      </trkpt>
      <trkpt lat="22.552199475467205047607421875" lon="114.0118311345577239990234375">
        <ele>21.799999237060546875</ele>
        <time>2026-09-11T22:44:58.000Z</time>
        <extensions>
          <ns3:TrackPointExtension>
            <ns3:atemp>30.0</ns3:atemp>
            <ns3:hr>135</ns3:hr>
            <ns3:cad>84</ns3:cad>
          </ns3:TrackPointExtension>
        </extensions>
      </trkpt>
      <trkpt lat="22.55219100974500179290771484375" lon="114.01185032911598682403564453125">
        <ele>21.799999237060546875</ele>
        <time>2026-09-11T22:44:59.000Z</time>
        <extensions>
          <ns3:TrackPointExtension>
            <ns3:atemp>30.0</ns3:atemp>
            <ns3:hr>134</ns3:hr>
            <ns3:cad>85</ns3:cad>
          </ns3:TrackPointExtension>
        </extensions>
      </trkpt>
      <trkpt lat="22.5521765090525150299072265625" lon="114.01186943985521793365478515625">
        <ele>21.799999237060546875</ele>
        <time>2026-09-11T22:45:00.000Z</time>
        <extensions>
          <ns3:TrackPointExtension>
            <ns3:atemp>30.0</ns3:atemp>
            <ns3:hr>134</ns3:hr>
            <ns3:cad>85</ns3:cad>
          </ns3:TrackPointExtension>
        </extensions>
      </trkpt>
      <trkpt lat="22.5521620921790599822998046875" lon="114.01189215481281280517578125">
        <ele>21.799999237060546875</ele>
        <time>2026-09-11T22:45:01.000Z</time>
        <extensions>
          <ns3:TrackPointExtension>
            <ns3:atemp>30.0</ns3:atemp>
            <ns3:hr>134</ns3:hr>
            <ns3:cad>85</ns3:cad>
          </ns3:TrackPointExtension>
        </extensions>
      </trkpt>
      <trkpt lat="22.552148513495922088623046875" lon="114.0119147859513759613037109375">
        <ele>21.6000003814697265625</ele>
        <time>2026-09-11T22:45:02.000Z</time>
        <extensions>
          <ns3:TrackPointExtension>
            <ns3:atemp>30.0</ns3:atemp>
            <ns3:hr>134</ns3:hr>
            <ns3:cad>85</ns3:cad>
          </ns3:TrackPointExtension>
        </extensions>
      </trkpt>
      <trkpt lat="22.55213610827922821044921875" lon="114.0119382552802562713623046875">
        <ele>21.6000003814697265625</ele>
        <time>2026-09-11T22:45:03.000Z</time>
        <extensions>
          <ns3:TrackPointExtension>
            <ns3:atemp>30.0</ns3:atemp>
            <ns3:hr>133</ns3:hr>
            <ns3:cad>85</ns3:cad>
          </ns3:TrackPointExtension>
        </extensions>
      </trkpt>
      <trkpt lat="22.5521247088909149169921875" lon="114.01196029968559741973876953125">
        <ele>21.6000003814697265625</ele>
        <time>2026-09-11T22:45:04.000Z</time>
        <extensions>
          <ns3:TrackPointExtension>
            <ns3:atemp>30.0</ns3:atemp>
            <ns3:hr>134</ns3:hr>
            <ns3:cad>85</ns3:cad>
          </ns3:TrackPointExtension>
        </extensions>
      </trkpt>
      <trkpt lat="22.55210719071328639984130859375" lon="114.011983014643192291259765625">
        <ele>21.6000003814697265625</ele>
        <time>2026-09-11T22:45:05.000Z</time>
        <extensions>
          <ns3:TrackPointExtension>
            <ns3:atemp>30.0</ns3:atemp>
            <ns3:hr>134</ns3:hr>
            <ns3:cad>85</ns3:cad>
          </ns3:TrackPointExtension>
        </extensions>
      </trkpt>
      <trkpt lat="22.55209386348724365234375" lon="114.012005813419818878173828125">
        <ele>21.6000003814697265625</ele>
        <time>2026-09-11T22:45:06.000Z</time>
        <extensions>
          <ns3:TrackPointExtension>
            <ns3:atemp>30.0</ns3:atemp>
            <ns3:hr>133</ns3:hr>
            <ns3:cad>85</ns3:cad>
          </ns3:TrackPointExtension>
        </extensions>
      </trkpt>
      <trkpt lat="22.55208154208958148956298828125" lon="114.012029282748699188232421875">
        <ele>21.6000003814697265625</ele>
        <time>2026-09-11T22:45:07.000Z</time>
        <extensions>
          <ns3:TrackPointExtension>
            <ns3:atemp>30.0</ns3:atemp>
            <ns3:hr>134</ns3:hr>
            <ns3:cad>85</ns3:cad>
          </ns3:TrackPointExtension>
        </extensions>
      </trkpt>
      <trkpt lat="22.55206444300711154937744140625" lon="114.012052752077579498291015625">
        <ele>21.6000003814697265625</ele>
        <time>2026-09-11T22:45:08.000Z</time>
        <extensions>
          <ns3:TrackPointExtension>
            <ns3:atemp>30.0</ns3:atemp>
            <ns3:hr>134</ns3:hr>
            <ns3:cad>85</ns3:cad>
          </ns3:TrackPointExtension>
        </extensions>
      </trkpt>
      <trkpt lat="22.552053630352020263671875" lon="114.01207244955003261566162109375">
        <ele>21.6000003814697265625</ele>
        <time>2026-09-11T22:45:09.000Z</time>
        <extensions>
          <ns3:TrackPointExtension>
            <ns3:atemp>30.0</ns3:atemp>
            <ns3:hr>133</ns3:hr>
            <ns3:cad>85</ns3:cad>
          </ns3:TrackPointExtension>
        </extensions>
      </trkpt>
      <trkpt lat="22.55203845910727977752685546875" lon="114.012096337974071502685546875">
        <ele>21.6000003814697265625</ele>
        <time>2026-09-11T22:45:10.000Z</time>
        <extensions>
          <ns3:TrackPointExtension>
            <ns3:atemp>30.0</ns3:atemp>
            <ns3:hr>134</ns3:hr>
            <ns3:cad>85</ns3:cad>
          </ns3:TrackPointExtension>
        </extensions>
      </trkpt>
      <trkpt lat="22.55202881991863250732421875" lon="114.0121172927320003509521484375">
        <ele>21.6000003814697265625</ele>
        <time>2026-09-11T22:45:11.000Z</time>
        <extensions>
          <ns3:TrackPointExtension>
            <ns3:atemp>30.0</ns3:atemp>
            <ns3:hr>134</ns3:hr>
            <ns3:cad>85</ns3:cad>
          </ns3:TrackPointExtension>
        </extensions>
      </trkpt>
      <trkpt lat="22.55201767198741436004638671875" lon="114.01213866658508777618408203125">
        <ele>21.3999996185302734375</ele>
        <time>2026-09-11T22:45:12.000Z</time>
        <extensions>
          <ns3:TrackPointExtension>
            <ns3:atemp>30.0</ns3:atemp>
            <ns3:hr>133</ns3:hr>
            <ns3:cad>85</ns3:cad>
          </ns3:TrackPointExtension>
        </extensions>
      </trkpt>
      <trkpt lat="22.552004344761371612548828125" lon="114.01215828023850917816162109375">
        <ele>21.3999996185302734375</ele>
        <time>2026-09-11T22:45:13.000Z</time>
        <extensions>
          <ns3:TrackPointExtension>
            <ns3:atemp>30.0</ns3:atemp>
            <ns3:hr>134</ns3:hr>
            <ns3:cad>85</ns3:cad>
          </ns3:TrackPointExtension>
        </extensions>
      </trkpt>
      <trkpt lat="22.5519890896975994110107421875" lon="114.01217646896839141845703125">
        <ele>21.3999996185302734375</ele>
        <time>2026-09-11T22:45:14.000Z</time>
        <extensions>
          <ns3:TrackPointExtension>
            <ns3:atemp>30.0</ns3:atemp>
            <ns3:hr>134</ns3:hr>
            <ns3:cad>86</ns3:cad>
          </ns3:TrackPointExtension>
        </extensions>
      </trkpt>
      <trkpt lat="22.5519763492047786712646484375" lon="114.012194573879241943359375">
        <ele>21.3999996185302734375</ele>
        <time>2026-09-11T22:45:15.000Z</time>
        <extensions>
          <ns3:TrackPointExtension>
            <ns3:atemp>30.0</ns3:atemp>
            <ns3:hr>134</ns3:hr>
            <ns3:cad>86</ns3:cad>
          </ns3:TrackPointExtension>
        </extensions>
      </trkpt>
      <trkpt lat="22.55196536891162395477294921875" lon="114.01221133768558502197265625">
        <ele>21.3999996185302734375</ele>
        <time>2026-09-11T22:45:16.000Z</time>
        <extensions>
          <ns3:TrackPointExtension>
            <ns3:atemp>30.0</ns3:atemp>
            <ns3:hr>134</ns3:hr>
            <ns3:cad>86</ns3:cad>
          </ns3:TrackPointExtension>
        </extensions>
      </trkpt>
      <trkpt lat="22.5519485212862491607666015625" lon="114.01222801767289638519287109375">
        <ele>21.3999996185302734375</ele>
        <time>2026-09-11T22:45:17.000Z</time>
        <extensions>
          <ns3:TrackPointExtension>
            <ns3:atemp>30.0</ns3:atemp>
            <ns3:hr>135</ns3:hr>
            <ns3:cad>86</ns3:cad>
          </ns3:TrackPointExtension>
        </extensions>
      </trkpt>
      <trkpt lat="22.551941983401775360107421875" lon="114.01224411092698574066162109375">
        <ele>21.200000762939453125</ele>
        <time>2026-09-11T22:45:18.000Z</time>
        <extensions>
          <ns3:TrackPointExtension>
            <ns3:atemp>30.0</ns3:atemp>
            <ns3:hr>135</ns3:hr>
            <ns3:cad>85</ns3:cad>
          </ns3:TrackPointExtension>
        </extensions>
      </trkpt>
      <trkpt lat="22.551930248737335205078125" lon="114.01226372458040714263916015625">
        <ele>21.200000762939453125</ele>
        <time>2026-09-11T22:45:19.000Z</time>
        <extensions>
          <ns3:TrackPointExtension>
            <ns3:atemp>30.0</ns3:atemp>
            <ns3:hr>135</ns3:hr>
            <ns3:cad>85</ns3:cad>
          </ns3:TrackPointExtension>
        </extensions>
      </trkpt>
      <trkpt lat="22.5519143231213092803955078125" lon="114.01228216476738452911376953125">
        <ele>21.200000762939453125</ele>
        <time>2026-09-11T22:45:20.000Z</time>
        <extensions>
          <ns3:TrackPointExtension>
            <ns3:atemp>30.0</ns3:atemp>
            <ns3:hr>135</ns3:hr>
            <ns3:cad>85</ns3:cad>
          </ns3:TrackPointExtension>
        </extensions>
      </trkpt>
      <trkpt lat="22.551904432475566864013671875" lon="114.01230462826788425445556640625">
        <ele>21.200000762939453125</ele>
        <time>2026-09-11T22:45:21.000Z</time>
        <extensions>
          <ns3:TrackPointExtension>
            <ns3:atemp>30.0</ns3:atemp>
            <ns3:hr>135</ns3:hr>
            <ns3:cad>85</ns3:cad>
          </ns3:TrackPointExtension>
        </extensions>
      </trkpt>
      <trkpt lat="22.55189211107790470123291015625" lon="114.01232843287289142608642578125">
        <ele>21.200000762939453125</ele>
        <time>2026-09-11T22:45:22.000Z</time>
        <extensions>
          <ns3:TrackPointExtension>
            <ns3:atemp>30.0</ns3:atemp>
            <ns3:hr>135</ns3:hr>
            <ns3:cad>86</ns3:cad>
          </ns3:TrackPointExtension>
        </extensions>
      </trkpt>
      <trkpt lat="22.55188037641346454620361328125" lon="114.0123469568789005279541015625">
        <ele>21.200000762939453125</ele>
        <time>2026-09-11T22:45:23.000Z</time>
        <extensions>
          <ns3:TrackPointExtension>
            <ns3:atemp>30.0</ns3:atemp>
            <ns3:hr>136</ns3:hr>
            <ns3:cad>86</ns3:cad>
          </ns3:TrackPointExtension>
        </extensions>
      </trkpt>
      <trkpt lat="22.5518636964261531829833984375" lon="114.0123657323420047760009765625">
        <ele>21.200000762939453125</ele>
        <time>2026-09-11T22:45:24.000Z</time>
        <extensions>
          <ns3:TrackPointExtension>
            <ns3:atemp>30.0</ns3:atemp>
            <ns3:hr>136</ns3:hr>
            <ns3:cad>85</ns3:cad>
          </ns3:TrackPointExtension>
        </extensions>
      </trkpt>
      <trkpt lat="22.55184198729693889617919921875" lon="114.01238408870995044708251953125">
        <ele>21.200000762939453125</ele>
        <time>2026-09-11T22:45:25.000Z</time>
        <extensions>
          <ns3:TrackPointExtension>
            <ns3:atemp>30.0</ns3:atemp>
            <ns3:hr>136</ns3:hr>
            <ns3:cad>85</ns3:cad>
          </ns3:TrackPointExtension>
        </extensions>
      </trkpt>
      <trkpt lat="22.5518278218805789947509765625" lon="114.012401103973388671875">
        <ele>21</ele>
        <time>2026-09-11T22:45:26.000Z</time>
        <extensions>
          <ns3:TrackPointExtension>
            <ns3:atemp>30.0</ns3:atemp>
            <ns3:hr>136</ns3:hr>
            <ns3:cad>85</ns3:cad>
          </ns3:TrackPointExtension>
        </extensions>
      </trkpt>
      <trkpt lat="22.55181214772164821624755859375" lon="114.0124233998358249664306640625">
        <ele>21</ele>
        <time>2026-09-11T22:45:27.000Z</time>
        <extensions>
          <ns3:TrackPointExtension>
            <ns3:atemp>30.0</ns3:atemp>
            <ns3:hr>137</ns3:hr>
            <ns3:cad>85</ns3:cad>
          </ns3:TrackPointExtension>
        </extensions>
      </trkpt>
      <trkpt lat="22.5517999939620494842529296875" lon="114.01244795881211757659912109375">
        <ele>21</ele>
        <time>2026-09-11T22:45:28.000Z</time>
        <extensions>
          <ns3:TrackPointExtension>
            <ns3:atemp>30.0</ns3:atemp>
            <ns3:hr>136</ns3:hr>
            <ns3:cad>86</ns3:cad>
          </ns3:TrackPointExtension>
        </extensions>
      </trkpt>
      <trkpt lat="22.5517840683460235595703125" lon="114.01247494854032993316650390625">
        <ele>21</ele>
        <time>2026-09-11T22:45:29.000Z</time>
        <extensions>
          <ns3:TrackPointExtension>
            <ns3:atemp>30.0</ns3:atemp>
            <ns3:hr>136</ns3:hr>
            <ns3:cad>86</ns3:cad>
          </ns3:TrackPointExtension>
        </extensions>
      </trkpt>
      <trkpt lat="22.5517741777002811431884765625" lon="114.012501351535320281982421875">
        <ele>21</ele>
        <time>2026-09-11T22:45:30.000Z</time>
        <extensions>
          <ns3:TrackPointExtension>
            <ns3:atemp>30.0</ns3:atemp>
            <ns3:hr>137</ns3:hr>
            <ns3:cad>86</ns3:cad>
          </ns3:TrackPointExtension>
        </extensions>
      </trkpt>
      <trkpt lat="22.5517617724835872650146484375" lon="114.012532196938991546630859375">
        <ele>21</ele>
        <time>2026-09-11T22:45:31.000Z</time>
        <extensions>
          <ns3:TrackPointExtension>
            <ns3:atemp>30.0</ns3:atemp>
            <ns3:hr>136</ns3:hr>
            <ns3:cad>86</ns3:cad>
          </ns3:TrackPointExtension>
        </extensions>
      </trkpt>
      <trkpt lat="22.55175028927624225616455078125" lon="114.01255139149725437164306640625">
        <ele>20.799999237060546875</ele>
        <time>2026-09-11T22:45:32.000Z</time>
        <extensions>
          <ns3:TrackPointExtension>
            <ns3:atemp>30.0</ns3:atemp>
            <ns3:hr>136</ns3:hr>
            <ns3:cad>86</ns3:cad>
          </ns3:TrackPointExtension>
        </extensions>
      </trkpt>
      <trkpt lat="22.55173335783183574676513671875" lon="114.012575447559356689453125">
        <ele>20.799999237060546875</ele>
        <time>2026-09-11T22:45:33.000Z</time>
        <extensions>
          <ns3:TrackPointExtension>
            <ns3:atemp>30.0</ns3:atemp>
            <ns3:hr>136</ns3:hr>
            <ns3:cad>87</ns3:cad>
          </ns3:TrackPointExtension>
        </extensions>
      </trkpt>
      <trkpt lat="22.55172036588191986083984375" lon="114.0126049518585205078125">
        <ele>20.799999237060546875</ele>
        <time>2026-09-11T22:45:34.000Z</time>
        <extensions>
          <ns3:TrackPointExtension>
            <ns3:atemp>30.0</ns3:atemp>
            <ns3:hr>136</ns3:hr>
            <ns3:cad>87</ns3:cad>
          </ns3:TrackPointExtension>
        </extensions>
      </trkpt>
      <trkpt lat="22.55170620046555995941162109375" lon="114.012626744806766510009765625">
        <ele>20.799999237060546875</ele>
        <time>2026-09-11T22:45:35.000Z</time>
        <extensions>
          <ns3:TrackPointExtension>
            <ns3:atemp>30.0</ns3:atemp>
            <ns3:hr>137</ns3:hr>
            <ns3:cad>86</ns3:cad>
          </ns3:TrackPointExtension>
        </extensions>
      </trkpt>
      <trkpt lat="22.55168993957340717315673828125" lon="114.01264929212629795074462890625">
        <ele>20.799999237060546875</ele>
        <time>2026-09-11T22:45:36.000Z</time>
        <extensions>
          <ns3:TrackPointExtension>
            <ns3:atemp>30.0</ns3:atemp>
            <ns3:hr>136</ns3:hr>
            <ns3:cad>86</ns3:cad>
          </ns3:TrackPointExtension>
        </extensions>
      </trkpt>
      <trkpt lat="22.5516792945563793182373046875" lon="114.012666307389736175537109375">
        <ele>20.799999237060546875</ele>
        <time>2026-09-11T22:45:37.000Z</time>
        <extensions>
          <ns3:TrackPointExtension>
            <ns3:atemp>30.0</ns3:atemp>
            <ns3:hr>137</ns3:hr>
            <ns3:cad>86</ns3:cad>
          </ns3:TrackPointExtension>
        </extensions>
      </trkpt>
      <trkpt lat="22.5516578368842601776123046875" lon="114.01269271038472652435302734375">
        <ele>20.6000003814697265625</ele>
        <time>2026-09-11T22:45:38.000Z</time>
        <extensions>
          <ns3:TrackPointExtension>
            <ns3:atemp>30.0</ns3:atemp>
            <ns3:hr>137</ns3:hr>
            <ns3:cad>86</ns3:cad>
          </ns3:TrackPointExtension>
        </extensions>
      </trkpt>
      <trkpt lat="22.55165062844753265380859375" lon="114.0127171017229557037353515625">
        <ele>20.6000003814697265625</ele>
        <time>2026-09-11T22:45:39.000Z</time>
        <extensions>
          <ns3:TrackPointExtension>
            <ns3:atemp>30.0</ns3:atemp>
            <ns3:hr>137</ns3:hr>
            <ns3:cad>87</ns3:cad>
          </ns3:TrackPointExtension>
        </extensions>
      </trkpt>
      <trkpt lat="22.5516326911747455596923828125" lon="114.01274199597537517547607421875">
        <ele>20.6000003814697265625</ele>
        <time>2026-09-11T22:45:40.000Z</time>
        <extensions>
          <ns3:TrackPointExtension>
            <ns3:atemp>30.0</ns3:atemp>
            <ns3:hr>136</ns3:hr>
            <ns3:cad>87</ns3:cad>
          </ns3:TrackPointExtension>
        </extensions>
      </trkpt>
      <trkpt lat="22.5516189448535442352294921875" lon="114.0127610228955745697021484375">
        <ele>20.6000003814697265625</ele>
        <time>2026-09-11T22:45:41.000Z</time>
        <extensions>
          <ns3:TrackPointExtension>
            <ns3:atemp>30.0</ns3:atemp>
            <ns3:hr>137</ns3:hr>
            <ns3:cad>86</ns3:cad>
          </ns3:TrackPointExtension>
        </extensions>
      </trkpt>
      <trkpt lat="22.551607377827167510986328125" lon="114.012781642377376556396484375">
        <ele>20.6000003814697265625</ele>
        <time>2026-09-11T22:45:42.000Z</time>
        <extensions>
          <ns3:TrackPointExtension>
            <ns3:atemp>30.0</ns3:atemp>
            <ns3:hr>137</ns3:hr>
            <ns3:cad>86</ns3:cad>
          </ns3:TrackPointExtension>
        </extensions>
      </trkpt>
      <trkpt lat="22.551592290401458740234375" lon="114.0128025971353054046630859375">
        <ele>20.6000003814697265625</ele>
        <time>2026-09-11T22:45:43.000Z</time>
        <extensions>
          <ns3:TrackPointExtension>
            <ns3:atemp>30.0</ns3:atemp>
            <ns3:hr>136</ns3:hr>
            <ns3:cad>85</ns3:cad>
          </ns3:TrackPointExtension>
        </extensions>
      </trkpt>
      <trkpt lat="22.55158298648893833160400390625" lon="114.0128233842551708221435546875">
        <ele>20.6000003814697265625</ele>
        <time>2026-09-11T22:45:44.000Z</time>
        <extensions>
          <ns3:TrackPointExtension>
            <ns3:atemp>30.0</ns3:atemp>
            <ns3:hr>137</ns3:hr>
            <ns3:cad>85</ns3:cad>
          </ns3:TrackPointExtension>
        </extensions>
      </trkpt>
      <trkpt lat="22.55156588740646839141845703125" lon="114.01284241117537021636962890625">
        <ele>20.6000003814697265625</ele>
        <time>2026-09-11T22:45:45.000Z</time>
        <extensions>
          <ns3:TrackPointExtension>
            <ns3:atemp>30.0</ns3:atemp>
            <ns3:hr>137</ns3:hr>
            <ns3:cad>85</ns3:cad>
          </ns3:TrackPointExtension>
        </extensions>
      </trkpt>
      <trkpt lat="22.5515522249042987823486328125" lon="114.0128646232187747955322265625">
        <ele>20.3999996185302734375</ele>
        <time>2026-09-11T22:45:46.000Z</time>
        <extensions>
          <ns3:TrackPointExtension>
            <ns3:atemp>30.0</ns3:atemp>
            <ns3:hr>136</ns3:hr>
            <ns3:cad>85</ns3:cad>
          </ns3:TrackPointExtension>
        </extensions>
      </trkpt>
      <trkpt lat="22.55153973586857318878173828125" lon="114.01288725435733795166015625">
        <ele>20.3999996185302734375</ele>
        <time>2026-09-11T22:45:47.000Z</time>
        <extensions>
          <ns3:TrackPointExtension>
            <ns3:atemp>30.0</ns3:atemp>
            <ns3:hr>137</ns3:hr>
            <ns3:cad>84</ns3:cad>
          </ns3:TrackPointExtension>
        </extensions>
      </trkpt>
      <trkpt lat="22.5515265762805938720703125" lon="114.0129053592681884765625">
        <ele>20.3999996185302734375</ele>
        <time>2026-09-11T22:45:48.000Z</time>
        <extensions>
          <ns3:TrackPointExtension>
            <ns3:atemp>30.0</ns3:atemp>
            <ns3:hr>137</ns3:hr>
            <ns3:cad>84</ns3:cad>
          </ns3:TrackPointExtension>
        </extensions>
      </trkpt>
      <trkpt lat="22.55151375196874141693115234375" lon="114.01292690075933933258056640625">
        <ele>20.3999996185302734375</ele>
        <time>2026-09-11T22:45:49.000Z</time>
        <extensions>
          <ns3:TrackPointExtension>
            <ns3:atemp>30.0</ns3:atemp>
            <ns3:hr>136</ns3:hr>
            <ns3:cad>84</ns3:cad>
          </ns3:TrackPointExtension>
        </extensions>
      </trkpt>
      <trkpt lat="22.5514965690672397613525390625" lon="114.01294651441276073455810546875">
        <ele>20.3999996185302734375</ele>
        <time>2026-09-11T22:45:50.000Z</time>
        <extensions>
          <ns3:TrackPointExtension>
            <ns3:atemp>30.0</ns3:atemp>
            <ns3:hr>137</ns3:hr>
            <ns3:cad>84</ns3:cad>
          </ns3:TrackPointExtension>
        </extensions>
      </trkpt>
      <trkpt lat="22.55149045027792453765869140625" lon="114.01296344585716724395751953125">
        <ele>20.3999996185302734375</ele>
        <time>2026-09-11T22:45:51.000Z</time>
        <extensions>
          <ns3:TrackPointExtension>
            <ns3:atemp>30.0</ns3:atemp>
            <ns3:hr>137</ns3:hr>
            <ns3:cad>84</ns3:cad>
          </ns3:TrackPointExtension>
        </extensions>
      </trkpt>
      <trkpt lat="22.5514756143093109130859375" lon="114.01298104785382747650146484375">
        <ele>20.3999996185302734375</ele>
        <time>2026-09-11T22:45:52.000Z</time>
        <extensions>
          <ns3:TrackPointExtension>
            <ns3:atemp>30.0</ns3:atemp>
            <ns3:hr>137</ns3:hr>
            <ns3:cad>84</ns3:cad>
          </ns3:TrackPointExtension>
        </extensions>
      </trkpt>
      <trkpt lat="22.551455833017826080322265625" lon="114.01298892684280872344970703125">
        <ele>20.200000762939453125</ele>
        <time>2026-09-11T22:45:53.000Z</time>
        <extensions>
          <ns3:TrackPointExtension>
            <ns3:atemp>30.0</ns3:atemp>
            <ns3:hr>138</ns3:hr>
            <ns3:cad>84</ns3:cad>
          </ns3:TrackPointExtension>
        </extensions>
      </trkpt>
      <trkpt lat="22.55143898539245128631591796875" lon="114.01300049386918544769287109375">
        <ele>20.200000762939453125</ele>
        <time>2026-09-11T22:45:54.000Z</time>
        <extensions>
          <ns3:TrackPointExtension>
            <ns3:atemp>30.0</ns3:atemp>
            <ns3:hr>138</ns3:hr>
            <ns3:cad>84</ns3:cad>
          </ns3:TrackPointExtension>
        </extensions>
      </trkpt>
      <trkpt lat="22.55141920410096645355224609375" lon="114.0130138210952281951904296875">
        <ele>20.200000762939453125</ele>
        <time>2026-09-11T22:45:55.000Z</time>
        <extensions>
          <ns3:TrackPointExtension>
            <ns3:atemp>30.0</ns3:atemp>
            <ns3:hr>138</ns3:hr>
            <ns3:cad>84</ns3:cad>
          </ns3:TrackPointExtension>
        </extensions>
      </trkpt>
      <trkpt lat="22.5514134205877780914306640625" lon="114.0130354464054107666015625">
        <ele>20.200000762939453125</ele>
        <time>2026-09-11T22:45:56.000Z</time>
        <extensions>
          <ns3:TrackPointExtension>
            <ns3:atemp>30.0</ns3:atemp>
            <ns3:hr>138</ns3:hr>
            <ns3:cad>85</ns3:cad>
          </ns3:TrackPointExtension>
        </extensions>
      </trkpt>
      <trkpt lat="22.5513978302478790283203125" lon="114.0130527131259441375732421875">
        <ele>20.3999996185302734375</ele>
        <time>2026-09-11T22:45:57.000Z</time>
        <extensions>
          <ns3:TrackPointExtension>
            <ns3:atemp>30.0</ns3:atemp>
            <ns3:hr>138</ns3:hr>
            <ns3:cad>85</ns3:cad>
          </ns3:TrackPointExtension>
        </extensions>
      </trkpt>
      <trkpt lat="22.55139657296240329742431640625" lon="114.0130808763206005096435546875">
        <ele>20.200000762939453125</ele>
        <time>2026-09-11T22:45:58.000Z</time>
        <extensions>
          <ns3:TrackPointExtension>
            <ns3:atemp>30.0</ns3:atemp>
            <ns3:hr>138</ns3:hr>
            <ns3:cad>85</ns3:cad>
          </ns3:TrackPointExtension>
        </extensions>
      </trkpt>
      <trkpt lat="22.5513865984976291656494140625" lon="114.0131003223359584808349609375">
        <ele>20.200000762939453125</ele>
        <time>2026-09-11T22:45:59.000Z</time>
        <extensions>
          <ns3:TrackPointExtension>
            <ns3:atemp>30.0</ns3:atemp>
            <ns3:hr>138</ns3:hr>
            <ns3:cad>85</ns3:cad>
          </ns3:TrackPointExtension>
        </extensions>
      </trkpt>
      <trkpt lat="22.55138081498444080352783203125" lon="114.01312102563679218292236328125">
        <ele>20.200000762939453125</ele>
        <time>2026-09-11T22:46:00.000Z</time>
        <extensions>
          <ns3:TrackPointExtension>
            <ns3:atemp>30.0</ns3:atemp>
            <ns3:hr>138</ns3:hr>
            <ns3:cad>85</ns3:cad>
          </ns3:TrackPointExtension>
        </extensions>
      </trkpt>
      <trkpt lat="22.55137377418577671051025390625" lon="114.01313804090023040771484375">
        <ele>20.200000762939453125</ele>
        <time>2026-09-11T22:46:01.000Z</time>
        <extensions>
          <ns3:TrackPointExtension>
            <ns3:atemp>30.0</ns3:atemp>
            <ns3:hr>138</ns3:hr>
            <ns3:cad>85</ns3:cad>
          </ns3:TrackPointExtension>
        </extensions>
      </trkpt>
      <trkpt lat="22.551356256008148193359375" lon="114.01315681636333465576171875">
        <ele>20.200000762939453125</ele>
        <time>2026-09-11T22:46:02.000Z</time>
        <extensions>
          <ns3:TrackPointExtension>
            <ns3:atemp>30.0</ns3:atemp>
            <ns3:hr>137</ns3:hr>
            <ns3:cad>86</ns3:cad>
          </ns3:TrackPointExtension>
        </extensions>
      </trkpt>
      <trkpt lat="22.5513420067727565765380859375" lon="114.01317215524613857269287109375">
        <ele>20.200000762939453125</ele>
        <time>2026-09-11T22:46:03.000Z</time>
        <extensions>
          <ns3:TrackPointExtension>
            <ns3:atemp>30.0</ns3:atemp>
            <ns3:hr>137</ns3:hr>
            <ns3:cad>86</ns3:cad>
          </ns3:TrackPointExtension>
        </extensions>
      </trkpt>
      <trkpt lat="22.55132566206157207489013671875" lon="114.01318657211959362030029296875">
        <ele>20.200000762939453125</ele>
        <time>2026-09-11T22:46:04.000Z</time>
        <extensions>
          <ns3:TrackPointExtension>
            <ns3:atemp>30.0</ns3:atemp>
            <ns3:hr>137</ns3:hr>
            <ns3:cad>85</ns3:cad>
          </ns3:TrackPointExtension>
        </extensions>
      </trkpt>
      <trkpt lat="22.55130990408360958099365234375" lon="114.01320283301174640655517578125">
        <ele>20.200000762939453125</ele>
        <time>2026-09-11T22:46:05.000Z</time>
        <extensions>
          <ns3:TrackPointExtension>
            <ns3:atemp>30.0</ns3:atemp>
            <ns3:hr>137</ns3:hr>
            <ns3:cad>85</ns3:cad>
          </ns3:TrackPointExtension>
        </extensions>
      </trkpt>
      <trkpt lat="22.55129448138177394866943359375" lon="114.0132163278758525848388671875">
        <ele>20</ele>
        <time>2026-09-11T22:46:06.000Z</time>
        <extensions>
          <ns3:TrackPointExtension>
            <ns3:atemp>30.0</ns3:atemp>
            <ns3:hr>136</ns3:hr>
            <ns3:cad>86</ns3:cad>
          </ns3:TrackPointExtension>
        </extensions>
      </trkpt>
      <trkpt lat="22.5512783043086528778076171875" lon="114.01322948746383190155029296875">
        <ele>20</ele>
        <time>2026-09-11T22:46:07.000Z</time>
        <extensions>
          <ns3:TrackPointExtension>
            <ns3:atemp>30.0</ns3:atemp>
            <ns3:hr>137</ns3:hr>
            <ns3:cad>86</ns3:cad>
          </ns3:TrackPointExtension>
        </extensions>
      </trkpt>
      <trkpt lat="22.55126170814037322998046875" lon="114.0132431499660015106201171875">
        <ele>20</ele>
        <time>2026-09-11T22:46:08.000Z</time>
        <extensions>
          <ns3:TrackPointExtension>
            <ns3:atemp>30.0</ns3:atemp>
            <ns3:hr>137</ns3:hr>
            <ns3:cad>85</ns3:cad>
          </ns3:TrackPointExtension>
        </extensions>
      </trkpt>
      <trkpt lat="22.5512414239346981048583984375" lon="114.01326150633394718170166015625">
        <ele>20</ele>
        <time>2026-09-11T22:46:09.000Z</time>
        <extensions>
          <ns3:TrackPointExtension>
            <ns3:atemp>30.0</ns3:atemp>
            <ns3:hr>136</ns3:hr>
            <ns3:cad>85</ns3:cad>
          </ns3:TrackPointExtension>
        </extensions>
      </trkpt>
      <trkpt lat="22.55122013390064239501953125" lon="114.01327927596867084503173828125">
        <ele>20</ele>
        <time>2026-09-11T22:46:10.000Z</time>
        <extensions>
          <ns3:TrackPointExtension>
            <ns3:atemp>30.0</ns3:atemp>
            <ns3:hr>137</ns3:hr>
            <ns3:cad>84</ns3:cad>
          </ns3:TrackPointExtension>
        </extensions>
      </trkpt>
      <trkpt lat="22.55119909532368183135986328125" lon="114.01329696178436279296875">
        <ele>20</ele>
        <time>2026-09-11T22:46:11.000Z</time>
        <extensions>
          <ns3:TrackPointExtension>
            <ns3:atemp>30.0</ns3:atemp>
            <ns3:hr>137</ns3:hr>
            <ns3:cad>84</ns3:cad>
          </ns3:TrackPointExtension>
        </extensions>
      </trkpt>
      <trkpt lat="22.55117998458445072174072265625" lon="114.01331297121942043304443359375">
        <ele>20</ele>
        <time>2026-09-11T22:46:12.000Z</time>
        <extensions>
          <ns3:TrackPointExtension>
            <ns3:atemp>30.0</ns3:atemp>
            <ns3:hr>136</ns3:hr>
            <ns3:cad>84</ns3:cad>
          </ns3:TrackPointExtension>
        </extensions>
      </trkpt>
      <trkpt lat="22.5511649809777736663818359375" lon="114.0133266337215900421142578125">
        <ele>20</ele>
        <time>2026-09-11T22:46:13.000Z</time>
        <extensions>
          <ns3:TrackPointExtension>
            <ns3:atemp>30.0</ns3:atemp>
            <ns3:hr>136</ns3:hr>
            <ns3:cad>84</ns3:cad>
          </ns3:TrackPointExtension>
        </extensions>
      </trkpt>
      <trkpt lat="22.5511411763727664947509765625" lon="114.01334046386182308197021484375">
        <ele>20</ele>
        <time>2026-09-11T22:46:14.000Z</time>
        <extensions>
          <ns3:TrackPointExtension>
            <ns3:atemp>30.0</ns3:atemp>
            <ns3:hr>136</ns3:hr>
            <ns3:cad>85</ns3:cad>
          </ns3:TrackPointExtension>
        </extensions>
      </trkpt>
      <trkpt lat="22.55112214945256710052490234375" lon="114.01335605420172214508056640625">
        <ele>20</ele>
        <time>2026-09-11T22:46:15.000Z</time>
        <extensions>
          <ns3:TrackPointExtension>
            <ns3:atemp>30.0</ns3:atemp>
            <ns3:hr>136</ns3:hr>
            <ns3:cad>85</ns3:cad>
          </ns3:TrackPointExtension>
        </extensions>
      </trkpt>
      <trkpt lat="22.5510972552001476287841796875" lon="114.01337482966482639312744140625">
        <ele>20</ele>
        <time>2026-09-11T22:46:16.000Z</time>
        <extensions>
          <ns3:TrackPointExtension>
            <ns3:atemp>30.0</ns3:atemp>
            <ns3:hr>137</ns3:hr>
            <ns3:cad>85</ns3:cad>
          </ns3:TrackPointExtension>
        </extensions>
      </trkpt>
      <trkpt lat="22.5510784797370433807373046875" lon="114.01338882744312286376953125">
        <ele>20</ele>
        <time>2026-09-11T22:46:17.000Z</time>
        <extensions>
          <ns3:TrackPointExtension>
            <ns3:atemp>30.0</ns3:atemp>
            <ns3:hr>136</ns3:hr>
            <ns3:cad>85</ns3:cad>
          </ns3:TrackPointExtension>
        </extensions>
      </trkpt>
      <trkpt lat="22.5510546751320362091064453125" lon="114.01340383104979991912841796875">
        <ele>20</ele>
        <time>2026-09-11T22:46:18.000Z</time>
        <extensions>
          <ns3:TrackPointExtension>
            <ns3:atemp>30.0</ns3:atemp>
            <ns3:hr>137</ns3:hr>
            <ns3:cad>85</ns3:cad>
          </ns3:TrackPointExtension>
        </extensions>
      </trkpt>
      <trkpt lat="22.55103279836475849151611328125" lon="114.013419337570667266845703125">
        <ele>20</ele>
        <time>2026-09-11T22:46:19.000Z</time>
        <extensions>
          <ns3:TrackPointExtension>
            <ns3:atemp>30.0</ns3:atemp>
            <ns3:hr>137</ns3:hr>
            <ns3:cad>85</ns3:cad>
          </ns3:TrackPointExtension>
        </extensions>
      </trkpt>
      <trkpt lat="22.5510144419968128204345703125" lon="114.0134324133396148681640625">
        <ele>20</ele>
        <time>2026-09-11T22:46:20.000Z</time>
        <extensions>
          <ns3:TrackPointExtension>
            <ns3:atemp>30.0</ns3:atemp>
            <ns3:hr>137</ns3:hr>
            <ns3:cad>85</ns3:cad>
          </ns3:TrackPointExtension>
        </extensions>
      </trkpt>
      <trkpt lat="22.5509960018098354339599609375" lon="114.0134466625750064849853515625">
        <ele>20</ele>
        <time>2026-09-11T22:46:21.000Z</time>
        <extensions>
          <ns3:TrackPointExtension>
            <ns3:atemp>30.0</ns3:atemp>
            <ns3:hr>137</ns3:hr>
            <ns3:cad>85</ns3:cad>
          </ns3:TrackPointExtension>
        </extensions>
      </trkpt>
      <trkpt lat="22.55097764544188976287841796875" lon="114.01345848105847835540771484375">
        <ele>20</ele>
        <time>2026-09-11T22:46:22.000Z</time>
        <extensions>
          <ns3:TrackPointExtension>
            <ns3:atemp>30.0</ns3:atemp>
            <ns3:hr>138</ns3:hr>
            <ns3:cad>85</ns3:cad>
          </ns3:TrackPointExtension>
        </extensions>
      </trkpt>
      <trkpt lat="22.55095660686492919921875" lon="114.01347222737967967987060546875">
        <ele>20</ele>
        <time>2026-09-11T22:46:23.000Z</time>
        <extensions>
          <ns3:TrackPointExtension>
            <ns3:atemp>30.0</ns3:atemp>
            <ns3:hr>138</ns3:hr>
            <ns3:cad>84</ns3:cad>
          </ns3:TrackPointExtension>
        </extensions>
      </trkpt>
      <trkpt lat="22.5509383343160152435302734375" lon="114.013486392796039581298828125">
        <ele>20</ele>
        <time>2026-09-11T22:46:24.000Z</time>
        <extensions>
          <ns3:TrackPointExtension>
            <ns3:atemp>30.0</ns3:atemp>
            <ns3:hr>138</ns3:hr>
            <ns3:cad>84</ns3:cad>
          </ns3:TrackPointExtension>
        </extensions>
      </trkpt>
      <trkpt lat="22.550919391214847564697265625" lon="114.01349972002208232879638671875">
        <ele>20</ele>
        <time>2026-09-11T22:46:25.000Z</time>
        <extensions>
          <ns3:TrackPointExtension>
            <ns3:atemp>30.0</ns3:atemp>
            <ns3:hr>138</ns3:hr>
            <ns3:cad>85</ns3:cad>
          </ns3:TrackPointExtension>
        </extensions>
      </trkpt>
      <trkpt lat="22.55089852027595043182373046875" lon="114.01351262815296649932861328125">
        <ele>19.799999237060546875</ele>
        <time>2026-09-11T22:46:26.000Z</time>
        <extensions>
          <ns3:TrackPointExtension>
            <ns3:atemp>30.0</ns3:atemp>
            <ns3:hr>138</ns3:hr>
            <ns3:cad>85</ns3:cad>
          </ns3:TrackPointExtension>
        </extensions>
      </trkpt>
      <trkpt lat="22.55088058300316333770751953125" lon="114.013523273169994354248046875">
        <ele>19.799999237060546875</ele>
        <time>2026-09-11T22:46:27.000Z</time>
        <extensions>
          <ns3:TrackPointExtension>
            <ns3:atemp>30.0</ns3:atemp>
            <ns3:hr>138</ns3:hr>
            <ns3:cad>86</ns3:cad>
          </ns3:TrackPointExtension>
        </extensions>
      </trkpt>
      <trkpt lat="22.55085828714072704315185546875" lon="114.01353609748184680938720703125">
        <ele>19.799999237060546875</ele>
        <time>2026-09-11T22:46:28.000Z</time>
        <extensions>
          <ns3:TrackPointExtension>
            <ns3:atemp>30.0</ns3:atemp>
            <ns3:hr>138</ns3:hr>
            <ns3:cad>86</ns3:cad>
          </ns3:TrackPointExtension>
        </extensions>
      </trkpt>
      <trkpt lat="22.55083314143121242523193359375" lon="114.01354699395596981048583984375">
        <ele>19.799999237060546875</ele>
        <time>2026-09-11T22:46:29.000Z</time>
        <extensions>
          <ns3:TrackPointExtension>
            <ns3:atemp>30.0</ns3:atemp>
            <ns3:hr>138</ns3:hr>
            <ns3:cad>86</ns3:cad>
          </ns3:TrackPointExtension>
        </extensions>
      </trkpt>
      <trkpt lat="22.55081000737845897674560546875" lon="114.01355923153460025787353515625">
        <ele>19.799999237060546875</ele>
        <time>2026-09-11T22:46:30.000Z</time>
        <extensions>
          <ns3:TrackPointExtension>
            <ns3:atemp>30.0</ns3:atemp>
            <ns3:hr>138</ns3:hr>
            <ns3:cad>86</ns3:cad>
          </ns3:TrackPointExtension>
        </extensions>
      </trkpt>
      <trkpt lat="22.550790309906005859375" lon="114.01357096619904041290283203125">
        <ele>19.799999237060546875</ele>
        <time>2026-09-11T22:46:31.000Z</time>
        <extensions>
          <ns3:TrackPointExtension>
            <ns3:atemp>30.0</ns3:atemp>
            <ns3:hr>138</ns3:hr>
            <ns3:cad>85</ns3:cad>
          </ns3:TrackPointExtension>
        </extensions>
      </trkpt>
      <trkpt lat="22.55077111534774303436279296875" lon="114.013585634529590606689453125">
        <ele>19.799999237060546875</ele>
        <time>2026-09-11T22:46:32.000Z</time>
        <extensions>
          <ns3:TrackPointExtension>
            <ns3:atemp>30.0</ns3:atemp>
            <ns3:hr>138</ns3:hr>
            <ns3:cad>85</ns3:cad>
          </ns3:TrackPointExtension>
        </extensions>
      </trkpt>
      <trkpt lat="22.55075116641819477081298828125" lon="114.0135987102985382080078125">
        <ele>19.799999237060546875</ele>
        <time>2026-09-11T22:46:33.000Z</time>
        <extensions>
          <ns3:TrackPointExtension>
            <ns3:atemp>30.0</ns3:atemp>
            <ns3:hr>139</ns3:hr>
            <ns3:cad>85</ns3:cad>
          </ns3:TrackPointExtension>
        </extensions>
      </trkpt>
      <trkpt lat="22.55073021166026592254638671875" lon="114.013611115515232086181640625">
        <ele>19.799999237060546875</ele>
        <time>2026-09-11T22:46:34.000Z</time>
        <extensions>
          <ns3:TrackPointExtension>
            <ns3:atemp>30.0</ns3:atemp>
            <ns3:hr>139</ns3:hr>
            <ns3:cad>85</ns3:cad>
          </ns3:TrackPointExtension>
        </extensions>
      </trkpt>
      <trkpt lat="22.5507059879601001739501953125" lon="114.0136250294744968414306640625">
        <ele>19.6000003814697265625</ele>
        <time>2026-09-11T22:46:35.000Z</time>
        <extensions>
          <ns3:TrackPointExtension>
            <ns3:atemp>30.0</ns3:atemp>
            <ns3:hr>140</ns3:hr>
            <ns3:cad>85</ns3:cad>
          </ns3:TrackPointExtension>
        </extensions>
      </trkpt>
      <trkpt lat="22.5506841950118541717529296875" lon="114.01364187709987163543701171875">
        <ele>19.6000003814697265625</ele>
        <time>2026-09-11T22:46:36.000Z</time>
        <extensions>
          <ns3:TrackPointExtension>
            <ns3:atemp>30.0</ns3:atemp>
            <ns3:hr>141</ns3:hr>
            <ns3:cad>85</ns3:cad>
          </ns3:TrackPointExtension>
        </extensions>
      </trkpt>
      <trkpt lat="22.55066634155809879302978515625" lon="114.0136528573930263519287109375">
        <ele>19.6000003814697265625</ele>
        <time>2026-09-11T22:46:37.000Z</time>
        <extensions>
          <ns3:TrackPointExtension>
            <ns3:atemp>30.0</ns3:atemp>
            <ns3:hr>141</ns3:hr>
            <ns3:cad>85</ns3:cad>
          </ns3:TrackPointExtension>
        </extensions>
      </trkpt>
      <trkpt lat="22.55064069293439388275146484375" lon="114.013666100800037384033203125">
        <ele>19.6000003814697265625</ele>
        <time>2026-09-11T22:46:38.000Z</time>
        <extensions>
          <ns3:TrackPointExtension>
            <ns3:atemp>30.0</ns3:atemp>
            <ns3:hr>141</ns3:hr>
            <ns3:cad>85</ns3:cad>
          </ns3:TrackPointExtension>
        </extensions>
      </trkpt>
      <trkpt lat="22.55062459968030452728271484375" lon="114.01368252933025360107421875">
        <ele>19.6000003814697265625</ele>
        <time>2026-09-11T22:46:39.000Z</time>
        <extensions>
          <ns3:TrackPointExtension>
            <ns3:atemp>30.0</ns3:atemp>
            <ns3:hr>142</ns3:hr>
            <ns3:cad>85</ns3:cad>
          </ns3:TrackPointExtension>
        </extensions>
      </trkpt>
      <trkpt lat="22.55060364492237567901611328125" lon="114.0137021429836750030517578125">
        <ele>19.6000003814697265625</ele>
        <time>2026-09-11T22:46:40.000Z</time>
        <extensions>
          <ns3:TrackPointExtension>
            <ns3:atemp>30.0</ns3:atemp>
            <ns3:hr>141</ns3:hr>
            <ns3:cad>84</ns3:cad>
          </ns3:TrackPointExtension>
        </extensions>
      </trkpt>
      <trkpt lat="22.550586797297000885009765625" lon="114.0137219242751598358154296875">
        <ele>19.6000003814697265625</ele>
        <time>2026-09-11T22:46:41.000Z</time>
        <extensions>
          <ns3:TrackPointExtension>
            <ns3:atemp>30.0</ns3:atemp>
            <ns3:hr>141</ns3:hr>
            <ns3:cad>84</ns3:cad>
          </ns3:TrackPointExtension>
        </extensions>
      </trkpt>
      <trkpt lat="22.550570033490657806396484375" lon="114.01373994536697864532470703125">
        <ele>19.6000003814697265625</ele>
        <time>2026-09-11T22:46:42.000Z</time>
        <extensions>
          <ns3:TrackPointExtension>
            <ns3:atemp>30.0</ns3:atemp>
            <ns3:hr>141</ns3:hr>
            <ns3:cad>84</ns3:cad>
          </ns3:TrackPointExtension>
        </extensions>
      </trkpt>
      <trkpt lat="22.5505517609417438507080078125" lon="114.0137571282684803009033203125">
        <ele>19.3999996185302734375</ele>
        <time>2026-09-11T22:46:43.000Z</time>
        <extensions>
          <ns3:TrackPointExtension>
            <ns3:atemp>30.0</ns3:atemp>
            <ns3:hr>141</ns3:hr>
            <ns3:cad>84</ns3:cad>
          </ns3:TrackPointExtension>
        </extensions>
      </trkpt>
      <trkpt lat="22.5505376793444156646728515625" lon="114.01377397589385509490966796875">
        <ele>19.3999996185302734375</ele>
        <time>2026-09-11T22:46:44.000Z</time>
        <extensions>
          <ns3:TrackPointExtension>
            <ns3:atemp>30.0</ns3:atemp>
            <ns3:hr>141</ns3:hr>
            <ns3:cad>85</ns3:cad>
          </ns3:TrackPointExtension>
        </extensions>
      </trkpt>
      <trkpt lat="22.550514042377471923828125" lon="114.01379040442407131195068359375">
        <ele>19.3999996185302734375</ele>
        <time>2026-09-11T22:46:45.000Z</time>
        <extensions>
          <ns3:TrackPointExtension>
            <ns3:atemp>30.0</ns3:atemp>
            <ns3:hr>141</ns3:hr>
            <ns3:cad>85</ns3:cad>
          </ns3:TrackPointExtension>
        </extensions>
      </trkpt>
      <trkpt lat="22.55049803294241428375244140625" lon="114.01380381546914577484130859375">
        <ele>19.200000762939453125</ele>
        <time>2026-09-11T22:46:46.000Z</time>
        <extensions>
          <ns3:TrackPointExtension>
            <ns3:atemp>30.0</ns3:atemp>
            <ns3:hr>141</ns3:hr>
            <ns3:cad>85</ns3:cad>
          </ns3:TrackPointExtension>
        </extensions>
      </trkpt>
      <trkpt lat="22.550476156175136566162109375" lon="114.01381823234260082244873046875">
        <ele>19.200000762939453125</ele>
        <time>2026-09-11T22:46:47.000Z</time>
        <extensions>
          <ns3:TrackPointExtension>
            <ns3:atemp>30.0</ns3:atemp>
            <ns3:hr>141</ns3:hr>
            <ns3:cad>85</ns3:cad>
          </ns3:TrackPointExtension>
        </extensions>
      </trkpt>
      <trkpt lat="22.55045729689300060272216796875" lon="114.01383834891021251678466796875">
        <ele>19.200000762939453125</ele>
        <time>2026-09-11T22:46:48.000Z</time>
        <extensions>
          <ns3:TrackPointExtension>
            <ns3:atemp>30.0</ns3:atemp>
            <ns3:hr>141</ns3:hr>
            <ns3:cad>85</ns3:cad>
          </ns3:TrackPointExtension>
        </extensions>
      </trkpt>
      <trkpt lat="22.55044120363891124725341796875" lon="114.01386215351521968841552734375">
        <ele>19.200000762939453125</ele>
        <time>2026-09-11T22:46:49.000Z</time>
        <extensions>
          <ns3:TrackPointExtension>
            <ns3:atemp>30.0</ns3:atemp>
            <ns3:hr>141</ns3:hr>
            <ns3:cad>85</ns3:cad>
          </ns3:TrackPointExtension>
        </extensions>
      </trkpt>
      <trkpt lat="22.5504287146031856536865234375" lon="114.01389735750854015350341796875">
        <ele>19.200000762939453125</ele>
        <time>2026-09-11T22:46:50.000Z</time>
        <extensions>
          <ns3:TrackPointExtension>
            <ns3:atemp>30.0</ns3:atemp>
            <ns3:hr>141</ns3:hr>
            <ns3:cad>84</ns3:cad>
          </ns3:TrackPointExtension>
        </extensions>
      </trkpt>
      <trkpt lat="22.55042645148932933807373046875" lon="114.01392518542706966400146484375">
        <ele>19.200000762939453125</ele>
        <time>2026-09-11T22:46:51.000Z</time>
        <extensions>
          <ns3:TrackPointExtension>
            <ns3:atemp>30.0</ns3:atemp>
            <ns3:hr>140</ns3:hr>
            <ns3:cad>84</ns3:cad>
          </ns3:TrackPointExtension>
        </extensions>
      </trkpt>
      <trkpt lat="22.55043156445026397705078125" lon="114.0139549411833286285400390625">
        <ele>19.200000762939453125</ele>
        <time>2026-09-11T22:46:52.000Z</time>
        <extensions>
          <ns3:TrackPointExtension>
            <ns3:atemp>30.0</ns3:atemp>
            <ns3:hr>140</ns3:hr>
            <ns3:cad>85</ns3:cad>
          </ns3:TrackPointExtension>
        </extensions>
      </trkpt>
      <trkpt lat="22.550445310771465301513671875" lon="114.01396877132356166839599609375">
        <ele>19.3999996185302734375</ele>
        <time>2026-09-11T22:46:53.000Z</time>
        <extensions>
          <ns3:TrackPointExtension>
            <ns3:atemp>30.0</ns3:atemp>
            <ns3:hr>139</ns3:hr>
            <ns3:cad>85</ns3:cad>
          </ns3:TrackPointExtension>
        </extensions>
      </trkpt>
      <trkpt lat="22.550469450652599334716796875" lon="114.013986289501190185546875">
        <ele>19.3999996185302734375</ele>
        <time>2026-09-11T22:46:54.000Z</time>
        <extensions>
          <ns3:TrackPointExtension>
            <ns3:atemp>30.0</ns3:atemp>
            <ns3:hr>139</ns3:hr>
            <ns3:cad>85</ns3:cad>
          </ns3:TrackPointExtension>
        </extensions>
      </trkpt>
      <trkpt lat="22.55048998631536960601806640625" lon="114.0139938332140445709228515625">
        <ele>19.6000003814697265625</ele>
        <time>2026-09-11T22:46:55.000Z</time>
        <extensions>
          <ns3:TrackPointExtension>
            <ns3:atemp>30.0</ns3:atemp>
            <ns3:hr>139</ns3:hr>
            <ns3:cad>85</ns3:cad>
          </ns3:TrackPointExtension>
        </extensions>
      </trkpt>
      <trkpt lat="22.5505135394632816314697265625" lon="114.0140042267739772796630859375">
        <ele>19.6000003814697265625</ele>
        <time>2026-09-11T22:46:56.000Z</time>
        <extensions>
          <ns3:TrackPointExtension>
            <ns3:atemp>30.0</ns3:atemp>
            <ns3:hr>139</ns3:hr>
            <ns3:cad>85</ns3:cad>
          </ns3:TrackPointExtension>
        </extensions>
      </trkpt>
      <trkpt lat="22.55053625442087650299072265625" lon="114.01401487179100513458251953125">
        <ele>19.799999237060546875</ele>
        <time>2026-09-11T22:46:57.000Z</time>
        <extensions>
          <ns3:TrackPointExtension>
            <ns3:atemp>30.0</ns3:atemp>
            <ns3:hr>139</ns3:hr>
            <ns3:cad>85</ns3:cad>
          </ns3:TrackPointExtension>
        </extensions>
      </trkpt>
      <trkpt lat="22.55055184476077556610107421875" lon="114.01402291841804981231689453125">
        <ele>19.799999237060546875</ele>
        <time>2026-09-11T22:46:58.000Z</time>
        <extensions>
          <ns3:TrackPointExtension>
            <ns3:atemp>30.0</ns3:atemp>
            <ns3:hr>140</ns3:hr>
            <ns3:cad>85</ns3:cad>
          </ns3:TrackPointExtension>
        </extensions>
      </trkpt>
      <trkpt lat="22.5505748949944972991943359375" lon="114.0140359103679656982421875">
        <ele>19.799999237060546875</ele>
        <time>2026-09-11T22:46:59.000Z</time>
        <extensions>
          <ns3:TrackPointExtension>
            <ns3:atemp>30.0</ns3:atemp>
            <ns3:hr>140</ns3:hr>
            <ns3:cad>85</ns3:cad>
          </ns3:TrackPointExtension>
        </extensions>
      </trkpt>
      <trkpt lat="22.5505936704576015472412109375" lon="114.01404018513858318328857421875">
        <ele>20</ele>
        <time>2026-09-11T22:47:00.000Z</time>
        <extensions>
          <ns3:TrackPointExtension>
            <ns3:atemp>30.0</ns3:atemp>
            <ns3:hr>140</ns3:hr>
            <ns3:cad>85</ns3:cad>
          </ns3:TrackPointExtension>
        </extensions>
      </trkpt>
      <trkpt lat="22.550617642700672149658203125" lon="114.0140474773943424224853515625">
        <ele>20</ele>
        <time>2026-09-11T22:47:01.000Z</time>
        <extensions>
          <ns3:TrackPointExtension>
            <ns3:atemp>30.0</ns3:atemp>
            <ns3:hr>140</ns3:hr>
            <ns3:cad>85</ns3:cad>
          </ns3:TrackPointExtension>
        </extensions>
      </trkpt>
      <trkpt lat="22.55063767544925212860107421875" lon="114.0140546858310699462890625">
        <ele>20</ele>
        <time>2026-09-11T22:47:02.000Z</time>
        <extensions>
          <ns3:TrackPointExtension>
            <ns3:atemp>30.0</ns3:atemp>
            <ns3:hr>140</ns3:hr>
            <ns3:cad>86</ns3:cad>
          </ns3:TrackPointExtension>
        </extensions>
      </trkpt>
      <trkpt lat="22.550656534731388092041015625" lon="114.01406449265778064727783203125">
        <ele>20</ele>
        <time>2026-09-11T22:47:03.000Z</time>
        <extensions>
          <ns3:TrackPointExtension>
            <ns3:atemp>30.0</ns3:atemp>
            <ns3:hr>141</ns3:hr>
            <ns3:cad>86</ns3:cad>
          </ns3:TrackPointExtension>
        </extensions>
      </trkpt>
      <trkpt lat="22.5506738014519214630126953125" lon="114.01407723315060138702392578125">
        <ele>20</ele>
        <time>2026-09-11T22:47:04.000Z</time>
        <extensions>
          <ns3:TrackPointExtension>
            <ns3:atemp>30.0</ns3:atemp>
            <ns3:hr>141</ns3:hr>
            <ns3:cad>85</ns3:cad>
          </ns3:TrackPointExtension>
        </extensions>
      </trkpt>
      <trkpt lat="22.55068981088697910308837890625" lon="114.01408259756863117218017578125">
        <ele>20.200000762939453125</ele>
        <time>2026-09-11T22:47:05.000Z</time>
        <extensions>
          <ns3:TrackPointExtension>
            <ns3:atemp>30.0</ns3:atemp>
            <ns3:hr>141</ns3:hr>
            <ns3:cad>85</ns3:cad>
          </ns3:TrackPointExtension>
        </extensions>
      </trkpt>
      <trkpt lat="22.5507100112736225128173828125" lon="114.01409315876662731170654296875">
        <ele>20.200000762939453125</ele>
        <time>2026-09-11T22:47:06.000Z</time>
        <extensions>
          <ns3:TrackPointExtension>
            <ns3:atemp>30.0</ns3:atemp>
            <ns3:hr>142</ns3:hr>
            <ns3:cad>85</ns3:cad>
          </ns3:TrackPointExtension>
        </extensions>
      </trkpt>
      <trkpt lat="22.55072660744190216064453125" lon="114.01409961283206939697265625">
        <ele>20.200000762939453125</ele>
        <time>2026-09-11T22:47:07.000Z</time>
        <extensions>
          <ns3:TrackPointExtension>
            <ns3:atemp>30.0</ns3:atemp>
            <ns3:hr>142</ns3:hr>
            <ns3:cad>86</ns3:cad>
          </ns3:TrackPointExtension>
        </extensions>
      </trkpt>
      <trkpt lat="22.550749070942401885986328125" lon="114.0141056478023529052734375">
        <ele>20.200000762939453125</ele>
        <time>2026-09-11T22:47:08.000Z</time>
        <extensions>
          <ns3:TrackPointExtension>
            <ns3:atemp>30.0</ns3:atemp>
            <ns3:hr>143</ns3:hr>
            <ns3:cad>86</ns3:cad>
          </ns3:TrackPointExtension>
        </extensions>
      </trkpt>
      <trkpt lat="22.55076860077679157257080078125" lon="114.01410673744976520538330078125">
        <ele>20.3999996185302734375</ele>
        <time>2026-09-11T22:47:09.000Z</time>
        <extensions>
          <ns3:TrackPointExtension>
            <ns3:atemp>30.0</ns3:atemp>
            <ns3:hr>143</ns3:hr>
            <ns3:cad>86</ns3:cad>
          </ns3:TrackPointExtension>
        </extensions>
      </trkpt>
      <trkpt lat="22.55078586749732494354248046875" lon="114.0141145326197147369384765625">
        <ele>20.3999996185302734375</ele>
        <time>2026-09-11T22:47:10.000Z</time>
        <extensions>
          <ns3:TrackPointExtension>
            <ns3:atemp>30.0</ns3:atemp>
            <ns3:hr>143</ns3:hr>
            <ns3:cad>86</ns3:cad>
          </ns3:TrackPointExtension>
        </extensions>
      </trkpt>
      <trkpt lat="22.550808079540729522705078125" lon="114.014126770198345184326171875">
        <ele>20.3999996185302734375</ele>
        <time>2026-09-11T22:47:11.000Z</time>
        <extensions>
          <ns3:TrackPointExtension>
            <ns3:atemp>30.0</ns3:atemp>
            <ns3:hr>144</ns3:hr>
            <ns3:cad>86</ns3:cad>
          </ns3:TrackPointExtension>
        </extensions>
      </trkpt>
      <trkpt lat="22.55082341842353343963623046875" lon="114.0141400136053562164306640625">
        <ele>20.3999996185302734375</ele>
        <time>2026-09-11T22:47:12.000Z</time>
        <extensions>
          <ns3:TrackPointExtension>
            <ns3:atemp>30.0</ns3:atemp>
            <ns3:hr>144</ns3:hr>
            <ns3:cad>86</ns3:cad>
          </ns3:TrackPointExtension>
        </extensions>
      </trkpt>
      <trkpt lat="22.55084554664790630340576171875" lon="114.014152921736240386962890625">
        <ele>20.3999996185302734375</ele>
        <time>2026-09-11T22:47:13.000Z</time>
        <extensions>
          <ns3:TrackPointExtension>
            <ns3:atemp>30.0</ns3:atemp>
            <ns3:hr>144</ns3:hr>
            <ns3:cad>86</ns3:cad>
          </ns3:TrackPointExtension>
        </extensions>
      </trkpt>
      <trkpt lat="22.55086415447294712066650390625" lon="114.0141601301729679107666015625">
        <ele>20.3999996185302734375</ele>
        <time>2026-09-11T22:47:14.000Z</time>
        <extensions>
          <ns3:TrackPointExtension>
            <ns3:atemp>30.0</ns3:atemp>
            <ns3:hr>144</ns3:hr>
            <ns3:cad>86</ns3:cad>
          </ns3:TrackPointExtension>
        </extensions>
      </trkpt>
      <trkpt lat="22.55089013837277889251708984375" lon="114.01417069137096405029296875">
        <ele>20.6000003814697265625</ele>
        <time>2026-09-11T22:47:15.000Z</time>
        <extensions>
          <ns3:TrackPointExtension>
            <ns3:atemp>30.0</ns3:atemp>
            <ns3:hr>144</ns3:hr>
            <ns3:cad>87</ns3:cad>
          </ns3:TrackPointExtension>
        </extensions>
      </trkpt>
      <trkpt lat="22.55090706981718540191650390625" lon="114.01418133638799190521240234375">
        <ele>20.6000003814697265625</ele>
        <time>2026-09-11T22:47:16.000Z</time>
        <extensions>
          <ns3:TrackPointExtension>
            <ns3:atemp>30.0</ns3:atemp>
            <ns3:hr>144</ns3:hr>
            <ns3:cad>87</ns3:cad>
          </ns3:TrackPointExtension>
        </extensions>
      </trkpt>
      <trkpt lat="22.5509289465844631195068359375" lon="114.0141941606998443603515625">
        <ele>20.799999237060546875</ele>
        <time>2026-09-11T22:47:17.000Z</time>
        <extensions>
          <ns3:TrackPointExtension>
            <ns3:atemp>30.0</ns3:atemp>
            <ns3:hr>144</ns3:hr>
            <ns3:cad>86</ns3:cad>
          </ns3:TrackPointExtension>
        </extensions>
      </trkpt>
      <trkpt lat="22.5509530864655971527099609375" lon="114.01420245878398418426513671875">
        <ele>20.799999237060546875</ele>
        <time>2026-09-11T22:47:18.000Z</time>
        <extensions>
          <ns3:TrackPointExtension>
            <ns3:atemp>30.0</ns3:atemp>
            <ns3:hr>145</ns3:hr>
            <ns3:cad>86</ns3:cad>
          </ns3:TrackPointExtension>
        </extensions>
      </trkpt>
      <trkpt lat="22.5509695149958133697509765625" lon="114.0142100863158702850341796875">
        <ele>20.799999237060546875</ele>
        <time>2026-09-11T22:47:19.000Z</time>
        <extensions>
          <ns3:TrackPointExtension>
            <ns3:atemp>30.0</ns3:atemp>
            <ns3:hr>145</ns3:hr>
            <ns3:cad>85</ns3:cad>
          </ns3:TrackPointExtension>
        </extensions>
      </trkpt>
      <trkpt lat="22.55099373869597911834716796875" lon="114.014218635857105255126953125">
        <ele>20.799999237060546875</ele>
        <time>2026-09-11T22:47:20.000Z</time>
        <extensions>
          <ns3:TrackPointExtension>
            <ns3:atemp>30.0</ns3:atemp>
            <ns3:hr>145</ns3:hr>
            <ns3:cad>85</ns3:cad>
          </ns3:TrackPointExtension>
        </extensions>
      </trkpt>
      <trkpt lat="22.55101134069263935089111328125" lon="114.0142255090177059173583984375">
        <ele>20.799999237060546875</ele>
        <time>2026-09-11T22:47:21.000Z</time>
        <extensions>
          <ns3:TrackPointExtension>
            <ns3:atemp>30.0</ns3:atemp>
            <ns3:hr>145</ns3:hr>
            <ns3:cad>85</ns3:cad>
          </ns3:TrackPointExtension>
        </extensions>
      </trkpt>
      <trkpt lat="22.55103397183120250701904296875" lon="114.01423665694892406463623046875">
        <ele>20.6000003814697265625</ele>
        <time>2026-09-11T22:47:22.000Z</time>
        <extensions>
          <ns3:TrackPointExtension>
            <ns3:atemp>30.0</ns3:atemp>
            <ns3:hr>146</ns3:hr>
            <ns3:cad>85</ns3:cad>
          </ns3:TrackPointExtension>
        </extensions>
      </trkpt>
      <trkpt lat="22.5510550104081630706787109375" lon="114.01423749513924121856689453125">
        <ele>20.6000003814697265625</ele>
        <time>2026-09-11T22:47:23.000Z</time>
        <extensions>
          <ns3:TrackPointExtension>
            <ns3:atemp>30.0</ns3:atemp>
            <ns3:hr>146</ns3:hr>
            <ns3:cad>85</ns3:cad>
          </ns3:TrackPointExtension>
        </extensions>
      </trkpt>
      <trkpt lat="22.55107906647026538848876953125" lon="114.01424973271787166595458984375">
        <ele>20.6000003814697265625</ele>
        <time>2026-09-11T22:47:24.000Z</time>
        <extensions>
          <ns3:TrackPointExtension>
            <ns3:atemp>30.0</ns3:atemp>
            <ns3:hr>146</ns3:hr>
            <ns3:cad>85</ns3:cad>
          </ns3:TrackPointExtension>
        </extensions>
      </trkpt>
      <trkpt lat="22.55110077559947967529296875" lon="114.0142576955258846282958984375">
        <ele>20.799999237060546875</ele>
        <time>2026-09-11T22:47:25.000Z</time>
        <extensions>
          <ns3:TrackPointExtension>
            <ns3:atemp>30.0</ns3:atemp>
            <ns3:hr>146</ns3:hr>
            <ns3:cad>86</ns3:cad>
          </ns3:TrackPointExtension>
        </extensions>
      </trkpt>
      <trkpt lat="22.5511213950812816619873046875" lon="114.01426616124808788299560546875">
        <ele>20.799999237060546875</ele>
        <time>2026-09-11T22:47:26.000Z</time>
        <extensions>
          <ns3:TrackPointExtension>
            <ns3:atemp>30.0</ns3:atemp>
            <ns3:hr>146</ns3:hr>
            <ns3:cad>86</ns3:cad>
          </ns3:TrackPointExtension>
        </extensions>
      </trkpt>
      <trkpt lat="22.55114478059113025665283203125" lon="114.014275968074798583984375">
        <ele>20.799999237060546875</ele>
        <time>2026-09-11T22:47:27.000Z</time>
        <extensions>
          <ns3:TrackPointExtension>
            <ns3:atemp>30.0</ns3:atemp>
            <ns3:hr>146</ns3:hr>
            <ns3:cad>86</ns3:cad>
          </ns3:TrackPointExtension>
        </extensions>
      </trkpt>
      <trkpt lat="22.5511656515300273895263671875" lon="114.014281667768955230712890625">
        <ele>20.799999237060546875</ele>
        <time>2026-09-11T22:47:28.000Z</time>
        <extensions>
          <ns3:TrackPointExtension>
            <ns3:atemp>30.0</ns3:atemp>
            <ns3:hr>147</ns3:hr>
            <ns3:cad>86</ns3:cad>
          </ns3:TrackPointExtension>
        </extensions>
      </trkpt>
      <trkpt lat="22.5511911325156688690185546875" lon="114.0142861939966678619384765625">
        <ele>20.799999237060546875</ele>
        <time>2026-09-11T22:47:29.000Z</time>
        <extensions>
          <ns3:TrackPointExtension>
            <ns3:atemp>30.0</ns3:atemp>
            <ns3:hr>147</ns3:hr>
            <ns3:cad>86</ns3:cad>
          </ns3:TrackPointExtension>
        </extensions>
      </trkpt>
      <trkpt lat="22.55120881833136081695556640625" lon="114.01429139077663421630859375">
        <ele>21</ele>
        <time>2026-09-11T22:47:30.000Z</time>
        <extensions>
          <ns3:TrackPointExtension>
            <ns3:atemp>30.0</ns3:atemp>
            <ns3:hr>147</ns3:hr>
            <ns3:cad>87</ns3:cad>
          </ns3:TrackPointExtension>
        </extensions>
      </trkpt>
      <trkpt lat="22.5512317009270191192626953125" lon="114.01429415680468082427978515625">
        <ele>21</ele>
        <time>2026-09-11T22:47:31.000Z</time>
        <extensions>
          <ns3:TrackPointExtension>
            <ns3:atemp>30.0</ns3:atemp>
            <ns3:hr>148</ns3:hr>
            <ns3:cad>87</ns3:cad>
          </ns3:TrackPointExtension>
        </extensions>
      </trkpt>
      <trkpt lat="22.5512461178004741668701171875" lon="114.0143022872507572174072265625">
        <ele>21</ele>
        <time>2026-09-11T22:47:32.000Z</time>
        <extensions>
          <ns3:TrackPointExtension>
            <ns3:atemp>30.0</ns3:atemp>
            <ns3:hr>147</ns3:hr>
            <ns3:cad>86</ns3:cad>
          </ns3:TrackPointExtension>
        </extensions>
      </trkpt>
      <trkpt lat="22.55126497708261013031005859375" lon="114.0143120102584362030029296875">
        <ele>21</ele>
        <time>2026-09-11T22:47:33.000Z</time>
        <extensions>
          <ns3:TrackPointExtension>
            <ns3:atemp>30.0</ns3:atemp>
            <ns3:hr>147</ns3:hr>
            <ns3:cad>86</ns3:cad>
          </ns3:TrackPointExtension>
        </extensions>
      </trkpt>
      <trkpt lat="22.55128542892634868621826171875" lon="114.014325924217700958251953125">
        <ele>21</ele>
        <time>2026-09-11T22:47:34.000Z</time>
        <extensions>
          <ns3:TrackPointExtension>
            <ns3:atemp>30.0</ns3:atemp>
            <ns3:hr>147</ns3:hr>
            <ns3:cad>86</ns3:cad>
          </ns3:TrackPointExtension>
        </extensions>
      </trkpt>
      <trkpt lat="22.55130453966557979583740234375" lon="114.01433673687279224395751953125">
        <ele>21</ele>
        <time>2026-09-11T22:47:35.000Z</time>
        <extensions>
          <ns3:TrackPointExtension>
            <ns3:atemp>30.0</ns3:atemp>
            <ns3:hr>147</ns3:hr>
            <ns3:cad>86</ns3:cad>
          </ns3:TrackPointExtension>
        </extensions>
      </trkpt>
      <trkpt lat="22.55133035592734813690185546875" lon="114.0143497288227081298828125">
        <ele>21</ele>
        <time>2026-09-11T22:47:36.000Z</time>
        <extensions>
          <ns3:TrackPointExtension>
            <ns3:atemp>30.0</ns3:atemp>
            <ns3:hr>147</ns3:hr>
            <ns3:cad>87</ns3:cad>
          </ns3:TrackPointExtension>
        </extensions>
      </trkpt>
      <trkpt lat="22.551347203552722930908203125" lon="114.0143596194684505462646484375">
        <ele>21</ele>
        <time>2026-09-11T22:47:37.000Z</time>
        <extensions>
          <ns3:TrackPointExtension>
            <ns3:atemp>30.0</ns3:atemp>
            <ns3:hr>147</ns3:hr>
            <ns3:cad>87</ns3:cad>
          </ns3:TrackPointExtension>
        </extensions>
      </trkpt>
      <trkpt lat="22.551372013986110687255859375" lon="114.0143649838864803314208984375">
        <ele>21</ele>
        <time>2026-09-11T22:47:38.000Z</time>
        <extensions>
          <ns3:TrackPointExtension>
            <ns3:atemp>30.0</ns3:atemp>
            <ns3:hr>147</ns3:hr>
            <ns3:cad>86</ns3:cad>
          </ns3:TrackPointExtension>
        </extensions>
      </trkpt>
      <trkpt lat="22.5513922981917858123779296875" lon="114.01436892338097095489501953125">
        <ele>21</ele>
        <time>2026-09-11T22:47:39.000Z</time>
        <extensions>
          <ns3:TrackPointExtension>
            <ns3:atemp>30.0</ns3:atemp>
            <ns3:hr>147</ns3:hr>
            <ns3:cad>86</ns3:cad>
          </ns3:TrackPointExtension>
        </extensions>
      </trkpt>
      <trkpt lat="22.55141551606357097625732421875" lon="114.01437596417963504791259765625">
        <ele>21</ele>
        <time>2026-09-11T22:47:40.000Z</time>
        <extensions>
          <ns3:TrackPointExtension>
            <ns3:atemp>30.0</ns3:atemp>
            <ns3:hr>147</ns3:hr>
            <ns3:cad>86</ns3:cad>
          </ns3:TrackPointExtension>
        </extensions>
      </trkpt>
      <trkpt lat="22.55143814720213413238525390625" lon="114.0143814124166965484619140625">
        <ele>21.200000762939453125</ele>
        <time>2026-09-11T22:47:41.000Z</time>
        <extensions>
          <ns3:TrackPointExtension>
            <ns3:atemp>30.0</ns3:atemp>
            <ns3:hr>147</ns3:hr>
            <ns3:cad>86</ns3:cad>
          </ns3:TrackPointExtension>
        </extensions>
      </trkpt>
      <trkpt lat="22.55146555602550506591796875" lon="114.01438635773956775665283203125">
        <ele>21.200000762939453125</ele>
        <time>2026-09-11T22:47:42.000Z</time>
        <extensions>
          <ns3:TrackPointExtension>
            <ns3:atemp>30.0</ns3:atemp>
            <ns3:hr>146</ns3:hr>
            <ns3:cad>86</ns3:cad>
          </ns3:TrackPointExtension>
        </extensions>
      </trkpt>
      <trkpt lat="22.55149128846824169158935546875" lon="114.01439490728080272674560546875">
        <ele>21.200000762939453125</ele>
        <time>2026-09-11T22:47:43.000Z</time>
        <extensions>
          <ns3:TrackPointExtension>
            <ns3:atemp>30.0</ns3:atemp>
            <ns3:hr>146</ns3:hr>
            <ns3:cad>86</ns3:cad>
          </ns3:TrackPointExtension>
        </extensions>
      </trkpt>
      <trkpt lat="22.55151140503585338592529296875" lon="114.014397002756595611572265625">
        <ele>21.200000762939453125</ele>
        <time>2026-09-11T22:47:44.000Z</time>
        <extensions>
          <ns3:TrackPointExtension>
            <ns3:atemp>30.0</ns3:atemp>
            <ns3:hr>146</ns3:hr>
            <ns3:cad>86</ns3:cad>
          </ns3:TrackPointExtension>
        </extensions>
      </trkpt>
      <trkpt lat="22.5515331141650676727294921875" lon="114.01440630666911602020263671875">
        <ele>21.200000762939453125</ele>
        <time>2026-09-11T22:47:45.000Z</time>
        <extensions>
          <ns3:TrackPointExtension>
            <ns3:atemp>30.0</ns3:atemp>
            <ns3:hr>145</ns3:hr>
            <ns3:cad>86</ns3:cad>
          </ns3:TrackPointExtension>
        </extensions>
      </trkpt>
      <trkpt lat="22.55154660902917385101318359375" lon="114.01441183872520923614501953125">
        <ele>21.200000762939453125</ele>
        <time>2026-09-11T22:47:46.000Z</time>
        <extensions>
          <ns3:TrackPointExtension>
            <ns3:atemp>30.0</ns3:atemp>
            <ns3:hr>145</ns3:hr>
            <ns3:cad>86</ns3:cad>
          </ns3:TrackPointExtension>
        </extensions>
      </trkpt>
      <trkpt lat="22.55156488157808780670166015625" lon="114.01442307047545909881591796875">
        <ele>21.200000762939453125</ele>
        <time>2026-09-11T22:47:47.000Z</time>
        <extensions>
          <ns3:TrackPointExtension>
            <ns3:atemp>30.0</ns3:atemp>
            <ns3:hr>145</ns3:hr>
            <ns3:cad>86</ns3:cad>
          </ns3:TrackPointExtension>
        </extensions>
      </trkpt>
      <trkpt lat="22.551589272916316986083984375" lon="114.01442944072186946868896484375">
        <ele>21.3999996185302734375</ele>
        <time>2026-09-11T22:47:48.000Z</time>
        <extensions>
          <ns3:TrackPointExtension>
            <ns3:atemp>30.0</ns3:atemp>
            <ns3:hr>146</ns3:hr>
            <ns3:cad>86</ns3:cad>
          </ns3:TrackPointExtension>
        </extensions>
      </trkpt>
      <trkpt lat="22.55161567591130733489990234375" lon="114.01443899609148502349853515625">
        <ele>21.3999996185302734375</ele>
        <time>2026-09-11T22:47:49.000Z</time>
        <extensions>
          <ns3:TrackPointExtension>
            <ns3:atemp>30.0</ns3:atemp>
            <ns3:hr>145</ns3:hr>
            <ns3:cad>86</ns3:cad>
          </ns3:TrackPointExtension>
        </extensions>
      </trkpt>
      <trkpt lat="22.551637552678585052490234375" lon="114.0144551731646060943603515625">
        <ele>21.3999996185302734375</ele>
        <time>2026-09-11T22:47:50.000Z</time>
        <extensions>
          <ns3:TrackPointExtension>
            <ns3:atemp>30.0</ns3:atemp>
            <ns3:hr>145</ns3:hr>
            <ns3:cad>86</ns3:cad>
          </ns3:TrackPointExtension>
        </extensions>
      </trkpt>
      <trkpt lat="22.5516595132648944854736328125" lon="114.01446430943906307220458984375">
        <ele>21.6000003814697265625</ele>
        <time>2026-09-11T22:47:51.000Z</time>
        <extensions>
          <ns3:TrackPointExtension>
            <ns3:atemp>30.0</ns3:atemp>
            <ns3:hr>146</ns3:hr>
            <ns3:cad>86</ns3:cad>
          </ns3:TrackPointExtension>
        </extensions>
      </trkpt>
      <trkpt lat="22.5516833178699016571044921875" lon="114.0144773013889789581298828125">
        <ele>21.6000003814697265625</ele>
        <time>2026-09-11T22:47:52.000Z</time>
        <extensions>
          <ns3:TrackPointExtension>
            <ns3:atemp>30.0</ns3:atemp>
            <ns3:hr>145</ns3:hr>
            <ns3:cad>86</ns3:cad>
          </ns3:TrackPointExtension>
        </extensions>
      </trkpt>
      <trkpt lat="22.5517044402658939361572265625" lon="114.01448786258697509765625">
        <ele>21.6000003814697265625</ele>
        <time>2026-09-11T22:47:53.000Z</time>
        <extensions>
          <ns3:TrackPointExtension>
            <ns3:atemp>30.0</ns3:atemp>
            <ns3:hr>145</ns3:hr>
            <ns3:cad>86</ns3:cad>
          </ns3:TrackPointExtension>
        </extensions>
      </trkpt>
      <trkpt lat="22.5517309270799160003662109375" lon="114.01450051926076412200927734375">
        <ele>21.799999237060546875</ele>
        <time>2026-09-11T22:47:54.000Z</time>
        <extensions>
          <ns3:TrackPointExtension>
            <ns3:atemp>30.0</ns3:atemp>
            <ns3:hr>146</ns3:hr>
            <ns3:cad>86</ns3:cad>
          </ns3:TrackPointExtension>
        </extensions>
      </trkpt>
      <trkpt lat="22.55175531841814517974853515625" lon="114.01450621895492076873779296875">
        <ele>21.799999237060546875</ele>
        <time>2026-09-11T22:47:55.000Z</time>
        <extensions>
          <ns3:TrackPointExtension>
            <ns3:atemp>30.0</ns3:atemp>
            <ns3:hr>145</ns3:hr>
            <ns3:cad>86</ns3:cad>
          </ns3:TrackPointExtension>
        </extensions>
      </trkpt>
      <trkpt lat="22.55177711136639118194580078125" lon="114.0145151875913143157958984375">
        <ele>21.799999237060546875</ele>
        <time>2026-09-11T22:47:56.000Z</time>
        <extensions>
          <ns3:TrackPointExtension>
            <ns3:atemp>30.0</ns3:atemp>
            <ns3:hr>145</ns3:hr>
            <ns3:cad>86</ns3:cad>
          </ns3:TrackPointExtension>
        </extensions>
      </trkpt>
      <trkpt lat="22.55179773084819316864013671875" lon="114.0145272575318813323974609375">
        <ele>21.799999237060546875</ele>
        <time>2026-09-11T22:47:57.000Z</time>
        <extensions>
          <ns3:TrackPointExtension>
            <ns3:atemp>30.0</ns3:atemp>
            <ns3:hr>146</ns3:hr>
            <ns3:cad>86</ns3:cad>
          </ns3:TrackPointExtension>
        </extensions>
      </trkpt>
      <trkpt lat="22.551818601787090301513671875" lon="114.0145319513976573944091796875">
        <ele>22</ele>
        <time>2026-09-11T22:47:58.000Z</time>
        <extensions>
          <ns3:TrackPointExtension>
            <ns3:atemp>30.0</ns3:atemp>
            <ns3:hr>146</ns3:hr>
            <ns3:cad>86</ns3:cad>
          </ns3:TrackPointExtension>
        </extensions>
      </trkpt>
      <trkpt lat="22.551847435534000396728515625" lon="114.01453949511051177978515625">
        <ele>22</ele>
        <time>2026-09-11T22:47:59.000Z</time>
        <extensions>
          <ns3:TrackPointExtension>
            <ns3:atemp>30.0</ns3:atemp>
            <ns3:hr>146</ns3:hr>
            <ns3:cad>87</ns3:cad>
          </ns3:TrackPointExtension>
        </extensions>
      </trkpt>
      <trkpt lat="22.55187082104384899139404296875" lon="114.0145483799278736114501953125">
        <ele>22</ele>
        <time>2026-09-11T22:48:00.000Z</time>
        <extensions>
          <ns3:TrackPointExtension>
            <ns3:atemp>30.0</ns3:atemp>
            <ns3:hr>145</ns3:hr>
            <ns3:cad>87</ns3:cad>
          </ns3:TrackPointExtension>
        </extensions>
      </trkpt>
      <trkpt lat="22.5518992356956005096435546875" lon="114.0145564265549182891845703125">
        <ele>22</ele>
        <time>2026-09-11T22:48:01.000Z</time>
        <extensions>
          <ns3:TrackPointExtension>
            <ns3:atemp>30.0</ns3:atemp>
            <ns3:hr>146</ns3:hr>
            <ns3:cad>86</ns3:cad>
          </ns3:TrackPointExtension>
        </extensions>
      </trkpt>
      <trkpt lat="22.5519203580915927886962890625" lon="114.0145607851445674896240234375">
        <ele>22</ele>
        <time>2026-09-11T22:48:02.000Z</time>
        <extensions>
          <ns3:TrackPointExtension>
            <ns3:atemp>30.0</ns3:atemp>
            <ns3:hr>146</ns3:hr>
            <ns3:cad>86</ns3:cad>
          </ns3:TrackPointExtension>
        </extensions>
      </trkpt>
      <trkpt lat="22.55194324068725109100341796875" lon="114.01457243598997592926025390625">
        <ele>22</ele>
        <time>2026-09-11T22:48:03.000Z</time>
        <extensions>
          <ns3:TrackPointExtension>
            <ns3:atemp>30.0</ns3:atemp>
            <ns3:hr>145</ns3:hr>
            <ns3:cad>86</ns3:cad>
          </ns3:TrackPointExtension>
        </extensions>
      </trkpt>
      <trkpt lat="22.55196318961679935455322265625" lon="114.01458014734089374542236328125">
        <ele>22</ele>
        <time>2026-09-11T22:48:04.000Z</time>
        <extensions>
          <ns3:TrackPointExtension>
            <ns3:atemp>30.0</ns3:atemp>
            <ns3:hr>146</ns3:hr>
            <ns3:cad>86</ns3:cad>
          </ns3:TrackPointExtension>
        </extensions>
      </trkpt>
      <trkpt lat="22.5519837252795696258544921875" lon="114.0145889483392238616943359375">
        <ele>22</ele>
        <time>2026-09-11T22:48:05.000Z</time>
        <extensions>
          <ns3:TrackPointExtension>
            <ns3:atemp>30.0</ns3:atemp>
            <ns3:hr>146</ns3:hr>
            <ns3:cad>86</ns3:cad>
          </ns3:TrackPointExtension>
        </extensions>
      </trkpt>
      <trkpt lat="22.55201063118875026702880859375" lon="114.01459674350917339324951171875">
        <ele>22</ele>
        <time>2026-09-11T22:48:06.000Z</time>
        <extensions>
          <ns3:TrackPointExtension>
            <ns3:atemp>30.0</ns3:atemp>
            <ns3:hr>145</ns3:hr>
            <ns3:cad>86</ns3:cad>
          </ns3:TrackPointExtension>
        </extensions>
      </trkpt>
      <trkpt lat="22.55203443579375743865966796875" lon="114.0146047063171863555908203125">
        <ele>22.200000762939453125</ele>
        <time>2026-09-11T22:48:07.000Z</time>
        <extensions>
          <ns3:TrackPointExtension>
            <ns3:atemp>30.0</ns3:atemp>
            <ns3:hr>146</ns3:hr>
            <ns3:cad>86</ns3:cad>
          </ns3:TrackPointExtension>
        </extensions>
      </trkpt>
      <trkpt lat="22.55205974914133548736572265625" lon="114.0146104060113430023193359375">
        <ele>22.200000762939453125</ele>
        <time>2026-09-11T22:48:08.000Z</time>
        <extensions>
          <ns3:TrackPointExtension>
            <ns3:atemp>30.0</ns3:atemp>
            <ns3:hr>146</ns3:hr>
            <ns3:cad>86</ns3:cad>
          </ns3:TrackPointExtension>
        </extensions>
      </trkpt>
      <trkpt lat="22.5520817935466766357421875" lon="114.01461417786777019500732421875">
        <ele>22.200000762939453125</ele>
        <time>2026-09-11T22:48:09.000Z</time>
        <extensions>
          <ns3:TrackPointExtension>
            <ns3:atemp>30.0</ns3:atemp>
            <ns3:hr>146</ns3:hr>
            <ns3:cad>86</ns3:cad>
          </ns3:TrackPointExtension>
        </extensions>
      </trkpt>
      <trkpt lat="22.5521067716181278228759765625" lon="114.01461769826710224151611328125">
        <ele>22.200000762939453125</ele>
        <time>2026-09-11T22:48:10.000Z</time>
        <extensions>
          <ns3:TrackPointExtension>
            <ns3:atemp>30.0</ns3:atemp>
            <ns3:hr>147</ns3:hr>
            <ns3:cad>86</ns3:cad>
          </ns3:TrackPointExtension>
        </extensions>
      </trkpt>
      <trkpt lat="22.5521265529096126556396484375" lon="114.0146248228847980499267578125">
        <ele>22.3999996185302734375</ele>
        <time>2026-09-11T22:48:11.000Z</time>
        <extensions>
          <ns3:TrackPointExtension>
            <ns3:atemp>30.0</ns3:atemp>
            <ns3:hr>147</ns3:hr>
            <ns3:cad>86</ns3:cad>
          </ns3:TrackPointExtension>
        </extensions>
      </trkpt>
      <trkpt lat="22.55214423872530460357666015625" lon="114.014629013836383819580078125">
        <ele>22.3999996185302734375</ele>
        <time>2026-09-11T22:48:12.000Z</time>
        <extensions>
          <ns3:TrackPointExtension>
            <ns3:atemp>30.0</ns3:atemp>
            <ns3:hr>148</ns3:hr>
            <ns3:cad>86</ns3:cad>
          </ns3:TrackPointExtension>
        </extensions>
      </trkpt>
      <trkpt lat="22.55217039026319980621337890625" lon="114.01463362388312816619873046875">
        <ele>22.3999996185302734375</ele>
        <time>2026-09-11T22:48:13.000Z</time>
        <extensions>
          <ns3:TrackPointExtension>
            <ns3:atemp>30.0</ns3:atemp>
            <ns3:hr>148</ns3:hr>
            <ns3:cad>86</ns3:cad>
          </ns3:TrackPointExtension>
        </extensions>
      </trkpt>
      <trkpt lat="22.55219268612563610076904296875" lon="114.01463831774890422821044921875">
        <ele>22.3999996185302734375</ele>
        <time>2026-09-11T22:48:14.000Z</time>
        <extensions>
          <ns3:TrackPointExtension>
            <ns3:atemp>30.0</ns3:atemp>
            <ns3:hr>149</ns3:hr>
            <ns3:cad>86</ns3:cad>
          </ns3:TrackPointExtension>
        </extensions>
      </trkpt>
      <trkpt lat="22.5522190891206264495849609375" lon="114.01464200578629970550537109375">
        <ele>22.3999996185302734375</ele>
        <time>2026-09-11T22:48:15.000Z</time>
        <extensions>
          <ns3:TrackPointExtension>
            <ns3:atemp>30.0</ns3:atemp>
            <ns3:hr>150</ns3:hr>
            <ns3:cad>86</ns3:cad>
          </ns3:TrackPointExtension>
        </extensions>
      </trkpt>
      <trkpt lat="22.55223669111728668212890625" lon="114.01464384980499744415283203125">
        <ele>22.3999996185302734375</ele>
        <time>2026-09-11T22:48:16.000Z</time>
        <extensions>
          <ns3:TrackPointExtension>
            <ns3:atemp>30.0</ns3:atemp>
            <ns3:hr>150</ns3:hr>
            <ns3:cad>86</ns3:cad>
          </ns3:TrackPointExtension>
        </extensions>
      </trkpt>
      <trkpt lat="22.55225940607488155364990234375" lon="114.01464502327144145965576171875">
        <ele>22.3999996185302734375</ele>
        <time>2026-09-11T22:48:17.000Z</time>
        <extensions>
          <ns3:TrackPointExtension>
            <ns3:atemp>30.0</ns3:atemp>
            <ns3:hr>151</ns3:hr>
            <ns3:cad>86</ns3:cad>
          </ns3:TrackPointExtension>
        </extensions>
      </trkpt>
      <trkpt lat="22.55227985791862010955810546875" lon="114.0146435983479022979736328125">
        <ele>22.3999996185302734375</ele>
        <time>2026-09-11T22:48:18.000Z</time>
        <extensions>
          <ns3:TrackPointExtension>
            <ns3:atemp>30.0</ns3:atemp>
            <ns3:hr>152</ns3:hr>
            <ns3:cad>86</ns3:cad>
          </ns3:TrackPointExtension>
        </extensions>
      </trkpt>
      <trkpt lat="22.55229771137237548828125" lon="114.0146412514150142669677734375">
        <ele>22.3999996185302734375</ele>
        <time>2026-09-11T22:48:19.000Z</time>
        <extensions>
          <ns3:TrackPointExtension>
            <ns3:atemp>30.0</ns3:atemp>
            <ns3:hr>152</ns3:hr>
            <ns3:cad>86</ns3:cad>
          </ns3:TrackPointExtension>
        </extensions>
      </trkpt>
      <trkpt lat="22.5523247011005878448486328125" lon="114.0146385692059993743896484375">
        <ele>22.3999996185302734375</ele>
        <time>2026-09-11T22:48:20.000Z</time>
        <extensions>
          <ns3:TrackPointExtension>
            <ns3:atemp>30.0</ns3:atemp>
            <ns3:hr>152</ns3:hr>
            <ns3:cad>86</ns3:cad>
          </ns3:TrackPointExtension>
        </extensions>
      </trkpt>
      <trkpt lat="22.5523428060114383697509765625" lon="114.01463647373020648956298828125">
        <ele>22.6000003814697265625</ele>
        <time>2026-09-11T22:48:21.000Z</time>
        <extensions>
          <ns3:TrackPointExtension>
            <ns3:atemp>30.0</ns3:atemp>
            <ns3:hr>152</ns3:hr>
            <ns3:cad>86</ns3:cad>
          </ns3:TrackPointExtension>
        </extensions>
      </trkpt>
      <trkpt lat="22.552363760769367218017578125" lon="114.01463379152119159698486328125">
        <ele>22.6000003814697265625</ele>
        <time>2026-09-11T22:48:22.000Z</time>
        <extensions>
          <ns3:TrackPointExtension>
            <ns3:atemp>30.0</ns3:atemp>
            <ns3:hr>153</ns3:hr>
            <ns3:cad>86</ns3:cad>
          </ns3:TrackPointExtension>
        </extensions>
      </trkpt>
      <trkpt lat="22.55238027311861515045166015625" lon="114.01463395915925502777099609375">
        <ele>22.6000003814697265625</ele>
        <time>2026-09-11T22:48:23.000Z</time>
        <extensions>
          <ns3:TrackPointExtension>
            <ns3:atemp>30.0</ns3:atemp>
            <ns3:hr>153</ns3:hr>
            <ns3:cad>86</ns3:cad>
          </ns3:TrackPointExtension>
        </extensions>
      </trkpt>
      <trkpt lat="22.55240156315267086029052734375" lon="114.0146338753402233123779296875">
        <ele>22.6000003814697265625</ele>
        <time>2026-09-11T22:48:24.000Z</time>
        <extensions>
          <ns3:TrackPointExtension>
            <ns3:atemp>30.0</ns3:atemp>
            <ns3:hr>153</ns3:hr>
            <ns3:cad>86</ns3:cad>
          </ns3:TrackPointExtension>
        </extensions>
      </trkpt>
      <trkpt lat="22.552417404949665069580078125" lon="114.01463077403604984283447265625">
        <ele>22.799999237060546875</ele>
        <time>2026-09-11T22:48:25.000Z</time>
        <extensions>
          <ns3:TrackPointExtension>
            <ns3:atemp>30.0</ns3:atemp>
            <ns3:hr>152</ns3:hr>
            <ns3:cad>86</ns3:cad>
          </ns3:TrackPointExtension>
        </extensions>
      </trkpt>
      <trkpt lat="22.5524329952895641326904296875" lon="114.01462021283805370330810546875">
        <ele>22.799999237060546875</ele>
        <time>2026-09-11T22:48:26.000Z</time>
        <extensions>
          <ns3:TrackPointExtension>
            <ns3:atemp>30.0</ns3:atemp>
            <ns3:hr>153</ns3:hr>
            <ns3:cad>86</ns3:cad>
          </ns3:TrackPointExtension>
        </extensions>
      </trkpt>
      <trkpt lat="22.55244992673397064208984375" lon="114.014608897268772125244140625">
        <ele>22.799999237060546875</ele>
        <time>2026-09-11T22:48:27.000Z</time>
        <extensions>
          <ns3:TrackPointExtension>
            <ns3:atemp>30.0</ns3:atemp>
            <ns3:hr>152</ns3:hr>
            <ns3:cad>86</ns3:cad>
          </ns3:TrackPointExtension>
        </extensions>
      </trkpt>
      <trkpt lat="22.55246593616902828216552734375" lon="114.01459707878530025482177734375">
        <ele>22.799999237060546875</ele>
        <time>2026-09-11T22:48:28.000Z</time>
        <extensions>
          <ns3:TrackPointExtension>
            <ns3:atemp>30.0</ns3:atemp>
            <ns3:hr>153</ns3:hr>
            <ns3:cad>86</ns3:cad>
          </ns3:TrackPointExtension>
        </extensions>
      </trkpt>
      <trkpt lat="22.552487142384052276611328125" lon="114.01458433829247951507568359375">
        <ele>22.799999237060546875</ele>
        <time>2026-09-11T22:48:29.000Z</time>
        <extensions>
          <ns3:TrackPointExtension>
            <ns3:atemp>30.0</ns3:atemp>
            <ns3:hr>152</ns3:hr>
            <ns3:cad>86</ns3:cad>
          </ns3:TrackPointExtension>
        </extensions>
      </trkpt>
      <trkpt lat="22.55250281654298305511474609375" lon="114.014568664133548736572265625">
        <ele>22.799999237060546875</ele>
        <time>2026-09-11T22:48:30.000Z</time>
        <extensions>
          <ns3:TrackPointExtension>
            <ns3:atemp>30.0</ns3:atemp>
            <ns3:hr>152</ns3:hr>
            <ns3:cad>86</ns3:cad>
          </ns3:TrackPointExtension>
        </extensions>
      </trkpt>
      <trkpt lat="22.5525255315005779266357421875" lon="114.01455634273588657379150390625">
        <ele>22.799999237060546875</ele>
        <time>2026-09-11T22:48:31.000Z</time>
        <extensions>
          <ns3:TrackPointExtension>
            <ns3:atemp>30.0</ns3:atemp>
            <ns3:hr>152</ns3:hr>
            <ns3:cad>86</ns3:cad>
          </ns3:TrackPointExtension>
        </extensions>
      </trkpt>
      <trkpt lat="22.55254154093563556671142578125" lon="114.014545865356922149658203125">
        <ele>23</ele>
        <time>2026-09-11T22:48:32.000Z</time>
        <extensions>
          <ns3:TrackPointExtension>
            <ns3:atemp>30.0</ns3:atemp>
            <ns3:hr>152</ns3:hr>
            <ns3:cad>86</ns3:cad>
          </ns3:TrackPointExtension>
        </extensions>
      </trkpt>
      <trkpt lat="22.5525610707700252532958984375" lon="114.01453253813087940216064453125">
        <ele>23</ele>
        <time>2026-09-11T22:48:33.000Z</time>
        <extensions>
          <ns3:TrackPointExtension>
            <ns3:atemp>30.0</ns3:atemp>
            <ns3:hr>153</ns3:hr>
            <ns3:cad>86</ns3:cad>
          </ns3:TrackPointExtension>
        </extensions>
      </trkpt>
      <trkpt lat="22.55258060060441493988037109375" lon="114.01451493613421916961669921875">
        <ele>23</ele>
        <time>2026-09-11T22:48:34.000Z</time>
        <extensions>
          <ns3:TrackPointExtension>
            <ns3:atemp>30.0</ns3:atemp>
            <ns3:hr>152</ns3:hr>
            <ns3:cad>86</ns3:cad>
          </ns3:TrackPointExtension>
        </extensions>
      </trkpt>
      <trkpt lat="22.55259334109723567962646484375" lon="114.014498926699161529541015625">
        <ele>23</ele>
        <time>2026-09-11T22:48:35.000Z</time>
        <extensions>
          <ns3:TrackPointExtension>
            <ns3:atemp>30.0</ns3:atemp>
            <ns3:hr>152</ns3:hr>
            <ns3:cad>86</ns3:cad>
          </ns3:TrackPointExtension>
        </extensions>
      </trkpt>
      <trkpt lat="22.55261245183646678924560546875" lon="114.014479815959930419921875">
        <ele>23</ele>
        <time>2026-09-11T22:48:36.000Z</time>
        <extensions>
          <ns3:TrackPointExtension>
            <ns3:atemp>30.0</ns3:atemp>
            <ns3:hr>152</ns3:hr>
            <ns3:cad>86</ns3:cad>
          </ns3:TrackPointExtension>
        </extensions>
      </trkpt>
      <trkpt lat="22.55262418650090694427490234375" lon="114.014465399086475372314453125">
        <ele>23</ele>
        <time>2026-09-11T22:48:37.000Z</time>
        <extensions>
          <ns3:TrackPointExtension>
            <ns3:atemp>30.0</ns3:atemp>
            <ns3:hr>152</ns3:hr>
            <ns3:cad>86</ns3:cad>
          </ns3:TrackPointExtension>
        </extensions>
      </trkpt>
      <trkpt lat="22.5526385195553302764892578125" lon="114.01445240713655948638916015625">
        <ele>23</ele>
        <time>2026-09-11T22:48:38.000Z</time>
        <extensions>
          <ns3:TrackPointExtension>
            <ns3:atemp>30.0</ns3:atemp>
            <ns3:hr>151</ns3:hr>
            <ns3:cad>85</ns3:cad>
          </ns3:TrackPointExtension>
        </extensions>
      </trkpt>
      <trkpt lat="22.55265201441943645477294921875" lon="114.01444100774824619293212890625">
        <ele>23</ele>
        <time>2026-09-11T22:48:39.000Z</time>
        <extensions>
          <ns3:TrackPointExtension>
            <ns3:atemp>30.0</ns3:atemp>
            <ns3:hr>151</ns3:hr>
            <ns3:cad>85</ns3:cad>
          </ns3:TrackPointExtension>
        </extensions>
      </trkpt>
      <trkpt lat="22.5526676885783672332763671875" lon="114.01442759670317173004150390625">
        <ele>23</ele>
        <time>2026-09-11T22:48:40.000Z</time>
        <extensions>
          <ns3:TrackPointExtension>
            <ns3:atemp>30.0</ns3:atemp>
            <ns3:hr>151</ns3:hr>
            <ns3:cad>85</ns3:cad>
          </ns3:TrackPointExtension>
        </extensions>
      </trkpt>
      <trkpt lat="22.552686966955661773681640625" lon="114.01441385038197040557861328125">
        <ele>23</ele>
        <time>2026-09-11T22:48:41.000Z</time>
        <extensions>
          <ns3:TrackPointExtension>
            <ns3:atemp>30.0</ns3:atemp>
            <ns3:hr>151</ns3:hr>
            <ns3:cad>85</ns3:cad>
          </ns3:TrackPointExtension>
        </extensions>
      </trkpt>
      <trkpt lat="22.55270398221909999847412109375" lon="114.014399014413356781005859375">
        <ele>23.200000762939453125</ele>
        <time>2026-09-11T22:48:42.000Z</time>
        <extensions>
          <ns3:TrackPointExtension>
            <ns3:atemp>30.0</ns3:atemp>
            <ns3:hr>152</ns3:hr>
            <ns3:cad>85</ns3:cad>
          </ns3:TrackPointExtension>
        </extensions>
      </trkpt>
      <trkpt lat="22.5527230091392993927001953125" lon="114.01437965221703052520751953125">
        <ele>23.200000762939453125</ele>
        <time>2026-09-11T22:48:43.000Z</time>
        <extensions>
          <ns3:TrackPointExtension>
            <ns3:atemp>30.0</ns3:atemp>
            <ns3:hr>151</ns3:hr>
            <ns3:cad>86</ns3:cad>
          </ns3:TrackPointExtension>
        </extensions>
      </trkpt>
      <trkpt lat="22.5527404434978961944580078125" lon="114.01436154730618000030517578125">
        <ele>23.200000762939453125</ele>
        <time>2026-09-11T22:48:44.000Z</time>
        <extensions>
          <ns3:TrackPointExtension>
            <ns3:atemp>30.0</ns3:atemp>
            <ns3:hr>151</ns3:hr>
            <ns3:cad>87</ns3:cad>
          </ns3:TrackPointExtension>
        </extensions>
      </trkpt>
      <trkpt lat="22.5527538545429706573486328125" lon="114.014345370233058929443359375">
        <ele>23.200000762939453125</ele>
        <time>2026-09-11T22:48:45.000Z</time>
        <extensions>
          <ns3:TrackPointExtension>
            <ns3:atemp>30.0</ns3:atemp>
            <ns3:hr>151</ns3:hr>
            <ns3:cad>86</ns3:cad>
          </ns3:TrackPointExtension>
        </extensions>
      </trkpt>
      <trkpt lat="22.5527676008641719818115234375" lon="114.01432399637997150421142578125">
        <ele>23.200000762939453125</ele>
        <time>2026-09-11T22:48:46.000Z</time>
        <extensions>
          <ns3:TrackPointExtension>
            <ns3:atemp>30.0</ns3:atemp>
            <ns3:hr>152</ns3:hr>
            <ns3:cad>86</ns3:cad>
          </ns3:TrackPointExtension>
        </extensions>
      </trkpt>
      <trkpt lat="22.55277992226183414459228515625" lon="114.0143093280494213104248046875">
        <ele>23.200000762939453125</ele>
        <time>2026-09-11T22:48:47.000Z</time>
        <extensions>
          <ns3:TrackPointExtension>
            <ns3:atemp>30.0</ns3:atemp>
            <ns3:hr>151</ns3:hr>
            <ns3:cad>85</ns3:cad>
          </ns3:TrackPointExtension>
        </extensions>
      </trkpt>
      <trkpt lat="22.552796266973018646240234375" lon="114.01429700665175914764404296875">
        <ele>23.200000762939453125</ele>
        <time>2026-09-11T22:48:48.000Z</time>
        <extensions>
          <ns3:TrackPointExtension>
            <ns3:atemp>30.0</ns3:atemp>
            <ns3:hr>151</ns3:hr>
            <ns3:cad>85</ns3:cad>
          </ns3:TrackPointExtension>
        </extensions>
      </trkpt>
      <trkpt lat="22.5528086721897125244140625" lon="114.014280997216701507568359375">
        <ele>23.200000762939453125</ele>
        <time>2026-09-11T22:48:49.000Z</time>
        <extensions>
          <ns3:TrackPointExtension>
            <ns3:atemp>30.0</ns3:atemp>
            <ns3:hr>151</ns3:hr>
            <ns3:cad>85</ns3:cad>
          </ns3:TrackPointExtension>
        </extensions>
      </trkpt>
      <trkpt lat="22.55282183177769184112548828125" lon="114.014259539544582366943359375">
        <ele>23.200000762939453125</ele>
        <time>2026-09-11T22:48:50.000Z</time>
        <extensions>
          <ns3:TrackPointExtension>
            <ns3:atemp>30.0</ns3:atemp>
            <ns3:hr>151</ns3:hr>
            <ns3:cad>85</ns3:cad>
          </ns3:TrackPointExtension>
        </extensions>
      </trkpt>
      <trkpt lat="22.55283608101308345794677734375" lon="114.0142426081001758575439453125">
        <ele>23.3999996185302734375</ele>
        <time>2026-09-11T22:48:51.000Z</time>
        <extensions>
          <ns3:TrackPointExtension>
            <ns3:atemp>30.0</ns3:atemp>
            <ns3:hr>152</ns3:hr>
            <ns3:cad>86</ns3:cad>
          </ns3:TrackPointExtension>
        </extensions>
      </trkpt>
      <trkpt lat="22.55284982733428478240966796875" lon="114.014225341379642486572265625">
        <ele>23.3999996185302734375</ele>
        <time>2026-09-11T22:48:52.000Z</time>
        <extensions>
          <ns3:TrackPointExtension>
            <ns3:atemp>30.0</ns3:atemp>
            <ns3:hr>151</ns3:hr>
            <ns3:cad>86</ns3:cad>
          </ns3:TrackPointExtension>
        </extensions>
      </trkpt>
      <trkpt lat="22.55286340601742267608642578125" lon="114.0142050571739673614501953125">
        <ele>23.3999996185302734375</ele>
        <time>2026-09-11T22:48:53.000Z</time>
        <extensions>
          <ns3:TrackPointExtension>
            <ns3:atemp>30.0</ns3:atemp>
            <ns3:hr>151</ns3:hr>
            <ns3:cad>86</ns3:cad>
          </ns3:TrackPointExtension>
        </extensions>
      </trkpt>
      <trkpt lat="22.5528789125382900238037109375" lon="114.0141842700541019439697265625">
        <ele>23.3999996185302734375</ele>
        <time>2026-09-11T22:48:54.000Z</time>
        <extensions>
          <ns3:TrackPointExtension>
            <ns3:atemp>30.0</ns3:atemp>
            <ns3:hr>151</ns3:hr>
            <ns3:cad>86</ns3:cad>
          </ns3:TrackPointExtension>
        </extensions>
      </trkpt>
      <trkpt lat="22.55290187895298004150390625" lon="114.01415862143039703369140625">
        <ele>23.3999996185302734375</ele>
        <time>2026-09-11T22:48:55.000Z</time>
        <extensions>
          <ns3:TrackPointExtension>
            <ns3:atemp>30.0</ns3:atemp>
            <ns3:hr>151</ns3:hr>
            <ns3:cad>86</ns3:cad>
          </ns3:TrackPointExtension>
        </extensions>
      </trkpt>
      <trkpt lat="22.55291688255965709686279296875" lon="114.0141359902918338775634765625">
        <ele>23.3999996185302734375</ele>
        <time>2026-09-11T22:48:56.000Z</time>
        <extensions>
          <ns3:TrackPointExtension>
            <ns3:atemp>30.0</ns3:atemp>
            <ns3:hr>150</ns3:hr>
            <ns3:cad>86</ns3:cad>
          </ns3:TrackPointExtension>
        </extensions>
      </trkpt>
      <trkpt lat="22.552935741841793060302734375" lon="114.0141125209629535675048828125">
        <ele>23.6000003814697265625</ele>
        <time>2026-09-11T22:48:57.000Z</time>
        <extensions>
          <ns3:TrackPointExtension>
            <ns3:atemp>30.0</ns3:atemp>
            <ns3:hr>150</ns3:hr>
            <ns3:cad>86</ns3:cad>
          </ns3:TrackPointExtension>
        </extensions>
      </trkpt>
      <trkpt lat="22.55294705741107463836669921875" lon="114.01409030891954898834228515625">
        <ele>23.6000003814697265625</ele>
        <time>2026-09-11T22:48:58.000Z</time>
        <extensions>
          <ns3:TrackPointExtension>
            <ns3:atemp>30.0</ns3:atemp>
            <ns3:hr>150</ns3:hr>
            <ns3:cad>86</ns3:cad>
          </ns3:TrackPointExtension>
        </extensions>
      </trkpt>
      <trkpt lat="22.55296180956065654754638671875" lon="114.01406901888549327850341796875">
        <ele>23.6000003814697265625</ele>
        <time>2026-09-11T22:48:59.000Z</time>
        <extensions>
          <ns3:TrackPointExtension>
            <ns3:atemp>30.0</ns3:atemp>
            <ns3:hr>150</ns3:hr>
            <ns3:cad>86</ns3:cad>
          </ns3:TrackPointExtension>
        </extensions>
      </trkpt>
      <trkpt lat="22.552982009947299957275390625" lon="114.0140518359839916229248046875">
        <ele>23.6000003814697265625</ele>
        <time>2026-09-11T22:49:00.000Z</time>
        <extensions>
          <ns3:TrackPointExtension>
            <ns3:atemp>30.0</ns3:atemp>
            <ns3:hr>150</ns3:hr>
            <ns3:cad>86</ns3:cad>
          </ns3:TrackPointExtension>
        </extensions>
      </trkpt>
      <trkpt lat="22.5529976002871990203857421875" lon="114.014032222330570220947265625">
        <ele>23.6000003814697265625</ele>
        <time>2026-09-11T22:49:01.000Z</time>
        <extensions>
          <ns3:TrackPointExtension>
            <ns3:atemp>30.0</ns3:atemp>
            <ns3:hr>149</ns3:hr>
            <ns3:cad>87</ns3:cad>
          </ns3:TrackPointExtension>
        </extensions>
      </trkpt>
      <trkpt lat="22.55301746539771556854248046875" lon="114.0140109322965145111083984375">
        <ele>23.799999237060546875</ele>
        <time>2026-09-11T22:49:02.000Z</time>
        <extensions>
          <ns3:TrackPointExtension>
            <ns3:atemp>30.0</ns3:atemp>
            <ns3:hr>149</ns3:hr>
            <ns3:cad>87</ns3:cad>
          </ns3:TrackPointExtension>
        </extensions>
      </trkpt>
      <trkpt lat="22.553024254739284515380859375" lon="114.01399408467113971710205078125">
        <ele>23.799999237060546875</ele>
        <time>2026-09-11T22:49:03.000Z</time>
        <extensions>
          <ns3:TrackPointExtension>
            <ns3:atemp>30.0</ns3:atemp>
            <ns3:hr>149</ns3:hr>
            <ns3:cad>87</ns3:cad>
          </ns3:TrackPointExtension>
        </extensions>
      </trkpt>
      <trkpt lat="22.55303791724145412445068359375" lon="114.0139757283031940460205078125">
        <ele>23.799999237060546875</ele>
        <time>2026-09-11T22:49:04.000Z</time>
        <extensions>
          <ns3:TrackPointExtension>
            <ns3:atemp>30.0</ns3:atemp>
            <ns3:hr>148</ns3:hr>
            <ns3:cad>86</ns3:cad>
          </ns3:TrackPointExtension>
        </extensions>
      </trkpt>
      <trkpt lat="22.5530532561242580413818359375" lon="114.01396072469651699066162109375">
        <ele>23.799999237060546875</ele>
        <time>2026-09-11T22:49:05.000Z</time>
        <extensions>
          <ns3:TrackPointExtension>
            <ns3:atemp>30.0</ns3:atemp>
            <ns3:hr>148</ns3:hr>
            <ns3:cad>86</ns3:cad>
          </ns3:TrackPointExtension>
        </extensions>
      </trkpt>
      <trkpt lat="22.55306842736899852752685546875" lon="114.01394404470920562744140625">
        <ele>24</ele>
        <time>2026-09-11T22:49:06.000Z</time>
        <extensions>
          <ns3:TrackPointExtension>
            <ns3:atemp>30.0</ns3:atemp>
            <ns3:hr>148</ns3:hr>
            <ns3:cad>86</ns3:cad>
          </ns3:TrackPointExtension>
        </extensions>
      </trkpt>
      <trkpt lat="22.55308183841407299041748046875" lon="114.01392920874059200286865234375">
        <ele>24</ele>
        <time>2026-09-11T22:49:07.000Z</time>
        <extensions>
          <ns3:TrackPointExtension>
            <ns3:atemp>30.0</ns3:atemp>
            <ns3:hr>148</ns3:hr>
            <ns3:cad>86</ns3:cad>
          </ns3:TrackPointExtension>
        </extensions>
      </trkpt>
      <trkpt lat="22.55309374071657657623291015625" lon="114.0139123611152172088623046875">
        <ele>24</ele>
        <time>2026-09-11T22:49:08.000Z</time>
        <extensions>
          <ns3:TrackPointExtension>
            <ns3:atemp>30.0</ns3:atemp>
            <ns3:hr>148</ns3:hr>
            <ns3:cad>86</ns3:cad>
          </ns3:TrackPointExtension>
        </extensions>
      </trkpt>
      <trkpt lat="22.55310463719069957733154296875" lon="114.013892076909542083740234375">
        <ele>24</ele>
        <time>2026-09-11T22:49:09.000Z</time>
        <extensions>
          <ns3:TrackPointExtension>
            <ns3:atemp>30.0</ns3:atemp>
            <ns3:hr>148</ns3:hr>
            <ns3:cad>86</ns3:cad>
          </ns3:TrackPointExtension>
        </extensions>
      </trkpt>
      <trkpt lat="22.55311721004545688629150390625" lon="114.0138714574277400970458984375">
        <ele>24</ele>
        <time>2026-09-11T22:49:10.000Z</time>
        <extensions>
          <ns3:TrackPointExtension>
            <ns3:atemp>30.0</ns3:atemp>
            <ns3:hr>147</ns3:hr>
            <ns3:cad>86</ns3:cad>
          </ns3:TrackPointExtension>
        </extensions>
      </trkpt>
      <trkpt lat="22.5531374104321002960205078125" lon="114.0138446353375911712646484375">
        <ele>24</ele>
        <time>2026-09-11T22:49:11.000Z</time>
        <extensions>
          <ns3:TrackPointExtension>
            <ns3:atemp>30.0</ns3:atemp>
            <ns3:hr>147</ns3:hr>
            <ns3:cad>86</ns3:cad>
          </ns3:TrackPointExtension>
        </extensions>
      </trkpt>
      <trkpt lat="22.55315274931490421295166015625" lon="114.0138251893222332000732421875">
        <ele>24</ele>
        <time>2026-09-11T22:49:12.000Z</time>
        <extensions>
          <ns3:TrackPointExtension>
            <ns3:atemp>30.0</ns3:atemp>
            <ns3:hr>147</ns3:hr>
            <ns3:cad>86</ns3:cad>
          </ns3:TrackPointExtension>
        </extensions>
      </trkpt>
      <trkpt lat="22.5531679205596446990966796875" lon="114.0138013847172260284423828125">
        <ele>24</ele>
        <time>2026-09-11T22:49:13.000Z</time>
        <extensions>
          <ns3:TrackPointExtension>
            <ns3:atemp>30.0</ns3:atemp>
            <ns3:hr>147</ns3:hr>
            <ns3:cad>86</ns3:cad>
          </ns3:TrackPointExtension>
        </extensions>
      </trkpt>
      <trkpt lat="22.55317638628184795379638671875" lon="114.01377640664577484130859375">
        <ele>24</ele>
        <time>2026-09-11T22:49:14.000Z</time>
        <extensions>
          <ns3:TrackPointExtension>
            <ns3:atemp>30.0</ns3:atemp>
            <ns3:hr>147</ns3:hr>
            <ns3:cad>86</ns3:cad>
          </ns3:TrackPointExtension>
        </extensions>
      </trkpt>
      <trkpt lat="22.553192563354969024658203125" lon="114.0137507580220699310302734375">
        <ele>24.200000762939453125</ele>
        <time>2026-09-11T22:49:15.000Z</time>
        <extensions>
          <ns3:TrackPointExtension>
            <ns3:atemp>30.0</ns3:atemp>
            <ns3:hr>147</ns3:hr>
            <ns3:cad>86</ns3:cad>
          </ns3:TrackPointExtension>
        </extensions>
      </trkpt>
      <trkpt lat="22.5532068125903606414794921875" lon="114.01372988708317279815673828125">
        <ele>24.200000762939453125</ele>
        <time>2026-09-11T22:49:16.000Z</time>
        <extensions>
          <ns3:TrackPointExtension>
            <ns3:atemp>30.0</ns3:atemp>
            <ns3:hr>148</ns3:hr>
            <ns3:cad>86</ns3:cad>
          </ns3:TrackPointExtension>
        </extensions>
      </trkpt>
      <trkpt lat="22.55322198383510112762451171875" lon="114.0137128718197345733642578125">
        <ele>24.200000762939453125</ele>
        <time>2026-09-11T22:49:17.000Z</time>
        <extensions>
          <ns3:TrackPointExtension>
            <ns3:atemp>30.0</ns3:atemp>
            <ns3:hr>148</ns3:hr>
            <ns3:cad>86</ns3:cad>
          </ns3:TrackPointExtension>
        </extensions>
      </trkpt>
      <trkpt lat="22.5532406754791736602783203125" lon="114.013696946203708648681640625">
        <ele>24.200000762939453125</ele>
        <time>2026-09-11T22:49:18.000Z</time>
        <extensions>
          <ns3:TrackPointExtension>
            <ns3:atemp>30.0</ns3:atemp>
            <ns3:hr>148</ns3:hr>
            <ns3:cad>86</ns3:cad>
          </ns3:TrackPointExtension>
        </extensions>
      </trkpt>
      <trkpt lat="22.55325190722942352294921875" lon="114.013681523501873016357421875">
        <ele>24.3999996185302734375</ele>
        <time>2026-09-11T22:49:19.000Z</time>
        <extensions>
          <ns3:TrackPointExtension>
            <ns3:atemp>30.0</ns3:atemp>
            <ns3:hr>149</ns3:hr>
            <ns3:cad>86</ns3:cad>
          </ns3:TrackPointExtension>
        </extensions>
      </trkpt>
      <trkpt lat="22.5532705150544643402099609375" lon="114.0136684477329254150390625">
        <ele>24.200000762939453125</ele>
        <time>2026-09-11T22:49:20.000Z</time>
        <extensions>
          <ns3:TrackPointExtension>
            <ns3:atemp>30.0</ns3:atemp>
            <ns3:hr>149</ns3:hr>
            <ns3:cad>86</ns3:cad>
          </ns3:TrackPointExtension>
        </extensions>
      </trkpt>
      <trkpt lat="22.553285099565982818603515625" lon="114.01365528814494609832763671875">
        <ele>24.3999996185302734375</ele>
        <time>2026-09-11T22:49:21.000Z</time>
        <extensions>
          <ns3:TrackPointExtension>
            <ns3:atemp>30.0</ns3:atemp>
            <ns3:hr>149</ns3:hr>
            <ns3:cad>86</ns3:cad>
          </ns3:TrackPointExtension>
        </extensions>
      </trkpt>
      <trkpt lat="22.5532996840775012969970703125" lon="114.013640619814395904541015625">
        <ele>24.3999996185302734375</ele>
        <time>2026-09-11T22:49:22.000Z</time>
        <extensions>
          <ns3:TrackPointExtension>
            <ns3:atemp>30.0</ns3:atemp>
            <ns3:hr>149</ns3:hr>
            <ns3:cad>86</ns3:cad>
          </ns3:TrackPointExtension>
        </extensions>
      </trkpt>
      <trkpt lat="22.55331435240805149078369140625" lon="114.0136243589222431182861328125">
        <ele>24.3999996185302734375</ele>
        <time>2026-09-11T22:49:23.000Z</time>
        <extensions>
          <ns3:TrackPointExtension>
            <ns3:atemp>30.0</ns3:atemp>
            <ns3:hr>149</ns3:hr>
            <ns3:cad>86</ns3:cad>
          </ns3:TrackPointExtension>
        </extensions>
      </trkpt>
      <trkpt lat="22.55332432687282562255859375" lon="114.0136035718023777008056640625">
        <ele>24.3999996185302734375</ele>
        <time>2026-09-11T22:49:24.000Z</time>
        <extensions>
          <ns3:TrackPointExtension>
            <ns3:atemp>30.0</ns3:atemp>
            <ns3:hr>149</ns3:hr>
            <ns3:cad>85</ns3:cad>
          </ns3:TrackPointExtension>
        </extensions>
      </trkpt>
      <trkpt lat="22.55333882756531238555908203125" lon="114.01358789764344692230224609375">
        <ele>24.3999996185302734375</ele>
        <time>2026-09-11T22:49:25.000Z</time>
        <extensions>
          <ns3:TrackPointExtension>
            <ns3:atemp>30.0</ns3:atemp>
            <ns3:hr>149</ns3:hr>
            <ns3:cad>85</ns3:cad>
          </ns3:TrackPointExtension>
        </extensions>
      </trkpt>
      <trkpt lat="22.55335190333425998687744140625" lon="114.01357113383710384368896484375">
        <ele>24.6000003814697265625</ele>
        <time>2026-09-11T22:49:26.000Z</time>
        <extensions>
          <ns3:TrackPointExtension>
            <ns3:atemp>30.0</ns3:atemp>
            <ns3:hr>150</ns3:hr>
            <ns3:cad>86</ns3:cad>
          </ns3:TrackPointExtension>
        </extensions>
      </trkpt>
      <trkpt lat="22.5533710978925228118896484375" lon="114.0135552920401096343994140625">
        <ele>24.6000003814697265625</ele>
        <time>2026-09-11T22:49:27.000Z</time>
        <extensions>
          <ns3:TrackPointExtension>
            <ns3:atemp>30.0</ns3:atemp>
            <ns3:hr>150</ns3:hr>
            <ns3:cad>86</ns3:cad>
          </ns3:TrackPointExtension>
        </extensions>
      </trkpt>
      <trkpt lat="22.5533875264227390289306640625" lon="114.01353626511991024017333984375">
        <ele>24.6000003814697265625</ele>
        <time>2026-09-11T22:49:28.000Z</time>
        <extensions>
          <ns3:TrackPointExtension>
            <ns3:atemp>30.0</ns3:atemp>
            <ns3:hr>150</ns3:hr>
            <ns3:cad>87</ns3:cad>
          </ns3:TrackPointExtension>
        </extensions>
      </trkpt>
      <trkpt lat="22.55340571515262126922607421875" lon="114.01351447217166423797607421875">
        <ele>24.6000003814697265625</ele>
        <time>2026-09-11T22:49:29.000Z</time>
        <extensions>
          <ns3:TrackPointExtension>
            <ns3:atemp>30.0</ns3:atemp>
            <ns3:hr>150</ns3:hr>
            <ns3:cad>87</ns3:cad>
          </ns3:TrackPointExtension>
        </extensions>
      </trkpt>
      <trkpt lat="22.5534240715205669403076171875" lon="114.01349452324211597442626953125">
        <ele>24.6000003814697265625</ele>
        <time>2026-09-11T22:49:30.000Z</time>
        <extensions>
          <ns3:TrackPointExtension>
            <ns3:atemp>30.0</ns3:atemp>
            <ns3:hr>150</ns3:hr>
            <ns3:cad>87</ns3:cad>
          </ns3:TrackPointExtension>
        </extensions>
      </trkpt>
      <trkpt lat="22.5534461997449398040771484375" lon="114.013467617332935333251953125">
        <ele>24.6000003814697265625</ele>
        <time>2026-09-11T22:49:31.000Z</time>
        <extensions>
          <ns3:TrackPointExtension>
            <ns3:atemp>30.0</ns3:atemp>
            <ns3:hr>150</ns3:hr>
            <ns3:cad>86</ns3:cad>
          </ns3:TrackPointExtension>
        </extensions>
      </trkpt>
      <trkpt lat="22.5534676574170589447021484375" lon="114.0134456567466259002685546875">
        <ele>24.6000003814697265625</ele>
        <time>2026-09-11T22:49:32.000Z</time>
        <extensions>
          <ns3:TrackPointExtension>
            <ns3:atemp>30.0</ns3:atemp>
            <ns3:hr>150</ns3:hr>
            <ns3:cad>86</ns3:cad>
          </ns3:TrackPointExtension>
        </extensions>
      </trkpt>
      <trkpt lat="22.55348349921405315399169921875" lon="114.01342730037868022918701171875">
        <ele>24.6000003814697265625</ele>
        <time>2026-09-11T22:49:33.000Z</time>
        <extensions>
          <ns3:TrackPointExtension>
            <ns3:atemp>30.0</ns3:atemp>
            <ns3:hr>150</ns3:hr>
            <ns3:cad>86</ns3:cad>
          </ns3:TrackPointExtension>
        </extensions>
      </trkpt>
      <trkpt lat="22.5535008497536182403564453125" lon="114.01340684853494167327880859375">
        <ele>24.6000003814697265625</ele>
        <time>2026-09-11T22:49:34.000Z</time>
        <extensions>
          <ns3:TrackPointExtension>
            <ns3:atemp>30.0</ns3:atemp>
            <ns3:hr>150</ns3:hr>
            <ns3:cad>86</ns3:cad>
          </ns3:TrackPointExtension>
        </extensions>
      </trkpt>
      <trkpt lat="22.5535129196941852569580078125" lon="114.01338958181440830230712890625">
        <ele>24.6000003814697265625</ele>
        <time>2026-09-11T22:49:35.000Z</time>
        <extensions>
          <ns3:TrackPointExtension>
            <ns3:atemp>30.0</ns3:atemp>
            <ns3:hr>150</ns3:hr>
            <ns3:cad>86</ns3:cad>
          </ns3:TrackPointExtension>
        </extensions>
      </trkpt>
      <trkpt lat="22.553522475063800811767578125" lon="114.01336577720940113067626953125">
        <ele>24.6000003814697265625</ele>
        <time>2026-09-11T22:49:36.000Z</time>
        <extensions>
          <ns3:TrackPointExtension>
            <ns3:atemp>30.0</ns3:atemp>
            <ns3:hr>150</ns3:hr>
            <ns3:cad>86</ns3:cad>
          </ns3:TrackPointExtension>
        </extensions>
      </trkpt>
      <trkpt lat="22.55353010259568691253662109375" lon="114.01334314607083797454833984375">
        <ele>24.6000003814697265625</ele>
        <time>2026-09-11T22:49:37.000Z</time>
        <extensions>
          <ns3:TrackPointExtension>
            <ns3:atemp>30.0</ns3:atemp>
            <ns3:hr>150</ns3:hr>
            <ns3:cad>86</ns3:cad>
          </ns3:TrackPointExtension>
        </extensions>
      </trkpt>
      <trkpt lat="22.553544603288173675537109375" lon="114.013319425284862518310546875">
        <ele>24.6000003814697265625</ele>
        <time>2026-09-11T22:49:38.000Z</time>
        <extensions>
          <ns3:TrackPointExtension>
            <ns3:atemp>30.0</ns3:atemp>
            <ns3:hr>150</ns3:hr>
            <ns3:cad>86</ns3:cad>
          </ns3:TrackPointExtension>
        </extensions>
      </trkpt>
      <trkpt lat="22.5535568408668041229248046875" lon="114.0132994763553142547607421875">
        <ele>24.6000003814697265625</ele>
        <time>2026-09-11T22:49:39.000Z</time>
        <extensions>
          <ns3:TrackPointExtension>
            <ns3:atemp>30.0</ns3:atemp>
            <ns3:hr>150</ns3:hr>
            <ns3:cad>85</ns3:cad>
          </ns3:TrackPointExtension>
        </extensions>
      </trkpt>
      <trkpt lat="22.55356480367481708526611328125" lon="114.0132776834070682525634765625">
        <ele>24.6000003814697265625</ele>
        <time>2026-09-11T22:49:40.000Z</time>
        <extensions>
          <ns3:TrackPointExtension>
            <ns3:atemp>30.0</ns3:atemp>
            <ns3:hr>150</ns3:hr>
            <ns3:cad>85</ns3:cad>
          </ns3:TrackPointExtension>
        </extensions>
      </trkpt>
      <trkpt lat="22.55357653833925724029541015625" lon="114.01325647719204425811767578125">
        <ele>24.6000003814697265625</ele>
        <time>2026-09-11T22:49:41.000Z</time>
        <extensions>
          <ns3:TrackPointExtension>
            <ns3:atemp>30.0</ns3:atemp>
            <ns3:hr>151</ns3:hr>
            <ns3:cad>85</ns3:cad>
          </ns3:TrackPointExtension>
        </extensions>
      </trkpt>
      <trkpt lat="22.55358726717531681060791015625" lon="114.01323418132960796356201171875">
        <ele>24.799999237060546875</ele>
        <time>2026-09-11T22:49:42.000Z</time>
        <extensions>
          <ns3:TrackPointExtension>
            <ns3:atemp>30.0</ns3:atemp>
            <ns3:hr>150</ns3:hr>
            <ns3:cad>85</ns3:cad>
          </ns3:TrackPointExtension>
        </extensions>
      </trkpt>
      <trkpt lat="22.55360168404877185821533203125" lon="114.0132119692862033843994140625">
        <ele>24.799999237060546875</ele>
        <time>2026-09-11T22:49:43.000Z</time>
        <extensions>
          <ns3:TrackPointExtension>
            <ns3:atemp>30.0</ns3:atemp>
            <ns3:hr>150</ns3:hr>
            <ns3:cad>85</ns3:cad>
          </ns3:TrackPointExtension>
        </extensions>
      </trkpt>
      <trkpt lat="22.55361526273190975189208984375" lon="114.013192355632781982421875">
        <ele>24.799999237060546875</ele>
        <time>2026-09-11T22:49:44.000Z</time>
        <extensions>
          <ns3:TrackPointExtension>
            <ns3:atemp>30.0</ns3:atemp>
            <ns3:hr>150</ns3:hr>
            <ns3:cad>85</ns3:cad>
          </ns3:TrackPointExtension>
        </extensions>
      </trkpt>
      <trkpt lat="22.55362548865377902984619140625" lon="114.0131744183599948883056640625">
        <ele>24.799999237060546875</ele>
        <time>2026-09-11T22:49:45.000Z</time>
        <extensions>
          <ns3:TrackPointExtension>
            <ns3:atemp>30.0</ns3:atemp>
            <ns3:hr>150</ns3:hr>
            <ns3:cad>85</ns3:cad>
          </ns3:TrackPointExtension>
        </extensions>
      </trkpt>
      <trkpt lat="22.5536409951746463775634765625" lon="114.0131539665162563323974609375">
        <ele>24.799999237060546875</ele>
        <time>2026-09-11T22:49:46.000Z</time>
        <extensions>
          <ns3:TrackPointExtension>
            <ns3:atemp>30.0</ns3:atemp>
            <ns3:hr>150</ns3:hr>
            <ns3:cad>85</ns3:cad>
          </ns3:TrackPointExtension>
        </extensions>
      </trkpt>
      <trkpt lat="22.55365214310586452484130859375" lon="114.01313443668186664581298828125">
        <ele>24.799999237060546875</ele>
        <time>2026-09-11T22:49:47.000Z</time>
        <extensions>
          <ns3:TrackPointExtension>
            <ns3:atemp>30.0</ns3:atemp>
            <ns3:hr>150</ns3:hr>
            <ns3:cad>85</ns3:cad>
          </ns3:TrackPointExtension>
        </extensions>
      </trkpt>
      <trkpt lat="22.5536668114364147186279296875" lon="114.013107530772686004638671875">
        <ele>24.799999237060546875</ele>
        <time>2026-09-11T22:49:48.000Z</time>
        <extensions>
          <ns3:TrackPointExtension>
            <ns3:atemp>30.0</ns3:atemp>
            <ns3:hr>150</ns3:hr>
            <ns3:cad>85</ns3:cad>
          </ns3:TrackPointExtension>
        </extensions>
      </trkpt>
      <trkpt lat="22.55367879755795001983642578125" lon="114.0130879171192646026611328125">
        <ele>24.799999237060546875</ele>
        <time>2026-09-11T22:49:49.000Z</time>
        <extensions>
          <ns3:TrackPointExtension>
            <ns3:atemp>30.0</ns3:atemp>
            <ns3:hr>150</ns3:hr>
            <ns3:cad>85</ns3:cad>
          </ns3:TrackPointExtension>
        </extensions>
      </trkpt>
      <trkpt lat="22.55369354970753192901611328125" lon="114.01306419633328914642333984375">
        <ele>25</ele>
        <time>2026-09-11T22:49:50.000Z</time>
        <extensions>
          <ns3:TrackPointExtension>
            <ns3:atemp>30.0</ns3:atemp>
            <ns3:hr>150</ns3:hr>
            <ns3:cad>85</ns3:cad>
          </ns3:TrackPointExtension>
        </extensions>
      </trkpt>
      <trkpt lat="22.55371064879000186920166015625" lon="114.01304340921342372894287109375">
        <ele>25</ele>
        <time>2026-09-11T22:49:51.000Z</time>
        <extensions>
          <ns3:TrackPointExtension>
            <ns3:atemp>30.0</ns3:atemp>
            <ns3:hr>150</ns3:hr>
            <ns3:cad>85</ns3:cad>
          </ns3:TrackPointExtension>
        </extensions>
      </trkpt>
      <trkpt lat="22.553722970187664031982421875" lon="114.01302681304514408111572265625">
        <ele>25</ele>
        <time>2026-09-11T22:49:52.000Z</time>
        <extensions>
          <ns3:TrackPointExtension>
            <ns3:atemp>30.0</ns3:atemp>
            <ns3:hr>150</ns3:hr>
            <ns3:cad>85</ns3:cad>
          </ns3:TrackPointExtension>
        </extensions>
      </trkpt>
      <trkpt lat="22.55374115891754627227783203125" lon="114.01300200261175632476806640625">
        <ele>25</ele>
        <time>2026-09-11T22:49:53.000Z</time>
        <extensions>
          <ns3:TrackPointExtension>
            <ns3:atemp>30.0</ns3:atemp>
            <ns3:hr>151</ns3:hr>
            <ns3:cad>85</ns3:cad>
          </ns3:TrackPointExtension>
        </extensions>
      </trkpt>
      <trkpt lat="22.5537523068487644195556640625" lon="114.01298205368220806121826171875">
        <ele>25</ele>
        <time>2026-09-11T22:49:54.000Z</time>
        <extensions>
          <ns3:TrackPointExtension>
            <ns3:atemp>30.0</ns3:atemp>
            <ns3:hr>151</ns3:hr>
            <ns3:cad>87</ns3:cad>
          </ns3:TrackPointExtension>
        </extensions>
      </trkpt>
      <trkpt lat="22.55376823246479034423828125" lon="114.01295741088688373565673828125">
        <ele>25</ele>
        <time>2026-09-11T22:49:55.000Z</time>
        <extensions>
          <ns3:TrackPointExtension>
            <ns3:atemp>30.0</ns3:atemp>
            <ns3:hr>151</ns3:hr>
            <ns3:cad>87</ns3:cad>
          </ns3:TrackPointExtension>
        </extensions>
      </trkpt>
      <trkpt lat="22.55378658883273601531982421875" lon="114.01293821632862091064453125">
        <ele>25.200000762939453125</ele>
        <time>2026-09-11T22:49:56.000Z</time>
        <extensions>
          <ns3:TrackPointExtension>
            <ns3:atemp>30.0</ns3:atemp>
            <ns3:hr>151</ns3:hr>
            <ns3:cad>86</ns3:cad>
          </ns3:TrackPointExtension>
        </extensions>
      </trkpt>
      <trkpt lat="22.55380469374358654022216796875" lon="114.0129201114177703857421875">
        <ele>25.200000762939453125</ele>
        <time>2026-09-11T22:49:57.000Z</time>
        <extensions>
          <ns3:TrackPointExtension>
            <ns3:atemp>30.0</ns3:atemp>
            <ns3:hr>151</ns3:hr>
            <ns3:cad>86</ns3:cad>
          </ns3:TrackPointExtension>
        </extensions>
      </trkpt>
      <trkpt lat="22.55382581613957881927490234375" lon="114.01289840228855609893798828125">
        <ele>25.200000762939453125</ele>
        <time>2026-09-11T22:49:58.000Z</time>
        <extensions>
          <ns3:TrackPointExtension>
            <ns3:atemp>30.0</ns3:atemp>
            <ns3:hr>151</ns3:hr>
            <ns3:cad>85</ns3:cad>
          </ns3:TrackPointExtension>
        </extensions>
      </trkpt>
      <trkpt lat="22.55384190939366817474365234375" lon="114.0128766931593418121337890625">
        <ele>25.200000762939453125</ele>
        <time>2026-09-11T22:49:59.000Z</time>
        <extensions>
          <ns3:TrackPointExtension>
            <ns3:atemp>30.0</ns3:atemp>
            <ns3:hr>151</ns3:hr>
            <ns3:cad>85</ns3:cad>
          </ns3:TrackPointExtension>
        </extensions>
      </trkpt>
      <trkpt lat="22.5538600981235504150390625" lon="114.01285314001142978668212890625">
        <ele>25.200000762939453125</ele>
        <time>2026-09-11T22:50:00.000Z</time>
        <extensions>
          <ns3:TrackPointExtension>
            <ns3:atemp>30.0</ns3:atemp>
            <ns3:hr>151</ns3:hr>
            <ns3:cad>85</ns3:cad>
          </ns3:TrackPointExtension>
        </extensions>
      </trkpt>
      <trkpt lat="22.55387325771152973175048828125" lon="114.01283671148121356964111328125">
        <ele>25.3999996185302734375</ele>
        <time>2026-09-11T22:50:01.000Z</time>
        <extensions>
          <ns3:TrackPointExtension>
            <ns3:atemp>30.0</ns3:atemp>
            <ns3:hr>152</ns3:hr>
            <ns3:cad>85</ns3:cad>
          </ns3:TrackPointExtension>
        </extensions>
      </trkpt>
      <trkpt lat="22.55389295518398284912109375" lon="114.01281374506652355194091796875">
        <ele>25.3999996185302734375</ele>
        <time>2026-09-11T22:50:02.000Z</time>
        <extensions>
          <ns3:TrackPointExtension>
            <ns3:atemp>30.0</ns3:atemp>
            <ns3:hr>152</ns3:hr>
            <ns3:cad>86</ns3:cad>
          </ns3:TrackPointExtension>
        </extensions>
      </trkpt>
      <trkpt lat="22.55390963517129421234130859375" lon="114.01279966346919536590576171875">
        <ele>25.3999996185302734375</ele>
        <time>2026-09-11T22:50:03.000Z</time>
        <extensions>
          <ns3:TrackPointExtension>
            <ns3:atemp>30.0</ns3:atemp>
            <ns3:hr>152</ns3:hr>
            <ns3:cad>86</ns3:cad>
          </ns3:TrackPointExtension>
        </extensions>
      </trkpt>
      <trkpt lat="22.5539286620914936065673828125" lon="114.01278507895767688751220703125">
        <ele>25.3999996185302734375</ele>
        <time>2026-09-11T22:50:04.000Z</time>
        <extensions>
          <ns3:TrackPointExtension>
            <ns3:atemp>30.0</ns3:atemp>
            <ns3:hr>152</ns3:hr>
            <ns3:cad>86</ns3:cad>
          </ns3:TrackPointExtension>
        </extensions>
      </trkpt>
      <trkpt lat="22.55394752137362957000732421875" lon="114.012768231332302093505859375">
        <ele>25.6000003814697265625</ele>
        <time>2026-09-11T22:50:05.000Z</time>
        <extensions>
          <ns3:TrackPointExtension>
            <ns3:atemp>30.0</ns3:atemp>
            <ns3:hr>152</ns3:hr>
            <ns3:cad>86</ns3:cad>
          </ns3:TrackPointExtension>
        </extensions>
      </trkpt>
      <trkpt lat="22.55396579392254352569580078125" lon="114.01275339536368846893310546875">
        <ele>25.6000003814697265625</ele>
        <time>2026-09-11T22:50:06.000Z</time>
        <extensions>
          <ns3:TrackPointExtension>
            <ns3:atemp>30.0</ns3:atemp>
            <ns3:hr>152</ns3:hr>
            <ns3:cad>86</ns3:cad>
          </ns3:TrackPointExtension>
        </extensions>
      </trkpt>
      <trkpt lat="22.5539866648614406585693359375" lon="114.01273260824382305145263671875">
        <ele>25.6000003814697265625</ele>
        <time>2026-09-11T22:50:07.000Z</time>
        <extensions>
          <ns3:TrackPointExtension>
            <ns3:atemp>30.0</ns3:atemp>
            <ns3:hr>152</ns3:hr>
            <ns3:cad>86</ns3:cad>
          </ns3:TrackPointExtension>
        </extensions>
      </trkpt>
      <trkpt lat="22.55400720052421092987060546875" lon="114.01271886192262172698974609375">
        <ele>25.6000003814697265625</ele>
        <time>2026-09-11T22:50:08.000Z</time>
        <extensions>
          <ns3:TrackPointExtension>
            <ns3:atemp>30.0</ns3:atemp>
            <ns3:hr>151</ns3:hr>
            <ns3:cad>86</ns3:cad>
          </ns3:TrackPointExtension>
        </extensions>
      </trkpt>
      <trkpt lat="22.55403620190918445587158203125" lon="114.01270444504916667938232421875">
        <ele>25.6000003814697265625</ele>
        <time>2026-09-11T22:50:09.000Z</time>
        <extensions>
          <ns3:TrackPointExtension>
            <ns3:atemp>30.0</ns3:atemp>
            <ns3:hr>152</ns3:hr>
            <ns3:cad>86</ns3:cad>
          </ns3:TrackPointExtension>
        </extensions>
      </trkpt>
      <trkpt lat="22.55405883304774761199951171875" lon="114.01269220747053623199462890625">
        <ele>25.6000003814697265625</ele>
        <time>2026-09-11T22:50:10.000Z</time>
        <extensions>
          <ns3:TrackPointExtension>
            <ns3:atemp>30.0</ns3:atemp>
            <ns3:hr>152</ns3:hr>
            <ns3:cad>85</ns3:cad>
          </ns3:TrackPointExtension>
        </extensions>
      </trkpt>
      <trkpt lat="22.55409236066043376922607421875" lon="114.01267913170158863067626953125">
        <ele>25.6000003814697265625</ele>
        <time>2026-09-11T22:50:11.000Z</time>
        <extensions>
          <ns3:TrackPointExtension>
            <ns3:atemp>30.0</ns3:atemp>
            <ns3:hr>152</ns3:hr>
            <ns3:cad>85</ns3:cad>
          </ns3:TrackPointExtension>
        </extensions>
      </trkpt>
      <trkpt lat="22.5541149079799652099609375" lon="114.01266588829457759857177734375">
        <ele>25.6000003814697265625</ele>
        <time>2026-09-11T22:50:12.000Z</time>
        <extensions>
          <ns3:TrackPointExtension>
            <ns3:atemp>30.0</ns3:atemp>
            <ns3:hr>152</ns3:hr>
            <ns3:cad>85</ns3:cad>
          </ns3:TrackPointExtension>
        </extensions>
      </trkpt>
      <trkpt lat="22.5541412271559238433837890625" lon="114.012651555240154266357421875">
        <ele>25.6000003814697265625</ele>
        <time>2026-09-11T22:50:13.000Z</time>
        <extensions>
          <ns3:TrackPointExtension>
            <ns3:atemp>30.0</ns3:atemp>
            <ns3:hr>151</ns3:hr>
            <ns3:cad>85</ns3:cad>
          </ns3:TrackPointExtension>
        </extensions>
      </trkpt>
      <trkpt lat="22.55416561849415302276611328125" lon="114.012639485299587249755859375">
        <ele>25.6000003814697265625</ele>
        <time>2026-09-11T22:50:14.000Z</time>
        <extensions>
          <ns3:TrackPointExtension>
            <ns3:atemp>30.0</ns3:atemp>
            <ns3:hr>152</ns3:hr>
            <ns3:cad>85</ns3:cad>
          </ns3:TrackPointExtension>
        </extensions>
      </trkpt>
      <trkpt lat="22.55419210530817508697509765625" lon="114.0126349590718746185302734375">
        <ele>25.6000003814697265625</ele>
        <time>2026-09-11T22:50:15.000Z</time>
        <extensions>
          <ns3:TrackPointExtension>
            <ns3:atemp>30.0</ns3:atemp>
            <ns3:hr>152</ns3:hr>
            <ns3:cad>86</ns3:cad>
          </ns3:TrackPointExtension>
        </extensions>
      </trkpt>
      <trkpt lat="22.55421842448413372039794921875" lon="114.012624062597751617431640625">
        <ele>25.6000003814697265625</ele>
        <time>2026-09-11T22:50:16.000Z</time>
        <extensions>
          <ns3:TrackPointExtension>
            <ns3:atemp>30.0</ns3:atemp>
            <ns3:hr>152</ns3:hr>
            <ns3:cad>86</ns3:cad>
          </ns3:TrackPointExtension>
        </extensions>
      </trkpt>
      <trkpt lat="22.554239295423030853271484375" lon="114.01262045837938785552978515625">
        <ele>25.799999237060546875</ele>
        <time>2026-09-11T22:50:17.000Z</time>
        <extensions>
          <ns3:TrackPointExtension>
            <ns3:atemp>30.0</ns3:atemp>
            <ns3:hr>151</ns3:hr>
            <ns3:cad>85</ns3:cad>
          </ns3:TrackPointExtension>
        </extensions>
      </trkpt>
      <trkpt lat="22.55426603369414806365966796875" lon="114.012617357075214385986328125">
        <ele>25.799999237060546875</ele>
        <time>2026-09-11T22:50:18.000Z</time>
        <extensions>
          <ns3:TrackPointExtension>
            <ns3:atemp>30.0</ns3:atemp>
            <ns3:hr>151</ns3:hr>
            <ns3:cad>85</ns3:cad>
          </ns3:TrackPointExtension>
        </extensions>
      </trkpt>
      <trkpt lat="22.554293610155582427978515625" lon="114.01261492632329463958740234375">
        <ele>25.799999237060546875</ele>
        <time>2026-09-11T22:50:19.000Z</time>
        <extensions>
          <ns3:TrackPointExtension>
            <ns3:atemp>30.0</ns3:atemp>
            <ns3:hr>151</ns3:hr>
            <ns3:cad>85</ns3:cad>
          </ns3:TrackPointExtension>
        </extensions>
      </trkpt>
      <trkpt lat="22.55431674420833587646484375" lon="114.01261526159942150115966796875">
        <ele>25.799999237060546875</ele>
        <time>2026-09-11T22:50:20.000Z</time>
        <extensions>
          <ns3:TrackPointExtension>
            <ns3:atemp>30.0</ns3:atemp>
            <ns3:hr>151</ns3:hr>
            <ns3:cad>85</ns3:cad>
          </ns3:TrackPointExtension>
        </extensions>
      </trkpt>
      <trkpt lat="22.554338872432708740234375" lon="114.0126192010939121246337890625">
        <ele>25.799999237060546875</ele>
        <time>2026-09-11T22:50:21.000Z</time>
        <extensions>
          <ns3:TrackPointExtension>
            <ns3:atemp>30.0</ns3:atemp>
            <ns3:hr>151</ns3:hr>
            <ns3:cad>85</ns3:cad>
          </ns3:TrackPointExtension>
        </extensions>
      </trkpt>
      <trkpt lat="22.5543638505041599273681640625" lon="114.0126222185790538787841796875">
        <ele>25.799999237060546875</ele>
        <time>2026-09-11T22:50:22.000Z</time>
        <extensions>
          <ns3:TrackPointExtension>
            <ns3:atemp>30.0</ns3:atemp>
            <ns3:hr>150</ns3:hr>
            <ns3:cad>85</ns3:cad>
          </ns3:TrackPointExtension>
        </extensions>
      </trkpt>
      <trkpt lat="22.55439377389848232269287109375" lon="114.01262439787387847900390625">
        <ele>25.799999237060546875</ele>
        <time>2026-09-11T22:50:23.000Z</time>
        <extensions>
          <ns3:TrackPointExtension>
            <ns3:atemp>30.0</ns3:atemp>
            <ns3:hr>151</ns3:hr>
            <ns3:cad>85</ns3:cad>
          </ns3:TrackPointExtension>
        </extensions>
      </trkpt>
      <trkpt lat="22.55441104061901569366455078125" lon="114.01262842118740081787109375">
        <ele>25.799999237060546875</ele>
        <time>2026-09-11T22:50:24.000Z</time>
        <extensions>
          <ns3:TrackPointExtension>
            <ns3:atemp>30.0</ns3:atemp>
            <ns3:hr>151</ns3:hr>
            <ns3:cad>85</ns3:cad>
          </ns3:TrackPointExtension>
        </extensions>
      </trkpt>
      <trkpt lat="22.55443886853754520416259765625" lon="114.01262397877871990203857421875">
        <ele>25.799999237060546875</ele>
        <time>2026-09-11T22:50:25.000Z</time>
        <extensions>
          <ns3:TrackPointExtension>
            <ns3:atemp>30.0</ns3:atemp>
            <ns3:hr>151</ns3:hr>
            <ns3:cad>85</ns3:cad>
          </ns3:TrackPointExtension>
        </extensions>
      </trkpt>
      <trkpt lat="22.554461918771266937255859375" lon="114.012624062597751617431640625">
        <ele>25.799999237060546875</ele>
        <time>2026-09-11T22:50:26.000Z</time>
        <extensions>
          <ns3:TrackPointExtension>
            <ns3:atemp>30.0</ns3:atemp>
            <ns3:hr>151</ns3:hr>
            <ns3:cad>85</ns3:cad>
          </ns3:TrackPointExtension>
        </extensions>
      </trkpt>
      <trkpt lat="22.554479353129863739013671875" lon="114.01262842118740081787109375">
        <ele>25.799999237060546875</ele>
        <time>2026-09-11T22:50:27.000Z</time>
        <extensions>
          <ns3:TrackPointExtension>
            <ns3:atemp>30.0</ns3:atemp>
            <ns3:hr>152</ns3:hr>
            <ns3:cad>85</ns3:cad>
          </ns3:TrackPointExtension>
        </extensions>
      </trkpt>
      <trkpt lat="22.55450449883937835693359375" lon="114.012632779777050018310546875">
        <ele>25.799999237060546875</ele>
        <time>2026-09-11T22:50:28.000Z</time>
        <extensions>
          <ns3:TrackPointExtension>
            <ns3:atemp>30.0</ns3:atemp>
            <ns3:hr>152</ns3:hr>
            <ns3:cad>85</ns3:cad>
          </ns3:TrackPointExtension>
        </extensions>
      </trkpt>
      <trkpt lat="22.55452419631183147430419921875" lon="114.0126346237957477569580078125">
        <ele>25.799999237060546875</ele>
        <time>2026-09-11T22:50:29.000Z</time>
        <extensions>
          <ns3:TrackPointExtension>
            <ns3:atemp>30.0</ns3:atemp>
            <ns3:hr>152</ns3:hr>
            <ns3:cad>86</ns3:cad>
          </ns3:TrackPointExtension>
        </extensions>
      </trkpt>
      <trkpt lat="22.55454875528812408447265625" lon="114.012636132538318634033203125">
        <ele>25.799999237060546875</ele>
        <time>2026-09-11T22:50:30.000Z</time>
        <extensions>
          <ns3:TrackPointExtension>
            <ns3:atemp>30.0</ns3:atemp>
            <ns3:hr>152</ns3:hr>
            <ns3:cad>86</ns3:cad>
          </ns3:TrackPointExtension>
        </extensions>
      </trkpt>
      <trkpt lat="22.5545713864266872406005859375" lon="114.0126339532434940338134765625">
        <ele>25.799999237060546875</ele>
        <time>2026-09-11T22:50:31.000Z</time>
        <extensions>
          <ns3:TrackPointExtension>
            <ns3:atemp>30.0</ns3:atemp>
            <ns3:hr>152</ns3:hr>
            <ns3:cad>86</ns3:cad>
          </ns3:TrackPointExtension>
        </extensions>
      </trkpt>
      <trkpt lat="22.5545950233936309814453125" lon="114.01263169012963771820068359375">
        <ele>25.799999237060546875</ele>
        <time>2026-09-11T22:50:32.000Z</time>
        <extensions>
          <ns3:TrackPointExtension>
            <ns3:atemp>30.0</ns3:atemp>
            <ns3:hr>152</ns3:hr>
            <ns3:cad>86</ns3:cad>
          </ns3:TrackPointExtension>
        </extensions>
      </trkpt>
      <trkpt lat="22.55462276749312877655029296875" lon="114.01263185776770114898681640625">
        <ele>25.799999237060546875</ele>
        <time>2026-09-11T22:50:33.000Z</time>
        <extensions>
          <ns3:TrackPointExtension>
            <ns3:atemp>30.0</ns3:atemp>
            <ns3:hr>152</ns3:hr>
            <ns3:cad>85</ns3:cad>
          </ns3:TrackPointExtension>
        </extensions>
      </trkpt>
      <trkpt lat="22.5546434707939624786376953125" lon="114.012630097568035125732421875">
        <ele>25.799999237060546875</ele>
        <time>2026-09-11T22:50:34.000Z</time>
        <extensions>
          <ns3:TrackPointExtension>
            <ns3:atemp>30.0</ns3:atemp>
            <ns3:hr>152</ns3:hr>
            <ns3:cad>85</ns3:cad>
          </ns3:TrackPointExtension>
        </extensions>
      </trkpt>
      <trkpt lat="22.55467272363603115081787109375" lon="114.01262439787387847900390625">
        <ele>25.799999237060546875</ele>
        <time>2026-09-11T22:50:35.000Z</time>
        <extensions>
          <ns3:TrackPointExtension>
            <ns3:atemp>30.0</ns3:atemp>
            <ns3:hr>153</ns3:hr>
            <ns3:cad>85</ns3:cad>
          </ns3:TrackPointExtension>
        </extensions>
      </trkpt>
      <trkpt lat="22.55469954572618007659912109375" lon="114.01262481696903705596923828125">
        <ele>25.799999237060546875</ele>
        <time>2026-09-11T22:50:36.000Z</time>
        <extensions>
          <ns3:TrackPointExtension>
            <ns3:atemp>30.0</ns3:atemp>
            <ns3:hr>153</ns3:hr>
            <ns3:cad>85</ns3:cad>
          </ns3:TrackPointExtension>
        </extensions>
      </trkpt>
      <trkpt lat="22.55472301505506038665771484375" lon="114.0126215480268001556396484375">
        <ele>25.799999237060546875</ele>
        <time>2026-09-11T22:50:37.000Z</time>
        <extensions>
          <ns3:TrackPointExtension>
            <ns3:atemp>30.0</ns3:atemp>
            <ns3:hr>153</ns3:hr>
            <ns3:cad>85</ns3:cad>
          </ns3:TrackPointExtension>
        </extensions>
      </trkpt>
      <trkpt lat="22.5547460652887821197509765625" lon="114.0126158483326435089111328125">
        <ele>25.799999237060546875</ele>
        <time>2026-09-11T22:50:38.000Z</time>
        <extensions>
          <ns3:TrackPointExtension>
            <ns3:atemp>30.0</ns3:atemp>
            <ns3:hr>153</ns3:hr>
            <ns3:cad>85</ns3:cad>
          </ns3:TrackPointExtension>
        </extensions>
      </trkpt>
      <trkpt lat="22.5547681935131549835205078125" lon="114.0126108191907405853271484375">
        <ele>25.799999237060546875</ele>
        <time>2026-09-11T22:50:39.000Z</time>
        <extensions>
          <ns3:TrackPointExtension>
            <ns3:atemp>30.0</ns3:atemp>
            <ns3:hr>152</ns3:hr>
            <ns3:cad>85</ns3:cad>
          </ns3:TrackPointExtension>
        </extensions>
      </trkpt>
      <trkpt lat="22.554796524345874786376953125" lon="114.01260453276336193084716796875">
        <ele>25.799999237060546875</ele>
        <time>2026-09-11T22:50:40.000Z</time>
        <extensions>
          <ns3:TrackPointExtension>
            <ns3:atemp>30.0</ns3:atemp>
            <ns3:hr>152</ns3:hr>
            <ns3:cad>85</ns3:cad>
          </ns3:TrackPointExtension>
        </extensions>
      </trkpt>
      <trkpt lat="22.5548203289508819580078125" lon="114.01260235346853733062744140625">
        <ele>25.799999237060546875</ele>
        <time>2026-09-11T22:50:41.000Z</time>
        <extensions>
          <ns3:TrackPointExtension>
            <ns3:atemp>30.0</ns3:atemp>
            <ns3:hr>152</ns3:hr>
            <ns3:cad>85</ns3:cad>
          </ns3:TrackPointExtension>
        </extensions>
      </trkpt>
      <trkpt lat="22.55484874360263347625732421875" lon="114.012596569955348968505859375">
        <ele>25.799999237060546875</ele>
        <time>2026-09-11T22:50:42.000Z</time>
        <extensions>
          <ns3:TrackPointExtension>
            <ns3:atemp>30.0</ns3:atemp>
            <ns3:hr>152</ns3:hr>
            <ns3:cad>85</ns3:cad>
          </ns3:TrackPointExtension>
        </extensions>
      </trkpt>
      <trkpt lat="22.554870955646038055419921875" lon="114.01259464211761951446533203125">
        <ele>25.799999237060546875</ele>
        <time>2026-09-11T22:50:43.000Z</time>
        <extensions>
          <ns3:TrackPointExtension>
            <ns3:atemp>30.0</ns3:atemp>
            <ns3:hr>152</ns3:hr>
            <ns3:cad>85</ns3:cad>
          </ns3:TrackPointExtension>
        </extensions>
      </trkpt>
      <trkpt lat="22.55489719100296497344970703125" lon="114.012596569955348968505859375">
        <ele>25.799999237060546875</ele>
        <time>2026-09-11T22:50:44.000Z</time>
        <extensions>
          <ns3:TrackPointExtension>
            <ns3:atemp>30.0</ns3:atemp>
            <ns3:hr>151</ns3:hr>
            <ns3:cad>85</ns3:cad>
          </ns3:TrackPointExtension>
        </extensions>
      </trkpt>
      <trkpt lat="22.55491898395121097564697265625" lon="114.0125967375934123992919921875">
        <ele>26</ele>
        <time>2026-09-11T22:50:45.000Z</time>
        <extensions>
          <ns3:TrackPointExtension>
            <ns3:atemp>30.0</ns3:atemp>
            <ns3:hr>151</ns3:hr>
            <ns3:cad>85</ns3:cad>
          </ns3:TrackPointExtension>
        </extensions>
      </trkpt>
      <trkpt lat="22.55493910051882266998291015625" lon="114.01259900070726871490478515625">
        <ele>26</ele>
        <time>2026-09-11T22:50:46.000Z</time>
        <extensions>
          <ns3:TrackPointExtension>
            <ns3:atemp>30.0</ns3:atemp>
            <ns3:hr>151</ns3:hr>
            <ns3:cad>85</ns3:cad>
          </ns3:TrackPointExtension>
        </extensions>
      </trkpt>
      <trkpt lat="22.55496525205671787261962890625" lon="114.0126071311533451080322265625">
        <ele>26</ele>
        <time>2026-09-11T22:50:47.000Z</time>
        <extensions>
          <ns3:TrackPointExtension>
            <ns3:atemp>30.0</ns3:atemp>
            <ns3:hr>150</ns3:hr>
            <ns3:cad>85</ns3:cad>
          </ns3:TrackPointExtension>
        </extensions>
      </trkpt>
      <trkpt lat="22.55498285405337810516357421875" lon="114.01262146420776844024658203125">
        <ele>26</ele>
        <time>2026-09-11T22:50:48.000Z</time>
        <extensions>
          <ns3:TrackPointExtension>
            <ns3:atemp>30.0</ns3:atemp>
            <ns3:hr>150</ns3:hr>
            <ns3:cad>86</ns3:cad>
          </ns3:TrackPointExtension>
        </extensions>
      </trkpt>
      <trkpt lat="22.5549948401749134063720703125" lon="114.0126409940421581268310546875">
        <ele>26.200000762939453125</ele>
        <time>2026-09-11T22:50:49.000Z</time>
        <extensions>
          <ns3:TrackPointExtension>
            <ns3:atemp>30.0</ns3:atemp>
            <ns3:hr>150</ns3:hr>
            <ns3:cad>86</ns3:cad>
          </ns3:TrackPointExtension>
        </extensions>
      </trkpt>
      <trkpt lat="22.55500364117324352264404296875" lon="114.012662954628467559814453125">
        <ele>26.200000762939453125</ele>
        <time>2026-09-11T22:50:50.000Z</time>
        <extensions>
          <ns3:TrackPointExtension>
            <ns3:atemp>30.0</ns3:atemp>
            <ns3:hr>150</ns3:hr>
            <ns3:cad>85</ns3:cad>
          </ns3:TrackPointExtension>
        </extensions>
      </trkpt>
      <trkpt lat="22.55501336418092250823974609375" lon="114.01268499903380870819091796875">
        <ele>26.200000762939453125</ele>
        <time>2026-09-11T22:50:51.000Z</time>
        <extensions>
          <ns3:TrackPointExtension>
            <ns3:atemp>30.0</ns3:atemp>
            <ns3:hr>150</ns3:hr>
            <ns3:cad>85</ns3:cad>
          </ns3:TrackPointExtension>
        </extensions>
      </trkpt>
      <trkpt lat="22.55502216517925262451171875" lon="114.0127083845436573028564453125">
        <ele>26.3999996185302734375</ele>
        <time>2026-09-11T22:50:52.000Z</time>
        <extensions>
          <ns3:TrackPointExtension>
            <ns3:atemp>30.0</ns3:atemp>
            <ns3:hr>150</ns3:hr>
            <ns3:cad>84</ns3:cad>
          </ns3:TrackPointExtension>
        </extensions>
      </trkpt>
      <trkpt lat="22.5550349056720733642578125" lon="114.01272833347320556640625">
        <ele>26.3999996185302734375</ele>
        <time>2026-09-11T22:50:53.000Z</time>
        <extensions>
          <ns3:TrackPointExtension>
            <ns3:atemp>30.0</ns3:atemp>
            <ns3:hr>150</ns3:hr>
            <ns3:cad>84</ns3:cad>
          </ns3:TrackPointExtension>
        </extensions>
      </trkpt>
      <trkpt lat="22.555043958127498626708984375" lon="114.0127551555633544921875">
        <ele>26.200000762939453125</ele>
        <time>2026-09-11T22:50:54.000Z</time>
        <extensions>
          <ns3:TrackPointExtension>
            <ns3:atemp>30.0</ns3:atemp>
            <ns3:hr>149</ns3:hr>
            <ns3:cad>84</ns3:cad>
          </ns3:TrackPointExtension>
        </extensions>
      </trkpt>
      <trkpt lat="22.5550536811351776123046875" lon="114.0127767808735370635986328125">
        <ele>26.200000762939453125</ele>
        <time>2026-09-11T22:50:55.000Z</time>
        <extensions>
          <ns3:TrackPointExtension>
            <ns3:atemp>30.0</ns3:atemp>
            <ns3:hr>149</ns3:hr>
            <ns3:cad>84</ns3:cad>
          </ns3:TrackPointExtension>
        </extensions>
      </trkpt>
      <trkpt lat="22.5550612248480319976806640625" lon="114.01279916055500507354736328125">
        <ele>26.200000762939453125</ele>
        <time>2026-09-11T22:50:56.000Z</time>
        <extensions>
          <ns3:TrackPointExtension>
            <ns3:atemp>30.0</ns3:atemp>
            <ns3:hr>149</ns3:hr>
            <ns3:cad>84</ns3:cad>
          </ns3:TrackPointExtension>
        </extensions>
      </trkpt>
      <trkpt lat="22.55507019348442554473876953125" lon="114.01282162405550479888916015625">
        <ele>26</ele>
        <time>2026-09-11T22:50:57.000Z</time>
        <extensions>
          <ns3:TrackPointExtension>
            <ns3:atemp>30.0</ns3:atemp>
            <ns3:hr>149</ns3:hr>
            <ns3:cad>84</ns3:cad>
          </ns3:TrackPointExtension>
        </extensions>
      </trkpt>
      <trkpt lat="22.5550778210163116455078125" lon="114.01284676976501941680908203125">
        <ele>26</ele>
        <time>2026-09-11T22:50:58.000Z</time>
        <extensions>
          <ns3:TrackPointExtension>
            <ns3:atemp>30.0</ns3:atemp>
            <ns3:hr>150</ns3:hr>
            <ns3:cad>84</ns3:cad>
          </ns3:TrackPointExtension>
        </extensions>
      </trkpt>
      <trkpt lat="22.555080838501453399658203125" lon="114.0128733403980731964111328125">
        <ele>26</ele>
        <time>2026-09-11T22:50:59.000Z</time>
        <extensions>
          <ns3:TrackPointExtension>
            <ns3:atemp>30.0</ns3:atemp>
            <ns3:hr>149</ns3:hr>
            <ns3:cad>85</ns3:cad>
          </ns3:TrackPointExtension>
        </extensions>
      </trkpt>
      <trkpt lat="22.55508251488208770751953125" lon="114.01289890520274639129638671875">
        <ele>26</ele>
        <time>2026-09-11T22:51:00.000Z</time>
        <extensions>
          <ns3:TrackPointExtension>
            <ns3:atemp>30.0</ns3:atemp>
            <ns3:hr>149</ns3:hr>
            <ns3:cad>85</ns3:cad>
          </ns3:TrackPointExtension>
        </extensions>
      </trkpt>
      <trkpt lat="22.5550810061395168304443359375" lon="114.01292421855032444000244140625">
        <ele>26</ele>
        <time>2026-09-11T22:51:01.000Z</time>
        <extensions>
          <ns3:TrackPointExtension>
            <ns3:atemp>30.0</ns3:atemp>
            <ns3:hr>150</ns3:hr>
            <ns3:cad>85</ns3:cad>
          </ns3:TrackPointExtension>
        </extensions>
      </trkpt>
      <trkpt lat="22.555080838501453399658203125" lon="114.01295204646885395050048828125">
        <ele>26</ele>
        <time>2026-09-11T22:51:02.000Z</time>
        <extensions>
          <ns3:TrackPointExtension>
            <ns3:atemp>30.0</ns3:atemp>
            <ns3:hr>149</ns3:hr>
            <ns3:cad>85</ns3:cad>
          </ns3:TrackPointExtension>
        </extensions>
      </trkpt>
      <trkpt lat="22.55508176051080226898193359375" lon="114.01297501288354396820068359375">
        <ele>25.799999237060546875</ele>
        <time>2026-09-11T22:51:03.000Z</time>
        <extensions>
          <ns3:TrackPointExtension>
            <ns3:atemp>30.0</ns3:atemp>
            <ns3:hr>149</ns3:hr>
            <ns3:cad>84</ns3:cad>
          </ns3:TrackPointExtension>
        </extensions>
      </trkpt>
      <trkpt lat="22.555077485740184783935546875" lon="114.01299999095499515533447265625">
        <ele>25.799999237060546875</ele>
        <time>2026-09-11T22:51:04.000Z</time>
        <extensions>
          <ns3:TrackPointExtension>
            <ns3:atemp>30.0</ns3:atemp>
            <ns3:hr>149</ns3:hr>
            <ns3:cad>84</ns3:cad>
          </ns3:TrackPointExtension>
        </extensions>
      </trkpt>
      <trkpt lat="22.55507647991180419921875" lon="114.0130215324461460113525390625">
        <ele>25.799999237060546875</ele>
        <time>2026-09-11T22:51:05.000Z</time>
        <extensions>
          <ns3:TrackPointExtension>
            <ns3:atemp>30.0</ns3:atemp>
            <ns3:hr>148</ns3:hr>
            <ns3:cad>85</ns3:cad>
          </ns3:TrackPointExtension>
        </extensions>
      </trkpt>
      <trkpt lat="22.55507186986505985260009765625" lon="114.013047181069850921630859375">
        <ele>25.799999237060546875</ele>
        <time>2026-09-11T22:51:06.000Z</time>
        <extensions>
          <ns3:TrackPointExtension>
            <ns3:atemp>30.0</ns3:atemp>
            <ns3:hr>148</ns3:hr>
            <ns3:cad>85</ns3:cad>
          </ns3:TrackPointExtension>
        </extensions>
      </trkpt>
      <trkpt lat="22.55507287569344043731689453125" lon="114.01306855492293834686279296875">
        <ele>25.799999237060546875</ele>
        <time>2026-09-11T22:51:07.000Z</time>
        <extensions>
          <ns3:TrackPointExtension>
            <ns3:atemp>30.0</ns3:atemp>
            <ns3:hr>148</ns3:hr>
            <ns3:cad>85</ns3:cad>
          </ns3:TrackPointExtension>
        </extensions>
      </trkpt>
      <trkpt lat="22.5550702773034572601318359375" lon="114.01309252716600894927978515625">
        <ele>25.799999237060546875</ele>
        <time>2026-09-11T22:51:08.000Z</time>
        <extensions>
          <ns3:TrackPointExtension>
            <ns3:atemp>30.0</ns3:atemp>
            <ns3:hr>148</ns3:hr>
            <ns3:cad>85</ns3:cad>
          </ns3:TrackPointExtension>
        </extensions>
      </trkpt>
      <trkpt lat="22.5550655834376811981201171875" lon="114.01311465539038181304931640625">
        <ele>25.799999237060546875</ele>
        <time>2026-09-11T22:51:09.000Z</time>
        <extensions>
          <ns3:TrackPointExtension>
            <ns3:atemp>30.0</ns3:atemp>
            <ns3:hr>148</ns3:hr>
            <ns3:cad>85</ns3:cad>
          </ns3:TrackPointExtension>
        </extensions>
      </trkpt>
      <trkpt lat="22.5550662539899349212646484375" lon="114.0131372027099132537841796875">
        <ele>25.6000003814697265625</ele>
        <time>2026-09-11T22:51:10.000Z</time>
        <extensions>
          <ns3:TrackPointExtension>
            <ns3:atemp>30.0</ns3:atemp>
            <ns3:hr>148</ns3:hr>
            <ns3:cad>85</ns3:cad>
          </ns3:TrackPointExtension>
        </extensions>
      </trkpt>
      <trkpt lat="22.5550644099712371826171875" lon="114.01316628791391849517822265625">
        <ele>25.6000003814697265625</ele>
        <time>2026-09-11T22:51:11.000Z</time>
        <extensions>
          <ns3:TrackPointExtension>
            <ns3:atemp>30.0</ns3:atemp>
            <ns3:hr>147</ns3:hr>
            <ns3:cad>85</ns3:cad>
          </ns3:TrackPointExtension>
        </extensions>
      </trkpt>
      <trkpt lat="22.5550652481615543365478515625" lon="114.013186991214752197265625">
        <ele>25.6000003814697265625</ele>
        <time>2026-09-11T22:51:12.000Z</time>
        <extensions>
          <ns3:TrackPointExtension>
            <ns3:atemp>30.0</ns3:atemp>
            <ns3:hr>147</ns3:hr>
            <ns3:cad>85</ns3:cad>
          </ns3:TrackPointExtension>
        </extensions>
      </trkpt>
      <trkpt lat="22.55506466142833232879638671875" lon="114.01321356184780597686767578125">
        <ele>25.6000003814697265625</ele>
        <time>2026-09-11T22:51:13.000Z</time>
        <extensions>
          <ns3:TrackPointExtension>
            <ns3:atemp>30.0</ns3:atemp>
            <ns3:hr>147</ns3:hr>
            <ns3:cad>85</ns3:cad>
          </ns3:TrackPointExtension>
        </extensions>
      </trkpt>
      <trkpt lat="22.5550686009228229522705078125" lon="114.01324004866182804107666015625">
        <ele>25.3999996185302734375</ele>
        <time>2026-09-11T22:51:14.000Z</time>
        <extensions>
          <ns3:TrackPointExtension>
            <ns3:atemp>30.0</ns3:atemp>
            <ns3:hr>146</ns3:hr>
            <ns3:cad>85</ns3:cad>
          </ns3:TrackPointExtension>
        </extensions>
      </trkpt>
      <trkpt lat="22.5550712831318378448486328125" lon="114.013269804418087005615234375">
        <ele>25.3999996185302734375</ele>
        <time>2026-09-11T22:51:15.000Z</time>
        <extensions>
          <ns3:TrackPointExtension>
            <ns3:atemp>30.0</ns3:atemp>
            <ns3:hr>146</ns3:hr>
            <ns3:cad>86</ns3:cad>
          </ns3:TrackPointExtension>
        </extensions>
      </trkpt>
      <trkpt lat="22.5550773181021213531494140625" lon="114.01330140419304370880126953125">
        <ele>25.3999996185302734375</ele>
        <time>2026-09-11T22:51:16.000Z</time>
        <extensions>
          <ns3:TrackPointExtension>
            <ns3:atemp>30.0</ns3:atemp>
            <ns3:hr>146</ns3:hr>
            <ns3:cad>86</ns3:cad>
          </ns3:TrackPointExtension>
        </extensions>
      </trkpt>
      <trkpt lat="22.5550800003111362457275390625" lon="114.01332923211157321929931640625">
        <ele>25.3999996185302734375</ele>
        <time>2026-09-11T22:51:17.000Z</time>
        <extensions>
          <ns3:TrackPointExtension>
            <ns3:atemp>30.0</ns3:atemp>
            <ns3:hr>145</ns3:hr>
            <ns3:cad>85</ns3:cad>
          </ns3:TrackPointExtension>
        </extensions>
      </trkpt>
      <trkpt lat="22.55508377216756343841552734375" lon="114.01336871087551116943359375">
        <ele>25.3999996185302734375</ele>
        <time>2026-09-11T22:51:18.000Z</time>
        <extensions>
          <ns3:TrackPointExtension>
            <ns3:atemp>30.0</ns3:atemp>
            <ns3:hr>145</ns3:hr>
            <ns3:cad>85</ns3:cad>
          </ns3:TrackPointExtension>
        </extensions>
      </trkpt>
      <trkpt lat="22.5550857000052928924560546875" lon="114.01339662261307239532470703125">
        <ele>25.6000003814697265625</ele>
        <time>2026-09-11T22:51:19.000Z</time>
        <extensions>
          <ns3:TrackPointExtension>
            <ns3:atemp>30.0</ns3:atemp>
            <ns3:hr>144</ns3:hr>
            <ns3:cad>85</ns3:cad>
          </ns3:TrackPointExtension>
        </extensions>
      </trkpt>
      <trkpt lat="22.55508259870111942291259765625" lon="114.01342512108385562896728515625">
        <ele>25.6000003814697265625</ele>
        <time>2026-09-11T22:51:20.000Z</time>
        <extensions>
          <ns3:TrackPointExtension>
            <ns3:atemp>30.0</ns3:atemp>
            <ns3:hr>144</ns3:hr>
            <ns3:cad>85</ns3:cad>
          </ns3:TrackPointExtension>
        </extensions>
      </trkpt>
      <trkpt lat="22.5550810061395168304443359375" lon="114.01344926096498966217041015625">
        <ele>25.3999996185302734375</ele>
        <time>2026-09-11T22:51:21.000Z</time>
        <extensions>
          <ns3:TrackPointExtension>
            <ns3:atemp>30.0</ns3:atemp>
            <ns3:hr>144</ns3:hr>
            <ns3:cad>84</ns3:cad>
          </ns3:TrackPointExtension>
        </extensions>
      </trkpt>
      <trkpt lat="22.5550749711692333221435546875" lon="114.0134761668741703033447265625">
        <ele>25.3999996185302734375</ele>
        <time>2026-09-11T22:51:22.000Z</time>
        <extensions>
          <ns3:TrackPointExtension>
            <ns3:atemp>30.0</ns3:atemp>
            <ns3:hr>145</ns3:hr>
            <ns3:cad>84</ns3:cad>
          </ns3:TrackPointExtension>
        </extensions>
      </trkpt>
      <trkpt lat="22.55507488735020160675048828125" lon="114.01350122876465320587158203125">
        <ele>25.200000762939453125</ele>
        <time>2026-09-11T22:51:23.000Z</time>
        <extensions>
          <ns3:TrackPointExtension>
            <ns3:atemp>30.0</ns3:atemp>
            <ns3:hr>145</ns3:hr>
            <ns3:cad>84</ns3:cad>
          </ns3:TrackPointExtension>
        </extensions>
      </trkpt>
      <trkpt lat="22.55508125759661197662353515625" lon="114.0135217644274234771728515625">
        <ele>25.200000762939453125</ele>
        <time>2026-09-11T22:51:24.000Z</time>
        <extensions>
          <ns3:TrackPointExtension>
            <ns3:atemp>30.0</ns3:atemp>
            <ns3:hr>145</ns3:hr>
            <ns3:cad>86</ns3:cad>
          </ns3:TrackPointExtension>
        </extensions>
      </trkpt>
      <trkpt lat="22.555084526538848876953125" lon="114.01354632340371608734130859375">
        <ele>25.200000762939453125</ele>
        <time>2026-09-11T22:51:25.000Z</time>
        <extensions>
          <ns3:TrackPointExtension>
            <ns3:atemp>30.0</ns3:atemp>
            <ns3:hr>146</ns3:hr>
            <ns3:cad>86</ns3:cad>
          </ns3:TrackPointExtension>
        </extensions>
      </trkpt>
      <trkpt lat="22.55508444271981716156005859375" lon="114.013570882380008697509765625">
        <ele>25.200000762939453125</ele>
        <time>2026-09-11T22:51:26.000Z</time>
        <extensions>
          <ns3:TrackPointExtension>
            <ns3:atemp>30.0</ns3:atemp>
            <ns3:hr>145</ns3:hr>
            <ns3:cad>87</ns3:cad>
          </ns3:TrackPointExtension>
        </extensions>
      </trkpt>
      <trkpt lat="22.55508176051080226898193359375" lon="114.0136013925075531005859375">
        <ele>25</ele>
        <time>2026-09-11T22:51:27.000Z</time>
        <extensions>
          <ns3:TrackPointExtension>
            <ns3:atemp>30.0</ns3:atemp>
            <ns3:hr>145</ns3:hr>
            <ns3:cad>87</ns3:cad>
          </ns3:TrackPointExtension>
        </extensions>
      </trkpt>
      <trkpt lat="22.55508528091013431549072265625" lon="114.0136277116835117340087890625">
        <ele>25</ele>
        <time>2026-09-11T22:51:28.000Z</time>
        <extensions>
          <ns3:TrackPointExtension>
            <ns3:atemp>30.0</ns3:atemp>
            <ns3:hr>146</ns3:hr>
            <ns3:cad>86</ns3:cad>
          </ns3:TrackPointExtension>
        </extensions>
      </trkpt>
      <trkpt lat="22.55508293397724628448486328125" lon="114.013656713068485260009765625">
        <ele>24.799999237060546875</ele>
        <time>2026-09-11T22:51:29.000Z</time>
        <extensions>
          <ns3:TrackPointExtension>
            <ns3:atemp>30.0</ns3:atemp>
            <ns3:hr>145</ns3:hr>
            <ns3:cad>86</ns3:cad>
          </ns3:TrackPointExtension>
        </extensions>
      </trkpt>
      <trkpt lat="22.5550831854343414306640625" lon="114.01368127204477787017822265625">
        <ele>24.799999237060546875</ele>
        <time>2026-09-11T22:51:30.000Z</time>
        <extensions>
          <ns3:TrackPointExtension>
            <ns3:atemp>30.0</ns3:atemp>
            <ns3:hr>145</ns3:hr>
            <ns3:cad>86</ns3:cad>
          </ns3:TrackPointExtension>
        </extensions>
      </trkpt>
      <trkpt lat="22.5550810061395168304443359375" lon="114.01370105333626270294189453125">
        <ele>24.799999237060546875</ele>
        <time>2026-09-11T22:51:31.000Z</time>
        <extensions>
          <ns3:TrackPointExtension>
            <ns3:atemp>30.0</ns3:atemp>
            <ns3:hr>146</ns3:hr>
            <ns3:cad>86</ns3:cad>
          </ns3:TrackPointExtension>
        </extensions>
      </trkpt>
      <trkpt lat="22.55507740192115306854248046875" lon="114.01372703723609447479248046875">
        <ele>24.6000003814697265625</ele>
        <time>2026-09-11T22:51:32.000Z</time>
        <extensions>
          <ns3:TrackPointExtension>
            <ns3:atemp>30.0</ns3:atemp>
            <ns3:hr>145</ns3:hr>
            <ns3:cad>85</ns3:cad>
          </ns3:TrackPointExtension>
        </extensions>
      </trkpt>
      <trkpt lat="22.5550796650350093841552734375" lon="114.013749249279499053955078125">
        <ele>24.6000003814697265625</ele>
        <time>2026-09-11T22:51:33.000Z</time>
        <extensions>
          <ns3:TrackPointExtension>
            <ns3:atemp>30.0</ns3:atemp>
            <ns3:hr>145</ns3:hr>
            <ns3:cad>85</ns3:cad>
          </ns3:TrackPointExtension>
        </extensions>
      </trkpt>
      <trkpt lat="22.55507673136889934539794921875" lon="114.01377330534160137176513671875">
        <ele>24.6000003814697265625</ele>
        <time>2026-09-11T22:51:34.000Z</time>
        <extensions>
          <ns3:TrackPointExtension>
            <ns3:atemp>30.0</ns3:atemp>
            <ns3:hr>145</ns3:hr>
            <ns3:cad>86</ns3:cad>
          </ns3:TrackPointExtension>
        </extensions>
      </trkpt>
      <trkpt lat="22.555078826844692230224609375" lon="114.01379744522273540496826171875">
        <ele>24.6000003814697265625</ele>
        <time>2026-09-11T22:51:35.000Z</time>
        <extensions>
          <ns3:TrackPointExtension>
            <ns3:atemp>30.0</ns3:atemp>
            <ns3:hr>145</ns3:hr>
            <ns3:cad>86</ns3:cad>
          </ns3:TrackPointExtension>
        </extensions>
      </trkpt>
      <trkpt lat="22.5550803355872631072998046875" lon="114.0138235129415988922119140625">
        <ele>24.6000003814697265625</ele>
        <time>2026-09-11T22:51:36.000Z</time>
        <extensions>
          <ns3:TrackPointExtension>
            <ns3:atemp>30.0</ns3:atemp>
            <ns3:hr>146</ns3:hr>
            <ns3:cad>85</ns3:cad>
          </ns3:TrackPointExtension>
        </extensions>
      </trkpt>
      <trkpt lat="22.5550724565982818603515625" lon="114.0138496644794940948486328125">
        <ele>24.6000003814697265625</ele>
        <time>2026-09-11T22:51:37.000Z</time>
        <extensions>
          <ns3:TrackPointExtension>
            <ns3:atemp>30.0</ns3:atemp>
            <ns3:hr>145</ns3:hr>
            <ns3:cad>85</ns3:cad>
          </ns3:TrackPointExtension>
        </extensions>
      </trkpt>
      <trkpt lat="22.55507270805537700653076171875" lon="114.01387405581772327423095703125">
        <ele>24.3999996185302734375</ele>
        <time>2026-09-11T22:51:38.000Z</time>
        <extensions>
          <ns3:TrackPointExtension>
            <ns3:atemp>30.0</ns3:atemp>
            <ns3:hr>145</ns3:hr>
            <ns3:cad>85</ns3:cad>
          </ns3:TrackPointExtension>
        </extensions>
      </trkpt>
      <trkpt lat="22.555068768560886383056640625" lon="114.01390691287815570831298828125">
        <ele>24.3999996185302734375</ele>
        <time>2026-09-11T22:51:39.000Z</time>
        <extensions>
          <ns3:TrackPointExtension>
            <ns3:atemp>30.0</ns3:atemp>
            <ns3:hr>145</ns3:hr>
            <ns3:cad>85</ns3:cad>
          </ns3:TrackPointExtension>
        </extensions>
      </trkpt>
      <trkpt lat="22.55507178604602813720703125" lon="114.01392769999802112579345703125">
        <ele>24.3999996185302734375</ele>
        <time>2026-09-11T22:51:40.000Z</time>
        <extensions>
          <ns3:TrackPointExtension>
            <ns3:atemp>30.0</ns3:atemp>
            <ns3:hr>146</ns3:hr>
            <ns3:cad>85</ns3:cad>
          </ns3:TrackPointExtension>
        </extensions>
      </trkpt>
      <trkpt lat="22.5550689361989498138427734375" lon="114.013953097164630889892578125">
        <ele>24.3999996185302734375</ele>
        <time>2026-09-11T22:51:41.000Z</time>
        <extensions>
          <ns3:TrackPointExtension>
            <ns3:atemp>30.0</ns3:atemp>
            <ns3:hr>145</ns3:hr>
            <ns3:cad>85</ns3:cad>
          </ns3:TrackPointExtension>
        </extensions>
      </trkpt>
      <trkpt lat="22.555068098008632659912109375" lon="114.01398025453090667724609375">
        <ele>24.200000762939453125</ele>
        <time>2026-09-11T22:51:42.000Z</time>
        <extensions>
          <ns3:TrackPointExtension>
            <ns3:atemp>30.0</ns3:atemp>
            <ns3:hr>145</ns3:hr>
            <ns3:cad>85</ns3:cad>
          </ns3:TrackPointExtension>
        </extensions>
      </trkpt>
      <trkpt lat="22.55506717599928379058837890625" lon="114.014002718031406402587890625">
        <ele>24.200000762939453125</ele>
        <time>2026-09-11T22:51:43.000Z</time>
        <extensions>
          <ns3:TrackPointExtension>
            <ns3:atemp>30.0</ns3:atemp>
            <ns3:hr>144</ns3:hr>
            <ns3:cad>85</ns3:cad>
          </ns3:TrackPointExtension>
        </extensions>
      </trkpt>
      <trkpt lat="22.5550669245421886444091796875" lon="114.0140297077596187591552734375">
        <ele>24.200000762939453125</ele>
        <time>2026-09-11T22:51:44.000Z</time>
        <extensions>
          <ns3:TrackPointExtension>
            <ns3:atemp>30.0</ns3:atemp>
            <ns3:hr>144</ns3:hr>
            <ns3:cad>86</ns3:cad>
          </ns3:TrackPointExtension>
        </extensions>
      </trkpt>
      <trkpt lat="22.5550686009228229522705078125" lon="114.01405937969684600830078125">
        <ele>24.200000762939453125</ele>
        <time>2026-09-11T22:51:45.000Z</time>
        <extensions>
          <ns3:TrackPointExtension>
            <ns3:atemp>30.0</ns3:atemp>
            <ns3:hr>144</ns3:hr>
            <ns3:cad>86</ns3:cad>
          </ns3:TrackPointExtension>
        </extensions>
      </trkpt>
      <trkpt lat="22.5550697743892669677734375" lon="114.01408427394926548004150390625">
        <ele>24</ele>
        <time>2026-09-11T22:51:46.000Z</time>
        <extensions>
          <ns3:TrackPointExtension>
            <ns3:atemp>30.0</ns3:atemp>
            <ns3:hr>144</ns3:hr>
            <ns3:cad>85</ns3:cad>
          </ns3:TrackPointExtension>
        </extensions>
      </trkpt>
      <trkpt lat="22.55507186986505985260009765625" lon="114.01410707272589206695556640625">
        <ele>24</ele>
        <time>2026-09-11T22:51:47.000Z</time>
        <extensions>
          <ns3:TrackPointExtension>
            <ns3:atemp>30.0</ns3:atemp>
            <ns3:hr>144</ns3:hr>
            <ns3:cad>85</ns3:cad>
          </ns3:TrackPointExtension>
        </extensions>
      </trkpt>
      <trkpt lat="22.555072121322154998779296875" lon="114.0141369961202144622802734375">
        <ele>24</ele>
        <time>2026-09-11T22:51:48.000Z</time>
        <extensions>
          <ns3:TrackPointExtension>
            <ns3:atemp>30.0</ns3:atemp>
            <ns3:hr>144</ns3:hr>
            <ns3:cad>85</ns3:cad>
          </ns3:TrackPointExtension>
        </extensions>
      </trkpt>
      <trkpt lat="22.55507849156856536865234375" lon="114.01416457258164882659912109375">
        <ele>24</ele>
        <time>2026-09-11T22:51:49.000Z</time>
        <extensions>
          <ns3:TrackPointExtension>
            <ns3:atemp>30.0</ns3:atemp>
            <ns3:hr>144</ns3:hr>
            <ns3:cad>86</ns3:cad>
          </ns3:TrackPointExtension>
        </extensions>
      </trkpt>
      <trkpt lat="22.55508461035788059234619140625" lon="114.014194495975971221923828125">
        <ele>23.799999237060546875</ele>
        <time>2026-09-11T22:51:50.000Z</time>
        <extensions>
          <ns3:TrackPointExtension>
            <ns3:atemp>30.0</ns3:atemp>
            <ns3:hr>144</ns3:hr>
            <ns3:cad>86</ns3:cad>
          </ns3:TrackPointExtension>
        </extensions>
      </trkpt>
      <trkpt lat="22.5550887174904346466064453125" lon="114.01422156952321529388427734375">
        <ele>23.799999237060546875</ele>
        <time>2026-09-11T22:51:51.000Z</time>
        <extensions>
          <ns3:TrackPointExtension>
            <ns3:atemp>30.0</ns3:atemp>
            <ns3:hr>143</ns3:hr>
            <ns3:cad>86</ns3:cad>
          </ns3:TrackPointExtension>
        </extensions>
      </trkpt>
      <trkpt lat="22.5550939142704010009765625" lon="114.01424436829984188079833984375">
        <ele>23.799999237060546875</ele>
        <time>2026-09-11T22:51:52.000Z</time>
        <extensions>
          <ns3:TrackPointExtension>
            <ns3:atemp>30.0</ns3:atemp>
            <ns3:hr>144</ns3:hr>
            <ns3:cad>86</ns3:cad>
          </ns3:TrackPointExtension>
        </extensions>
      </trkpt>
      <trkpt lat="22.55509533919394016265869140625" lon="114.01427119038999080657958984375">
        <ele>23.799999237060546875</ele>
        <time>2026-09-11T22:51:53.000Z</time>
        <extensions>
          <ns3:TrackPointExtension>
            <ns3:atemp>30.0</ns3:atemp>
            <ns3:hr>144</ns3:hr>
            <ns3:cad>86</ns3:cad>
          </ns3:TrackPointExtension>
        </extensions>
      </trkpt>
      <trkpt lat="22.5551017932593822479248046875" lon="114.0142922289669513702392578125">
        <ele>23.6000003814697265625</ele>
        <time>2026-09-11T22:51:54.000Z</time>
        <extensions>
          <ns3:TrackPointExtension>
            <ns3:atemp>30.0</ns3:atemp>
            <ns3:hr>144</ns3:hr>
            <ns3:cad>86</ns3:cad>
          </ns3:TrackPointExtension>
        </extensions>
      </trkpt>
      <trkpt lat="22.55510321818292140960693359375" lon="114.014321230351924896240234375">
        <ele>23.6000003814697265625</ele>
        <time>2026-09-11T22:51:55.000Z</time>
        <extensions>
          <ns3:TrackPointExtension>
            <ns3:atemp>30.0</ns3:atemp>
            <ns3:hr>143</ns3:hr>
            <ns3:cad>85</ns3:cad>
          </ns3:TrackPointExtension>
        </extensions>
      </trkpt>
      <trkpt lat="22.55510355345904827117919921875" lon="114.0143472142517566680908203125">
        <ele>23.6000003814697265625</ele>
        <time>2026-09-11T22:51:56.000Z</time>
        <extensions>
          <ns3:TrackPointExtension>
            <ns3:atemp>30.0</ns3:atemp>
            <ns3:hr>144</ns3:hr>
            <ns3:cad>85</ns3:cad>
          </ns3:TrackPointExtension>
        </extensions>
      </trkpt>
      <trkpt lat="22.55510933697223663330078125" lon="114.01437127031385898590087890625">
        <ele>23.6000003814697265625</ele>
        <time>2026-09-11T22:51:57.000Z</time>
        <extensions>
          <ns3:TrackPointExtension>
            <ns3:atemp>30.0</ns3:atemp>
            <ns3:hr>144</ns3:hr>
            <ns3:cad>85</ns3:cad>
          </ns3:TrackPointExtension>
        </extensions>
      </trkpt>
      <trkpt lat="22.5551088340580463409423828125" lon="114.01439943350851535797119140625">
        <ele>23.6000003814697265625</ele>
        <time>2026-09-11T22:51:58.000Z</time>
        <extensions>
          <ns3:TrackPointExtension>
            <ns3:atemp>30.0</ns3:atemp>
            <ns3:hr>144</ns3:hr>
            <ns3:cad>85</ns3:cad>
          </ns3:TrackPointExtension>
        </extensions>
      </trkpt>
      <trkpt lat="22.5551108457148075103759765625" lon="114.014423824846744537353515625">
        <ele>23.6000003814697265625</ele>
        <time>2026-09-11T22:51:59.000Z</time>
        <extensions>
          <ns3:TrackPointExtension>
            <ns3:atemp>30.0</ns3:atemp>
            <ns3:hr>144</ns3:hr>
            <ns3:cad>85</ns3:cad>
          </ns3:TrackPointExtension>
        </extensions>
      </trkpt>
      <trkpt lat="22.55510925315320491790771484375" lon="114.01444989256560802459716796875">
        <ele>23.6000003814697265625</ele>
        <time>2026-09-11T22:52:00.000Z</time>
        <extensions>
          <ns3:TrackPointExtension>
            <ns3:atemp>30.0</ns3:atemp>
            <ns3:hr>144</ns3:hr>
            <ns3:cad>85</ns3:cad>
          </ns3:TrackPointExtension>
        </extensions>
      </trkpt>
      <trkpt lat="22.55510958842933177947998046875" lon="114.0144742839038372039794921875">
        <ele>23.3999996185302734375</ele>
        <time>2026-09-11T22:52:01.000Z</time>
        <extensions>
          <ns3:TrackPointExtension>
            <ns3:atemp>30.0</ns3:atemp>
            <ns3:hr>144</ns3:hr>
            <ns3:cad>85</ns3:cad>
          </ns3:TrackPointExtension>
        </extensions>
      </trkpt>
      <trkpt lat="22.55510690622031688690185546875" lon="114.01450621895492076873779296875">
        <ele>23.3999996185302734375</ele>
        <time>2026-09-11T22:52:02.000Z</time>
        <extensions>
          <ns3:TrackPointExtension>
            <ns3:atemp>30.0</ns3:atemp>
            <ns3:hr>144</ns3:hr>
            <ns3:cad>85</ns3:cad>
          </ns3:TrackPointExtension>
        </extensions>
      </trkpt>
      <trkpt lat="22.55510975606739521026611328125" lon="114.014535136520862579345703125">
        <ele>23.3999996185302734375</ele>
        <time>2026-09-11T22:52:03.000Z</time>
        <extensions>
          <ns3:TrackPointExtension>
            <ns3:atemp>30.0</ns3:atemp>
            <ns3:hr>144</ns3:hr>
            <ns3:cad>85</ns3:cad>
          </ns3:TrackPointExtension>
        </extensions>
      </trkpt>
      <trkpt lat="22.55510841496288776397705078125" lon="114.0145648084580898284912109375">
        <ele>23.3999996185302734375</ele>
        <time>2026-09-11T22:52:04.000Z</time>
        <extensions>
          <ns3:TrackPointExtension>
            <ns3:atemp>30.0</ns3:atemp>
            <ns3:hr>145</ns3:hr>
            <ns3:cad>85</ns3:cad>
          </ns3:TrackPointExtension>
        </extensions>
      </trkpt>
      <trkpt lat="22.55510925315320491790771484375" lon="114.0145916305482387542724609375">
        <ele>23.3999996185302734375</ele>
        <time>2026-09-11T22:52:05.000Z</time>
        <extensions>
          <ns3:TrackPointExtension>
            <ns3:atemp>30.0</ns3:atemp>
            <ns3:hr>145</ns3:hr>
            <ns3:cad>86</ns3:cad>
          </ns3:TrackPointExtension>
        </extensions>
      </trkpt>
      <trkpt lat="22.55510925315320491790771484375" lon="114.01461132802069187164306640625">
        <ele>23.3999996185302734375</ele>
        <time>2026-09-11T22:52:06.000Z</time>
        <extensions>
          <ns3:TrackPointExtension>
            <ns3:atemp>30.0</ns3:atemp>
            <ns3:hr>145</ns3:hr>
            <ns3:cad>86</ns3:cad>
          </ns3:TrackPointExtension>
        </extensions>
      </trkpt>
      <trkpt lat="22.55510799586772918701171875" lon="114.01463882066309452056884765625">
        <ele>23.200000762939453125</ele>
        <time>2026-09-11T22:52:07.000Z</time>
        <extensions>
          <ns3:TrackPointExtension>
            <ns3:atemp>30.0</ns3:atemp>
            <ns3:hr>145</ns3:hr>
            <ns3:cad>85</ns3:cad>
          </ns3:TrackPointExtension>
        </extensions>
      </trkpt>
      <trkpt lat="22.55510757677257061004638671875" lon="114.01465876959264278411865234375">
        <ele>23.200000762939453125</ele>
        <time>2026-09-11T22:52:08.000Z</time>
        <extensions>
          <ns3:TrackPointExtension>
            <ns3:atemp>30.0</ns3:atemp>
            <ns3:hr>146</ns3:hr>
            <ns3:cad>85</ns3:cad>
          </ns3:TrackPointExtension>
        </extensions>
      </trkpt>
      <trkpt lat="22.55510271526873111724853515625" lon="114.01468274183571338653564453125">
        <ele>23.200000762939453125</ele>
        <time>2026-09-11T22:52:09.000Z</time>
        <extensions>
          <ns3:TrackPointExtension>
            <ns3:atemp>30.0</ns3:atemp>
            <ns3:hr>146</ns3:hr>
            <ns3:cad>85</ns3:cad>
          </ns3:TrackPointExtension>
        </extensions>
      </trkpt>
      <trkpt lat="22.5551001168787479400634765625" lon="114.0147079713642597198486328125">
        <ele>23.200000762939453125</ele>
        <time>2026-09-11T22:52:10.000Z</time>
        <extensions>
          <ns3:TrackPointExtension>
            <ns3:atemp>30.0</ns3:atemp>
            <ns3:hr>146</ns3:hr>
            <ns3:cad>86</ns3:cad>
          </ns3:TrackPointExtension>
        </extensions>
      </trkpt>
      <trkpt lat="22.55510606802999973297119140625" lon="114.0147401578724384307861328125">
        <ele>23</ele>
        <time>2026-09-11T22:52:11.000Z</time>
        <extensions>
          <ns3:TrackPointExtension>
            <ns3:atemp>30.0</ns3:atemp>
            <ns3:hr>147</ns3:hr>
            <ns3:cad>86</ns3:cad>
          </ns3:TrackPointExtension>
        </extensions>
      </trkpt>
      <trkpt lat="22.55510690622031688690185546875" lon="114.01476639322936534881591796875">
        <ele>23</ele>
        <time>2026-09-11T22:52:12.000Z</time>
        <extensions>
          <ns3:TrackPointExtension>
            <ns3:atemp>30.0</ns3:atemp>
            <ns3:hr>147</ns3:hr>
            <ns3:cad>86</ns3:cad>
          </ns3:TrackPointExtension>
        </extensions>
      </trkpt>
      <trkpt lat="22.55510933697223663330078125" lon="114.01479589752852916717529296875">
        <ele>23</ele>
        <time>2026-09-11T22:52:13.000Z</time>
        <extensions>
          <ns3:TrackPointExtension>
            <ns3:atemp>30.0</ns3:atemp>
            <ns3:hr>147</ns3:hr>
            <ns3:cad>86</ns3:cad>
          </ns3:TrackPointExtension>
        </extensions>
      </trkpt>
      <trkpt lat="22.55511092953383922576904296875" lon="114.0148216299712657928466796875">
        <ele>23</ele>
        <time>2026-09-11T22:52:14.000Z</time>
        <extensions>
          <ns3:TrackPointExtension>
            <ns3:atemp>30.0</ns3:atemp>
            <ns3:hr>147</ns3:hr>
            <ns3:cad>87</ns3:cad>
          </ns3:TrackPointExtension>
        </extensions>
      </trkpt>
      <trkpt lat="22.55510807968676090240478515625" lon="114.01484568603336811065673828125">
        <ele>22.799999237060546875</ele>
        <time>2026-09-11T22:52:15.000Z</time>
        <extensions>
          <ns3:TrackPointExtension>
            <ns3:atemp>30.0</ns3:atemp>
            <ns3:hr>147</ns3:hr>
            <ns3:cad>87</ns3:cad>
          </ns3:TrackPointExtension>
        </extensions>
      </trkpt>
      <trkpt lat="22.5551071576774120330810546875" lon="114.0148682333528995513916015625">
        <ele>22.799999237060546875</ele>
        <time>2026-09-11T22:52:16.000Z</time>
        <extensions>
          <ns3:TrackPointExtension>
            <ns3:atemp>30.0</ns3:atemp>
            <ns3:hr>147</ns3:hr>
            <ns3:cad>86</ns3:cad>
          </ns3:TrackPointExtension>
        </extensions>
      </trkpt>
      <trkpt lat="22.55510858260095119476318359375" lon="114.01489597745239734649658203125">
        <ele>22.6000003814697265625</ele>
        <time>2026-09-11T22:52:17.000Z</time>
        <extensions>
          <ns3:TrackPointExtension>
            <ns3:atemp>30.0</ns3:atemp>
            <ns3:hr>146</ns3:hr>
            <ns3:cad>86</ns3:cad>
          </ns3:TrackPointExtension>
        </extensions>
      </trkpt>
      <trkpt lat="22.55510958842933177947998046875" lon="114.01492866687476634979248046875">
        <ele>22.6000003814697265625</ele>
        <time>2026-09-11T22:52:18.000Z</time>
        <extensions>
          <ns3:TrackPointExtension>
            <ns3:atemp>30.0</ns3:atemp>
            <ns3:hr>147</ns3:hr>
            <ns3:cad>86</ns3:cad>
          </ns3:TrackPointExtension>
        </extensions>
      </trkpt>
      <trkpt lat="22.55510908551514148712158203125" lon="114.01495951227843761444091796875">
        <ele>22.6000003814697265625</ele>
        <time>2026-09-11T22:52:19.000Z</time>
        <extensions>
          <ns3:TrackPointExtension>
            <ns3:atemp>30.0</ns3:atemp>
            <ns3:hr>147</ns3:hr>
            <ns3:cad>86</ns3:cad>
          </ns3:TrackPointExtension>
        </extensions>
      </trkpt>
      <trkpt lat="22.555113025009632110595703125" lon="114.0149862505495548248291015625">
        <ele>22.3999996185302734375</ele>
        <time>2026-09-11T22:52:20.000Z</time>
        <extensions>
          <ns3:TrackPointExtension>
            <ns3:atemp>30.0</ns3:atemp>
            <ns3:hr>147</ns3:hr>
            <ns3:cad>86</ns3:cad>
          </ns3:TrackPointExtension>
        </extensions>
      </trkpt>
      <trkpt lat="22.55511109717190265655517578125" lon="114.01501919142901897430419921875">
        <ele>22.3999996185302734375</ele>
        <time>2026-09-11T22:52:21.000Z</time>
        <extensions>
          <ns3:TrackPointExtension>
            <ns3:atemp>30.0</ns3:atemp>
            <ns3:hr>147</ns3:hr>
            <ns3:cad>86</ns3:cad>
          </ns3:TrackPointExtension>
        </extensions>
      </trkpt>
      <trkpt lat="22.55511336028575897216796875" lon="114.01504148729145526885986328125">
        <ele>22.200000762939453125</ele>
        <time>2026-09-11T22:52:22.000Z</time>
        <extensions>
          <ns3:TrackPointExtension>
            <ns3:atemp>30.0</ns3:atemp>
            <ns3:hr>146</ns3:hr>
            <ns3:cad>86</ns3:cad>
          </ns3:TrackPointExtension>
        </extensions>
      </trkpt>
      <trkpt lat="22.55510925315320491790771484375" lon="114.01507685892283916473388671875">
        <ele>22.200000762939453125</ele>
        <time>2026-09-11T22:52:23.000Z</time>
        <extensions>
          <ns3:TrackPointExtension>
            <ns3:atemp>30.0</ns3:atemp>
            <ns3:hr>146</ns3:hr>
            <ns3:cad>86</ns3:cad>
          </ns3:TrackPointExtension>
        </extensions>
      </trkpt>
      <trkpt lat="22.555109001696109771728515625" lon="114.015101082623004913330078125">
        <ele>22</ele>
        <time>2026-09-11T22:52:24.000Z</time>
        <extensions>
          <ns3:TrackPointExtension>
            <ns3:atemp>30.0</ns3:atemp>
            <ns3:hr>146</ns3:hr>
            <ns3:cad>86</ns3:cad>
          </ns3:TrackPointExtension>
        </extensions>
      </trkpt>
      <trkpt lat="22.555105984210968017578125" lon="114.01513167656958103179931640625">
        <ele>22</ele>
        <time>2026-09-11T22:52:25.000Z</time>
        <extensions>
          <ns3:TrackPointExtension>
            <ns3:atemp>30.0</ns3:atemp>
            <ns3:hr>146</ns3:hr>
            <ns3:cad>86</ns3:cad>
          </ns3:TrackPointExtension>
        </extensions>
      </trkpt>
      <trkpt lat="22.55510187707841396331787109375" lon="114.01515916921198368072509765625">
        <ele>22</ele>
        <time>2026-09-11T22:52:26.000Z</time>
        <extensions>
          <ns3:TrackPointExtension>
            <ns3:atemp>30.0</ns3:atemp>
            <ns3:hr>146</ns3:hr>
            <ns3:cad>86</ns3:cad>
          </ns3:TrackPointExtension>
        </extensions>
      </trkpt>
      <trkpt lat="22.5551021285355091094970703125" lon="114.0151833929121494293212890625">
        <ele>22</ele>
        <time>2026-09-11T22:52:27.000Z</time>
        <extensions>
          <ns3:TrackPointExtension>
            <ns3:atemp>30.0</ns3:atemp>
            <ns3:hr>146</ns3:hr>
            <ns3:cad>86</ns3:cad>
          </ns3:TrackPointExtension>
        </extensions>
      </trkpt>
      <trkpt lat="22.5550957582890987396240234375" lon="114.0152115561068058013916015625">
        <ele>22</ele>
        <time>2026-09-11T22:52:28.000Z</time>
        <extensions>
          <ns3:TrackPointExtension>
            <ns3:atemp>30.0</ns3:atemp>
            <ns3:hr>145</ns3:hr>
            <ns3:cad>86</ns3:cad>
          </ns3:TrackPointExtension>
        </extensions>
      </trkpt>
      <trkpt lat="22.5550940819084644317626953125" lon="114.01523360051214694976806640625">
        <ele>22</ele>
        <time>2026-09-11T22:52:29.000Z</time>
        <extensions>
          <ns3:TrackPointExtension>
            <ns3:atemp>30.0</ns3:atemp>
            <ns3:hr>145</ns3:hr>
            <ns3:cad>86</ns3:cad>
          </ns3:TrackPointExtension>
        </extensions>
      </trkpt>
      <trkpt lat="22.55508192814886569976806640625" lon="114.01525723747909069061279296875">
        <ele>21.799999237060546875</ele>
        <time>2026-09-11T22:52:30.000Z</time>
        <extensions>
          <ns3:TrackPointExtension>
            <ns3:atemp>30.0</ns3:atemp>
            <ns3:hr>145</ns3:hr>
            <ns3:cad>86</ns3:cad>
          </ns3:TrackPointExtension>
        </extensions>
      </trkpt>
      <trkpt lat="22.55507153458893299102783203125" lon="114.015280120074748992919921875">
        <ele>21.799999237060546875</ele>
        <time>2026-09-11T22:52:31.000Z</time>
        <extensions>
          <ns3:TrackPointExtension>
            <ns3:atemp>30.0</ns3:atemp>
            <ns3:hr>145</ns3:hr>
            <ns3:cad>86</ns3:cad>
          </ns3:TrackPointExtension>
        </extensions>
      </trkpt>
      <trkpt lat="22.5550598837435245513916015625" lon="114.0153084509074687957763671875">
        <ele>21.799999237060546875</ele>
        <time>2026-09-11T22:52:32.000Z</time>
        <extensions>
          <ns3:TrackPointExtension>
            <ns3:atemp>30.0</ns3:atemp>
            <ns3:hr>145</ns3:hr>
            <ns3:cad>86</ns3:cad>
          </ns3:TrackPointExtension>
        </extensions>
      </trkpt>
      <trkpt lat="22.55504990927875041961669921875" lon="114.0153325907886028289794921875">
        <ele>21.6000003814697265625</ele>
        <time>2026-09-11T22:52:33.000Z</time>
        <extensions>
          <ns3:TrackPointExtension>
            <ns3:atemp>30.0</ns3:atemp>
            <ns3:hr>144</ns3:hr>
            <ns3:cad>86</ns3:cad>
          </ns3:TrackPointExtension>
        </extensions>
      </trkpt>
      <trkpt lat="22.555043958127498626708984375" lon="114.01535714976489543914794921875">
        <ele>21.6000003814697265625</ele>
        <time>2026-09-11T22:52:34.000Z</time>
        <extensions>
          <ns3:TrackPointExtension>
            <ns3:atemp>30.0</ns3:atemp>
            <ns3:hr>144</ns3:hr>
            <ns3:cad>86</ns3:cad>
          </ns3:TrackPointExtension>
        </extensions>
      </trkpt>
      <trkpt lat="22.555031217634677886962890625" lon="114.01537894271314144134521484375">
        <ele>21.3999996185302734375</ele>
        <time>2026-09-11T22:52:35.000Z</time>
        <extensions>
          <ns3:TrackPointExtension>
            <ns3:atemp>30.0</ns3:atemp>
            <ns3:hr>144</ns3:hr>
            <ns3:cad>86</ns3:cad>
          </ns3:TrackPointExtension>
        </extensions>
      </trkpt>
      <trkpt lat="22.555024512112140655517578125" lon="114.0153984725475311279296875">
        <ele>21.3999996185302734375</ele>
        <time>2026-09-11T22:52:36.000Z</time>
        <extensions>
          <ns3:TrackPointExtension>
            <ns3:atemp>30.0</ns3:atemp>
            <ns3:hr>144</ns3:hr>
            <ns3:cad>86</ns3:cad>
          </ns3:TrackPointExtension>
        </extensions>
      </trkpt>
      <trkpt lat="22.55500934086740016937255859375" lon="114.01541867293417453765869140625">
        <ele>21.200000762939453125</ele>
        <time>2026-09-11T22:52:37.000Z</time>
        <extensions>
          <ns3:TrackPointExtension>
            <ns3:atemp>30.0</ns3:atemp>
            <ns3:hr>143</ns3:hr>
            <ns3:cad>87</ns3:cad>
          </ns3:TrackPointExtension>
        </extensions>
      </trkpt>
      <trkpt lat="22.55499408580362796783447265625" lon="114.01543376035988330841064453125">
        <ele>21.200000762939453125</ele>
        <time>2026-09-11T22:52:38.000Z</time>
        <extensions>
          <ns3:TrackPointExtension>
            <ns3:atemp>30.0</ns3:atemp>
            <ns3:hr>143</ns3:hr>
            <ns3:cad>87</ns3:cad>
          </ns3:TrackPointExtension>
        </extensions>
      </trkpt>
      <trkpt lat="22.5549760647118091583251953125" lon="114.01544868014752864837646484375">
        <ele>21</ele>
        <time>2026-09-11T22:52:39.000Z</time>
        <extensions>
          <ns3:TrackPointExtension>
            <ns3:atemp>30.0</ns3:atemp>
            <ns3:hr>143</ns3:hr>
            <ns3:cad>86</ns3:cad>
          </ns3:TrackPointExtension>
        </extensions>
      </trkpt>
      <trkpt lat="22.55495938472449779510498046875" lon="114.01546485722064971923828125">
        <ele>21</ele>
        <time>2026-09-11T22:52:40.000Z</time>
        <extensions>
          <ns3:TrackPointExtension>
            <ns3:atemp>30.0</ns3:atemp>
            <ns3:hr>143</ns3:hr>
            <ns3:cad>86</ns3:cad>
          </ns3:TrackPointExtension>
        </extensions>
      </trkpt>
      <trkpt lat="22.55494304001331329345703125" lon="114.01548229157924652099609375">
        <ele>21</ele>
        <time>2026-09-11T22:52:41.000Z</time>
        <extensions>
          <ns3:TrackPointExtension>
            <ns3:atemp>30.0</ns3:atemp>
            <ns3:hr>143</ns3:hr>
            <ns3:cad>86</ns3:cad>
          </ns3:TrackPointExtension>
        </extensions>
      </trkpt>
      <trkpt lat="22.55492418073117733001708984375" lon="114.0155012346804141998291015625">
        <ele>21</ele>
        <time>2026-09-11T22:52:42.000Z</time>
        <extensions>
          <ns3:TrackPointExtension>
            <ns3:atemp>30.0</ns3:atemp>
            <ns3:hr>142</ns3:hr>
            <ns3:cad>86</ns3:cad>
          </ns3:TrackPointExtension>
        </extensions>
      </trkpt>
      <trkpt lat="22.55490808747708797454833984375" lon="114.01551716029644012451171875">
        <ele>21</ele>
        <time>2026-09-11T22:52:43.000Z</time>
        <extensions>
          <ns3:TrackPointExtension>
            <ns3:atemp>30.0</ns3:atemp>
            <ns3:hr>143</ns3:hr>
            <ns3:cad>86</ns3:cad>
          </ns3:TrackPointExtension>
        </extensions>
      </trkpt>
      <trkpt lat="22.55488847382366657257080078125" lon="114.015538282692432403564453125">
        <ele>21</ele>
        <time>2026-09-11T22:52:44.000Z</time>
        <extensions>
          <ns3:TrackPointExtension>
            <ns3:atemp>30.0</ns3:atemp>
            <ns3:hr>143</ns3:hr>
            <ns3:cad>86</ns3:cad>
          </ns3:TrackPointExtension>
        </extensions>
      </trkpt>
      <trkpt lat="22.5548731349408626556396484375" lon="114.01555739343166351318359375">
        <ele>21</ele>
        <time>2026-09-11T22:52:45.000Z</time>
        <extensions>
          <ns3:TrackPointExtension>
            <ns3:atemp>30.0</ns3:atemp>
            <ns3:hr>142</ns3:hr>
            <ns3:cad>86</ns3:cad>
          </ns3:TrackPointExtension>
        </extensions>
      </trkpt>
      <trkpt lat="22.55485377274453639984130859375" lon="114.01557474397122859954833984375">
        <ele>20.799999237060546875</ele>
        <time>2026-09-11T22:52:46.000Z</time>
        <extensions>
          <ns3:TrackPointExtension>
            <ns3:atemp>30.0</ns3:atemp>
            <ns3:hr>142</ns3:hr>
            <ns3:cad>86</ns3:cad>
          </ns3:TrackPointExtension>
        </extensions>
      </trkpt>
      <trkpt lat="22.55483843386173248291015625" lon="114.0155944414436817169189453125">
        <ele>20.799999237060546875</ele>
        <time>2026-09-11T22:52:47.000Z</time>
        <extensions>
          <ns3:TrackPointExtension>
            <ns3:atemp>30.0</ns3:atemp>
            <ns3:hr>143</ns3:hr>
            <ns3:cad>86</ns3:cad>
          </ns3:TrackPointExtension>
        </extensions>
      </trkpt>
      <trkpt lat="22.55482661537826061248779296875" lon="114.01561480946838855743408203125">
        <ele>20.799999237060546875</ele>
        <time>2026-09-11T22:52:48.000Z</time>
        <extensions>
          <ns3:TrackPointExtension>
            <ns3:atemp>30.0</ns3:atemp>
            <ns3:hr>143</ns3:hr>
            <ns3:cad>86</ns3:cad>
          </ns3:TrackPointExtension>
        </extensions>
      </trkpt>
      <trkpt lat="22.5548097677528858184814453125" lon="114.01563794352114200592041015625">
        <ele>20.799999237060546875</ele>
        <time>2026-09-11T22:52:49.000Z</time>
        <extensions>
          <ns3:TrackPointExtension>
            <ns3:atemp>30.0</ns3:atemp>
            <ns3:hr>143</ns3:hr>
            <ns3:cad>85</ns3:cad>
          </ns3:TrackPointExtension>
        </extensions>
      </trkpt>
      <trkpt lat="22.5547906570136547088623046875" lon="114.01565353386104106903076171875">
        <ele>20.799999237060546875</ele>
        <time>2026-09-11T22:52:50.000Z</time>
        <extensions>
          <ns3:TrackPointExtension>
            <ns3:atemp>30.0</ns3:atemp>
            <ns3:hr>144</ns3:hr>
            <ns3:cad>85</ns3:cad>
          </ns3:TrackPointExtension>
        </extensions>
      </trkpt>
      <trkpt lat="22.554768361151218414306640625" lon="114.01566828601062297821044921875">
        <ele>20.799999237060546875</ele>
        <time>2026-09-11T22:52:51.000Z</time>
        <extensions>
          <ns3:TrackPointExtension>
            <ns3:atemp>30.0</ns3:atemp>
            <ns3:hr>144</ns3:hr>
            <ns3:cad>85</ns3:cad>
          </ns3:TrackPointExtension>
        </extensions>
      </trkpt>
      <trkpt lat="22.55474262870848178863525390625" lon="114.01567884720861911773681640625">
        <ele>20.799999237060546875</ele>
        <time>2026-09-11T22:52:52.000Z</time>
        <extensions>
          <ns3:TrackPointExtension>
            <ns3:atemp>30.0</ns3:atemp>
            <ns3:hr>145</ns3:hr>
            <ns3:cad>85</ns3:cad>
          </ns3:TrackPointExtension>
        </extensions>
      </trkpt>
      <trkpt lat="22.554714381694793701171875" lon="114.015695191919803619384765625">
        <ele>20.6000003814697265625</ele>
        <time>2026-09-11T22:52:53.000Z</time>
        <extensions>
          <ns3:TrackPointExtension>
            <ns3:atemp>30.0</ns3:atemp>
            <ns3:hr>145</ns3:hr>
            <ns3:cad>85</ns3:cad>
          </ns3:TrackPointExtension>
        </extensions>
      </trkpt>
      <trkpt lat="22.5546900741755962371826171875" lon="114.015705585479736328125">
        <ele>20.6000003814697265625</ele>
        <time>2026-09-11T22:52:54.000Z</time>
        <extensions>
          <ns3:TrackPointExtension>
            <ns3:atemp>30.0</ns3:atemp>
            <ns3:hr>145</ns3:hr>
            <ns3:cad>85</ns3:cad>
          </ns3:TrackPointExtension>
        </extensions>
      </trkpt>
      <trkpt lat="22.554667107760906219482421875" lon="114.015715308487415313720703125">
        <ele>20.3999996185302734375</ele>
        <time>2026-09-11T22:52:55.000Z</time>
        <extensions>
          <ns3:TrackPointExtension>
            <ns3:atemp>30.0</ns3:atemp>
            <ns3:hr>145</ns3:hr>
            <ns3:cad>85</ns3:cad>
          </ns3:TrackPointExtension>
        </extensions>
      </trkpt>
      <trkpt lat="22.55464288406074047088623046875" lon="114.01572444476187229156494140625">
        <ele>20.3999996185302734375</ele>
        <time>2026-09-11T22:52:56.000Z</time>
        <extensions>
          <ns3:TrackPointExtension>
            <ns3:atemp>30.0</ns3:atemp>
            <ns3:hr>145</ns3:hr>
            <ns3:cad>86</ns3:cad>
          </ns3:TrackPointExtension>
        </extensions>
      </trkpt>
      <trkpt lat="22.55462385714054107666015625" lon="114.0157339163124561309814453125">
        <ele>20.200000762939453125</ele>
        <time>2026-09-11T22:52:57.000Z</time>
        <extensions>
          <ns3:TrackPointExtension>
            <ns3:atemp>30.0</ns3:atemp>
            <ns3:hr>146</ns3:hr>
            <ns3:cad>86</ns3:cad>
          </ns3:TrackPointExtension>
        </extensions>
      </trkpt>
      <trkpt lat="22.55460114218294620513916015625" lon="114.01574171148240566253662109375">
        <ele>20.200000762939453125</ele>
        <time>2026-09-11T22:52:58.000Z</time>
        <extensions>
          <ns3:TrackPointExtension>
            <ns3:atemp>30.0</ns3:atemp>
            <ns3:hr>145</ns3:hr>
            <ns3:cad>87</ns3:cad>
          </ns3:TrackPointExtension>
        </extensions>
      </trkpt>
      <trkpt lat="22.55457851104438304901123046875" lon="114.01575445197522640228271484375">
        <ele>20.200000762939453125</ele>
        <time>2026-09-11T22:52:59.000Z</time>
        <extensions>
          <ns3:TrackPointExtension>
            <ns3:atemp>30.0</ns3:atemp>
            <ns3:hr>145</ns3:hr>
            <ns3:cad>87</ns3:cad>
          </ns3:TrackPointExtension>
        </extensions>
      </trkpt>
      <trkpt lat="22.55455546081066131591796875" lon="114.0157687850296497344970703125">
        <ele>20.200000762939453125</ele>
        <time>2026-09-11T22:53:00.000Z</time>
        <extensions>
          <ns3:TrackPointExtension>
            <ns3:atemp>30.0</ns3:atemp>
            <ns3:hr>145</ns3:hr>
            <ns3:cad>86</ns3:cad>
          </ns3:TrackPointExtension>
        </extensions>
      </trkpt>
      <trkpt lat="22.5545311532914638519287109375" lon="114.0157828666269779205322265625">
        <ele>20.200000762939453125</ele>
        <time>2026-09-11T22:53:01.000Z</time>
        <extensions>
          <ns3:TrackPointExtension>
            <ns3:atemp>30.0</ns3:atemp>
            <ns3:hr>146</ns3:hr>
            <ns3:cad>86</ns3:cad>
          </ns3:TrackPointExtension>
        </extensions>
      </trkpt>
      <trkpt lat="22.55451195873320102691650390625" lon="114.015795104205608367919921875">
        <ele>20.3999996185302734375</ele>
        <time>2026-09-11T22:53:02.000Z</time>
        <extensions>
          <ns3:TrackPointExtension>
            <ns3:atemp>30.0</ns3:atemp>
            <ns3:hr>145</ns3:hr>
            <ns3:cad>85</ns3:cad>
          </ns3:TrackPointExtension>
        </extensions>
      </trkpt>
      <trkpt lat="22.5544902496039867401123046875" lon="114.01580474339425563812255859375">
        <ele>20.3999996185302734375</ele>
        <time>2026-09-11T22:53:03.000Z</time>
        <extensions>
          <ns3:TrackPointExtension>
            <ns3:atemp>30.0</ns3:atemp>
            <ns3:hr>145</ns3:hr>
            <ns3:cad>85</ns3:cad>
          </ns3:TrackPointExtension>
        </extensions>
      </trkpt>
      <trkpt lat="22.554471306502819061279296875" lon="114.01581597514450550079345703125">
        <ele>20.200000762939453125</ele>
        <time>2026-09-11T22:53:04.000Z</time>
        <extensions>
          <ns3:TrackPointExtension>
            <ns3:atemp>30.0</ns3:atemp>
            <ns3:hr>146</ns3:hr>
            <ns3:cad>85</ns3:cad>
          </ns3:TrackPointExtension>
        </extensions>
      </trkpt>
      <trkpt lat="22.55444808863103389739990234375" lon="114.01582318358123302459716796875">
        <ele>20.200000762939453125</ele>
        <time>2026-09-11T22:53:05.000Z</time>
        <extensions>
          <ns3:TrackPointExtension>
            <ns3:atemp>30.0</ns3:atemp>
            <ns3:hr>145</ns3:hr>
            <ns3:cad>85</ns3:cad>
          </ns3:TrackPointExtension>
        </extensions>
      </trkpt>
      <trkpt lat="22.55442671477794647216796875" lon="114.0158331580460071563720703125">
        <ele>20.200000762939453125</ele>
        <time>2026-09-11T22:53:06.000Z</time>
        <extensions>
          <ns3:TrackPointExtension>
            <ns3:atemp>30.0</ns3:atemp>
            <ns3:hr>145</ns3:hr>
            <ns3:cad>86</ns3:cad>
          </ns3:TrackPointExtension>
        </extensions>
      </trkpt>
      <trkpt lat="22.55440525710582733154296875" lon="114.01584112085402011871337890625">
        <ele>20</ele>
        <time>2026-09-11T22:53:07.000Z</time>
        <extensions>
          <ns3:TrackPointExtension>
            <ns3:atemp>30.0</ns3:atemp>
            <ns3:hr>145</ns3:hr>
            <ns3:cad>86</ns3:cad>
          </ns3:TrackPointExtension>
        </extensions>
      </trkpt>
      <trkpt lat="22.55437952466309070587158203125" lon="114.015847742557525634765625">
        <ele>20</ele>
        <time>2026-09-11T22:53:08.000Z</time>
        <extensions>
          <ns3:TrackPointExtension>
            <ns3:atemp>30.0</ns3:atemp>
            <ns3:hr>145</ns3:hr>
            <ns3:cad>85</ns3:cad>
          </ns3:TrackPointExtension>
        </extensions>
      </trkpt>
      <trkpt lat="22.55435965955257415771484375" lon="114.01585956104099750518798828125">
        <ele>20</ele>
        <time>2026-09-11T22:53:09.000Z</time>
        <extensions>
          <ns3:TrackPointExtension>
            <ns3:atemp>30.0</ns3:atemp>
            <ns3:hr>145</ns3:hr>
            <ns3:cad>85</ns3:cad>
          </ns3:TrackPointExtension>
        </extensions>
      </trkpt>
      <trkpt lat="22.5543313287198543548583984375" lon="114.0158665180206298828125">
        <ele>20</ele>
        <time>2026-09-11T22:53:10.000Z</time>
        <extensions>
          <ns3:TrackPointExtension>
            <ns3:atemp>30.0</ns3:atemp>
            <ns3:hr>145</ns3:hr>
            <ns3:cad>85</ns3:cad>
          </ns3:TrackPointExtension>
        </extensions>
      </trkpt>
      <trkpt lat="22.5543185882270336151123046875" lon="114.01587967760860919952392578125">
        <ele>19.799999237060546875</ele>
        <time>2026-09-11T22:53:11.000Z</time>
        <extensions>
          <ns3:TrackPointExtension>
            <ns3:atemp>30.0</ns3:atemp>
            <ns3:hr>145</ns3:hr>
            <ns3:cad>85</ns3:cad>
          </ns3:TrackPointExtension>
        </extensions>
      </trkpt>
      <trkpt lat="22.5542927719652652740478515625" lon="114.01588906534016132354736328125">
        <ele>19.799999237060546875</ele>
        <time>2026-09-11T22:53:12.000Z</time>
        <extensions>
          <ns3:TrackPointExtension>
            <ns3:atemp>30.0</ns3:atemp>
            <ns3:hr>145</ns3:hr>
            <ns3:cad>85</ns3:cad>
          </ns3:TrackPointExtension>
        </extensions>
      </trkpt>
      <trkpt lat="22.5542731583118438720703125" lon="114.0158975310623645782470703125">
        <ele>19.799999237060546875</ele>
        <time>2026-09-11T22:53:13.000Z</time>
        <extensions>
          <ns3:TrackPointExtension>
            <ns3:atemp>30.0</ns3:atemp>
            <ns3:hr>145</ns3:hr>
            <ns3:cad>85</ns3:cad>
          </ns3:TrackPointExtension>
        </extensions>
      </trkpt>
      <trkpt lat="22.55425094626843929290771484375" lon="114.01591253466904163360595703125">
        <ele>19.6000003814697265625</ele>
        <time>2026-09-11T22:53:14.000Z</time>
        <extensions>
          <ns3:TrackPointExtension>
            <ns3:atemp>30.0</ns3:atemp>
            <ns3:hr>144</ns3:hr>
            <ns3:cad>85</ns3:cad>
          </ns3:TrackPointExtension>
        </extensions>
      </trkpt>
      <trkpt lat="22.5542304106056690216064453125" lon="114.0159273706376552581787109375">
        <ele>19.6000003814697265625</ele>
        <time>2026-09-11T22:53:15.000Z</time>
        <extensions>
          <ns3:TrackPointExtension>
            <ns3:atemp>30.0</ns3:atemp>
            <ns3:hr>144</ns3:hr>
            <ns3:cad>85</ns3:cad>
          </ns3:TrackPointExtension>
        </extensions>
      </trkpt>
      <trkpt lat="22.55420937202870845794677734375" lon="114.01594497263431549072265625">
        <ele>19.3999996185302734375</ele>
        <time>2026-09-11T22:53:16.000Z</time>
        <extensions>
          <ns3:TrackPointExtension>
            <ns3:atemp>30.0</ns3:atemp>
            <ns3:hr>144</ns3:hr>
            <ns3:cad>85</ns3:cad>
          </ns3:TrackPointExtension>
        </extensions>
      </trkpt>
      <trkpt lat="22.55418489687144756317138671875" lon="114.015961401164531707763671875">
        <ele>19.3999996185302734375</ele>
        <time>2026-09-11T22:53:17.000Z</time>
        <extensions>
          <ns3:TrackPointExtension>
            <ns3:atemp>30.0</ns3:atemp>
            <ns3:hr>144</ns3:hr>
            <ns3:cad>85</ns3:cad>
          </ns3:TrackPointExtension>
        </extensions>
      </trkpt>
      <trkpt lat="22.55416595377027988433837890625" lon="114.01597875170409679412841796875">
        <ele>19.3999996185302734375</ele>
        <time>2026-09-11T22:53:18.000Z</time>
        <extensions>
          <ns3:TrackPointExtension>
            <ns3:atemp>30.0</ns3:atemp>
            <ns3:hr>144</ns3:hr>
            <ns3:cad>86</ns3:cad>
          </ns3:TrackPointExtension>
        </extensions>
      </trkpt>
      <trkpt lat="22.55414499901235103607177734375" lon="114.01599685661494731903076171875">
        <ele>19.3999996185302734375</ele>
        <time>2026-09-11T22:53:19.000Z</time>
        <extensions>
          <ns3:TrackPointExtension>
            <ns3:atemp>30.0</ns3:atemp>
            <ns3:hr>145</ns3:hr>
            <ns3:cad>86</ns3:cad>
          </ns3:TrackPointExtension>
        </extensions>
      </trkpt>
      <trkpt lat="22.554121278226375579833984375" lon="114.01601026766002178192138671875">
        <ele>19.3999996185302734375</ele>
        <time>2026-09-11T22:53:20.000Z</time>
        <extensions>
          <ns3:TrackPointExtension>
            <ns3:atemp>30.0</ns3:atemp>
            <ns3:hr>144</ns3:hr>
            <ns3:cad>86</ns3:cad>
          </ns3:TrackPointExtension>
        </extensions>
      </trkpt>
      <trkpt lat="22.554102502763271331787109375" lon="114.016027115285396575927734375">
        <ele>19.3999996185302734375</ele>
        <time>2026-09-11T22:53:21.000Z</time>
        <extensions>
          <ns3:TrackPointExtension>
            <ns3:atemp>30.0</ns3:atemp>
            <ns3:hr>144</ns3:hr>
            <ns3:cad>86</ns3:cad>
          </ns3:TrackPointExtension>
        </extensions>
      </trkpt>
      <trkpt lat="22.55407693795859813690185546875" lon="114.0160440467298030853271484375">
        <ele>19.200000762939453125</ele>
        <time>2026-09-11T22:53:22.000Z</time>
        <extensions>
          <ns3:TrackPointExtension>
            <ns3:atemp>30.0</ns3:atemp>
            <ns3:hr>145</ns3:hr>
            <ns3:cad>86</ns3:cad>
          </ns3:TrackPointExtension>
        </extensions>
      </trkpt>
      <trkpt lat="22.55405900068581104278564453125" lon="114.0160591341555118560791015625">
        <ele>19.200000762939453125</ele>
        <time>2026-09-11T22:53:23.000Z</time>
        <extensions>
          <ns3:TrackPointExtension>
            <ns3:atemp>30.0</ns3:atemp>
            <ns3:hr>145</ns3:hr>
            <ns3:cad>85</ns3:cad>
          </ns3:TrackPointExtension>
        </extensions>
      </trkpt>
      <trkpt lat="22.5540366210043430328369140625" lon="114.016073383390903472900390625">
        <ele>19</ele>
        <time>2026-09-11T22:53:24.000Z</time>
        <extensions>
          <ns3:TrackPointExtension>
            <ns3:atemp>30.0</ns3:atemp>
            <ns3:hr>145</ns3:hr>
            <ns3:cad>85</ns3:cad>
          </ns3:TrackPointExtension>
        </extensions>
      </trkpt>
      <trkpt lat="22.5540156662464141845703125" lon="114.01608888991177082061767578125">
        <ele>19</ele>
        <time>2026-09-11T22:53:25.000Z</time>
        <extensions>
          <ns3:TrackPointExtension>
            <ns3:atemp>30.0</ns3:atemp>
            <ns3:hr>145</ns3:hr>
            <ns3:cad>85</ns3:cad>
          </ns3:TrackPointExtension>
        </extensions>
      </trkpt>
      <trkpt lat="22.55399311892688274383544921875" lon="114.0161010436713695526123046875">
        <ele>19</ele>
        <time>2026-09-11T22:53:26.000Z</time>
        <extensions>
          <ns3:TrackPointExtension>
            <ns3:atemp>30.0</ns3:atemp>
            <ns3:hr>145</ns3:hr>
            <ns3:cad>85</ns3:cad>
          </ns3:TrackPointExtension>
        </extensions>
      </trkpt>
      <trkpt lat="22.5539672188460826873779296875" lon="114.0161147899925708770751953125">
        <ele>19</ele>
        <time>2026-09-11T22:53:27.000Z</time>
        <extensions>
          <ns3:TrackPointExtension>
            <ns3:atemp>30.0</ns3:atemp>
            <ns3:hr>145</ns3:hr>
            <ns3:cad>85</ns3:cad>
          </ns3:TrackPointExtension>
        </extensions>
      </trkpt>
      <trkpt lat="22.55394525825977325439453125" lon="114.0161312185227870941162109375">
        <ele>18.799999237060546875</ele>
        <time>2026-09-11T22:53:28.000Z</time>
        <extensions>
          <ns3:TrackPointExtension>
            <ns3:atemp>30.0</ns3:atemp>
            <ns3:hr>146</ns3:hr>
            <ns3:cad>85</ns3:cad>
          </ns3:TrackPointExtension>
        </extensions>
      </trkpt>
      <trkpt lat="22.55392120219767093658447265625" lon="114.01614421047270298004150390625">
        <ele>18.799999237060546875</ele>
        <time>2026-09-11T22:53:29.000Z</time>
        <extensions>
          <ns3:TrackPointExtension>
            <ns3:atemp>30.0</ns3:atemp>
            <ns3:hr>146</ns3:hr>
            <ns3:cad>86</ns3:cad>
          </ns3:TrackPointExtension>
        </extensions>
      </trkpt>
      <trkpt lat="22.5538984872400760650634765625" lon="114.01615552604198455810546875">
        <ele>18.799999237060546875</ele>
        <time>2026-09-11T22:53:30.000Z</time>
        <extensions>
          <ns3:TrackPointExtension>
            <ns3:atemp>30.0</ns3:atemp>
            <ns3:hr>146</ns3:hr>
            <ns3:cad>86</ns3:cad>
          </ns3:TrackPointExtension>
        </extensions>
      </trkpt>
      <trkpt lat="22.5538726709783077239990234375" lon="114.0161650814116001129150390625">
        <ele>18.6000003814697265625</ele>
        <time>2026-09-11T22:53:31.000Z</time>
        <extensions>
          <ns3:TrackPointExtension>
            <ns3:atemp>30.0</ns3:atemp>
            <ns3:hr>146</ns3:hr>
            <ns3:cad>86</ns3:cad>
          </ns3:TrackPointExtension>
        </extensions>
      </trkpt>
      <trkpt lat="22.5538549013435840606689453125" lon="114.0161791630089282989501953125">
        <ele>18.6000003814697265625</ele>
        <time>2026-09-11T22:53:32.000Z</time>
        <extensions>
          <ns3:TrackPointExtension>
            <ns3:atemp>30.0</ns3:atemp>
            <ns3:hr>146</ns3:hr>
            <ns3:cad>86</ns3:cad>
          </ns3:TrackPointExtension>
        </extensions>
      </trkpt>
      <trkpt lat="22.55383520387113094329833984375" lon="114.0161925740540027618408203125">
        <ele>18.6000003814697265625</ele>
        <time>2026-09-11T22:53:33.000Z</time>
        <extensions>
          <ns3:TrackPointExtension>
            <ns3:atemp>30.0</ns3:atemp>
            <ns3:hr>146</ns3:hr>
            <ns3:cad>86</ns3:cad>
          </ns3:TrackPointExtension>
        </extensions>
      </trkpt>
      <trkpt lat="22.55381542257964611053466796875" lon="114.0162076614797115325927734375">
        <ele>18.3999996185302734375</ele>
        <time>2026-09-11T22:53:34.000Z</time>
        <extensions>
          <ns3:TrackPointExtension>
            <ns3:atemp>30.0</ns3:atemp>
            <ns3:hr>146</ns3:hr>
            <ns3:cad>86</ns3:cad>
          </ns3:TrackPointExtension>
        </extensions>
      </trkpt>
      <trkpt lat="22.55379379726946353912353515625" lon="114.01622568257153034210205078125">
        <ele>18.3999996185302734375</ele>
        <time>2026-09-11T22:53:35.000Z</time>
        <extensions>
          <ns3:TrackPointExtension>
            <ns3:atemp>30.0</ns3:atemp>
            <ns3:hr>146</ns3:hr>
            <ns3:cad>86</ns3:cad>
          </ns3:TrackPointExtension>
        </extensions>
      </trkpt>
      <trkpt lat="22.5537704117596149444580078125" lon="114.01624613441526889801025390625">
        <ele>18.3999996185302734375</ele>
        <time>2026-09-11T22:53:36.000Z</time>
        <extensions>
          <ns3:TrackPointExtension>
            <ns3:atemp>30.0</ns3:atemp>
            <ns3:hr>146</ns3:hr>
            <ns3:cad>86</ns3:cad>
          </ns3:TrackPointExtension>
        </extensions>
      </trkpt>
      <trkpt lat="22.55375079810619354248046875" lon="114.01626281440258026123046875">
        <ele>18.3999996185302734375</ele>
        <time>2026-09-11T22:53:37.000Z</time>
        <extensions>
          <ns3:TrackPointExtension>
            <ns3:atemp>30.0</ns3:atemp>
            <ns3:hr>146</ns3:hr>
            <ns3:cad>86</ns3:cad>
          </ns3:TrackPointExtension>
        </extensions>
      </trkpt>
      <trkpt lat="22.55373059771955013275146484375" lon="114.01627932675182819366455078125">
        <ele>18.3999996185302734375</ele>
        <time>2026-09-11T22:53:38.000Z</time>
        <extensions>
          <ns3:TrackPointExtension>
            <ns3:atemp>30.0</ns3:atemp>
            <ns3:hr>146</ns3:hr>
            <ns3:cad>86</ns3:cad>
          </ns3:TrackPointExtension>
        </extensions>
      </trkpt>
      <trkpt lat="22.55371316336095333099365234375" lon="114.0162961743772029876708984375">
        <ele>18.200000762939453125</ele>
        <time>2026-09-11T22:53:39.000Z</time>
        <extensions>
          <ns3:TrackPointExtension>
            <ns3:atemp>30.0</ns3:atemp>
            <ns3:hr>145</ns3:hr>
            <ns3:cad>87</ns3:cad>
          </ns3:TrackPointExtension>
        </extensions>
      </trkpt>
      <trkpt lat="22.55369069986045360565185546875" lon="114.01631134562194347381591796875">
        <ele>18.200000762939453125</ele>
        <time>2026-09-11T22:53:40.000Z</time>
        <extensions>
          <ns3:TrackPointExtension>
            <ns3:atemp>30.0</ns3:atemp>
            <ns3:hr>145</ns3:hr>
            <ns3:cad>87</ns3:cad>
          </ns3:TrackPointExtension>
        </extensions>
      </trkpt>
      <trkpt lat="22.55367175675928592681884765625" lon="114.01632718741893768310546875">
        <ele>18.200000762939453125</ele>
        <time>2026-09-11T22:53:41.000Z</time>
        <extensions>
          <ns3:TrackPointExtension>
            <ns3:atemp>30.0</ns3:atemp>
            <ns3:hr>145</ns3:hr>
            <ns3:cad>86</ns3:cad>
          </ns3:TrackPointExtension>
        </extensions>
      </trkpt>
      <trkpt lat="22.553650550544261932373046875" lon="114.01634269393980503082275390625">
        <ele>18.200000762939453125</ele>
        <time>2026-09-11T22:53:42.000Z</time>
        <extensions>
          <ns3:TrackPointExtension>
            <ns3:atemp>30.0</ns3:atemp>
            <ns3:hr>145</ns3:hr>
            <ns3:cad>86</ns3:cad>
          </ns3:TrackPointExtension>
        </extensions>
      </trkpt>
      <trkpt lat="22.5536306016147136688232421875" lon="114.0163545124232769012451171875">
        <ele>18</ele>
        <time>2026-09-11T22:53:43.000Z</time>
        <extensions>
          <ns3:TrackPointExtension>
            <ns3:atemp>30.0</ns3:atemp>
            <ns3:hr>145</ns3:hr>
            <ns3:cad>86</ns3:cad>
          </ns3:TrackPointExtension>
        </extensions>
      </trkpt>
      <trkpt lat="22.55361006595194339752197265625" lon="114.0163706056773662567138671875">
        <ele>18</ele>
        <time>2026-09-11T22:53:44.000Z</time>
        <extensions>
          <ns3:TrackPointExtension>
            <ns3:atemp>30.0</ns3:atemp>
            <ns3:hr>146</ns3:hr>
            <ns3:cad>86</ns3:cad>
          </ns3:TrackPointExtension>
        </extensions>
      </trkpt>
      <trkpt lat="22.55359112285077571868896484375" lon="114.01638460345566272735595703125">
        <ele>18</ele>
        <time>2026-09-11T22:53:45.000Z</time>
        <extensions>
          <ns3:TrackPointExtension>
            <ns3:atemp>30.0</ns3:atemp>
            <ns3:hr>145</ns3:hr>
            <ns3:cad>86</ns3:cad>
          </ns3:TrackPointExtension>
        </extensions>
      </trkpt>
      <trkpt lat="22.553573437035083770751953125" lon="114.01639935560524463653564453125">
        <ele>18</ele>
        <time>2026-09-11T22:53:46.000Z</time>
        <extensions>
          <ns3:TrackPointExtension>
            <ns3:atemp>30.0</ns3:atemp>
            <ns3:hr>145</ns3:hr>
            <ns3:cad>86</ns3:cad>
          </ns3:TrackPointExtension>
        </extensions>
      </trkpt>
      <trkpt lat="22.55355499684810638427734375" lon="114.0164195559918880462646484375">
        <ele>17.799999237060546875</ele>
        <time>2026-09-11T22:53:47.000Z</time>
        <extensions>
          <ns3:TrackPointExtension>
            <ns3:atemp>30.0</ns3:atemp>
            <ns3:hr>146</ns3:hr>
            <ns3:cad>86</ns3:cad>
          </ns3:TrackPointExtension>
        </extensions>
      </trkpt>
      <trkpt lat="22.55353010259568691253662109375" lon="114.01643447577953338623046875">
        <ele>17.799999237060546875</ele>
        <time>2026-09-11T22:53:48.000Z</time>
        <extensions>
          <ns3:TrackPointExtension>
            <ns3:atemp>30.0</ns3:atemp>
            <ns3:hr>146</ns3:hr>
            <ns3:cad>86</ns3:cad>
          </ns3:TrackPointExtension>
        </extensions>
      </trkpt>
      <trkpt lat="22.55350562743842601776123046875" lon="114.01645199395716190338134765625">
        <ele>17.799999237060546875</ele>
        <time>2026-09-11T22:53:49.000Z</time>
        <extensions>
          <ns3:TrackPointExtension>
            <ns3:atemp>30.0</ns3:atemp>
            <ns3:hr>146</ns3:hr>
            <ns3:cad>86</ns3:cad>
          </ns3:TrackPointExtension>
        </extensions>
      </trkpt>
      <trkpt lat="22.5534810684621334075927734375" lon="114.016464315354824066162109375">
        <ele>17.799999237060546875</ele>
        <time>2026-09-11T22:53:50.000Z</time>
        <extensions>
          <ns3:TrackPointExtension>
            <ns3:atemp>30.0</ns3:atemp>
            <ns3:hr>146</ns3:hr>
            <ns3:cad>86</ns3:cad>
          </ns3:TrackPointExtension>
        </extensions>
      </trkpt>
      <trkpt lat="22.5534550845623016357421875" lon="114.01648032478988170623779296875">
        <ele>17.6000003814697265625</ele>
        <time>2026-09-11T22:53:51.000Z</time>
        <extensions>
          <ns3:TrackPointExtension>
            <ns3:atemp>30.0</ns3:atemp>
            <ns3:hr>145</ns3:hr>
            <ns3:cad>86</ns3:cad>
          </ns3:TrackPointExtension>
        </extensions>
      </trkpt>
      <trkpt lat="22.5534324534237384796142578125" lon="114.01649440638720989227294921875">
        <ele>17.6000003814697265625</ele>
        <time>2026-09-11T22:53:52.000Z</time>
        <extensions>
          <ns3:TrackPointExtension>
            <ns3:atemp>30.0</ns3:atemp>
            <ns3:hr>145</ns3:hr>
            <ns3:cad>85</ns3:cad>
          </ns3:TrackPointExtension>
        </extensions>
      </trkpt>
      <trkpt lat="22.553411833941936492919921875" lon="114.01650555431842803955078125">
        <ele>17.6000003814697265625</ele>
        <time>2026-09-11T22:53:53.000Z</time>
        <extensions>
          <ns3:TrackPointExtension>
            <ns3:atemp>30.0</ns3:atemp>
            <ns3:hr>145</ns3:hr>
            <ns3:cad>85</ns3:cad>
          </ns3:TrackPointExtension>
        </extensions>
      </trkpt>
      <trkpt lat="22.5533880293369293212890625" lon="114.01652776636183261871337890625">
        <ele>17.6000003814697265625</ele>
        <time>2026-09-11T22:53:54.000Z</time>
        <extensions>
          <ns3:TrackPointExtension>
            <ns3:atemp>30.0</ns3:atemp>
            <ns3:hr>145</ns3:hr>
            <ns3:cad>85</ns3:cad>
          </ns3:TrackPointExtension>
        </extensions>
      </trkpt>
      <trkpt lat="22.55336858332157135009765625" lon="114.01653815992176532745361328125">
        <ele>17.3999996185302734375</ele>
        <time>2026-09-11T22:53:55.000Z</time>
        <extensions>
          <ns3:TrackPointExtension>
            <ns3:atemp>30.0</ns3:atemp>
            <ns3:hr>146</ns3:hr>
            <ns3:cad>85</ns3:cad>
          </ns3:TrackPointExtension>
        </extensions>
      </trkpt>
      <trkpt lat="22.55334637127816677093505859375" lon="114.01655341498553752899169921875">
        <ele>17.3999996185302734375</ele>
        <time>2026-09-11T22:53:56.000Z</time>
        <extensions>
          <ns3:TrackPointExtension>
            <ns3:atemp>30.0</ns3:atemp>
            <ns3:hr>146</ns3:hr>
            <ns3:cad>85</ns3:cad>
          </ns3:TrackPointExtension>
        </extensions>
      </trkpt>
      <trkpt lat="22.55332432687282562255859375" lon="114.01657051406800746917724609375">
        <ele>17.200000762939453125</ele>
        <time>2026-09-11T22:53:57.000Z</time>
        <extensions>
          <ns3:TrackPointExtension>
            <ns3:atemp>30.0</ns3:atemp>
            <ns3:hr>146</ns3:hr>
            <ns3:cad>85</ns3:cad>
          </ns3:TrackPointExtension>
        </extensions>
      </trkpt>
      <trkpt lat="22.55330421030521392822265625" lon="114.01658643968403339385986328125">
        <ele>17.200000762939453125</ele>
        <time>2026-09-11T22:53:58.000Z</time>
        <extensions>
          <ns3:TrackPointExtension>
            <ns3:atemp>30.0</ns3:atemp>
            <ns3:hr>145</ns3:hr>
            <ns3:cad>85</ns3:cad>
          </ns3:TrackPointExtension>
        </extensions>
      </trkpt>
      <trkpt lat="22.553282417356967926025390625" lon="114.01660320349037647247314453125">
        <ele>17.200000762939453125</ele>
        <time>2026-09-11T22:53:59.000Z</time>
        <extensions>
          <ns3:TrackPointExtension>
            <ns3:atemp>30.0</ns3:atemp>
            <ns3:hr>145</ns3:hr>
            <ns3:cad>85</ns3:cad>
          </ns3:TrackPointExtension>
        </extensions>
      </trkpt>
      <trkpt lat="22.55326322279870510101318359375" lon="114.0166156925261020660400390625">
        <ele>17.200000762939453125</ele>
        <time>2026-09-11T22:54:00.000Z</time>
        <extensions>
          <ns3:TrackPointExtension>
            <ns3:atemp>30.0</ns3:atemp>
            <ns3:hr>145</ns3:hr>
            <ns3:cad>85</ns3:cad>
          </ns3:TrackPointExtension>
        </extensions>
      </trkpt>
      <trkpt lat="22.553240843117237091064453125" lon="114.0166267566382884979248046875">
        <ele>17.200000762939453125</ele>
        <time>2026-09-11T22:54:01.000Z</time>
        <extensions>
          <ns3:TrackPointExtension>
            <ns3:atemp>30.0</ns3:atemp>
            <ns3:hr>144</ns3:hr>
            <ns3:cad>85</ns3:cad>
          </ns3:TrackPointExtension>
        </extensions>
      </trkpt>
      <trkpt lat="22.55321980454027652740478515625" lon="114.01664100587368011474609375">
        <ele>17.200000762939453125</ele>
        <time>2026-09-11T22:54:02.000Z</time>
        <extensions>
          <ns3:TrackPointExtension>
            <ns3:atemp>30.0</ns3:atemp>
            <ns3:hr>144</ns3:hr>
            <ns3:cad>85</ns3:cad>
          </ns3:TrackPointExtension>
        </extensions>
      </trkpt>
      <trkpt lat="22.55320069380104541778564453125" lon="114.01665383018553256988525390625">
        <ele>17.200000762939453125</ele>
        <time>2026-09-11T22:54:03.000Z</time>
        <extensions>
          <ns3:TrackPointExtension>
            <ns3:atemp>30.0</ns3:atemp>
            <ns3:hr>144</ns3:hr>
            <ns3:cad>85</ns3:cad>
          </ns3:TrackPointExtension>
        </extensions>
      </trkpt>
      <trkpt lat="22.553180158138275146484375" lon="114.016664810478687286376953125">
        <ele>17.200000762939453125</ele>
        <time>2026-09-11T22:54:04.000Z</time>
        <extensions>
          <ns3:TrackPointExtension>
            <ns3:atemp>30.0</ns3:atemp>
            <ns3:hr>144</ns3:hr>
            <ns3:cad>86</ns3:cad>
          </ns3:TrackPointExtension>
        </extensions>
      </trkpt>
      <trkpt lat="22.55315945483744144439697265625" lon="114.01667847298085689544677734375">
        <ele>17.200000762939453125</ele>
        <time>2026-09-11T22:54:05.000Z</time>
        <extensions>
          <ns3:TrackPointExtension>
            <ns3:atemp>30.0</ns3:atemp>
            <ns3:hr>144</ns3:hr>
            <ns3:cad>86</ns3:cad>
          </ns3:TrackPointExtension>
        </extensions>
      </trkpt>
      <trkpt lat="22.55313866771757602691650390625" lon="114.01669255457818508148193359375">
        <ele>17.200000762939453125</ele>
        <time>2026-09-11T22:54:06.000Z</time>
        <extensions>
          <ns3:TrackPointExtension>
            <ns3:atemp>30.0</ns3:atemp>
            <ns3:hr>144</ns3:hr>
            <ns3:cad>86</ns3:cad>
          </ns3:TrackPointExtension>
        </extensions>
      </trkpt>
      <trkpt lat="22.55312056280672550201416015625" lon="114.0167085640132427215576171875">
        <ele>17.200000762939453125</ele>
        <time>2026-09-11T22:54:07.000Z</time>
        <extensions>
          <ns3:TrackPointExtension>
            <ns3:atemp>30.0</ns3:atemp>
            <ns3:hr>144</ns3:hr>
            <ns3:cad>86</ns3:cad>
          </ns3:TrackPointExtension>
        </extensions>
      </trkpt>
      <trkpt lat="22.5530975125730037689208984375" lon="114.0167253278195858001708984375">
        <ele>17</ele>
        <time>2026-09-11T22:54:08.000Z</time>
        <extensions>
          <ns3:TrackPointExtension>
            <ns3:atemp>30.0</ns3:atemp>
            <ns3:hr>144</ns3:hr>
            <ns3:cad>86</ns3:cad>
          </ns3:TrackPointExtension>
        </extensions>
      </trkpt>
      <trkpt lat="22.5530770607292652130126953125" lon="114.01673966087400913238525390625">
        <ele>17</ele>
        <time>2026-09-11T22:54:09.000Z</time>
        <extensions>
          <ns3:TrackPointExtension>
            <ns3:atemp>30.0</ns3:atemp>
            <ns3:hr>144</ns3:hr>
            <ns3:cad>86</ns3:cad>
          </ns3:TrackPointExtension>
        </extensions>
      </trkpt>
      <trkpt lat="22.55305384285748004913330078125" lon="114.01675256900489330291748046875">
        <ele>17</ele>
        <time>2026-09-11T22:54:10.000Z</time>
        <extensions>
          <ns3:TrackPointExtension>
            <ns3:atemp>30.0</ns3:atemp>
            <ns3:hr>144</ns3:hr>
            <ns3:cad>86</ns3:cad>
          </ns3:TrackPointExtension>
        </extensions>
      </trkpt>
      <trkpt lat="22.55303598940372467041015625" lon="114.01676614768803119659423828125">
        <ele>16.799999237060546875</ele>
        <time>2026-09-11T22:54:11.000Z</time>
        <extensions>
          <ns3:TrackPointExtension>
            <ns3:atemp>30.0</ns3:atemp>
            <ns3:hr>144</ns3:hr>
            <ns3:cad>86</ns3:cad>
          </ns3:TrackPointExtension>
        </extensions>
      </trkpt>
      <trkpt lat="22.5530167110264301300048828125" lon="114.0167806483805179595947265625">
        <ele>16.799999237060546875</ele>
        <time>2026-09-11T22:54:12.000Z</time>
        <extensions>
          <ns3:TrackPointExtension>
            <ns3:atemp>31.0</ns3:atemp>
            <ns3:hr>144</ns3:hr>
            <ns3:cad>86</ns3:cad>
          </ns3:TrackPointExtension>
        </extensions>
      </trkpt>
      <trkpt lat="22.55299366079270839691162109375" lon="114.0167959034442901611328125">
        <ele>16.799999237060546875</ele>
        <time>2026-09-11T22:54:13.000Z</time>
        <extensions>
          <ns3:TrackPointExtension>
            <ns3:atemp>30.0</ns3:atemp>
            <ns3:hr>144</ns3:hr>
            <ns3:cad>86</ns3:cad>
          </ns3:TrackPointExtension>
        </extensions>
      </trkpt>
      <trkpt lat="22.55297270603477954864501953125" lon="114.01681073941290378570556640625">
        <ele>16.799999237060546875</ele>
        <time>2026-09-11T22:54:14.000Z</time>
        <extensions>
          <ns3:TrackPointExtension>
            <ns3:atemp>30.0</ns3:atemp>
            <ns3:hr>144</ns3:hr>
            <ns3:cad>86</ns3:cad>
          </ns3:TrackPointExtension>
        </extensions>
      </trkpt>
      <trkpt lat="22.5529513321816921234130859375" lon="114.01682649739086627960205078125">
        <ele>16.6000003814697265625</ele>
        <time>2026-09-11T22:54:15.000Z</time>
        <extensions>
          <ns3:TrackPointExtension>
            <ns3:atemp>30.0</ns3:atemp>
            <ns3:hr>144</ns3:hr>
            <ns3:cad>86</ns3:cad>
          </ns3:TrackPointExtension>
        </extensions>
      </trkpt>
      <trkpt lat="22.552930377423763275146484375" lon="114.01684376411139965057373046875">
        <ele>16.6000003814697265625</ele>
        <time>2026-09-11T22:54:16.000Z</time>
        <extensions>
          <ns3:TrackPointExtension>
            <ns3:atemp>31.0</ns3:atemp>
            <ns3:hr>144</ns3:hr>
            <ns3:cad>86</ns3:cad>
          </ns3:TrackPointExtension>
        </extensions>
      </trkpt>
      <trkpt lat="22.55291126668453216552734375" lon="114.01685985736548900604248046875">
        <ele>16.6000003814697265625</ele>
        <time>2026-09-11T22:54:17.000Z</time>
        <extensions>
          <ns3:TrackPointExtension>
            <ns3:atemp>30.0</ns3:atemp>
            <ns3:hr>144</ns3:hr>
            <ns3:cad>86</ns3:cad>
          </ns3:TrackPointExtension>
        </extensions>
      </trkpt>
      <trkpt lat="22.5528913177549839019775390625" lon="114.01687444187700748443603515625">
        <ele>16.6000003814697265625</ele>
        <time>2026-09-11T22:54:18.000Z</time>
        <extensions>
          <ns3:TrackPointExtension>
            <ns3:atemp>30.0</ns3:atemp>
            <ns3:hr>145</ns3:hr>
            <ns3:cad>86</ns3:cad>
          </ns3:TrackPointExtension>
        </extensions>
      </trkpt>
      <trkpt lat="22.55286793224513530731201171875" lon="114.01689053513109683990478515625">
        <ele>16.6000003814697265625</ele>
        <time>2026-09-11T22:54:19.000Z</time>
        <extensions>
          <ns3:TrackPointExtension>
            <ns3:atemp>30.0</ns3:atemp>
            <ns3:hr>145</ns3:hr>
            <ns3:cad>86</ns3:cad>
          </ns3:TrackPointExtension>
        </extensions>
      </trkpt>
      <trkpt lat="22.55285091698169708251953125" lon="114.01690595783293247222900390625">
        <ele>16.3999996185302734375</ele>
        <time>2026-09-11T22:54:20.000Z</time>
        <extensions>
          <ns3:TrackPointExtension>
            <ns3:atemp>30.0</ns3:atemp>
            <ns3:hr>145</ns3:hr>
            <ns3:cad>86</ns3:cad>
          </ns3:TrackPointExtension>
        </extensions>
      </trkpt>
      <trkpt lat="22.55283214151859283447265625" lon="114.01692104525864124298095703125">
        <ele>16.3999996185302734375</ele>
        <time>2026-09-11T22:54:21.000Z</time>
        <extensions>
          <ns3:TrackPointExtension>
            <ns3:atemp>30.0</ns3:atemp>
            <ns3:hr>146</ns3:hr>
            <ns3:cad>86</ns3:cad>
          </ns3:TrackPointExtension>
        </extensions>
      </trkpt>
      <trkpt lat="22.55280934274196624755859375" lon="114.016935713589191436767578125">
        <ele>16.3999996185302734375</ele>
        <time>2026-09-11T22:54:22.000Z</time>
        <extensions>
          <ns3:TrackPointExtension>
            <ns3:atemp>30.0</ns3:atemp>
            <ns3:hr>146</ns3:hr>
            <ns3:cad>86</ns3:cad>
          </ns3:TrackPointExtension>
        </extensions>
      </trkpt>
      <trkpt lat="22.55279165692627429962158203125" lon="114.0169506333768367767333984375">
        <ele>16.3999996185302734375</ele>
        <time>2026-09-11T22:54:23.000Z</time>
        <extensions>
          <ns3:TrackPointExtension>
            <ns3:atemp>30.0</ns3:atemp>
            <ns3:hr>147</ns3:hr>
            <ns3:cad>86</ns3:cad>
          </ns3:TrackPointExtension>
        </extensions>
      </trkpt>
      <trkpt lat="22.55276936106383800506591796875" lon="114.01696580462157726287841796875">
        <ele>16.3999996185302734375</ele>
        <time>2026-09-11T22:54:24.000Z</time>
        <extensions>
          <ns3:TrackPointExtension>
            <ns3:atemp>31.0</ns3:atemp>
            <ns3:hr>147</ns3:hr>
            <ns3:cad>86</ns3:cad>
          </ns3:TrackPointExtension>
        </extensions>
      </trkpt>
      <trkpt lat="22.552752010524272918701171875" lon="114.0169781260192394256591796875">
        <ele>16.3999996185302734375</ele>
        <time>2026-09-11T22:54:25.000Z</time>
        <extensions>
          <ns3:TrackPointExtension>
            <ns3:atemp>30.0</ns3:atemp>
            <ns3:hr>148</ns3:hr>
            <ns3:cad>86</ns3:cad>
          </ns3:TrackPointExtension>
        </extensions>
      </trkpt>
      <trkpt lat="22.552731893956661224365234375" lon="114.016993045806884765625">
        <ele>16.3999996185302734375</ele>
        <time>2026-09-11T22:54:26.000Z</time>
        <extensions>
          <ns3:TrackPointExtension>
            <ns3:atemp>30.0</ns3:atemp>
            <ns3:hr>148</ns3:hr>
            <ns3:cad>86</ns3:cad>
          </ns3:TrackPointExtension>
        </extensions>
      </trkpt>
      <trkpt lat="22.55271186120808124542236328125" lon="114.017007462680339813232421875">
        <ele>16.3999996185302734375</ele>
        <time>2026-09-11T22:54:27.000Z</time>
        <extensions>
          <ns3:TrackPointExtension>
            <ns3:atemp>30.0</ns3:atemp>
            <ns3:hr>149</ns3:hr>
            <ns3:cad>86</ns3:cad>
          </ns3:TrackPointExtension>
        </extensions>
      </trkpt>
      <trkpt lat="22.5526914931833744049072265625" lon="114.0170237235724925994873046875">
        <ele>16.200000762939453125</ele>
        <time>2026-09-11T22:54:28.000Z</time>
        <extensions>
          <ns3:TrackPointExtension>
            <ns3:atemp>31.0</ns3:atemp>
            <ns3:hr>149</ns3:hr>
            <ns3:cad>86</ns3:cad>
          </ns3:TrackPointExtension>
        </extensions>
      </trkpt>
      <trkpt lat="22.55266576074063777923583984375" lon="114.01703822426497936248779296875">
        <ele>16.200000762939453125</ele>
        <time>2026-09-11T22:54:29.000Z</time>
        <extensions>
          <ns3:TrackPointExtension>
            <ns3:atemp>31.0</ns3:atemp>
            <ns3:hr>149</ns3:hr>
            <ns3:cad>86</ns3:cad>
          </ns3:TrackPointExtension>
        </extensions>
      </trkpt>
      <trkpt lat="22.55264572799205780029296875" lon="114.01705138385295867919921875">
        <ele>16.200000762939453125</ele>
        <time>2026-09-11T22:54:30.000Z</time>
        <extensions>
          <ns3:TrackPointExtension>
            <ns3:atemp>31.0</ns3:atemp>
            <ns3:hr>149</ns3:hr>
            <ns3:cad>87</ns3:cad>
          </ns3:TrackPointExtension>
        </extensions>
      </trkpt>
      <trkpt lat="22.552617229521274566650390625" lon="114.01706705801188945770263671875">
        <ele>16</ele>
        <time>2026-09-11T22:54:31.000Z</time>
        <extensions>
          <ns3:TrackPointExtension>
            <ns3:atemp>31.0</ns3:atemp>
            <ns3:hr>149</ns3:hr>
            <ns3:cad>87</ns3:cad>
          </ns3:TrackPointExtension>
        </extensions>
      </trkpt>
      <trkpt lat="22.55259451456367969512939453125" lon="114.017081223428249359130859375">
        <ele>16</ele>
        <time>2026-09-11T22:54:32.000Z</time>
        <extensions>
          <ns3:TrackPointExtension>
            <ns3:atemp>30.0</ns3:atemp>
            <ns3:hr>149</ns3:hr>
            <ns3:cad>86</ns3:cad>
          </ns3:TrackPointExtension>
        </extensions>
      </trkpt>
      <trkpt lat="22.55257456563413143157958984375" lon="114.01709605939686298370361328125">
        <ele>16</ele>
        <time>2026-09-11T22:54:33.000Z</time>
        <extensions>
          <ns3:TrackPointExtension>
            <ns3:atemp>31.0</ns3:atemp>
            <ns3:hr>149</ns3:hr>
            <ns3:cad>86</ns3:cad>
          </ns3:TrackPointExtension>
        </extensions>
      </trkpt>
      <trkpt lat="22.55254891701042652130126953125" lon="114.017110727727413177490234375">
        <ele>16</ele>
        <time>2026-09-11T22:54:34.000Z</time>
        <extensions>
          <ns3:TrackPointExtension>
            <ns3:atemp>31.0</ns3:atemp>
            <ns3:hr>149</ns3:hr>
            <ns3:cad>86</ns3:cad>
          </ns3:TrackPointExtension>
        </extensions>
      </trkpt>
      <trkpt lat="22.55252829752862453460693359375" lon="114.017124474048614501953125">
        <ele>16</ele>
        <time>2026-09-11T22:54:35.000Z</time>
        <extensions>
          <ns3:TrackPointExtension>
            <ns3:atemp>30.0</ns3:atemp>
            <ns3:hr>148</ns3:hr>
            <ns3:cad>86</ns3:cad>
          </ns3:TrackPointExtension>
        </extensions>
      </trkpt>
      <trkpt lat="22.55250365473330020904541015625" lon="114.01713989675045013427734375">
        <ele>16</ele>
        <time>2026-09-11T22:54:36.000Z</time>
        <extensions>
          <ns3:TrackPointExtension>
            <ns3:atemp>31.0</ns3:atemp>
            <ns3:hr>148</ns3:hr>
            <ns3:cad>86</ns3:cad>
          </ns3:TrackPointExtension>
        </extensions>
      </trkpt>
      <trkpt lat="22.55248454399406909942626953125" lon="114.0171571634709835052490234375">
        <ele>16</ele>
        <time>2026-09-11T22:54:37.000Z</time>
        <extensions>
          <ns3:TrackPointExtension>
            <ns3:atemp>31.0</ns3:atemp>
            <ns3:hr>148</ns3:hr>
            <ns3:cad>86</ns3:cad>
          </ns3:TrackPointExtension>
        </extensions>
      </trkpt>
      <trkpt lat="22.5524624995887279510498046875" lon="114.0171719156205654144287109375">
        <ele>15.80000019073486328125</ele>
        <time>2026-09-11T22:54:38.000Z</time>
        <extensions>
          <ns3:TrackPointExtension>
            <ns3:atemp>30.0</ns3:atemp>
            <ns3:hr>148</ns3:hr>
            <ns3:cad>86</ns3:cad>
          </ns3:TrackPointExtension>
        </extensions>
      </trkpt>
      <trkpt lat="22.552444227039813995361328125" lon="114.0171883441507816314697265625">
        <ele>15.80000019073486328125</ele>
        <time>2026-09-11T22:54:39.000Z</time>
        <extensions>
          <ns3:TrackPointExtension>
            <ns3:atemp>31.0</ns3:atemp>
            <ns3:hr>149</ns3:hr>
            <ns3:cad>86</ns3:cad>
          </ns3:TrackPointExtension>
        </extensions>
      </trkpt>
      <trkpt lat="22.55242067389190196990966796875" lon="114.01720183901488780975341796875">
        <ele>15.6000003814697265625</ele>
        <time>2026-09-11T22:54:40.000Z</time>
        <extensions>
          <ns3:TrackPointExtension>
            <ns3:atemp>31.0</ns3:atemp>
            <ns3:hr>148</ns3:hr>
            <ns3:cad>86</ns3:cad>
          </ns3:TrackPointExtension>
        </extensions>
      </trkpt>
      <trkpt lat="22.55240139551460742950439453125" lon="114.0172155015170574188232421875">
        <ele>15.3999996185302734375</ele>
        <time>2026-09-11T22:54:41.000Z</time>
        <extensions>
          <ns3:TrackPointExtension>
            <ns3:atemp>31.0</ns3:atemp>
            <ns3:hr>148</ns3:hr>
            <ns3:cad>86</ns3:cad>
          </ns3:TrackPointExtension>
        </extensions>
      </trkpt>
      <trkpt lat="22.5523795187473297119140625" lon="114.017228074371814727783203125">
        <ele>15.3999996185302734375</ele>
        <time>2026-09-11T22:54:42.000Z</time>
        <extensions>
          <ns3:TrackPointExtension>
            <ns3:atemp>31.0</ns3:atemp>
            <ns3:hr>147</ns3:hr>
            <ns3:cad>86</ns3:cad>
          </ns3:TrackPointExtension>
        </extensions>
      </trkpt>
      <trkpt lat="22.5523599050939083099365234375" lon="114.017239473760128021240234375">
        <ele>15.3999996185302734375</ele>
        <time>2026-09-11T22:54:43.000Z</time>
        <extensions>
          <ns3:TrackPointExtension>
            <ns3:atemp>31.0</ns3:atemp>
            <ns3:hr>147</ns3:hr>
            <ns3:cad>86</ns3:cad>
          </ns3:TrackPointExtension>
        </extensions>
      </trkpt>
      <trkpt lat="22.55234397947788238525390625" lon="114.0172513760626316070556640625">
        <ele>15.3999996185302734375</ele>
        <time>2026-09-11T22:54:44.000Z</time>
        <extensions>
          <ns3:TrackPointExtension>
            <ns3:atemp>30.0</ns3:atemp>
            <ns3:hr>147</ns3:hr>
            <ns3:cad>87</ns3:cad>
          </ns3:TrackPointExtension>
        </extensions>
      </trkpt>
      <trkpt lat="22.55232654511928558349609375" lon="114.017264954745769500732421875">
        <ele>15.19999980926513671875</ele>
        <time>2026-09-11T22:54:45.000Z</time>
        <extensions>
          <ns3:TrackPointExtension>
            <ns3:atemp>31.0</ns3:atemp>
            <ns3:hr>147</ns3:hr>
            <ns3:cad>87</ns3:cad>
          </ns3:TrackPointExtension>
        </extensions>
      </trkpt>
      <trkpt lat="22.55231447517871856689453125" lon="114.0172755159437656402587890625">
        <ele>15.3999996185302734375</ele>
        <time>2026-09-11T22:54:46.000Z</time>
        <extensions>
          <ns3:TrackPointExtension>
            <ns3:atemp>30.0</ns3:atemp>
            <ns3:hr>147</ns3:hr>
            <ns3:cad>86</ns3:cad>
          </ns3:TrackPointExtension>
        </extensions>
      </trkpt>
      <trkpt lat="22.55229360423982143402099609375" lon="114.0172862447798252105712890625">
        <ele>15.19999980926513671875</ele>
        <time>2026-09-11T22:54:47.000Z</time>
        <extensions>
          <ns3:TrackPointExtension>
            <ns3:atemp>30.0</ns3:atemp>
            <ns3:hr>148</ns3:hr>
            <ns3:cad>86</ns3:cad>
          </ns3:TrackPointExtension>
        </extensions>
      </trkpt>
      <trkpt lat="22.55227130837738513946533203125" lon="114.01730082929134368896484375">
        <ele>15.19999980926513671875</ele>
        <time>2026-09-11T22:54:48.000Z</time>
        <extensions>
          <ns3:TrackPointExtension>
            <ns3:atemp>31.0</ns3:atemp>
            <ns3:hr>147</ns3:hr>
            <ns3:cad>86</ns3:cad>
          </ns3:TrackPointExtension>
        </extensions>
      </trkpt>
      <trkpt lat="22.552247755229473114013671875" lon="114.0173113904893398284912109375">
        <ele>15</ele>
        <time>2026-09-11T22:54:49.000Z</time>
        <extensions>
          <ns3:TrackPointExtension>
            <ns3:atemp>30.0</ns3:atemp>
            <ns3:hr>147</ns3:hr>
            <ns3:cad>86</ns3:cad>
          </ns3:TrackPointExtension>
        </extensions>
      </trkpt>
      <trkpt lat="22.552225291728973388671875" lon="114.0173234604299068450927734375">
        <ele>15</ele>
        <time>2026-09-11T22:54:50.000Z</time>
        <extensions>
          <ns3:TrackPointExtension>
            <ns3:atemp>30.0</ns3:atemp>
            <ns3:hr>147</ns3:hr>
            <ns3:cad>86</ns3:cad>
          </ns3:TrackPointExtension>
        </extensions>
      </trkpt>
      <trkpt lat="22.5522053427994251251220703125" lon="114.01733678765594959259033203125">
        <ele>15</ele>
        <time>2026-09-11T22:54:51.000Z</time>
        <extensions>
          <ns3:TrackPointExtension>
            <ns3:atemp>30.0</ns3:atemp>
            <ns3:hr>147</ns3:hr>
            <ns3:cad>86</ns3:cad>
          </ns3:TrackPointExtension>
        </extensions>
      </trkpt>
      <trkpt lat="22.55218380130827426910400390625" lon="114.01735036633908748626708984375">
        <ele>15</ele>
        <time>2026-09-11T22:54:52.000Z</time>
        <extensions>
          <ns3:TrackPointExtension>
            <ns3:atemp>30.0</ns3:atemp>
            <ns3:hr>147</ns3:hr>
            <ns3:cad>86</ns3:cad>
          </ns3:TrackPointExtension>
        </extensions>
      </trkpt>
      <trkpt lat="22.5521627627313137054443359375" lon="114.01736495085060596466064453125">
        <ele>15</ele>
        <time>2026-09-11T22:54:53.000Z</time>
        <extensions>
          <ns3:TrackPointExtension>
            <ns3:atemp>31.0</ns3:atemp>
            <ns3:hr>147</ns3:hr>
            <ns3:cad>86</ns3:cad>
          </ns3:TrackPointExtension>
        </extensions>
      </trkpt>
      <trkpt lat="22.55213853903114795684814453125" lon="114.0173752605915069580078125">
        <ele>15</ele>
        <time>2026-09-11T22:54:54.000Z</time>
        <extensions>
          <ns3:TrackPointExtension>
            <ns3:atemp>31.0</ns3:atemp>
            <ns3:hr>146</ns3:hr>
            <ns3:cad>86</ns3:cad>
          </ns3:TrackPointExtension>
        </extensions>
      </trkpt>
      <trkpt lat="22.55211506970226764678955078125" lon="114.0173900127410888671875">
        <ele>14.80000019073486328125</ele>
        <time>2026-09-11T22:54:55.000Z</time>
        <extensions>
          <ns3:TrackPointExtension>
            <ns3:atemp>31.0</ns3:atemp>
            <ns3:hr>147</ns3:hr>
            <ns3:cad>86</ns3:cad>
          </ns3:TrackPointExtension>
        </extensions>
      </trkpt>
      <trkpt lat="22.5520900078117847442626953125" lon="114.01740870438516139984130859375">
        <ele>14.80000019073486328125</ele>
        <time>2026-09-11T22:54:56.000Z</time>
        <extensions>
          <ns3:TrackPointExtension>
            <ns3:atemp>31.0</ns3:atemp>
            <ns3:hr>147</ns3:hr>
            <ns3:cad>86</ns3:cad>
          </ns3:TrackPointExtension>
        </extensions>
      </trkpt>
      <trkpt lat="22.5520657002925872802734375" lon="114.0174240432679653167724609375">
        <ele>14.80000019073486328125</ele>
        <time>2026-09-11T22:54:57.000Z</time>
        <extensions>
          <ns3:TrackPointExtension>
            <ns3:atemp>31.0</ns3:atemp>
            <ns3:hr>146</ns3:hr>
            <ns3:cad>86</ns3:cad>
          </ns3:TrackPointExtension>
        </extensions>
      </trkpt>
      <trkpt lat="22.55204197950661182403564453125" lon="114.01744206435978412628173828125">
        <ele>14.6000003814697265625</ele>
        <time>2026-09-11T22:54:58.000Z</time>
        <extensions>
          <ns3:TrackPointExtension>
            <ns3:atemp>31.0</ns3:atemp>
            <ns3:hr>147</ns3:hr>
            <ns3:cad>86</ns3:cad>
          </ns3:TrackPointExtension>
        </extensions>
      </trkpt>
      <trkpt lat="22.5520142354071140289306640625" lon="114.01746268384158611297607421875">
        <ele>14.6000003814697265625</ele>
        <time>2026-09-11T22:54:59.000Z</time>
        <extensions>
          <ns3:TrackPointExtension>
            <ns3:atemp>31.0</ns3:atemp>
            <ns3:hr>146</ns3:hr>
            <ns3:cad>86</ns3:cad>
          </ns3:TrackPointExtension>
        </extensions>
      </trkpt>
      <trkpt lat="22.5519988127052783966064453125" lon="114.01748053729534149169921875">
        <ele>14.80000019073486328125</ele>
        <time>2026-09-11T22:55:00.000Z</time>
        <extensions>
          <ns3:TrackPointExtension>
            <ns3:atemp>31.0</ns3:atemp>
            <ns3:hr>146</ns3:hr>
            <ns3:cad>86</ns3:cad>
          </ns3:TrackPointExtension>
        </extensions>
      </trkpt>
      <trkpt lat="22.55197425372898578643798828125" lon="114.01749922893941402435302734375">
        <ele>14.80000019073486328125</ele>
        <time>2026-09-11T22:55:01.000Z</time>
        <extensions>
          <ns3:TrackPointExtension>
            <ns3:atemp>31.0</ns3:atemp>
            <ns3:hr>146</ns3:hr>
            <ns3:cad>86</ns3:cad>
          </ns3:TrackPointExtension>
        </extensions>
      </trkpt>
      <trkpt lat="22.5519595853984355926513671875" lon="114.0175202675163745880126953125">
        <ele>14.6000003814697265625</ele>
        <time>2026-09-11T22:55:02.000Z</time>
        <extensions>
          <ns3:TrackPointExtension>
            <ns3:atemp>30.0</ns3:atemp>
            <ns3:hr>146</ns3:hr>
            <ns3:cad>86</ns3:cad>
          </ns3:TrackPointExtension>
        </extensions>
      </trkpt>
      <trkpt lat="22.55193988792598247528076171875" lon="114.01754080317914485931396484375">
        <ele>14.6000003814697265625</ele>
        <time>2026-09-11T22:55:03.000Z</time>
        <extensions>
          <ns3:TrackPointExtension>
            <ns3:atemp>31.0</ns3:atemp>
            <ns3:hr>145</ns3:hr>
            <ns3:cad>85</ns3:cad>
          </ns3:TrackPointExtension>
        </extensions>
      </trkpt>
      <trkpt lat="22.5519170053303241729736328125" lon="114.01755823753774166107177734375">
        <ele>14.6000003814697265625</ele>
        <time>2026-09-11T22:55:04.000Z</time>
        <extensions>
          <ns3:TrackPointExtension>
            <ns3:atemp>31.0</ns3:atemp>
            <ns3:hr>146</ns3:hr>
            <ns3:cad>85</ns3:cad>
          </ns3:TrackPointExtension>
        </extensions>
      </trkpt>
      <trkpt lat="22.55189496092498302459716796875" lon="114.01757215149700641632080078125">
        <ele>14.6000003814697265625</ele>
        <time>2026-09-11T22:55:05.000Z</time>
        <extensions>
          <ns3:TrackPointExtension>
            <ns3:atemp>31.0</ns3:atemp>
            <ns3:hr>146</ns3:hr>
            <ns3:cad>85</ns3:cad>
          </ns3:TrackPointExtension>
        </extensions>
      </trkpt>
      <trkpt lat="22.55187216214835643768310546875" lon="114.0175839699804782867431640625">
        <ele>14.6000003814697265625</ele>
        <time>2026-09-11T22:55:06.000Z</time>
        <extensions>
          <ns3:TrackPointExtension>
            <ns3:atemp>30.0</ns3:atemp>
            <ns3:hr>145</ns3:hr>
            <ns3:cad>85</ns3:cad>
          </ns3:TrackPointExtension>
        </extensions>
      </trkpt>
      <trkpt lat="22.551851458847522735595703125" lon="114.0175973810255527496337890625">
        <ele>14.6000003814697265625</ele>
        <time>2026-09-11T22:55:07.000Z</time>
        <extensions>
          <ns3:TrackPointExtension>
            <ns3:atemp>31.0</ns3:atemp>
            <ns3:hr>146</ns3:hr>
            <ns3:cad>85</ns3:cad>
          </ns3:TrackPointExtension>
        </extensions>
      </trkpt>
      <trkpt lat="22.55182706750929355621337890625" lon="114.01761137880384922027587890625">
        <ele>14.6000003814697265625</ele>
        <time>2026-09-11T22:55:08.000Z</time>
        <extensions>
          <ns3:TrackPointExtension>
            <ns3:atemp>31.0</ns3:atemp>
            <ns3:hr>145</ns3:hr>
            <ns3:cad>85</ns3:cad>
          </ns3:TrackPointExtension>
        </extensions>
      </trkpt>
      <trkpt lat="22.55180418491363525390625" lon="114.0176260471343994140625">
        <ele>14.3999996185302734375</ele>
        <time>2026-09-11T22:55:09.000Z</time>
        <extensions>
          <ns3:TrackPointExtension>
            <ns3:atemp>31.0</ns3:atemp>
            <ns3:hr>145</ns3:hr>
            <ns3:cad>84</ns3:cad>
          </ns3:TrackPointExtension>
        </extensions>
      </trkpt>
      <trkpt lat="22.55177937448024749755859375" lon="114.01763954199850559234619140625">
        <ele>14.3999996185302734375</ele>
        <time>2026-09-11T22:55:10.000Z</time>
        <extensions>
          <ns3:TrackPointExtension>
            <ns3:atemp>31.0</ns3:atemp>
            <ns3:hr>145</ns3:hr>
            <ns3:cad>85</ns3:cad>
          </ns3:TrackPointExtension>
        </extensions>
      </trkpt>
      <trkpt lat="22.55175766535103321075439453125" lon="114.01765278540551662445068359375">
        <ele>14.3999996185302734375</ele>
        <time>2026-09-11T22:55:11.000Z</time>
        <extensions>
          <ns3:TrackPointExtension>
            <ns3:atemp>31.0</ns3:atemp>
            <ns3:hr>145</ns3:hr>
            <ns3:cad>85</ns3:cad>
          </ns3:TrackPointExtension>
        </extensions>
      </trkpt>
      <trkpt lat="22.5517386384308338165283203125" lon="114.01766703464090824127197265625">
        <ele>14.3999996185302734375</ele>
        <time>2026-09-11T22:55:12.000Z</time>
        <extensions>
          <ns3:TrackPointExtension>
            <ns3:atemp>30.0</ns3:atemp>
            <ns3:hr>144</ns3:hr>
            <ns3:cad>85</ns3:cad>
          </ns3:TrackPointExtension>
        </extensions>
      </trkpt>
      <trkpt lat="22.5517178513109683990478515625" lon="114.01768312789499759674072265625">
        <ele>14.19999980926513671875</ele>
        <time>2026-09-11T22:55:13.000Z</time>
        <extensions>
          <ns3:TrackPointExtension>
            <ns3:atemp>31.0</ns3:atemp>
            <ns3:hr>144</ns3:hr>
            <ns3:cad>85</ns3:cad>
          </ns3:TrackPointExtension>
        </extensions>
      </trkpt>
      <trkpt lat="22.551700584590435028076171875" lon="114.017695449292659759521484375">
        <ele>14.19999980926513671875</ele>
        <time>2026-09-11T22:55:14.000Z</time>
        <extensions>
          <ns3:TrackPointExtension>
            <ns3:atemp>31.0</ns3:atemp>
            <ns3:hr>144</ns3:hr>
            <ns3:cad>86</ns3:cad>
          </ns3:TrackPointExtension>
        </extensions>
      </trkpt>
      <trkpt lat="22.5516749359667301177978515625" lon="114.0177123807370662689208984375">
        <ele>14.19999980926513671875</ele>
        <time>2026-09-11T22:55:15.000Z</time>
        <extensions>
          <ns3:TrackPointExtension>
            <ns3:atemp>30.0</ns3:atemp>
            <ns3:hr>144</ns3:hr>
            <ns3:cad>86</ns3:cad>
          </ns3:TrackPointExtension>
        </extensions>
      </trkpt>
      <trkpt lat="22.55165398120880126953125" lon="114.0177264623343944549560546875">
        <ele>14.19999980926513671875</ele>
        <time>2026-09-11T22:55:16.000Z</time>
        <extensions>
          <ns3:TrackPointExtension>
            <ns3:atemp>31.0</ns3:atemp>
            <ns3:hr>144</ns3:hr>
            <ns3:cad>86</ns3:cad>
          </ns3:TrackPointExtension>
        </extensions>
      </trkpt>
      <trkpt lat="22.5516311824321746826171875" lon="114.01774532161653041839599609375">
        <ele>14.19999980926513671875</ele>
        <time>2026-09-11T22:55:17.000Z</time>
        <extensions>
          <ns3:TrackPointExtension>
            <ns3:atemp>31.0</ns3:atemp>
            <ns3:hr>145</ns3:hr>
            <ns3:cad>86</ns3:cad>
          </ns3:TrackPointExtension>
        </extensions>
      </trkpt>
      <trkpt lat="22.55161014385521411895751953125" lon="114.0177603252232074737548828125">
        <ele>14.19999980926513671875</ele>
        <time>2026-09-11T22:55:18.000Z</time>
        <extensions>
          <ns3:TrackPointExtension>
            <ns3:atemp>31.0</ns3:atemp>
            <ns3:hr>145</ns3:hr>
            <ns3:cad>86</ns3:cad>
          </ns3:TrackPointExtension>
        </extensions>
      </trkpt>
      <trkpt lat="22.55159153603017330169677734375" lon="114.01777633465826511383056640625">
        <ele>14</ele>
        <time>2026-09-11T22:55:19.000Z</time>
        <extensions>
          <ns3:TrackPointExtension>
            <ns3:atemp>31.0</ns3:atemp>
            <ns3:hr>145</ns3:hr>
            <ns3:cad>86</ns3:cad>
          </ns3:TrackPointExtension>
        </extensions>
      </trkpt>
      <trkpt lat="22.55156890489161014556884765625" lon="114.01779024861752986907958984375">
        <ele>14</ele>
        <time>2026-09-11T22:55:20.000Z</time>
        <extensions>
          <ns3:TrackPointExtension>
            <ns3:atemp>31.0</ns3:atemp>
            <ns3:hr>145</ns3:hr>
            <ns3:cad>86</ns3:cad>
          </ns3:TrackPointExtension>
        </extensions>
      </trkpt>
      <trkpt lat="22.55155029706656932830810546875" lon="114.017806760966777801513671875">
        <ele>13.80000019073486328125</ele>
        <time>2026-09-11T22:55:21.000Z</time>
        <extensions>
          <ns3:TrackPointExtension>
            <ns3:atemp>30.0</ns3:atemp>
            <ns3:hr>145</ns3:hr>
            <ns3:cad>86</ns3:cad>
          </ns3:TrackPointExtension>
        </extensions>
      </trkpt>
      <trkpt lat="22.551526911556720733642578125" lon="114.01782310567796230316162109375">
        <ele>13.80000019073486328125</ele>
        <time>2026-09-11T22:55:22.000Z</time>
        <extensions>
          <ns3:TrackPointExtension>
            <ns3:atemp>31.0</ns3:atemp>
            <ns3:hr>146</ns3:hr>
            <ns3:cad>86</ns3:cad>
          </ns3:TrackPointExtension>
        </extensions>
      </trkpt>
      <trkpt lat="22.55150713026523590087890625" lon="114.01784003712236881256103515625">
        <ele>13.80000019073486328125</ele>
        <time>2026-09-11T22:55:23.000Z</time>
        <extensions>
          <ns3:TrackPointExtension>
            <ns3:atemp>30.0</ns3:atemp>
            <ns3:hr>146</ns3:hr>
            <ns3:cad>86</ns3:cad>
          </ns3:TrackPointExtension>
        </extensions>
      </trkpt>
      <trkpt lat="22.551486007869243621826171875" lon="114.0178542025387287139892578125">
        <ele>13.80000019073486328125</ele>
        <time>2026-09-11T22:55:24.000Z</time>
        <extensions>
          <ns3:TrackPointExtension>
            <ns3:atemp>31.0</ns3:atemp>
            <ns3:hr>146</ns3:hr>
            <ns3:cad>85</ns3:cad>
          </ns3:TrackPointExtension>
        </extensions>
      </trkpt>
      <trkpt lat="22.55146278999745845794677734375" lon="114.017867781221866607666015625">
        <ele>13.80000019073486328125</ele>
        <time>2026-09-11T22:55:25.000Z</time>
        <extensions>
          <ns3:TrackPointExtension>
            <ns3:atemp>31.0</ns3:atemp>
            <ns3:hr>145</ns3:hr>
            <ns3:cad>85</ns3:cad>
          </ns3:TrackPointExtension>
        </extensions>
      </trkpt>
      <trkpt lat="22.551443092525005340576171875" lon="114.017883203923702239990234375">
        <ele>13.80000019073486328125</ele>
        <time>2026-09-11T22:55:26.000Z</time>
        <extensions>
          <ns3:TrackPointExtension>
            <ns3:atemp>31.0</ns3:atemp>
            <ns3:hr>146</ns3:hr>
            <ns3:cad>85</ns3:cad>
          </ns3:TrackPointExtension>
        </extensions>
      </trkpt>
      <trkpt lat="22.5514174439013004302978515625" lon="114.0178956091403961181640625">
        <ele>13.6000003814697265625</ele>
        <time>2026-09-11T22:55:27.000Z</time>
        <extensions>
          <ns3:TrackPointExtension>
            <ns3:atemp>31.0</ns3:atemp>
            <ns3:hr>146</ns3:hr>
            <ns3:cad>85</ns3:cad>
          </ns3:TrackPointExtension>
        </extensions>
      </trkpt>
      <trkpt lat="22.5513993389904499053955078125" lon="114.01790860109031200408935546875">
        <ele>13.6000003814697265625</ele>
        <time>2026-09-11T22:55:28.000Z</time>
        <extensions>
          <ns3:TrackPointExtension>
            <ns3:atemp>30.0</ns3:atemp>
            <ns3:hr>145</ns3:hr>
            <ns3:cad>85</ns3:cad>
          </ns3:TrackPointExtension>
        </extensions>
      </trkpt>
      <trkpt lat="22.55137880332767963409423828125" lon="114.01792335323989391326904296875">
        <ele>13.6000003814697265625</ele>
        <time>2026-09-11T22:55:29.000Z</time>
        <extensions>
          <ns3:TrackPointExtension>
            <ns3:atemp>31.0</ns3:atemp>
            <ns3:hr>146</ns3:hr>
            <ns3:cad>85</ns3:cad>
          </ns3:TrackPointExtension>
        </extensions>
      </trkpt>
      <trkpt lat="22.55136053077876567840576171875" lon="114.01793877594172954559326171875">
        <ele>13.6000003814697265625</ele>
        <time>2026-09-11T22:55:30.000Z</time>
        <extensions>
          <ns3:TrackPointExtension>
            <ns3:atemp>31.0</ns3:atemp>
            <ns3:hr>146</ns3:hr>
            <ns3:cad>85</ns3:cad>
          </ns3:TrackPointExtension>
        </extensions>
      </trkpt>
      <trkpt lat="22.55133924074470996856689453125" lon="114.017954282462596893310546875">
        <ele>13.6000003814697265625</ele>
        <time>2026-09-11T22:55:31.000Z</time>
        <extensions>
          <ns3:TrackPointExtension>
            <ns3:atemp>31.0</ns3:atemp>
            <ns3:hr>146</ns3:hr>
            <ns3:cad>86</ns3:cad>
          </ns3:TrackPointExtension>
        </extensions>
      </trkpt>
      <trkpt lat="22.5513146817684173583984375" lon="114.0179715491831302642822265625">
        <ele>13.6000003814697265625</ele>
        <time>2026-09-11T22:55:32.000Z</time>
        <extensions>
          <ns3:TrackPointExtension>
            <ns3:atemp>31.0</ns3:atemp>
            <ns3:hr>146</ns3:hr>
            <ns3:cad>86</ns3:cad>
          </ns3:TrackPointExtension>
        </extensions>
      </trkpt>
      <trkpt lat="22.55129565484821796417236328125" lon="114.0179921686649322509765625">
        <ele>13.6000003814697265625</ele>
        <time>2026-09-11T22:55:33.000Z</time>
        <extensions>
          <ns3:TrackPointExtension>
            <ns3:atemp>31.0</ns3:atemp>
            <ns3:hr>146</ns3:hr>
            <ns3:cad>86</ns3:cad>
          </ns3:TrackPointExtension>
        </extensions>
      </trkpt>
      <trkpt lat="22.55127754993736743927001953125" lon="114.01800951920449733734130859375">
        <ele>13.3999996185302734375</ele>
        <time>2026-09-11T22:55:34.000Z</time>
        <extensions>
          <ns3:TrackPointExtension>
            <ns3:atemp>31.0</ns3:atemp>
            <ns3:hr>146</ns3:hr>
            <ns3:cad>86</ns3:cad>
          </ns3:TrackPointExtension>
        </extensions>
      </trkpt>
      <trkpt lat="22.55125776864588260650634765625" lon="114.0180275402963161468505859375">
        <ele>13.3999996185302734375</ele>
        <time>2026-09-11T22:55:35.000Z</time>
        <extensions>
          <ns3:TrackPointExtension>
            <ns3:atemp>31.0</ns3:atemp>
            <ns3:hr>146</ns3:hr>
            <ns3:cad>86</ns3:cad>
          </ns3:TrackPointExtension>
        </extensions>
      </trkpt>
      <trkpt lat="22.55123061127960681915283203125" lon="114.0180449746549129486083984375">
        <ele>13.3999996185302734375</ele>
        <time>2026-09-11T22:55:36.000Z</time>
        <extensions>
          <ns3:TrackPointExtension>
            <ns3:atemp>31.0</ns3:atemp>
            <ns3:hr>146</ns3:hr>
            <ns3:cad>86</ns3:cad>
          </ns3:TrackPointExtension>
        </extensions>
      </trkpt>
      <trkpt lat="22.5512068904936313629150390625" lon="114.01806123554706573486328125">
        <ele>13.3999996185302734375</ele>
        <time>2026-09-11T22:55:37.000Z</time>
        <extensions>
          <ns3:TrackPointExtension>
            <ns3:atemp>31.0</ns3:atemp>
            <ns3:hr>146</ns3:hr>
            <ns3:cad>86</ns3:cad>
          </ns3:TrackPointExtension>
        </extensions>
      </trkpt>
      <trkpt lat="22.55118149332702159881591796875" lon="114.01807758025825023651123046875">
        <ele>13.3999996185302734375</ele>
        <time>2026-09-11T22:55:38.000Z</time>
        <extensions>
          <ns3:TrackPointExtension>
            <ns3:atemp>31.0</ns3:atemp>
            <ns3:hr>147</ns3:hr>
            <ns3:cad>86</ns3:cad>
          </ns3:TrackPointExtension>
        </extensions>
      </trkpt>
      <trkpt lat="22.551156766712665557861328125" lon="114.01809878647327423095703125">
        <ele>13.3999996185302734375</ele>
        <time>2026-09-11T22:55:39.000Z</time>
        <extensions>
          <ns3:TrackPointExtension>
            <ns3:atemp>30.0</ns3:atemp>
            <ns3:hr>147</ns3:hr>
            <ns3:cad>85</ns3:cad>
          </ns3:TrackPointExtension>
        </extensions>
      </trkpt>
      <trkpt lat="22.5511381588876247406005859375" lon="114.01811529882252216339111328125">
        <ele>13.3999996185302734375</ele>
        <time>2026-09-11T22:55:40.000Z</time>
        <extensions>
          <ns3:TrackPointExtension>
            <ns3:atemp>31.0</ns3:atemp>
            <ns3:hr>147</ns3:hr>
            <ns3:cad>85</ns3:cad>
          </ns3:TrackPointExtension>
        </extensions>
      </trkpt>
      <trkpt lat="22.55111150443553924560546875" lon="114.018130637705326080322265625">
        <ele>13.3999996185302734375</ele>
        <time>2026-09-11T22:55:41.000Z</time>
        <extensions>
          <ns3:TrackPointExtension>
            <ns3:atemp>31.0</ns3:atemp>
            <ns3:hr>147</ns3:hr>
            <ns3:cad>85</ns3:cad>
          </ns3:TrackPointExtension>
        </extensions>
      </trkpt>
      <trkpt lat="22.5510895438492298126220703125" lon="114.0181472338736057281494140625">
        <ele>13.19999980926513671875</ele>
        <time>2026-09-11T22:55:42.000Z</time>
        <extensions>
          <ns3:TrackPointExtension>
            <ns3:atemp>31.0</ns3:atemp>
            <ns3:hr>147</ns3:hr>
            <ns3:cad>85</ns3:cad>
          </ns3:TrackPointExtension>
        </extensions>
      </trkpt>
      <trkpt lat="22.55106389522552490234375" lon="114.0181629918515682220458984375">
        <ele>13.19999980926513671875</ele>
        <time>2026-09-11T22:55:43.000Z</time>
        <extensions>
          <ns3:TrackPointExtension>
            <ns3:atemp>31.0</ns3:atemp>
            <ns3:hr>147</ns3:hr>
            <ns3:cad>85</ns3:cad>
          </ns3:TrackPointExtension>
        </extensions>
      </trkpt>
      <trkpt lat="22.551042102277278900146484375" lon="114.01817732490599155426025390625">
        <ele>13</ele>
        <time>2026-09-11T22:55:44.000Z</time>
        <extensions>
          <ns3:TrackPointExtension>
            <ns3:atemp>31.0</ns3:atemp>
            <ns3:hr>147</ns3:hr>
            <ns3:cad>85</ns3:cad>
          </ns3:TrackPointExtension>
        </extensions>
      </trkpt>
      <trkpt lat="22.5510218180716037750244140625" lon="114.0181941725313663482666015625">
        <ele>13</ele>
        <time>2026-09-11T22:55:45.000Z</time>
        <extensions>
          <ns3:TrackPointExtension>
            <ns3:atemp>31.0</ns3:atemp>
            <ns3:hr>148</ns3:hr>
            <ns3:cad>85</ns3:cad>
          </ns3:TrackPointExtension>
        </extensions>
      </trkpt>
      <trkpt lat="22.5509981811046600341796875" lon="114.01821169070899486541748046875">
        <ele>13</ele>
        <time>2026-09-11T22:55:46.000Z</time>
        <extensions>
          <ns3:TrackPointExtension>
            <ns3:atemp>31.0</ns3:atemp>
            <ns3:hr>148</ns3:hr>
            <ns3:cad>85</ns3:cad>
          </ns3:TrackPointExtension>
        </extensions>
      </trkpt>
      <trkpt lat="22.55098049528896808624267578125" lon="114.0182283706963062286376953125">
        <ele>13</ele>
        <time>2026-09-11T22:55:47.000Z</time>
        <extensions>
          <ns3:TrackPointExtension>
            <ns3:atemp>31.0</ns3:atemp>
            <ns3:hr>148</ns3:hr>
            <ns3:cad>85</ns3:cad>
          </ns3:TrackPointExtension>
        </extensions>
      </trkpt>
      <trkpt lat="22.55095652304589748382568359375" lon="114.0182442963123321533203125">
        <ele>13</ele>
        <time>2026-09-11T22:55:48.000Z</time>
        <extensions>
          <ns3:TrackPointExtension>
            <ns3:atemp>31.0</ns3:atemp>
            <ns3:hr>148</ns3:hr>
            <ns3:cad>85</ns3:cad>
          </ns3:TrackPointExtension>
        </extensions>
      </trkpt>
      <trkpt lat="22.55093640647828578948974609375" lon="114.01825896464288234710693359375">
        <ele>13</ele>
        <time>2026-09-11T22:55:49.000Z</time>
        <extensions>
          <ns3:TrackPointExtension>
            <ns3:atemp>31.0</ns3:atemp>
            <ns3:hr>148</ns3:hr>
            <ns3:cad>84</ns3:cad>
          </ns3:TrackPointExtension>
        </extensions>
      </trkpt>
      <trkpt lat="22.550914697349071502685546875" lon="114.0182722918689250946044921875">
        <ele>13</ele>
        <time>2026-09-11T22:55:50.000Z</time>
        <extensions>
          <ns3:TrackPointExtension>
            <ns3:atemp>31.0</ns3:atemp>
            <ns3:hr>149</ns3:hr>
            <ns3:cad>84</ns3:cad>
          </ns3:TrackPointExtension>
        </extensions>
      </trkpt>
      <trkpt lat="22.5508908927440643310546875" lon="114.0182867087423801422119140625">
        <ele>13</ele>
        <time>2026-09-11T22:55:51.000Z</time>
        <extensions>
          <ns3:TrackPointExtension>
            <ns3:atemp>31.0</ns3:atemp>
            <ns3:hr>149</ns3:hr>
            <ns3:cad>86</ns3:cad>
          </ns3:TrackPointExtension>
        </extensions>
      </trkpt>
      <trkpt lat="22.5508702732622623443603515625" lon="114.01830238290131092071533203125">
        <ele>12.80000019073486328125</ele>
        <time>2026-09-11T22:55:52.000Z</time>
        <extensions>
          <ns3:TrackPointExtension>
            <ns3:atemp>31.0</ns3:atemp>
            <ns3:hr>149</ns3:hr>
            <ns3:cad>86</ns3:cad>
          </ns3:TrackPointExtension>
        </extensions>
      </trkpt>
      <trkpt lat="22.55084604956209659576416015625" lon="114.01831579394638538360595703125">
        <ele>12.80000019073486328125</ele>
        <time>2026-09-11T22:55:53.000Z</time>
        <extensions>
          <ns3:TrackPointExtension>
            <ns3:atemp>31.0</ns3:atemp>
            <ns3:hr>148</ns3:hr>
            <ns3:cad>86</ns3:cad>
          </ns3:TrackPointExtension>
        </extensions>
      </trkpt>
      <trkpt lat="22.55082786083221435546875" lon="114.0183323062956333160400390625">
        <ele>12.80000019073486328125</ele>
        <time>2026-09-11T22:55:54.000Z</time>
        <extensions>
          <ns3:TrackPointExtension>
            <ns3:atemp>31.0</ns3:atemp>
            <ns3:hr>149</ns3:hr>
            <ns3:cad>86</ns3:cad>
          </ns3:TrackPointExtension>
        </extensions>
      </trkpt>
      <trkpt lat="22.55080363713204860687255859375" lon="114.01834965683519840240478515625">
        <ele>12.80000019073486328125</ele>
        <time>2026-09-11T22:55:55.000Z</time>
        <extensions>
          <ns3:TrackPointExtension>
            <ns3:atemp>31.0</ns3:atemp>
            <ns3:hr>149</ns3:hr>
            <ns3:cad>86</ns3:cad>
          </ns3:TrackPointExtension>
        </extensions>
      </trkpt>
      <trkpt lat="22.550786621868610382080078125" lon="114.01836474426090717315673828125">
        <ele>12.80000019073486328125</ele>
        <time>2026-09-11T22:55:56.000Z</time>
        <extensions>
          <ns3:TrackPointExtension>
            <ns3:atemp>31.0</ns3:atemp>
            <ns3:hr>149</ns3:hr>
            <ns3:cad>86</ns3:cad>
          </ns3:TrackPointExtension>
        </extensions>
      </trkpt>
      <trkpt lat="22.55076457746326923370361328125" lon="114.018378742039203643798828125">
        <ele>12.6000003814697265625</ele>
        <time>2026-09-11T22:55:57.000Z</time>
        <extensions>
          <ns3:TrackPointExtension>
            <ns3:atemp>31.0</ns3:atemp>
            <ns3:hr>149</ns3:hr>
            <ns3:cad>86</ns3:cad>
          </ns3:TrackPointExtension>
        </extensions>
      </trkpt>
      <trkpt lat="22.550742365419864654541015625" lon="114.0183923207223415374755859375">
        <ele>12.6000003814697265625</ele>
        <time>2026-09-11T22:55:58.000Z</time>
        <extensions>
          <ns3:TrackPointExtension>
            <ns3:atemp>31.0</ns3:atemp>
            <ns3:hr>149</ns3:hr>
            <ns3:cad>86</ns3:cad>
          </ns3:TrackPointExtension>
        </extensions>
      </trkpt>
      <trkpt lat="22.55072124302387237548828125" lon="114.01841134764254093170166015625">
        <ele>12.6000003814697265625</ele>
        <time>2026-09-11T22:55:59.000Z</time>
        <extensions>
          <ns3:TrackPointExtension>
            <ns3:atemp>30.0</ns3:atemp>
            <ns3:hr>149</ns3:hr>
            <ns3:cad>86</ns3:cad>
          </ns3:TrackPointExtension>
        </extensions>
      </trkpt>
      <trkpt lat="22.55070112645626068115234375" lon="114.018430374562740325927734375">
        <ele>12.6000003814697265625</ele>
        <time>2026-09-11T22:56:00.000Z</time>
        <extensions>
          <ns3:TrackPointExtension>
            <ns3:atemp>31.0</ns3:atemp>
            <ns3:hr>150</ns3:hr>
            <ns3:cad>85</ns3:cad>
          </ns3:TrackPointExtension>
        </extensions>
      </trkpt>
      <trkpt lat="22.5506821833550930023193359375" lon="114.01844688691198825836181640625">
        <ele>12.6000003814697265625</ele>
        <time>2026-09-11T22:56:01.000Z</time>
        <extensions>
          <ns3:TrackPointExtension>
            <ns3:atemp>31.0</ns3:atemp>
            <ns3:hr>150</ns3:hr>
            <ns3:cad>85</ns3:cad>
          </ns3:TrackPointExtension>
        </extensions>
      </trkpt>
      <trkpt lat="22.55065863020718097686767578125" lon="114.018459208309650421142578125">
        <ele>12.3999996185302734375</ele>
        <time>2026-09-11T22:56:02.000Z</time>
        <extensions>
          <ns3:TrackPointExtension>
            <ns3:atemp>31.0</ns3:atemp>
            <ns3:hr>150</ns3:hr>
            <ns3:cad>85</ns3:cad>
          </ns3:TrackPointExtension>
        </extensions>
      </trkpt>
      <trkpt lat="22.55063951946794986724853515625" lon="114.0184714458882808685302734375">
        <ele>12.3999996185302734375</ele>
        <time>2026-09-11T22:56:03.000Z</time>
        <extensions>
          <ns3:TrackPointExtension>
            <ns3:atemp>31.0</ns3:atemp>
            <ns3:hr>150</ns3:hr>
            <ns3:cad>85</ns3:cad>
          </ns3:TrackPointExtension>
        </extensions>
      </trkpt>
      <trkpt lat="22.55061638541519641876220703125" lon="114.0184815041720867156982421875">
        <ele>12.19999980926513671875</ele>
        <time>2026-09-11T22:56:04.000Z</time>
        <extensions>
          <ns3:TrackPointExtension>
            <ns3:atemp>31.0</ns3:atemp>
            <ns3:hr>150</ns3:hr>
            <ns3:cad>86</ns3:cad>
          </ns3:TrackPointExtension>
        </extensions>
      </trkpt>
      <trkpt lat="22.55059492774307727813720703125" lon="114.01849550195038318634033203125">
        <ele>12.19999980926513671875</ele>
        <time>2026-09-11T22:56:05.000Z</time>
        <extensions>
          <ns3:TrackPointExtension>
            <ns3:atemp>31.0</ns3:atemp>
            <ns3:hr>150</ns3:hr>
            <ns3:cad>86</ns3:cad>
          </ns3:TrackPointExtension>
        </extensions>
      </trkpt>
      <trkpt lat="22.55057103931903839111328125" lon="114.0185089968144893646240234375">
        <ele>12.19999980926513671875</ele>
        <time>2026-09-11T22:56:06.000Z</time>
        <extensions>
          <ns3:TrackPointExtension>
            <ns3:atemp>31.0</ns3:atemp>
            <ns3:hr>150</ns3:hr>
            <ns3:cad>86</ns3:cad>
          </ns3:TrackPointExtension>
        </extensions>
      </trkpt>
      <trkpt lat="22.5505497492849826812744140625" lon="114.0185210667550563812255859375">
        <ele>12.19999980926513671875</ele>
        <time>2026-09-11T22:56:07.000Z</time>
        <extensions>
          <ns3:TrackPointExtension>
            <ns3:atemp>31.0</ns3:atemp>
            <ns3:hr>150</ns3:hr>
            <ns3:cad>86</ns3:cad>
          </ns3:TrackPointExtension>
        </extensions>
      </trkpt>
      <trkpt lat="22.55052703432738780975341796875" lon="114.0185368247330188751220703125">
        <ele>12.19999980926513671875</ele>
        <time>2026-09-11T22:56:08.000Z</time>
        <extensions>
          <ns3:TrackPointExtension>
            <ns3:atemp>31.0</ns3:atemp>
            <ns3:hr>150</ns3:hr>
            <ns3:cad>86</ns3:cad>
          </ns3:TrackPointExtension>
        </extensions>
      </trkpt>
      <trkpt lat="22.5505031459033489227294921875" lon="114.01855182833969593048095703125">
        <ele>12.19999980926513671875</ele>
        <time>2026-09-11T22:56:09.000Z</time>
        <extensions>
          <ns3:TrackPointExtension>
            <ns3:atemp>31.0</ns3:atemp>
            <ns3:hr>150</ns3:hr>
            <ns3:cad>86</ns3:cad>
          </ns3:TrackPointExtension>
        </extensions>
      </trkpt>
      <trkpt lat="22.55048713646829128265380859375" lon="114.01856993325054645538330078125">
        <ele>12.19999980926513671875</ele>
        <time>2026-09-11T22:56:10.000Z</time>
        <extensions>
          <ns3:TrackPointExtension>
            <ns3:atemp>31.0</ns3:atemp>
            <ns3:hr>150</ns3:hr>
            <ns3:cad>86</ns3:cad>
          </ns3:TrackPointExtension>
        </extensions>
      </trkpt>
      <trkpt lat="22.5504662655293941497802734375" lon="114.018583595752716064453125">
        <ele>12.19999980926513671875</ele>
        <time>2026-09-11T22:56:11.000Z</time>
        <extensions>
          <ns3:TrackPointExtension>
            <ns3:atemp>31.0</ns3:atemp>
            <ns3:hr>150</ns3:hr>
            <ns3:cad>86</ns3:cad>
          </ns3:TrackPointExtension>
        </extensions>
      </trkpt>
      <trkpt lat="22.5504511781036853790283203125" lon="114.01859977282583713531494140625">
        <ele>12</ele>
        <time>2026-09-11T22:56:12.000Z</time>
        <extensions>
          <ns3:TrackPointExtension>
            <ns3:atemp>31.0</ns3:atemp>
            <ns3:hr>150</ns3:hr>
            <ns3:cad>86</ns3:cad>
          </ns3:TrackPointExtension>
        </extensions>
      </trkpt>
      <trkpt lat="22.55043148063123226165771484375" lon="114.01861687190830707550048828125">
        <ele>12</ele>
        <time>2026-09-11T22:56:13.000Z</time>
        <extensions>
          <ns3:TrackPointExtension>
            <ns3:atemp>31.0</ns3:atemp>
            <ns3:hr>150</ns3:hr>
            <ns3:cad>86</ns3:cad>
          </ns3:TrackPointExtension>
        </extensions>
      </trkpt>
      <trkpt lat="22.55041337572038173675537109375" lon="114.01863397099077701568603515625">
        <ele>12</ele>
        <time>2026-09-11T22:56:14.000Z</time>
        <extensions>
          <ns3:TrackPointExtension>
            <ns3:atemp>31.0</ns3:atemp>
            <ns3:hr>150</ns3:hr>
            <ns3:cad>86</ns3:cad>
          </ns3:TrackPointExtension>
        </extensions>
      </trkpt>
      <trkpt lat="22.5503941811621189117431640625" lon="114.0186501480638980865478515625">
        <ele>12</ele>
        <time>2026-09-11T22:56:15.000Z</time>
        <extensions>
          <ns3:TrackPointExtension>
            <ns3:atemp>31.0</ns3:atemp>
            <ns3:hr>150</ns3:hr>
            <ns3:cad>86</ns3:cad>
          </ns3:TrackPointExtension>
        </extensions>
      </trkpt>
      <trkpt lat="22.5503730587661266326904296875" lon="114.01866682805120944976806640625">
        <ele>12</ele>
        <time>2026-09-11T22:56:16.000Z</time>
        <extensions>
          <ns3:TrackPointExtension>
            <ns3:atemp>31.0</ns3:atemp>
            <ns3:hr>151</ns3:hr>
            <ns3:cad>86</ns3:cad>
          </ns3:TrackPointExtension>
        </extensions>
      </trkpt>
      <trkpt lat="22.5503529421985149383544921875" lon="114.01868275366723537445068359375">
        <ele>11.80000019073486328125</ele>
        <time>2026-09-11T22:56:17.000Z</time>
        <extensions>
          <ns3:TrackPointExtension>
            <ns3:atemp>31.0</ns3:atemp>
            <ns3:hr>150</ns3:hr>
            <ns3:cad>86</ns3:cad>
          </ns3:TrackPointExtension>
        </extensions>
      </trkpt>
      <trkpt lat="22.5503284670412540435791015625" lon="114.01869700290262699127197265625">
        <ele>11.80000019073486328125</ele>
        <time>2026-09-11T22:56:18.000Z</time>
        <extensions>
          <ns3:TrackPointExtension>
            <ns3:atemp>31.0</ns3:atemp>
            <ns3:hr>150</ns3:hr>
            <ns3:cad>86</ns3:cad>
          </ns3:TrackPointExtension>
        </extensions>
      </trkpt>
      <trkpt lat="22.55030709318816661834716796875" lon="114.01871041394770145416259765625">
        <ele>11.80000019073486328125</ele>
        <time>2026-09-11T22:56:19.000Z</time>
        <extensions>
          <ns3:TrackPointExtension>
            <ns3:atemp>31.0</ns3:atemp>
            <ns3:hr>150</ns3:hr>
            <ns3:cad>86</ns3:cad>
          </ns3:TrackPointExtension>
        </extensions>
      </trkpt>
      <trkpt lat="22.550283707678318023681640625" lon="114.0187259204685688018798828125">
        <ele>11.80000019073486328125</ele>
        <time>2026-09-11T22:56:20.000Z</time>
        <extensions>
          <ns3:TrackPointExtension>
            <ns3:atemp>31.0</ns3:atemp>
            <ns3:hr>150</ns3:hr>
            <ns3:cad>86</ns3:cad>
          </ns3:TrackPointExtension>
        </extensions>
      </trkpt>
      <trkpt lat="22.55026258528232574462890625" lon="114.01874494738876819610595703125">
        <ele>11.6000003814697265625</ele>
        <time>2026-09-11T22:56:21.000Z</time>
        <extensions>
          <ns3:TrackPointExtension>
            <ns3:atemp>31.0</ns3:atemp>
            <ns3:hr>150</ns3:hr>
            <ns3:cad>86</ns3:cad>
          </ns3:TrackPointExtension>
        </extensions>
      </trkpt>
      <trkpt lat="22.55023852922022342681884765625" lon="114.018762968480587005615234375">
        <ele>11.6000003814697265625</ele>
        <time>2026-09-11T22:56:22.000Z</time>
        <extensions>
          <ns3:TrackPointExtension>
            <ns3:atemp>31.0</ns3:atemp>
            <ns3:hr>150</ns3:hr>
            <ns3:cad>86</ns3:cad>
          </ns3:TrackPointExtension>
        </extensions>
      </trkpt>
      <trkpt lat="22.5502181611955165863037109375" lon="114.018782079219818115234375">
        <ele>11.6000003814697265625</ele>
        <time>2026-09-11T22:56:23.000Z</time>
        <extensions>
          <ns3:TrackPointExtension>
            <ns3:atemp>31.0</ns3:atemp>
            <ns3:hr>150</ns3:hr>
            <ns3:cad>86</ns3:cad>
          </ns3:TrackPointExtension>
        </extensions>
      </trkpt>
      <trkpt lat="22.5501967035233974456787109375" lon="114.01879892684519290924072265625">
        <ele>11.3999996185302734375</ele>
        <time>2026-09-11T22:56:24.000Z</time>
        <extensions>
          <ns3:TrackPointExtension>
            <ns3:atemp>31.0</ns3:atemp>
            <ns3:hr>150</ns3:hr>
            <ns3:cad>86</ns3:cad>
          </ns3:TrackPointExtension>
        </extensions>
      </trkpt>
      <trkpt lat="22.5501732341945171356201171875" lon="114.018812589347362518310546875">
        <ele>11.3999996185302734375</ele>
        <time>2026-09-11T22:56:25.000Z</time>
        <extensions>
          <ns3:TrackPointExtension>
            <ns3:atemp>31.0</ns3:atemp>
            <ns3:hr>150</ns3:hr>
            <ns3:cad>86</ns3:cad>
          </ns3:TrackPointExtension>
        </extensions>
      </trkpt>
      <trkpt lat="22.55015152506530284881591796875" lon="114.0188276767730712890625">
        <ele>11.3999996185302734375</ele>
        <time>2026-09-11T22:56:26.000Z</time>
        <extensions>
          <ns3:TrackPointExtension>
            <ns3:atemp>31.0</ns3:atemp>
            <ns3:hr>150</ns3:hr>
            <ns3:cad>86</ns3:cad>
          </ns3:TrackPointExtension>
        </extensions>
      </trkpt>
      <trkpt lat="22.55012721754610538482666015625" lon="114.01884100399911403656005859375">
        <ele>11.3999996185302734375</ele>
        <time>2026-09-11T22:56:27.000Z</time>
        <extensions>
          <ns3:TrackPointExtension>
            <ns3:atemp>31.0</ns3:atemp>
            <ns3:hr>151</ns3:hr>
            <ns3:cad>86</ns3:cad>
          </ns3:TrackPointExtension>
        </extensions>
      </trkpt>
      <trkpt lat="22.5501065142452716827392578125" lon="114.01885324157774448394775390625">
        <ele>11.19999980926513671875</ele>
        <time>2026-09-11T22:56:28.000Z</time>
        <extensions>
          <ns3:TrackPointExtension>
            <ns3:atemp>31.0</ns3:atemp>
            <ns3:hr>151</ns3:hr>
            <ns3:cad>86</ns3:cad>
          </ns3:TrackPointExtension>
        </extensions>
      </trkpt>
      <trkpt lat="22.5500803627073764801025390625" lon="114.0188707597553730010986328125">
        <ele>11.19999980926513671875</ele>
        <time>2026-09-11T22:56:29.000Z</time>
        <extensions>
          <ns3:TrackPointExtension>
            <ns3:atemp>31.0</ns3:atemp>
            <ns3:hr>151</ns3:hr>
            <ns3:cad>86</ns3:cad>
          </ns3:TrackPointExtension>
        </extensions>
      </trkpt>
      <trkpt lat="22.55006133578717708587646484375" lon="114.018887020647525787353515625">
        <ele>11.19999980926513671875</ele>
        <time>2026-09-11T22:56:30.000Z</time>
        <extensions>
          <ns3:TrackPointExtension>
            <ns3:atemp>31.0</ns3:atemp>
            <ns3:hr>151</ns3:hr>
            <ns3:cad>86</ns3:cad>
          </ns3:TrackPointExtension>
        </extensions>
      </trkpt>
      <trkpt lat="22.55003862082958221435546875" lon="114.0189059637486934661865234375">
        <ele>11.19999980926513671875</ele>
        <time>2026-09-11T22:56:31.000Z</time>
        <extensions>
          <ns3:TrackPointExtension>
            <ns3:atemp>31.0</ns3:atemp>
            <ns3:hr>152</ns3:hr>
            <ns3:cad>86</ns3:cad>
          </ns3:TrackPointExtension>
        </extensions>
      </trkpt>
      <trkpt lat="22.550015151500701904296875" lon="114.01892314665019512176513671875">
        <ele>11.19999980926513671875</ele>
        <time>2026-09-11T22:56:32.000Z</time>
        <extensions>
          <ns3:TrackPointExtension>
            <ns3:atemp>31.0</ns3:atemp>
            <ns3:hr>152</ns3:hr>
            <ns3:cad>86</ns3:cad>
          </ns3:TrackPointExtension>
        </extensions>
      </trkpt>
      <trkpt lat="22.54999930970370769500732421875" lon="114.01893923990428447723388671875">
        <ele>11.19999980926513671875</ele>
        <time>2026-09-11T22:56:33.000Z</time>
        <extensions>
          <ns3:TrackPointExtension>
            <ns3:atemp>31.0</ns3:atemp>
            <ns3:hr>152</ns3:hr>
            <ns3:cad>86</ns3:cad>
          </ns3:TrackPointExtension>
        </extensions>
      </trkpt>
      <trkpt lat="22.5499791093170642852783203125" lon="114.0189559198915958404541015625">
        <ele>11.19999980926513671875</ele>
        <time>2026-09-11T22:56:34.000Z</time>
        <extensions>
          <ns3:TrackPointExtension>
            <ns3:atemp>31.0</ns3:atemp>
            <ns3:hr>151</ns3:hr>
            <ns3:cad>86</ns3:cad>
          </ns3:TrackPointExtension>
        </extensions>
      </trkpt>
      <trkpt lat="22.5499599985778331756591796875" lon="114.018970169126987457275390625">
        <ele>11</ele>
        <time>2026-09-11T22:56:35.000Z</time>
        <extensions>
          <ns3:TrackPointExtension>
            <ns3:atemp>31.0</ns3:atemp>
            <ns3:hr>151</ns3:hr>
            <ns3:cad>86</ns3:cad>
          </ns3:TrackPointExtension>
        </extensions>
      </trkpt>
      <trkpt lat="22.54993845708668231964111328125" lon="114.018983580172061920166015625">
        <ele>11</ele>
        <time>2026-09-11T22:56:36.000Z</time>
        <extensions>
          <ns3:TrackPointExtension>
            <ns3:atemp>31.0</ns3:atemp>
            <ns3:hr>151</ns3:hr>
            <ns3:cad>86</ns3:cad>
          </ns3:TrackPointExtension>
        </extensions>
      </trkpt>
      <trkpt lat="22.54991766996681690216064453125" lon="114.01899690739810466766357421875">
        <ele>11</ele>
        <time>2026-09-11T22:56:37.000Z</time>
        <extensions>
          <ns3:TrackPointExtension>
            <ns3:atemp>31.0</ns3:atemp>
            <ns3:hr>152</ns3:hr>
            <ns3:cad>87</ns3:cad>
          </ns3:TrackPointExtension>
        </extensions>
      </trkpt>
      <trkpt lat="22.549894116818904876708984375" lon="114.01901165954768657684326171875">
        <ele>11</ele>
        <time>2026-09-11T22:56:38.000Z</time>
        <extensions>
          <ns3:TrackPointExtension>
            <ns3:atemp>31.0</ns3:atemp>
            <ns3:hr>151</ns3:hr>
            <ns3:cad>87</ns3:cad>
          </ns3:TrackPointExtension>
        </extensions>
      </trkpt>
      <trkpt lat="22.54987475462257862091064453125" lon="114.01902624405920505523681640625">
        <ele>11</ele>
        <time>2026-09-11T22:56:39.000Z</time>
        <extensions>
          <ns3:TrackPointExtension>
            <ns3:atemp>31.0</ns3:atemp>
            <ns3:hr>152</ns3:hr>
            <ns3:cad>87</ns3:cad>
          </ns3:TrackPointExtension>
        </extensions>
      </trkpt>
      <trkpt lat="22.5498553924262523651123046875" lon="114.01904200203716754913330078125">
        <ele>11</ele>
        <time>2026-09-11T22:56:40.000Z</time>
        <extensions>
          <ns3:TrackPointExtension>
            <ns3:atemp>31.0</ns3:atemp>
            <ns3:hr>152</ns3:hr>
            <ns3:cad>87</ns3:cad>
          </ns3:TrackPointExtension>
        </extensions>
      </trkpt>
      <trkpt lat="22.54983418621122837066650390625" lon="114.019055999815464019775390625">
        <ele>11</ele>
        <time>2026-09-11T22:56:41.000Z</time>
        <extensions>
          <ns3:TrackPointExtension>
            <ns3:atemp>31.0</ns3:atemp>
            <ns3:hr>152</ns3:hr>
            <ns3:cad>87</ns3:cad>
          </ns3:TrackPointExtension>
        </extensions>
      </trkpt>
      <trkpt lat="22.549816332757472991943359375" lon="114.019070751965045928955078125">
        <ele>11</ele>
        <time>2026-09-11T22:56:42.000Z</time>
        <extensions>
          <ns3:TrackPointExtension>
            <ns3:atemp>31.0</ns3:atemp>
            <ns3:hr>151</ns3:hr>
            <ns3:cad>87</ns3:cad>
          </ns3:TrackPointExtension>
        </extensions>
      </trkpt>
      <trkpt lat="22.54979462362825870513916015625" lon="114.01908391155302524566650390625">
        <ele>10.80000019073486328125</ele>
        <time>2026-09-11T22:56:43.000Z</time>
        <extensions>
          <ns3:TrackPointExtension>
            <ns3:atemp>31.0</ns3:atemp>
            <ns3:hr>152</ns3:hr>
            <ns3:cad>87</ns3:cad>
          </ns3:TrackPointExtension>
        </extensions>
      </trkpt>
      <trkpt lat="22.54977400414645671844482421875" lon="114.019098244607448577880859375">
        <ele>10.80000019073486328125</ele>
        <time>2026-09-11T22:56:44.000Z</time>
        <extensions>
          <ns3:TrackPointExtension>
            <ns3:atemp>31.0</ns3:atemp>
            <ns3:hr>152</ns3:hr>
            <ns3:cad>87</ns3:cad>
          </ns3:TrackPointExtension>
        </extensions>
      </trkpt>
      <trkpt lat="22.54975103773176670074462890625" lon="114.01911006309092044830322265625">
        <ele>10.6000003814697265625</ele>
        <time>2026-09-11T22:56:45.000Z</time>
        <extensions>
          <ns3:TrackPointExtension>
            <ns3:atemp>31.0</ns3:atemp>
            <ns3:hr>151</ns3:hr>
            <ns3:cad>87</ns3:cad>
          </ns3:TrackPointExtension>
        </extensions>
      </trkpt>
      <trkpt lat="22.549729831516742706298828125" lon="114.01912339031696319580078125">
        <ele>10.6000003814697265625</ele>
        <time>2026-09-11T22:56:46.000Z</time>
        <extensions>
          <ns3:TrackPointExtension>
            <ns3:atemp>31.0</ns3:atemp>
            <ns3:hr>151</ns3:hr>
            <ns3:cad>85</ns3:cad>
          </ns3:TrackPointExtension>
        </extensions>
      </trkpt>
      <trkpt lat="22.549709044396877288818359375" lon="114.01914007030427455902099609375">
        <ele>10.6000003814697265625</ele>
        <time>2026-09-11T22:56:47.000Z</time>
        <extensions>
          <ns3:TrackPointExtension>
            <ns3:atemp>31.0</ns3:atemp>
            <ns3:hr>151</ns3:hr>
            <ns3:cad>85</ns3:cad>
          </ns3:TrackPointExtension>
        </extensions>
      </trkpt>
      <trkpt lat="22.549688257277011871337890625" lon="114.01915448717772960662841796875">
        <ele>10.6000003814697265625</ele>
        <time>2026-09-11T22:56:48.000Z</time>
        <extensions>
          <ns3:TrackPointExtension>
            <ns3:atemp>31.0</ns3:atemp>
            <ns3:hr>151</ns3:hr>
            <ns3:cad>85</ns3:cad>
          </ns3:TrackPointExtension>
        </extensions>
      </trkpt>
      <trkpt lat="22.54966872744262218475341796875" lon="114.019170664250850677490234375">
        <ele>10.6000003814697265625</ele>
        <time>2026-09-11T22:56:49.000Z</time>
        <extensions>
          <ns3:TrackPointExtension>
            <ns3:atemp>31.0</ns3:atemp>
            <ns3:hr>151</ns3:hr>
            <ns3:cad>85</ns3:cad>
          </ns3:TrackPointExtension>
        </extensions>
      </trkpt>
      <trkpt lat="22.5496471859514713287353515625" lon="114.01918617077171802520751953125">
        <ele>10.3999996185302734375</ele>
        <time>2026-09-11T22:56:50.000Z</time>
        <extensions>
          <ns3:TrackPointExtension>
            <ns3:atemp>31.0</ns3:atemp>
            <ns3:hr>151</ns3:hr>
            <ns3:cad>86</ns3:cad>
          </ns3:TrackPointExtension>
        </extensions>
      </trkpt>
      <trkpt lat="22.5496304221451282501220703125" lon="114.01920125819742679595947265625">
        <ele>10.3999996185302734375</ele>
        <time>2026-09-11T22:56:51.000Z</time>
        <extensions>
          <ns3:TrackPointExtension>
            <ns3:atemp>31.0</ns3:atemp>
            <ns3:hr>151</ns3:hr>
            <ns3:cad>86</ns3:cad>
          </ns3:TrackPointExtension>
        </extensions>
      </trkpt>
      <trkpt lat="22.5496009178459644317626953125" lon="114.01921718381345272064208984375">
        <ele>10.3999996185302734375</ele>
        <time>2026-09-11T22:56:52.000Z</time>
        <extensions>
          <ns3:TrackPointExtension>
            <ns3:atemp>31.0</ns3:atemp>
            <ns3:hr>152</ns3:hr>
            <ns3:cad>86</ns3:cad>
          </ns3:TrackPointExtension>
        </extensions>
      </trkpt>
      <trkpt lat="22.54957904107868671417236328125" lon="114.019231684505939483642578125">
        <ele>10.3999996185302734375</ele>
        <time>2026-09-11T22:56:53.000Z</time>
        <extensions>
          <ns3:TrackPointExtension>
            <ns3:atemp>31.0</ns3:atemp>
            <ns3:hr>151</ns3:hr>
            <ns3:cad>86</ns3:cad>
          </ns3:TrackPointExtension>
        </extensions>
      </trkpt>
      <trkpt lat="22.5495576672255992889404296875" lon="114.01924568228423595428466796875">
        <ele>10.3999996185302734375</ele>
        <time>2026-09-11T22:56:54.000Z</time>
        <extensions>
          <ns3:TrackPointExtension>
            <ns3:atemp>31.0</ns3:atemp>
            <ns3:hr>151</ns3:hr>
            <ns3:cad>85</ns3:cad>
          </ns3:TrackPointExtension>
        </extensions>
      </trkpt>
      <trkpt lat="22.54953570663928985595703125" lon="114.019258506596088409423828125">
        <ele>10.19999980926513671875</ele>
        <time>2026-09-11T22:56:55.000Z</time>
        <extensions>
          <ns3:TrackPointExtension>
            <ns3:atemp>31.0</ns3:atemp>
            <ns3:hr>151</ns3:hr>
            <ns3:cad>85</ns3:cad>
          </ns3:TrackPointExtension>
        </extensions>
      </trkpt>
      <trkpt lat="22.5495150871574878692626953125" lon="114.01927166618406772613525390625">
        <ele>10.19999980926513671875</ele>
        <time>2026-09-11T22:56:56.000Z</time>
        <extensions>
          <ns3:TrackPointExtension>
            <ns3:atemp>31.0</ns3:atemp>
            <ns3:hr>151</ns3:hr>
            <ns3:cad>85</ns3:cad>
          </ns3:TrackPointExtension>
        </extensions>
      </trkpt>
      <trkpt lat="22.54948935471475124359130859375" lon="114.0192878432571887969970703125">
        <ele>10.19999980926513671875</ele>
        <time>2026-09-11T22:56:57.000Z</time>
        <extensions>
          <ns3:TrackPointExtension>
            <ns3:atemp>31.0</ns3:atemp>
            <ns3:hr>150</ns3:hr>
            <ns3:cad>85</ns3:cad>
          </ns3:TrackPointExtension>
        </extensions>
      </trkpt>
      <trkpt lat="22.54946739412844181060791015625" lon="114.019300751388072967529296875">
        <ele>10.19999980926513671875</ele>
        <time>2026-09-11T22:56:58.000Z</time>
        <extensions>
          <ns3:TrackPointExtension>
            <ns3:atemp>31.0</ns3:atemp>
            <ns3:hr>150</ns3:hr>
            <ns3:cad>86</ns3:cad>
          </ns3:TrackPointExtension>
        </extensions>
      </trkpt>
      <trkpt lat="22.5494398176670074462890625" lon="114.01931860484182834625244140625">
        <ele>10.19999980926513671875</ele>
        <time>2026-09-11T22:56:59.000Z</time>
        <extensions>
          <ns3:TrackPointExtension>
            <ns3:atemp>31.0</ns3:atemp>
            <ns3:hr>150</ns3:hr>
            <ns3:cad>86</ns3:cad>
          </ns3:TrackPointExtension>
        </extensions>
      </trkpt>
      <trkpt lat="22.5494155101478099822998046875" lon="114.0193377994000911712646484375">
        <ele>10.19999980926513671875</ele>
        <time>2026-09-11T22:57:00.000Z</time>
        <extensions>
          <ns3:TrackPointExtension>
            <ns3:atemp>31.0</ns3:atemp>
            <ns3:hr>150</ns3:hr>
            <ns3:cad>86</ns3:cad>
          </ns3:TrackPointExtension>
        </extensions>
      </trkpt>
      <trkpt lat="22.5493880175054073333740234375" lon="114.01935799978673458099365234375">
        <ele>10.19999980926513671875</ele>
        <time>2026-09-11T22:57:01.000Z</time>
        <extensions>
          <ns3:TrackPointExtension>
            <ns3:atemp>31.0</ns3:atemp>
            <ns3:hr>150</ns3:hr>
            <ns3:cad>86</ns3:cad>
          </ns3:TrackPointExtension>
        </extensions>
      </trkpt>
      <trkpt lat="22.549365051090717315673828125" lon="114.0193740092217922210693359375">
        <ele>10</ele>
        <time>2026-09-11T22:57:02.000Z</time>
        <extensions>
          <ns3:TrackPointExtension>
            <ns3:atemp>31.0</ns3:atemp>
            <ns3:hr>150</ns3:hr>
            <ns3:cad>86</ns3:cad>
          </ns3:TrackPointExtension>
        </extensions>
      </trkpt>
      <trkpt lat="22.54934233613312244415283203125" lon="114.0193880908191204071044921875">
        <ele>10</ele>
        <time>2026-09-11T22:57:03.000Z</time>
        <extensions>
          <ns3:TrackPointExtension>
            <ns3:atemp>31.0</ns3:atemp>
            <ns3:hr>149</ns3:hr>
            <ns3:cad>86</ns3:cad>
          </ns3:TrackPointExtension>
        </extensions>
      </trkpt>
      <trkpt lat="22.54931501112878322601318359375" lon="114.019404016435146331787109375">
        <ele>10</ele>
        <time>2026-09-11T22:57:04.000Z</time>
        <extensions>
          <ns3:TrackPointExtension>
            <ns3:atemp>31.0</ns3:atemp>
            <ns3:hr>149</ns3:hr>
            <ns3:cad>87</ns3:cad>
          </ns3:TrackPointExtension>
        </extensions>
      </trkpt>
      <trkpt lat="22.54929296672344207763671875" lon="114.0194169245660305023193359375">
        <ele>10</ele>
        <time>2026-09-11T22:57:05.000Z</time>
        <extensions>
          <ns3:TrackPointExtension>
            <ns3:atemp>31.0</ns3:atemp>
            <ns3:hr>149</ns3:hr>
            <ns3:cad>86</ns3:cad>
          </ns3:TrackPointExtension>
        </extensions>
      </trkpt>
      <trkpt lat="22.5492659769952297210693359375" lon="114.0194343589246273040771484375">
        <ele>10</ele>
        <time>2026-09-11T22:57:06.000Z</time>
        <extensions>
          <ns3:TrackPointExtension>
            <ns3:atemp>31.0</ns3:atemp>
            <ns3:hr>149</ns3:hr>
            <ns3:cad>86</ns3:cad>
          </ns3:TrackPointExtension>
        </extensions>
      </trkpt>
      <trkpt lat="22.54924527369439601898193359375" lon="114.01944768615067005157470703125">
        <ele>10</ele>
        <time>2026-09-11T22:57:07.000Z</time>
        <extensions>
          <ns3:TrackPointExtension>
            <ns3:atemp>31.0</ns3:atemp>
            <ns3:hr>149</ns3:hr>
            <ns3:cad>85</ns3:cad>
          </ns3:TrackPointExtension>
        </extensions>
      </trkpt>
      <trkpt lat="22.54922314547002315521240234375" lon="114.0194628573954105377197265625">
        <ele>10</ele>
        <time>2026-09-11T22:57:08.000Z</time>
        <extensions>
          <ns3:TrackPointExtension>
            <ns3:atemp>31.0</ns3:atemp>
            <ns3:hr>149</ns3:hr>
            <ns3:cad>85</ns3:cad>
          </ns3:TrackPointExtension>
        </extensions>
      </trkpt>
      <trkpt lat="22.54920017905533313751220703125" lon="114.0194742567837238311767578125">
        <ele>10</ele>
        <time>2026-09-11T22:57:09.000Z</time>
        <extensions>
          <ns3:TrackPointExtension>
            <ns3:atemp>31.0</ns3:atemp>
            <ns3:hr>148</ns3:hr>
            <ns3:cad>85</ns3:cad>
          </ns3:TrackPointExtension>
        </extensions>
      </trkpt>
      <trkpt lat="22.54918207414448261260986328125" lon="114.0194869972765445709228515625">
        <ele>10</ele>
        <time>2026-09-11T22:57:10.000Z</time>
        <extensions>
          <ns3:TrackPointExtension>
            <ns3:atemp>31.0</ns3:atemp>
            <ns3:hr>149</ns3:hr>
            <ns3:cad>85</ns3:cad>
          </ns3:TrackPointExtension>
        </extensions>
      </trkpt>
      <trkpt lat="22.5491576828062534332275390625" lon="114.0195017494261264801025390625">
        <ele>9.80000019073486328125</ele>
        <time>2026-09-11T22:57:11.000Z</time>
        <extensions>
          <ns3:TrackPointExtension>
            <ns3:atemp>31.0</ns3:atemp>
            <ns3:hr>149</ns3:hr>
            <ns3:cad>86</ns3:cad>
          </ns3:TrackPointExtension>
        </extensions>
      </trkpt>
      <trkpt lat="22.54914016462862491607666015625" lon="114.01951893232762813568115234375">
        <ele>9.80000019073486328125</ele>
        <time>2026-09-11T22:57:12.000Z</time>
        <extensions>
          <ns3:TrackPointExtension>
            <ns3:atemp>31.0</ns3:atemp>
            <ns3:hr>148</ns3:hr>
            <ns3:cad>86</ns3:cad>
          </ns3:TrackPointExtension>
        </extensions>
      </trkpt>
      <trkpt lat="22.54911862313747406005859375" lon="114.01953368447721004486083984375">
        <ele>9.80000019073486328125</ele>
        <time>2026-09-11T22:57:13.000Z</time>
        <extensions>
          <ns3:TrackPointExtension>
            <ns3:atemp>31.0</ns3:atemp>
            <ns3:hr>148</ns3:hr>
            <ns3:cad>86</ns3:cad>
          </ns3:TrackPointExtension>
        </extensions>
      </trkpt>
      <trkpt lat="22.54910127259790897369384765625" lon="114.0195480175316333770751953125">
        <ele>9.80000019073486328125</ele>
        <time>2026-09-11T22:57:14.000Z</time>
        <extensions>
          <ns3:TrackPointExtension>
            <ns3:atemp>31.0</ns3:atemp>
            <ns3:hr>148</ns3:hr>
            <ns3:cad>86</ns3:cad>
          </ns3:TrackPointExtension>
        </extensions>
      </trkpt>
      <trkpt lat="22.54907830618321895599365234375" lon="114.019564278423786163330078125">
        <ele>9.80000019073486328125</ele>
        <time>2026-09-11T22:57:15.000Z</time>
        <extensions>
          <ns3:TrackPointExtension>
            <ns3:atemp>31.0</ns3:atemp>
            <ns3:hr>149</ns3:hr>
            <ns3:cad>86</ns3:cad>
          </ns3:TrackPointExtension>
        </extensions>
      </trkpt>
      <trkpt lat="22.54905735142529010772705078125" lon="114.01957944966852664947509765625">
        <ele>9.80000019073486328125</ele>
        <time>2026-09-11T22:57:16.000Z</time>
        <extensions>
          <ns3:TrackPointExtension>
            <ns3:atemp>31.0</ns3:atemp>
            <ns3:hr>148</ns3:hr>
            <ns3:cad>86</ns3:cad>
          </ns3:TrackPointExtension>
        </extensions>
      </trkpt>
      <trkpt lat="22.54903790540993213653564453125" lon="114.01959604583680629730224609375">
        <ele>9.80000019073486328125</ele>
        <time>2026-09-11T22:57:17.000Z</time>
        <extensions>
          <ns3:TrackPointExtension>
            <ns3:atemp>31.0</ns3:atemp>
            <ns3:hr>148</ns3:hr>
            <ns3:cad>86</ns3:cad>
          </ns3:TrackPointExtension>
        </extensions>
      </trkpt>
      <trkpt lat="22.549012340605258941650390625" lon="114.0196147374808788299560546875">
        <ele>9.80000019073486328125</ele>
        <time>2026-09-11T22:57:18.000Z</time>
        <extensions>
          <ns3:TrackPointExtension>
            <ns3:atemp>31.0</ns3:atemp>
            <ns3:hr>148</ns3:hr>
            <ns3:cad>86</ns3:cad>
          </ns3:TrackPointExtension>
        </extensions>
      </trkpt>
      <trkpt lat="22.54899482242763042449951171875" lon="114.01963057927787303924560546875">
        <ele>9.80000019073486328125</ele>
        <time>2026-09-11T22:57:19.000Z</time>
        <extensions>
          <ns3:TrackPointExtension>
            <ns3:atemp>31.0</ns3:atemp>
            <ns3:hr>149</ns3:hr>
            <ns3:cad>87</ns3:cad>
          </ns3:TrackPointExtension>
        </extensions>
      </trkpt>
      <trkpt lat="22.54896950908005237579345703125" lon="114.01964901946485042572021484375">
        <ele>9.80000019073486328125</ele>
        <time>2026-09-11T22:57:20.000Z</time>
        <extensions>
          <ns3:TrackPointExtension>
            <ns3:atemp>31.0</ns3:atemp>
            <ns3:hr>149</ns3:hr>
            <ns3:cad>87</ns3:cad>
          </ns3:TrackPointExtension>
        </extensions>
      </trkpt>
      <trkpt lat="22.54894989542663097381591796875" lon="114.0196630172431468963623046875">
        <ele>9.6000003814697265625</ele>
        <time>2026-09-11T22:57:21.000Z</time>
        <extensions>
          <ns3:TrackPointExtension>
            <ns3:atemp>31.0</ns3:atemp>
            <ns3:hr>149</ns3:hr>
            <ns3:cad>87</ns3:cad>
          </ns3:TrackPointExtension>
        </extensions>
      </trkpt>
      <trkpt lat="22.5489263422787189483642578125" lon="114.01968304999172687530517578125">
        <ele>9.6000003814697265625</ele>
        <time>2026-09-11T22:57:22.000Z</time>
        <extensions>
          <ns3:TrackPointExtension>
            <ns3:atemp>31.0</ns3:atemp>
            <ns3:hr>149</ns3:hr>
            <ns3:cad>87</ns3:cad>
          </ns3:TrackPointExtension>
        </extensions>
      </trkpt>
      <trkpt lat="22.54890429787337779998779296875" lon="114.01969847269356250762939453125">
        <ele>9.6000003814697265625</ele>
        <time>2026-09-11T22:57:23.000Z</time>
        <extensions>
          <ns3:TrackPointExtension>
            <ns3:atemp>31.0</ns3:atemp>
            <ns3:hr>149</ns3:hr>
            <ns3:cad>87</ns3:cad>
          </ns3:TrackPointExtension>
        </extensions>
      </trkpt>
      <trkpt lat="22.54888300783932209014892578125" lon="114.0197149850428104400634765625">
        <ele>9.6000003814697265625</ele>
        <time>2026-09-11T22:57:24.000Z</time>
        <extensions>
          <ns3:TrackPointExtension>
            <ns3:atemp>31.0</ns3:atemp>
            <ns3:hr>150</ns3:hr>
            <ns3:cad>87</ns3:cad>
          </ns3:TrackPointExtension>
        </extensions>
      </trkpt>
      <trkpt lat="22.54885903559625148773193359375" lon="114.01972697116434574127197265625">
        <ele>9.6000003814697265625</ele>
        <time>2026-09-11T22:57:25.000Z</time>
        <extensions>
          <ns3:TrackPointExtension>
            <ns3:atemp>31.0</ns3:atemp>
            <ns3:hr>150</ns3:hr>
            <ns3:cad>87</ns3:cad>
          </ns3:TrackPointExtension>
        </extensions>
      </trkpt>
      <trkpt lat="22.54883833229541778564453125" lon="114.0197394602000713348388671875">
        <ele>9.3999996185302734375</ele>
        <time>2026-09-11T22:57:26.000Z</time>
        <extensions>
          <ns3:TrackPointExtension>
            <ns3:atemp>31.0</ns3:atemp>
            <ns3:hr>150</ns3:hr>
            <ns3:cad>87</ns3:cad>
          </ns3:TrackPointExtension>
        </extensions>
      </trkpt>
      <trkpt lat="22.548817880451679229736328125" lon="114.01975513435900211334228515625">
        <ele>9.3999996185302734375</ele>
        <time>2026-09-11T22:57:27.000Z</time>
        <extensions>
          <ns3:TrackPointExtension>
            <ns3:atemp>31.0</ns3:atemp>
            <ns3:hr>150</ns3:hr>
            <ns3:cad>87</ns3:cad>
          </ns3:TrackPointExtension>
        </extensions>
      </trkpt>
      <trkpt lat="22.5487969256937503814697265625" lon="114.01977114379405975341796875">
        <ele>9.3999996185302734375</ele>
        <time>2026-09-11T22:57:28.000Z</time>
        <extensions>
          <ns3:TrackPointExtension>
            <ns3:atemp>31.0</ns3:atemp>
            <ns3:hr>151</ns3:hr>
            <ns3:cad>87</ns3:cad>
          </ns3:TrackPointExtension>
        </extensions>
      </trkpt>
      <trkpt lat="22.5487737916409969329833984375" lon="114.01978380046784877777099609375">
        <ele>9.3999996185302734375</ele>
        <time>2026-09-11T22:57:29.000Z</time>
        <extensions>
          <ns3:TrackPointExtension>
            <ns3:atemp>31.0</ns3:atemp>
            <ns3:hr>151</ns3:hr>
            <ns3:cad>87</ns3:cad>
          </ns3:TrackPointExtension>
        </extensions>
      </trkpt>
      <trkpt lat="22.5487540103495121002197265625" lon="114.01979796588420867919921875">
        <ele>9.19999980926513671875</ele>
        <time>2026-09-11T22:57:30.000Z</time>
        <extensions>
          <ns3:TrackPointExtension>
            <ns3:atemp>31.0</ns3:atemp>
            <ns3:hr>151</ns3:hr>
            <ns3:cad>86</ns3:cad>
          </ns3:TrackPointExtension>
        </extensions>
      </trkpt>
      <trkpt lat="22.54872794263064861297607421875" lon="114.0198135562241077423095703125">
        <ele>9.19999980926513671875</ele>
        <time>2026-09-11T22:57:31.000Z</time>
        <extensions>
          <ns3:TrackPointExtension>
            <ns3:atemp>31.0</ns3:atemp>
            <ns3:hr>151</ns3:hr>
            <ns3:cad>86</ns3:cad>
          </ns3:TrackPointExtension>
        </extensions>
      </trkpt>
      <trkpt lat="22.54870715551078319549560546875" lon="114.01982956565916538238525390625">
        <ele>9.19999980926513671875</ele>
        <time>2026-09-11T22:57:32.000Z</time>
        <extensions>
          <ns3:TrackPointExtension>
            <ns3:atemp>31.0</ns3:atemp>
            <ns3:hr>151</ns3:hr>
            <ns3:cad>86</ns3:cad>
          </ns3:TrackPointExtension>
        </extensions>
      </trkpt>
      <trkpt lat="22.5486852787435054779052734375" lon="114.01984490454196929931640625">
        <ele>9.19999980926513671875</ele>
        <time>2026-09-11T22:57:33.000Z</time>
        <extensions>
          <ns3:TrackPointExtension>
            <ns3:atemp>31.0</ns3:atemp>
            <ns3:hr>151</ns3:hr>
            <ns3:cad>86</ns3:cad>
          </ns3:TrackPointExtension>
        </extensions>
      </trkpt>
      <trkpt lat="22.54866407252848148345947265625" lon="114.0198618359863758087158203125">
        <ele>9.19999980926513671875</ele>
        <time>2026-09-11T22:57:34.000Z</time>
        <extensions>
          <ns3:TrackPointExtension>
            <ns3:atemp>31.0</ns3:atemp>
            <ns3:hr>151</ns3:hr>
            <ns3:cad>87</ns3:cad>
          </ns3:TrackPointExtension>
        </extensions>
      </trkpt>
      <trkpt lat="22.54864496178925037384033203125" lon="114.0198775939643383026123046875">
        <ele>9.19999980926513671875</ele>
        <time>2026-09-11T22:57:35.000Z</time>
        <extensions>
          <ns3:TrackPointExtension>
            <ns3:atemp>31.0</ns3:atemp>
            <ns3:hr>151</ns3:hr>
            <ns3:cad>87</ns3:cad>
          </ns3:TrackPointExtension>
        </extensions>
      </trkpt>
      <trkpt lat="22.54862199537456035614013671875" lon="114.0198883228003978729248046875">
        <ele>9.19999980926513671875</ele>
        <time>2026-09-11T22:57:36.000Z</time>
        <extensions>
          <ns3:TrackPointExtension>
            <ns3:atemp>31.0</ns3:atemp>
            <ns3:hr>152</ns3:hr>
            <ns3:cad>86</ns3:cad>
          </ns3:TrackPointExtension>
        </extensions>
      </trkpt>
      <trkpt lat="22.5486041419208049774169921875" lon="114.01990232057869434356689453125">
        <ele>9.19999980926513671875</ele>
        <time>2026-09-11T22:57:37.000Z</time>
        <extensions>
          <ns3:TrackPointExtension>
            <ns3:atemp>31.0</ns3:atemp>
            <ns3:hr>152</ns3:hr>
            <ns3:cad>86</ns3:cad>
          </ns3:TrackPointExtension>
        </extensions>
      </trkpt>
      <trkpt lat="22.54857824184000492095947265625" lon="114.01991556398570537567138671875">
        <ele>9.19999980926513671875</ele>
        <time>2026-09-11T22:57:38.000Z</time>
        <extensions>
          <ns3:TrackPointExtension>
            <ns3:atemp>31.0</ns3:atemp>
            <ns3:hr>152</ns3:hr>
            <ns3:cad>86</ns3:cad>
          </ns3:TrackPointExtension>
        </extensions>
      </trkpt>
      <trkpt lat="22.5485572032630443572998046875" lon="114.0199305675923824310302734375">
        <ele>9.19999980926513671875</ele>
        <time>2026-09-11T22:57:39.000Z</time>
        <extensions>
          <ns3:TrackPointExtension>
            <ns3:atemp>31.0</ns3:atemp>
            <ns3:hr>152</ns3:hr>
            <ns3:cad>86</ns3:cad>
          </ns3:TrackPointExtension>
        </extensions>
      </trkpt>
      <trkpt lat="22.54853121936321258544921875" lon="114.0199456550180912017822265625">
        <ele>9</ele>
        <time>2026-09-11T22:57:40.000Z</time>
        <extensions>
          <ns3:TrackPointExtension>
            <ns3:atemp>31.0</ns3:atemp>
            <ns3:hr>151</ns3:hr>
            <ns3:cad>87</ns3:cad>
          </ns3:TrackPointExtension>
        </extensions>
      </trkpt>
      <trkpt lat="22.5485089235007762908935546875" lon="114.019961245357990264892578125">
        <ele>9</ele>
        <time>2026-09-11T22:57:41.000Z</time>
        <extensions>
          <ns3:TrackPointExtension>
            <ns3:atemp>31.0</ns3:atemp>
            <ns3:hr>152</ns3:hr>
            <ns3:cad>87</ns3:cad>
          </ns3:TrackPointExtension>
        </extensions>
      </trkpt>
      <trkpt lat="22.54849056713283061981201171875" lon="114.019975997507572174072265625">
        <ele>9</ele>
        <time>2026-09-11T22:57:42.000Z</time>
        <extensions>
          <ns3:TrackPointExtension>
            <ns3:atemp>31.0</ns3:atemp>
            <ns3:hr>152</ns3:hr>
            <ns3:cad>87</ns3:cad>
          </ns3:TrackPointExtension>
        </extensions>
      </trkpt>
      <trkpt lat="22.54846625961363315582275390625" lon="114.01999519206583499908447265625">
        <ele>9</ele>
        <time>2026-09-11T22:57:43.000Z</time>
        <extensions>
          <ns3:TrackPointExtension>
            <ns3:atemp>31.0</ns3:atemp>
            <ns3:hr>153</ns3:hr>
            <ns3:cad>87</ns3:cad>
          </ns3:TrackPointExtension>
        </extensions>
      </trkpt>
      <trkpt lat="22.54844899289309978485107421875" lon="114.0200100280344486236572265625">
        <ele>9</ele>
        <time>2026-09-11T22:57:44.000Z</time>
        <extensions>
          <ns3:TrackPointExtension>
            <ns3:atemp>31.0</ns3:atemp>
            <ns3:hr>153</ns3:hr>
            <ns3:cad>86</ns3:cad>
          </ns3:TrackPointExtension>
        </extensions>
      </trkpt>
      <trkpt lat="22.5484210811555385589599609375" lon="114.02002486400306224822998046875">
        <ele>9</ele>
        <time>2026-09-11T22:57:45.000Z</time>
        <extensions>
          <ns3:TrackPointExtension>
            <ns3:atemp>31.0</ns3:atemp>
            <ns3:hr>153</ns3:hr>
            <ns3:cad>86</ns3:cad>
          </ns3:TrackPointExtension>
        </extensions>
      </trkpt>
      <trkpt lat="22.54840071313083171844482421875" lon="114.02003936469554901123046875">
        <ele>9.19999980926513671875</ele>
        <time>2026-09-11T22:57:46.000Z</time>
        <extensions>
          <ns3:TrackPointExtension>
            <ns3:atemp>31.0</ns3:atemp>
            <ns3:hr>153</ns3:hr>
            <ns3:cad>85</ns3:cad>
          </ns3:TrackPointExtension>
        </extensions>
      </trkpt>
      <trkpt lat="22.54837573505938053131103515625" lon="114.02005554176867008209228515625">
        <ele>9.19999980926513671875</ele>
        <time>2026-09-11T22:57:47.000Z</time>
        <extensions>
          <ns3:TrackPointExtension>
            <ns3:atemp>31.0</ns3:atemp>
            <ns3:hr>153</ns3:hr>
            <ns3:cad>85</ns3:cad>
          </ns3:TrackPointExtension>
        </extensions>
      </trkpt>
      <trkpt lat="22.5483530201017856597900390625" lon="114.020068533718585968017578125">
        <ele>9.19999980926513671875</ele>
        <time>2026-09-11T22:57:48.000Z</time>
        <extensions>
          <ns3:TrackPointExtension>
            <ns3:atemp>31.0</ns3:atemp>
            <ns3:hr>154</ns3:hr>
            <ns3:cad>85</ns3:cad>
          </ns3:TrackPointExtension>
        </extensions>
      </trkpt>
      <trkpt lat="22.5483329035341739654541015625" lon="114.0200790949165821075439453125">
        <ele>9.19999980926513671875</ele>
        <time>2026-09-11T22:57:49.000Z</time>
        <extensions>
          <ns3:TrackPointExtension>
            <ns3:atemp>31.0</ns3:atemp>
            <ns3:hr>154</ns3:hr>
            <ns3:cad>86</ns3:cad>
          </ns3:TrackPointExtension>
        </extensions>
      </trkpt>
      <trkpt lat="22.54830448888242244720458984375" lon="114.02009191922843456268310546875">
        <ele>9.19999980926513671875</ele>
        <time>2026-09-11T22:57:50.000Z</time>
        <extensions>
          <ns3:TrackPointExtension>
            <ns3:atemp>31.0</ns3:atemp>
            <ns3:hr>154</ns3:hr>
            <ns3:cad>86</ns3:cad>
          </ns3:TrackPointExtension>
        </extensions>
      </trkpt>
      <trkpt lat="22.54828604869544506072998046875" lon="114.020104072988033294677734375">
        <ele>9.19999980926513671875</ele>
        <time>2026-09-11T22:57:51.000Z</time>
        <extensions>
          <ns3:TrackPointExtension>
            <ns3:atemp>31.0</ns3:atemp>
            <ns3:hr>154</ns3:hr>
            <ns3:cad>86</ns3:cad>
          </ns3:TrackPointExtension>
        </extensions>
      </trkpt>
      <trkpt lat="22.54825989715754985809326171875" lon="114.02011807076632976531982421875">
        <ele>9.19999980926513671875</ele>
        <time>2026-09-11T22:57:52.000Z</time>
        <extensions>
          <ns3:TrackPointExtension>
            <ns3:atemp>31.0</ns3:atemp>
            <ns3:hr>154</ns3:hr>
            <ns3:cad>86</ns3:cad>
          </ns3:TrackPointExtension>
        </extensions>
      </trkpt>
      <trkpt lat="22.54823743365705013275146484375" lon="114.02013634331524372100830078125">
        <ele>9.19999980926513671875</ele>
        <time>2026-09-11T22:57:53.000Z</time>
        <extensions>
          <ns3:TrackPointExtension>
            <ns3:atemp>31.0</ns3:atemp>
            <ns3:hr>154</ns3:hr>
            <ns3:cad>86</ns3:cad>
          </ns3:TrackPointExtension>
        </extensions>
      </trkpt>
      <trkpt lat="22.548213712871074676513671875" lon="114.0201505087316036224365234375">
        <ele>9.19999980926513671875</ele>
        <time>2026-09-11T22:57:54.000Z</time>
        <extensions>
          <ns3:TrackPointExtension>
            <ns3:atemp>31.0</ns3:atemp>
            <ns3:hr>155</ns3:hr>
            <ns3:cad>86</ns3:cad>
          </ns3:TrackPointExtension>
        </extensions>
      </trkpt>
      <trkpt lat="22.54819418303668498992919921875" lon="114.02016702108085155487060546875">
        <ele>9.19999980926513671875</ele>
        <time>2026-09-11T22:57:55.000Z</time>
        <extensions>
          <ns3:TrackPointExtension>
            <ns3:atemp>31.0</ns3:atemp>
            <ns3:hr>155</ns3:hr>
            <ns3:cad>86</ns3:cad>
          </ns3:TrackPointExtension>
        </extensions>
      </trkpt>
      <trkpt lat="22.548172473907470703125" lon="114.02018495835363864898681640625">
        <ele>9.19999980926513671875</ele>
        <time>2026-09-11T22:57:56.000Z</time>
        <extensions>
          <ns3:TrackPointExtension>
            <ns3:atemp>31.0</ns3:atemp>
            <ns3:hr>154</ns3:hr>
            <ns3:cad>86</ns3:cad>
          </ns3:TrackPointExtension>
        </extensions>
      </trkpt>
      <trkpt lat="22.5481523573398590087890625" lon="114.02020205743610858917236328125">
        <ele>9.19999980926513671875</ele>
        <time>2026-09-11T22:57:57.000Z</time>
        <extensions>
          <ns3:TrackPointExtension>
            <ns3:atemp>31.0</ns3:atemp>
            <ns3:hr>154</ns3:hr>
            <ns3:cad>86</ns3:cad>
          </ns3:TrackPointExtension>
        </extensions>
      </trkpt>
      <trkpt lat="22.54813634790480136871337890625" lon="114.02021706104278564453125">
        <ele>9.19999980926513671875</ele>
        <time>2026-09-11T22:57:58.000Z</time>
        <extensions>
          <ns3:TrackPointExtension>
            <ns3:atemp>31.0</ns3:atemp>
            <ns3:hr>153</ns3:hr>
            <ns3:cad>86</ns3:cad>
          </ns3:TrackPointExtension>
        </extensions>
      </trkpt>
      <trkpt lat="22.548114471137523651123046875" lon="114.0202343277633190155029296875">
        <ele>9.19999980926513671875</ele>
        <time>2026-09-11T22:57:59.000Z</time>
        <extensions>
          <ns3:TrackPointExtension>
            <ns3:atemp>31.0</ns3:atemp>
            <ns3:hr>154</ns3:hr>
            <ns3:cad>86</ns3:cad>
          </ns3:TrackPointExtension>
        </extensions>
      </trkpt>
      <trkpt lat="22.548100389540195465087890625" lon="114.020249582827091217041015625">
        <ele>9.3999996185302734375</ele>
        <time>2026-09-11T22:58:00.000Z</time>
        <extensions>
          <ns3:TrackPointExtension>
            <ns3:atemp>31.0</ns3:atemp>
            <ns3:hr>154</ns3:hr>
            <ns3:cad>86</ns3:cad>
          </ns3:TrackPointExtension>
        </extensions>
      </trkpt>
      <trkpt lat="22.54807549528777599334716796875" lon="114.02026492170989513397216796875">
        <ele>9.3999996185302734375</ele>
        <time>2026-09-11T22:58:01.000Z</time>
        <extensions>
          <ns3:TrackPointExtension>
            <ns3:atemp>31.0</ns3:atemp>
            <ns3:hr>154</ns3:hr>
            <ns3:cad>86</ns3:cad>
          </ns3:TrackPointExtension>
        </extensions>
      </trkpt>
      <trkpt lat="22.54805671982467174530029296875" lon="114.0202799253165721893310546875">
        <ele>9.19999980926513671875</ele>
        <time>2026-09-11T22:58:02.000Z</time>
        <extensions>
          <ns3:TrackPointExtension>
            <ns3:atemp>31.0</ns3:atemp>
            <ns3:hr>154</ns3:hr>
            <ns3:cad>86</ns3:cad>
          </ns3:TrackPointExtension>
        </extensions>
      </trkpt>
      <trkpt lat="22.5480294786393642425537109375" lon="114.02029551565647125244140625">
        <ele>9.19999980926513671875</ele>
        <time>2026-09-11T22:58:03.000Z</time>
        <extensions>
          <ns3:TrackPointExtension>
            <ns3:atemp>31.0</ns3:atemp>
            <ns3:hr>154</ns3:hr>
            <ns3:cad>87</ns3:cad>
          </ns3:TrackPointExtension>
        </extensions>
      </trkpt>
      <trkpt lat="22.54800844006240367889404296875" lon="114.02030984871089458465576171875">
        <ele>9.19999980926513671875</ele>
        <time>2026-09-11T22:58:04.000Z</time>
        <extensions>
          <ns3:TrackPointExtension>
            <ns3:atemp>31.0</ns3:atemp>
            <ns3:hr>155</ns3:hr>
            <ns3:cad>87</ns3:cad>
          </ns3:TrackPointExtension>
        </extensions>
      </trkpt>
      <trkpt lat="22.5479832105338573455810546875" lon="114.02032367885112762451171875">
        <ele>9.19999980926513671875</ele>
        <time>2026-09-11T22:58:05.000Z</time>
        <extensions>
          <ns3:TrackPointExtension>
            <ns3:atemp>31.0</ns3:atemp>
            <ns3:hr>154</ns3:hr>
            <ns3:cad>87</ns3:cad>
          </ns3:TrackPointExtension>
        </extensions>
      </trkpt>
      <trkpt lat="22.54795865155756473541259765625" lon="114.02033868245780467987060546875">
        <ele>9.19999980926513671875</ele>
        <time>2026-09-11T22:58:06.000Z</time>
        <extensions>
          <ns3:TrackPointExtension>
            <ns3:atemp>31.0</ns3:atemp>
            <ns3:hr>154</ns3:hr>
            <ns3:cad>87</ns3:cad>
          </ns3:TrackPointExtension>
        </extensions>
      </trkpt>
      <trkpt lat="22.547940798103809356689453125" lon="114.02035309933125972747802734375">
        <ele>9.19999980926513671875</ele>
        <time>2026-09-11T22:58:07.000Z</time>
        <extensions>
          <ns3:TrackPointExtension>
            <ns3:atemp>31.0</ns3:atemp>
            <ns3:hr>154</ns3:hr>
            <ns3:cad>87</ns3:cad>
          </ns3:TrackPointExtension>
        </extensions>
      </trkpt>
      <trkpt lat="22.54791758023202419281005859375" lon="114.020366258919239044189453125">
        <ele>9.19999980926513671875</ele>
        <time>2026-09-11T22:58:08.000Z</time>
        <extensions>
          <ns3:TrackPointExtension>
            <ns3:atemp>31.0</ns3:atemp>
            <ns3:hr>155</ns3:hr>
            <ns3:cad>87</ns3:cad>
          </ns3:TrackPointExtension>
        </extensions>
      </trkpt>
      <trkpt lat="22.547900564968585968017578125" lon="114.02037757448852062225341796875">
        <ele>9.19999980926513671875</ele>
        <time>2026-09-11T22:58:09.000Z</time>
        <extensions>
          <ns3:TrackPointExtension>
            <ns3:atemp>31.0</ns3:atemp>
            <ns3:hr>155</ns3:hr>
            <ns3:cad>87</ns3:cad>
          </ns3:TrackPointExtension>
        </extensions>
      </trkpt>
      <trkpt lat="22.54787273705005645751953125" lon="114.02039215900003910064697265625">
        <ele>9.19999980926513671875</ele>
        <time>2026-09-11T22:58:10.000Z</time>
        <extensions>
          <ns3:TrackPointExtension>
            <ns3:atemp>31.0</ns3:atemp>
            <ns3:hr>155</ns3:hr>
            <ns3:cad>87</ns3:cad>
          </ns3:TrackPointExtension>
        </extensions>
      </trkpt>
      <trkpt lat="22.54784884862601757049560546875" lon="114.020405821502208709716796875">
        <ele>9</ele>
        <time>2026-09-11T22:58:11.000Z</time>
        <extensions>
          <ns3:TrackPointExtension>
            <ns3:atemp>31.0</ns3:atemp>
            <ns3:hr>154</ns3:hr>
            <ns3:cad>87</ns3:cad>
          </ns3:TrackPointExtension>
        </extensions>
      </trkpt>
      <trkpt lat="22.54782403819262981414794921875" lon="114.0204195678234100341796875">
        <ele>9</ele>
        <time>2026-09-11T22:58:12.000Z</time>
        <extensions>
          <ns3:TrackPointExtension>
            <ns3:atemp>31.0</ns3:atemp>
            <ns3:hr>155</ns3:hr>
            <ns3:cad>86</ns3:cad>
          </ns3:TrackPointExtension>
        </extensions>
      </trkpt>
      <trkpt lat="22.54780434072017669677734375" lon="114.02043230831623077392578125">
        <ele>9</ele>
        <time>2026-09-11T22:58:13.000Z</time>
        <extensions>
          <ns3:TrackPointExtension>
            <ns3:atemp>31.0</ns3:atemp>
            <ns3:hr>155</ns3:hr>
            <ns3:cad>86</ns3:cad>
          </ns3:TrackPointExtension>
        </extensions>
      </trkpt>
      <trkpt lat="22.54778799600899219512939453125" lon="114.02044446207582950592041015625">
        <ele>9</ele>
        <time>2026-09-11T22:58:14.000Z</time>
        <extensions>
          <ns3:TrackPointExtension>
            <ns3:atemp>31.0</ns3:atemp>
            <ns3:hr>154</ns3:hr>
            <ns3:cad>85</ns3:cad>
          </ns3:TrackPointExtension>
        </extensions>
      </trkpt>
      <trkpt lat="22.54775748588144779205322265625" lon="114.02045971713960170745849609375">
        <ele>9</ele>
        <time>2026-09-11T22:58:15.000Z</time>
        <extensions>
          <ns3:TrackPointExtension>
            <ns3:atemp>31.0</ns3:atemp>
            <ns3:hr>155</ns3:hr>
            <ns3:cad>85</ns3:cad>
          </ns3:TrackPointExtension>
        </extensions>
      </trkpt>
      <trkpt lat="22.54773720167577266693115234375" lon="114.0204774029552936553955078125">
        <ele>9.19999980926513671875</ele>
        <time>2026-09-11T22:58:16.000Z</time>
        <extensions>
          <ns3:TrackPointExtension>
            <ns3:atemp>31.0</ns3:atemp>
            <ns3:hr>155</ns3:hr>
            <ns3:cad>85</ns3:cad>
          </ns3:TrackPointExtension>
        </extensions>
      </trkpt>
      <trkpt lat="22.54771289415657520294189453125" lon="114.02049265801906585693359375">
        <ele>9.19999980926513671875</ele>
        <time>2026-09-11T22:58:17.000Z</time>
        <extensions>
          <ns3:TrackPointExtension>
            <ns3:atemp>31.0</ns3:atemp>
            <ns3:hr>154</ns3:hr>
            <ns3:cad>85</ns3:cad>
          </ns3:TrackPointExtension>
        </extensions>
      </trkpt>
      <trkpt lat="22.54768841899931430816650390625" lon="114.020505063235759735107421875">
        <ele>9</ele>
        <time>2026-09-11T22:58:18.000Z</time>
        <extensions>
          <ns3:TrackPointExtension>
            <ns3:atemp>31.0</ns3:atemp>
            <ns3:hr>155</ns3:hr>
            <ns3:cad>84</ns3:cad>
          </ns3:TrackPointExtension>
        </extensions>
      </trkpt>
      <trkpt lat="22.5476717390120029449462890625" lon="114.02051922865211963653564453125">
        <ele>9</ele>
        <time>2026-09-11T22:58:19.000Z</time>
        <extensions>
          <ns3:TrackPointExtension>
            <ns3:atemp>31.0</ns3:atemp>
            <ns3:hr>155</ns3:hr>
            <ns3:cad>84</ns3:cad>
          </ns3:TrackPointExtension>
        </extensions>
      </trkpt>
      <trkpt lat="22.547645755112171173095703125" lon="114.0205337293446063995361328125">
        <ele>9</ele>
        <time>2026-09-11T22:58:20.000Z</time>
        <extensions>
          <ns3:TrackPointExtension>
            <ns3:atemp>31.0</ns3:atemp>
            <ns3:hr>155</ns3:hr>
            <ns3:cad>84</ns3:cad>
          </ns3:TrackPointExtension>
        </extensions>
      </trkpt>
      <trkpt lat="22.54762706346809864044189453125" lon="114.020548649132251739501953125">
        <ele>9</ele>
        <time>2026-09-11T22:58:21.000Z</time>
        <extensions>
          <ns3:TrackPointExtension>
            <ns3:atemp>31.0</ns3:atemp>
            <ns3:hr>155</ns3:hr>
            <ns3:cad>84</ns3:cad>
          </ns3:TrackPointExtension>
        </extensions>
      </trkpt>
      <trkpt lat="22.54760258831083774566650390625" lon="114.02056046761572360992431640625">
        <ele>9</ele>
        <time>2026-09-11T22:58:22.000Z</time>
        <extensions>
          <ns3:TrackPointExtension>
            <ns3:atemp>31.0</ns3:atemp>
            <ns3:hr>156</ns3:hr>
            <ns3:cad>84</ns3:cad>
          </ns3:TrackPointExtension>
        </extensions>
      </trkpt>
      <trkpt lat="22.5475815497338771820068359375" lon="114.02057312428951263427734375">
        <ele>9</ele>
        <time>2026-09-11T22:58:23.000Z</time>
        <extensions>
          <ns3:TrackPointExtension>
            <ns3:atemp>31.0</ns3:atemp>
            <ns3:hr>156</ns3:hr>
            <ns3:cad>84</ns3:cad>
          </ns3:TrackPointExtension>
        </extensions>
      </trkpt>
      <trkpt lat="22.5475580804049968719482421875" lon="114.02058578096330165863037109375">
        <ele>8.80000019073486328125</ele>
        <time>2026-09-11T22:58:24.000Z</time>
        <extensions>
          <ns3:TrackPointExtension>
            <ns3:atemp>31.0</ns3:atemp>
            <ns3:hr>156</ns3:hr>
            <ns3:cad>86</ns3:cad>
          </ns3:TrackPointExtension>
        </extensions>
      </trkpt>
      <trkpt lat="22.54753553308546543121337890625" lon="114.020600616931915283203125">
        <ele>8.80000019073486328125</ele>
        <time>2026-09-11T22:58:25.000Z</time>
        <extensions>
          <ns3:TrackPointExtension>
            <ns3:atemp>31.0</ns3:atemp>
            <ns3:hr>156</ns3:hr>
            <ns3:cad>86</ns3:cad>
          </ns3:TrackPointExtension>
        </extensions>
      </trkpt>
      <trkpt lat="22.54751441068947315216064453125" lon="114.02061494998633861541748046875">
        <ele>8.80000019073486328125</ele>
        <time>2026-09-11T22:58:26.000Z</time>
        <extensions>
          <ns3:TrackPointExtension>
            <ns3:atemp>31.0</ns3:atemp>
            <ns3:hr>156</ns3:hr>
            <ns3:cad>86</ns3:cad>
          </ns3:TrackPointExtension>
        </extensions>
      </trkpt>
      <trkpt lat="22.54748960025608539581298828125" lon="114.020629115402698516845703125">
        <ele>8.80000019073486328125</ele>
        <time>2026-09-11T22:58:27.000Z</time>
        <extensions>
          <ns3:TrackPointExtension>
            <ns3:atemp>31.0</ns3:atemp>
            <ns3:hr>156</ns3:hr>
            <ns3:cad>86</ns3:cad>
          </ns3:TrackPointExtension>
        </extensions>
      </trkpt>
      <trkpt lat="22.5474705733358860015869140625" lon="114.02064512483775615692138671875">
        <ele>8.80000019073486328125</ele>
        <time>2026-09-11T22:58:28.000Z</time>
        <extensions>
          <ns3:TrackPointExtension>
            <ns3:atemp>31.0</ns3:atemp>
            <ns3:hr>156</ns3:hr>
            <ns3:cad>86</ns3:cad>
          </ns3:TrackPointExtension>
        </extensions>
      </trkpt>
      <trkpt lat="22.54744366742670536041259765625" lon="114.02066339738667011260986328125">
        <ele>8.6000003814697265625</ele>
        <time>2026-09-11T22:58:29.000Z</time>
        <extensions>
          <ns3:TrackPointExtension>
            <ns3:atemp>31.0</ns3:atemp>
            <ns3:hr>156</ns3:hr>
            <ns3:cad>86</ns3:cad>
          </ns3:TrackPointExtension>
        </extensions>
      </trkpt>
      <trkpt lat="22.5474227964878082275390625" lon="114.02067764662206172943115234375">
        <ele>8.6000003814697265625</ele>
        <time>2026-09-11T22:58:30.000Z</time>
        <extensions>
          <ns3:TrackPointExtension>
            <ns3:atemp>31.0</ns3:atemp>
            <ns3:hr>156</ns3:hr>
            <ns3:cad>86</ns3:cad>
          </ns3:TrackPointExtension>
        </extensions>
      </trkpt>
      <trkpt lat="22.5473961420357227325439453125" lon="114.02068954892456531524658203125">
        <ele>8.3999996185302734375</ele>
        <time>2026-09-11T22:58:31.000Z</time>
        <extensions>
          <ns3:TrackPointExtension>
            <ns3:atemp>31.0</ns3:atemp>
            <ns3:hr>156</ns3:hr>
            <ns3:cad>87</ns3:cad>
          </ns3:TrackPointExtension>
        </extensions>
      </trkpt>
      <trkpt lat="22.547368817031383514404296875" lon="114.0207037143409252166748046875">
        <ele>8.3999996185302734375</ele>
        <time>2026-09-11T22:58:32.000Z</time>
        <extensions>
          <ns3:TrackPointExtension>
            <ns3:atemp>31.0</ns3:atemp>
            <ns3:hr>156</ns3:hr>
            <ns3:cad>87</ns3:cad>
          </ns3:TrackPointExtension>
        </extensions>
      </trkpt>
      <trkpt lat="22.547347359359264373779296875" lon="114.02071922086179256439208984375">
        <ele>8.3999996185302734375</ele>
        <time>2026-09-11T22:58:33.000Z</time>
        <extensions>
          <ns3:TrackPointExtension>
            <ns3:atemp>31.0</ns3:atemp>
            <ns3:hr>157</ns3:hr>
            <ns3:cad>86</ns3:cad>
          </ns3:TrackPointExtension>
        </extensions>
      </trkpt>
      <trkpt lat="22.54731953144073486328125" lon="114.02073581703007221221923828125">
        <ele>8.19999980926513671875</ele>
        <time>2026-09-11T22:58:34.000Z</time>
        <extensions>
          <ns3:TrackPointExtension>
            <ns3:atemp>31.0</ns3:atemp>
            <ns3:hr>156</ns3:hr>
            <ns3:cad>86</ns3:cad>
          </ns3:TrackPointExtension>
        </extensions>
      </trkpt>
      <trkpt lat="22.54730008542537689208984375" lon="114.0207479707896709442138671875">
        <ele>8.3999996185302734375</ele>
        <time>2026-09-11T22:58:35.000Z</time>
        <extensions>
          <ns3:TrackPointExtension>
            <ns3:atemp>31.0</ns3:atemp>
            <ns3:hr>156</ns3:hr>
            <ns3:cad>85</ns3:cad>
          </ns3:TrackPointExtension>
        </extensions>
      </trkpt>
      <trkpt lat="22.547271586954593658447265625" lon="114.0207600407302379608154296875">
        <ele>8.19999980926513671875</ele>
        <time>2026-09-11T22:58:36.000Z</time>
        <extensions>
          <ns3:TrackPointExtension>
            <ns3:atemp>31.0</ns3:atemp>
            <ns3:hr>156</ns3:hr>
            <ns3:cad>85</ns3:cad>
          </ns3:TrackPointExtension>
        </extensions>
      </trkpt>
      <trkpt lat="22.547255493700504302978515625" lon="114.020770601928234100341796875">
        <ele>8.19999980926513671875</ele>
        <time>2026-09-11T22:58:37.000Z</time>
        <extensions>
          <ns3:TrackPointExtension>
            <ns3:atemp>31.0</ns3:atemp>
            <ns3:hr>156</ns3:hr>
            <ns3:cad>86</ns3:cad>
          </ns3:TrackPointExtension>
        </extensions>
      </trkpt>
      <trkpt lat="22.5472296774387359619140625" lon="114.02078191749751567840576171875">
        <ele>8.19999980926513671875</ele>
        <time>2026-09-11T22:58:38.000Z</time>
        <extensions>
          <ns3:TrackPointExtension>
            <ns3:atemp>31.0</ns3:atemp>
            <ns3:hr>156</ns3:hr>
            <ns3:cad>86</ns3:cad>
          </ns3:TrackPointExtension>
        </extensions>
      </trkpt>
      <trkpt lat="22.54720830358564853668212890625" lon="114.0207922272384166717529296875">
        <ele>8</ele>
        <time>2026-09-11T22:58:39.000Z</time>
        <extensions>
          <ns3:TrackPointExtension>
            <ns3:atemp>31.0</ns3:atemp>
            <ns3:hr>156</ns3:hr>
            <ns3:cad>86</ns3:cad>
          </ns3:TrackPointExtension>
        </extensions>
      </trkpt>
      <trkpt lat="22.5471839122474193572998046875" lon="114.0208036266267299652099609375">
        <ele>8</ele>
        <time>2026-09-11T22:58:40.000Z</time>
        <extensions>
          <ns3:TrackPointExtension>
            <ns3:atemp>31.0</ns3:atemp>
            <ns3:hr>155</ns3:hr>
            <ns3:cad>86</ns3:cad>
          </ns3:TrackPointExtension>
        </extensions>
      </trkpt>
      <trkpt lat="22.54715885035693645477294921875" lon="114.020816199481487274169921875">
        <ele>7.80000019073486328125</ele>
        <time>2026-09-11T22:58:41.000Z</time>
        <extensions>
          <ns3:TrackPointExtension>
            <ns3:atemp>31.0</ns3:atemp>
            <ns3:hr>155</ns3:hr>
            <ns3:cad>86</ns3:cad>
          </ns3:TrackPointExtension>
        </extensions>
      </trkpt>
      <trkpt lat="22.5471383146941661834716796875" lon="114.020826928317546844482421875">
        <ele>7.80000019073486328125</ele>
        <time>2026-09-11T22:58:42.000Z</time>
        <extensions>
          <ns3:TrackPointExtension>
            <ns3:atemp>31.0</ns3:atemp>
            <ns3:hr>155</ns3:hr>
            <ns3:cad>86</ns3:cad>
          </ns3:TrackPointExtension>
        </extensions>
      </trkpt>
      <trkpt lat="22.54711098968982696533203125" lon="114.02083975262939929962158203125">
        <ele>7.80000019073486328125</ele>
        <time>2026-09-11T22:58:43.000Z</time>
        <extensions>
          <ns3:TrackPointExtension>
            <ns3:atemp>31.0</ns3:atemp>
            <ns3:hr>155</ns3:hr>
            <ns3:cad>86</ns3:cad>
          </ns3:TrackPointExtension>
        </extensions>
      </trkpt>
      <trkpt lat="22.54709280095994472503662109375" lon="114.02085266076028347015380859375">
        <ele>7.599999904632568359375</ele>
        <time>2026-09-11T22:58:44.000Z</time>
        <extensions>
          <ns3:TrackPointExtension>
            <ns3:atemp>31.0</ns3:atemp>
            <ns3:hr>155</ns3:hr>
            <ns3:cad>86</ns3:cad>
          </ns3:TrackPointExtension>
        </extensions>
      </trkpt>
      <trkpt lat="22.54706379957497119903564453125" lon="114.02086372487246990203857421875">
        <ele>7.599999904632568359375</ele>
        <time>2026-09-11T22:58:45.000Z</time>
        <extensions>
          <ns3:TrackPointExtension>
            <ns3:atemp>31.0</ns3:atemp>
            <ns3:hr>154</ns3:hr>
            <ns3:cad>86</ns3:cad>
          </ns3:TrackPointExtension>
        </extensions>
      </trkpt>
      <trkpt lat="22.54704167135059833526611328125" lon="114.0208763815462589263916015625">
        <ele>7.400000095367431640625</ele>
        <time>2026-09-11T22:58:46.000Z</time>
        <extensions>
          <ns3:TrackPointExtension>
            <ns3:atemp>31.0</ns3:atemp>
            <ns3:hr>154</ns3:hr>
            <ns3:cad>86</ns3:cad>
          </ns3:TrackPointExtension>
        </extensions>
      </trkpt>
      <trkpt lat="22.54701786674559116363525390625" lon="114.02088769711554050445556640625">
        <ele>7.400000095367431640625</ele>
        <time>2026-09-11T22:58:47.000Z</time>
        <extensions>
          <ns3:TrackPointExtension>
            <ns3:atemp>31.0</ns3:atemp>
            <ns3:hr>154</ns3:hr>
            <ns3:cad>86</ns3:cad>
          </ns3:TrackPointExtension>
        </extensions>
      </trkpt>
      <trkpt lat="22.546991296112537384033203125" lon="114.02089876122772693634033203125">
        <ele>7.19999980926513671875</ele>
        <time>2026-09-11T22:58:48.000Z</time>
        <extensions>
          <ns3:TrackPointExtension>
            <ns3:atemp>31.0</ns3:atemp>
            <ns3:hr>155</ns3:hr>
            <ns3:cad>86</ns3:cad>
          </ns3:TrackPointExtension>
        </extensions>
      </trkpt>
      <trkpt lat="22.54696640186011791229248046875" lon="114.02091250754892826080322265625">
        <ele>7</ele>
        <time>2026-09-11T22:58:49.000Z</time>
        <extensions>
          <ns3:TrackPointExtension>
            <ns3:atemp>31.0</ns3:atemp>
            <ns3:hr>154</ns3:hr>
            <ns3:cad>87</ns3:cad>
          </ns3:TrackPointExtension>
        </extensions>
      </trkpt>
      <trkpt lat="22.5469394959509372711181640625" lon="114.02092223055660724639892578125">
        <ele>7</ele>
        <time>2026-09-11T22:58:50.000Z</time>
        <extensions>
          <ns3:TrackPointExtension>
            <ns3:atemp>31.0</ns3:atemp>
            <ns3:hr>154</ns3:hr>
            <ns3:cad>87</ns3:cad>
          </ns3:TrackPointExtension>
        </extensions>
      </trkpt>
      <trkpt lat="22.5469180382788181304931640625" lon="114.02093362994492053985595703125">
        <ele>6.80000019073486328125</ele>
        <time>2026-09-11T22:58:51.000Z</time>
        <extensions>
          <ns3:TrackPointExtension>
            <ns3:atemp>31.0</ns3:atemp>
            <ns3:hr>155</ns3:hr>
            <ns3:cad>86</ns3:cad>
          </ns3:TrackPointExtension>
        </extensions>
      </trkpt>
      <trkpt lat="22.54688836634159088134765625" lon="114.02094251476228237152099609375">
        <ele>6.599999904632568359375</ele>
        <time>2026-09-11T22:58:52.000Z</time>
        <extensions>
          <ns3:TrackPointExtension>
            <ns3:atemp>31.0</ns3:atemp>
            <ns3:hr>154</ns3:hr>
            <ns3:cad>87</ns3:cad>
          </ns3:TrackPointExtension>
        </extensions>
      </trkpt>
      <trkpt lat="22.54686917178332805633544921875" lon="114.020957015454769134521484375">
        <ele>6.599999904632568359375</ele>
        <time>2026-09-11T22:58:53.000Z</time>
        <extensions>
          <ns3:TrackPointExtension>
            <ns3:atemp>31.0</ns3:atemp>
            <ns3:hr>154</ns3:hr>
            <ns3:cad>87</ns3:cad>
          </ns3:TrackPointExtension>
        </extensions>
      </trkpt>
      <trkpt lat="22.54684419371187686920166015625" lon="114.0209705941379070281982421875">
        <ele>6.599999904632568359375</ele>
        <time>2026-09-11T22:58:54.000Z</time>
        <extensions>
          <ns3:TrackPointExtension>
            <ns3:atemp>31.0</ns3:atemp>
            <ns3:hr>154</ns3:hr>
            <ns3:cad>87</ns3:cad>
          </ns3:TrackPointExtension>
        </extensions>
      </trkpt>
      <trkpt lat="22.54682390950620174407958984375" lon="114.0209833346307277679443359375">
        <ele>6.599999904632568359375</ele>
        <time>2026-09-11T22:58:55.000Z</time>
        <extensions>
          <ns3:TrackPointExtension>
            <ns3:atemp>31.0</ns3:atemp>
            <ns3:hr>154</ns3:hr>
            <ns3:cad>87</ns3:cad>
          </ns3:TrackPointExtension>
        </extensions>
      </trkpt>
      <trkpt lat="22.54679859615862369537353515625" lon="114.02099297381937503814697265625">
        <ele>6.599999904632568359375</ele>
        <time>2026-09-11T22:58:56.000Z</time>
        <extensions>
          <ns3:TrackPointExtension>
            <ns3:atemp>31.0</ns3:atemp>
            <ns3:hr>154</ns3:hr>
            <ns3:cad>86</ns3:cad>
          </ns3:TrackPointExtension>
        </extensions>
      </trkpt>
      <trkpt lat="22.5467745400965213775634765625" lon="114.02100219391286373138427734375">
        <ele>6.599999904632568359375</ele>
        <time>2026-09-11T22:58:57.000Z</time>
        <extensions>
          <ns3:TrackPointExtension>
            <ns3:atemp>31.0</ns3:atemp>
            <ns3:hr>153</ns3:hr>
            <ns3:cad>86</ns3:cad>
          </ns3:TrackPointExtension>
        </extensions>
      </trkpt>
      <trkpt lat="22.54675333388149738311767578125" lon="114.02101241983473300933837890625">
        <ele>6.599999904632568359375</ele>
        <time>2026-09-11T22:58:58.000Z</time>
        <extensions>
          <ns3:TrackPointExtension>
            <ns3:atemp>31.0</ns3:atemp>
            <ns3:hr>153</ns3:hr>
            <ns3:cad>86</ns3:cad>
          </ns3:TrackPointExtension>
        </extensions>
      </trkpt>
      <trkpt lat="22.5467219017446041107177734375" lon="114.02102348394691944122314453125">
        <ele>6.599999904632568359375</ele>
        <time>2026-09-11T22:58:59.000Z</time>
        <extensions>
          <ns3:TrackPointExtension>
            <ns3:atemp>31.0</ns3:atemp>
            <ns3:hr>153</ns3:hr>
            <ns3:cad>86</ns3:cad>
          </ns3:TrackPointExtension>
        </extensions>
      </trkpt>
      <trkpt lat="22.5467004440724849700927734375" lon="114.021036140620708465576171875">
        <ele>6.599999904632568359375</ele>
        <time>2026-09-11T22:59:00.000Z</time>
        <extensions>
          <ns3:TrackPointExtension>
            <ns3:atemp>31.0</ns3:atemp>
            <ns3:hr>153</ns3:hr>
            <ns3:cad>86</ns3:cad>
          </ns3:TrackPointExtension>
        </extensions>
      </trkpt>
      <trkpt lat="22.54667253233492374420166015625" lon="114.02104846201837062835693359375">
        <ele>6.599999904632568359375</ele>
        <time>2026-09-11T22:59:01.000Z</time>
        <extensions>
          <ns3:TrackPointExtension>
            <ns3:atemp>31.0</ns3:atemp>
            <ns3:hr>153</ns3:hr>
            <ns3:cad>86</ns3:cad>
          </ns3:TrackPointExtension>
        </extensions>
      </trkpt>
      <trkpt lat="22.5466518290340900421142578125" lon="114.0210557542741298675537109375">
        <ele>6.599999904632568359375</ele>
        <time>2026-09-11T22:59:02.000Z</time>
        <extensions>
          <ns3:TrackPointExtension>
            <ns3:atemp>31.0</ns3:atemp>
            <ns3:hr>153</ns3:hr>
            <ns3:cad>86</ns3:cad>
          </ns3:TrackPointExtension>
        </extensions>
      </trkpt>
      <trkpt lat="22.54662609659135341644287109375" lon="114.02106438763439655303955078125">
        <ele>6.400000095367431640625</ele>
        <time>2026-09-11T22:59:03.000Z</time>
        <extensions>
          <ns3:TrackPointExtension>
            <ns3:atemp>31.0</ns3:atemp>
            <ns3:hr>153</ns3:hr>
            <ns3:cad>86</ns3:cad>
          </ns3:TrackPointExtension>
        </extensions>
      </trkpt>
      <trkpt lat="22.54660413600504398345947265625" lon="114.02107737958431243896484375">
        <ele>6.400000095367431640625</ele>
        <time>2026-09-11T22:59:04.000Z</time>
        <extensions>
          <ns3:TrackPointExtension>
            <ns3:atemp>31.0</ns3:atemp>
            <ns3:hr>153</ns3:hr>
            <ns3:cad>87</ns3:cad>
          </ns3:TrackPointExtension>
        </extensions>
      </trkpt>
      <trkpt lat="22.54657848738133907318115234375" lon="114.02108551003038883209228515625">
        <ele>6.400000095367431640625</ele>
        <time>2026-09-11T22:59:05.000Z</time>
        <extensions>
          <ns3:TrackPointExtension>
            <ns3:atemp>31.0</ns3:atemp>
            <ns3:hr>154</ns3:hr>
            <ns3:cad>87</ns3:cad>
          </ns3:TrackPointExtension>
        </extensions>
      </trkpt>
      <trkpt lat="22.54655300639569759368896484375" lon="114.0210956521332263946533203125">
        <ele>6.400000095367431640625</ele>
        <time>2026-09-11T22:59:06.000Z</time>
        <extensions>
          <ns3:TrackPointExtension>
            <ns3:atemp>31.0</ns3:atemp>
            <ns3:hr>154</ns3:hr>
            <ns3:cad>87</ns3:cad>
          </ns3:TrackPointExtension>
        </extensions>
      </trkpt>
      <trkpt lat="22.54653054289519786834716796875" lon="114.02110411785542964935302734375">
        <ele>6.400000095367431640625</ele>
        <time>2026-09-11T22:59:07.000Z</time>
        <extensions>
          <ns3:TrackPointExtension>
            <ns3:atemp>31.0</ns3:atemp>
            <ns3:hr>154</ns3:hr>
            <ns3:cad>87</ns3:cad>
          </ns3:TrackPointExtension>
        </extensions>
      </trkpt>
      <trkpt lat="22.546503134071826934814453125" lon="114.02111199684441089630126953125">
        <ele>6.400000095367431640625</ele>
        <time>2026-09-11T22:59:08.000Z</time>
        <extensions>
          <ns3:TrackPointExtension>
            <ns3:atemp>31.0</ns3:atemp>
            <ns3:hr>154</ns3:hr>
            <ns3:cad>87</ns3:cad>
          </ns3:TrackPointExtension>
        </extensions>
      </trkpt>
      <trkpt lat="22.54648410715162754058837890625" lon="114.021119289100170135498046875">
        <ele>6.400000095367431640625</ele>
        <time>2026-09-11T22:59:09.000Z</time>
        <extensions>
          <ns3:TrackPointExtension>
            <ns3:atemp>31.0</ns3:atemp>
            <ns3:hr>154</ns3:hr>
            <ns3:cad>87</ns3:cad>
          </ns3:TrackPointExtension>
        </extensions>
      </trkpt>
      <trkpt lat="22.54645996727049350738525390625" lon="114.02112926356494426727294921875">
        <ele>6.400000095367431640625</ele>
        <time>2026-09-11T22:59:10.000Z</time>
        <extensions>
          <ns3:TrackPointExtension>
            <ns3:atemp>31.0</ns3:atemp>
            <ns3:hr>154</ns3:hr>
            <ns3:cad>87</ns3:cad>
          </ns3:TrackPointExtension>
        </extensions>
      </trkpt>
      <trkpt lat="22.54644102416932582855224609375" lon="114.0211385674774646759033203125">
        <ele>6.400000095367431640625</ele>
        <time>2026-09-11T22:59:11.000Z</time>
        <extensions>
          <ns3:TrackPointExtension>
            <ns3:atemp>31.0</ns3:atemp>
            <ns3:hr>154</ns3:hr>
            <ns3:cad>86</ns3:cad>
          </ns3:TrackPointExtension>
        </extensions>
      </trkpt>
      <trkpt lat="22.54641554318368434906005859375" lon="114.02114602737128734588623046875">
        <ele>6.19999980926513671875</ele>
        <time>2026-09-11T22:59:12.000Z</time>
        <extensions>
          <ns3:TrackPointExtension>
            <ns3:atemp>31.0</ns3:atemp>
            <ns3:hr>154</ns3:hr>
            <ns3:cad>86</ns3:cad>
          </ns3:TrackPointExtension>
        </extensions>
      </trkpt>
      <trkpt lat="22.5463899783790111541748046875" lon="114.02115440927445888519287109375">
        <ele>6.400000095367431640625</ele>
        <time>2026-09-11T22:59:13.000Z</time>
        <extensions>
          <ns3:TrackPointExtension>
            <ns3:atemp>31.0</ns3:atemp>
            <ns3:hr>155</ns3:hr>
            <ns3:cad>86</ns3:cad>
          </ns3:TrackPointExtension>
        </extensions>
      </trkpt>
      <trkpt lat="22.54637011326849460601806640625" lon="114.02116564102470874786376953125">
        <ele>6.19999980926513671875</ele>
        <time>2026-09-11T22:59:14.000Z</time>
        <extensions>
          <ns3:TrackPointExtension>
            <ns3:atemp>31.0</ns3:atemp>
            <ns3:hr>154</ns3:hr>
            <ns3:cad>86</ns3:cad>
          </ns3:TrackPointExtension>
        </extensions>
      </trkpt>
      <trkpt lat="22.54634614102542400360107421875" lon="114.02117150835692882537841796875">
        <ele>6.19999980926513671875</ele>
        <time>2026-09-11T22:59:15.000Z</time>
        <extensions>
          <ns3:TrackPointExtension>
            <ns3:atemp>31.0</ns3:atemp>
            <ns3:hr>155</ns3:hr>
            <ns3:cad>87</ns3:cad>
          </ns3:TrackPointExtension>
        </extensions>
      </trkpt>
      <trkpt lat="22.54632585681974887847900390625" lon="114.02117989026010036468505859375">
        <ele>6.19999980926513671875</ele>
        <time>2026-09-11T22:59:16.000Z</time>
        <extensions>
          <ns3:TrackPointExtension>
            <ns3:atemp>31.0</ns3:atemp>
            <ns3:hr>155</ns3:hr>
            <ns3:cad>87</ns3:cad>
          </ns3:TrackPointExtension>
        </extensions>
      </trkpt>
      <trkpt lat="22.546297274529933929443359375" lon="114.02118726633489131927490234375">
        <ele>6.19999980926513671875</ele>
        <time>2026-09-11T22:59:17.000Z</time>
        <extensions>
          <ns3:TrackPointExtension>
            <ns3:atemp>31.0</ns3:atemp>
            <ns3:hr>155</ns3:hr>
            <ns3:cad>87</ns3:cad>
          </ns3:TrackPointExtension>
        </extensions>
      </trkpt>
      <trkpt lat="22.54627942107617855072021484375" lon="114.0211922116577625274658203125">
        <ele>6.19999980926513671875</ele>
        <time>2026-09-11T22:59:18.000Z</time>
        <extensions>
          <ns3:TrackPointExtension>
            <ns3:atemp>31.0</ns3:atemp>
            <ns3:hr>154</ns3:hr>
            <ns3:cad>87</ns3:cad>
          </ns3:TrackPointExtension>
        </extensions>
      </trkpt>
      <trkpt lat="22.54624974913895130157470703125" lon="114.02119933627545833587646484375">
        <ele>6.19999980926513671875</ele>
        <time>2026-09-11T22:59:19.000Z</time>
        <extensions>
          <ns3:TrackPointExtension>
            <ns3:atemp>31.0</ns3:atemp>
            <ns3:hr>155</ns3:hr>
            <ns3:cad>87</ns3:cad>
          </ns3:TrackPointExtension>
        </extensions>
      </trkpt>
      <trkpt lat="22.54622854292392730712890625" lon="114.02120620943605899810791015625">
        <ele>6</ele>
        <time>2026-09-11T22:59:20.000Z</time>
        <extensions>
          <ns3:TrackPointExtension>
            <ns3:atemp>31.0</ns3:atemp>
            <ns3:hr>155</ns3:hr>
            <ns3:cad>87</ns3:cad>
          </ns3:TrackPointExtension>
        </extensions>
      </trkpt>
      <trkpt lat="22.54620465449988842010498046875" lon="114.02121040038764476776123046875">
        <ele>6</ele>
        <time>2026-09-11T22:59:21.000Z</time>
        <extensions>
          <ns3:TrackPointExtension>
            <ns3:atemp>31.0</ns3:atemp>
            <ns3:hr>154</ns3:hr>
            <ns3:cad>87</ns3:cad>
          </ns3:TrackPointExtension>
        </extensions>
      </trkpt>
      <trkpt lat="22.54618135280907154083251953125" lon="114.02121911756694316864013671875">
        <ele>6</ele>
        <time>2026-09-11T22:59:22.000Z</time>
        <extensions>
          <ns3:TrackPointExtension>
            <ns3:atemp>31.0</ns3:atemp>
            <ns3:hr>155</ns3:hr>
            <ns3:cad>87</ns3:cad>
          </ns3:TrackPointExtension>
        </extensions>
      </trkpt>
      <trkpt lat="22.5461569614708423614501953125" lon="114.02122758328914642333984375">
        <ele>5.80000019073486328125</ele>
        <time>2026-09-11T22:59:23.000Z</time>
        <extensions>
          <ns3:TrackPointExtension>
            <ns3:atemp>31.0</ns3:atemp>
            <ns3:hr>154</ns3:hr>
            <ns3:cad>87</ns3:cad>
          </ns3:TrackPointExtension>
        </extensions>
      </trkpt>
      <trkpt lat="22.54613441415131092071533203125" lon="114.02123604901134967803955078125">
        <ele>5.80000019073486328125</ele>
        <time>2026-09-11T22:59:24.000Z</time>
        <extensions>
          <ns3:TrackPointExtension>
            <ns3:atemp>31.0</ns3:atemp>
            <ns3:hr>154</ns3:hr>
            <ns3:cad>87</ns3:cad>
          </ns3:TrackPointExtension>
        </extensions>
      </trkpt>
      <trkpt lat="22.546112202107906341552734375" lon="114.02124493382871150970458984375">
        <ele>5.80000019073486328125</ele>
        <time>2026-09-11T22:59:25.000Z</time>
        <extensions>
          <ns3:TrackPointExtension>
            <ns3:atemp>31.0</ns3:atemp>
            <ns3:hr>154</ns3:hr>
            <ns3:cad>87</ns3:cad>
          </ns3:TrackPointExtension>
        </extensions>
      </trkpt>
      <trkpt lat="22.5460843741893768310546875" lon="114.021254740655422210693359375">
        <ele>5.80000019073486328125</ele>
        <time>2026-09-11T22:59:26.000Z</time>
        <extensions>
          <ns3:TrackPointExtension>
            <ns3:atemp>32.0</ns3:atemp>
            <ns3:hr>154</ns3:hr>
            <ns3:cad>87</ns3:cad>
          </ns3:TrackPointExtension>
        </extensions>
      </trkpt>
      <trkpt lat="22.54606618545949459075927734375" lon="114.0212609432637691497802734375">
        <ele>5.80000019073486328125</ele>
        <time>2026-09-11T22:59:27.000Z</time>
        <extensions>
          <ns3:TrackPointExtension>
            <ns3:atemp>32.0</ns3:atemp>
            <ns3:hr>153</ns3:hr>
            <ns3:cad>87</ns3:cad>
          </ns3:TrackPointExtension>
        </extensions>
      </trkpt>
      <trkpt lat="22.54603810608386993408203125" lon="114.0212656371295452117919921875">
        <ele>5.80000019073486328125</ele>
        <time>2026-09-11T22:59:28.000Z</time>
        <extensions>
          <ns3:TrackPointExtension>
            <ns3:atemp>31.0</ns3:atemp>
            <ns3:hr>153</ns3:hr>
            <ns3:cad>87</ns3:cad>
          </ns3:TrackPointExtension>
        </extensions>
      </trkpt>
      <trkpt lat="22.546020336449146270751953125" lon="114.0212730132043361663818359375">
        <ele>5.80000019073486328125</ele>
        <time>2026-09-11T22:59:29.000Z</time>
        <extensions>
          <ns3:TrackPointExtension>
            <ns3:atemp>31.0</ns3:atemp>
            <ns3:hr>153</ns3:hr>
            <ns3:cad>86</ns3:cad>
          </ns3:TrackPointExtension>
        </extensions>
      </trkpt>
      <trkpt lat="22.54599208943545818328857421875" lon="114.021278209984302520751953125">
        <ele>5.80000019073486328125</ele>
        <time>2026-09-11T22:59:30.000Z</time>
        <extensions>
          <ns3:TrackPointExtension>
            <ns3:atemp>31.0</ns3:atemp>
            <ns3:hr>153</ns3:hr>
            <ns3:cad>87</ns3:cad>
          </ns3:TrackPointExtension>
        </extensions>
      </trkpt>
      <trkpt lat="22.5459725596010684967041015625" lon="114.02128390967845916748046875">
        <ele>5.80000019073486328125</ele>
        <time>2026-09-11T22:59:31.000Z</time>
        <extensions>
          <ns3:TrackPointExtension>
            <ns3:atemp>31.0</ns3:atemp>
            <ns3:hr>153</ns3:hr>
            <ns3:cad>87</ns3:cad>
          </ns3:TrackPointExtension>
        </extensions>
      </trkpt>
      <trkpt lat="22.54594900645315647125244140625" lon="114.02128784917294979095458984375">
        <ele>5.80000019073486328125</ele>
        <time>2026-09-11T22:59:32.000Z</time>
        <extensions>
          <ns3:TrackPointExtension>
            <ns3:atemp>31.0</ns3:atemp>
            <ns3:hr>153</ns3:hr>
            <ns3:cad>87</ns3:cad>
          </ns3:TrackPointExtension>
        </extensions>
      </trkpt>
      <trkpt lat="22.54592402838170528411865234375" lon="114.02129488997161388397216796875">
        <ele>5.599999904632568359375</ele>
        <time>2026-09-11T22:59:33.000Z</time>
        <extensions>
          <ns3:TrackPointExtension>
            <ns3:atemp>31.0</ns3:atemp>
            <ns3:hr>152</ns3:hr>
            <ns3:cad>87</ns3:cad>
          </ns3:TrackPointExtension>
        </extensions>
      </trkpt>
      <trkpt lat="22.54590257070958614349365234375" lon="114.0213011763989925384521484375">
        <ele>5.80000019073486328125</ele>
        <time>2026-09-11T22:59:34.000Z</time>
        <extensions>
          <ns3:TrackPointExtension>
            <ns3:atemp>31.0</ns3:atemp>
            <ns3:hr>152</ns3:hr>
            <ns3:cad>87</ns3:cad>
          </ns3:TrackPointExtension>
        </extensions>
      </trkpt>
      <trkpt lat="22.54587893374264240264892578125" lon="114.02130796574056148529052734375">
        <ele>5.80000019073486328125</ele>
        <time>2026-09-11T22:59:35.000Z</time>
        <extensions>
          <ns3:TrackPointExtension>
            <ns3:atemp>31.0</ns3:atemp>
            <ns3:hr>152</ns3:hr>
            <ns3:cad>87</ns3:cad>
          </ns3:TrackPointExtension>
        </extensions>
      </trkpt>
      <trkpt lat="22.54586183466017246246337890625" lon="114.021318443119525909423828125">
        <ele>5.80000019073486328125</ele>
        <time>2026-09-11T22:59:36.000Z</time>
        <extensions>
          <ns3:TrackPointExtension>
            <ns3:atemp>31.0</ns3:atemp>
            <ns3:hr>152</ns3:hr>
            <ns3:cad>87</ns3:cad>
          </ns3:TrackPointExtension>
        </extensions>
      </trkpt>
      <trkpt lat="22.545836605131626129150390625" lon="114.02132741175591945648193359375">
        <ele>5.599999904632568359375</ele>
        <time>2026-09-11T22:59:37.000Z</time>
        <extensions>
          <ns3:TrackPointExtension>
            <ns3:atemp>31.0</ns3:atemp>
            <ns3:hr>152</ns3:hr>
            <ns3:cad>87</ns3:cad>
          </ns3:TrackPointExtension>
        </extensions>
      </trkpt>
      <trkpt lat="22.5458161532878875732421875" lon="114.021335206925868988037109375">
        <ele>5.599999904632568359375</ele>
        <time>2026-09-11T22:59:38.000Z</time>
        <extensions>
          <ns3:TrackPointExtension>
            <ns3:atemp>31.0</ns3:atemp>
            <ns3:hr>151</ns3:hr>
            <ns3:cad>87</ns3:cad>
          </ns3:TrackPointExtension>
        </extensions>
      </trkpt>
      <trkpt lat="22.54579226486384868621826171875" lon="114.02134425938129425048828125">
        <ele>5.599999904632568359375</ele>
        <time>2026-09-11T22:59:39.000Z</time>
        <extensions>
          <ns3:TrackPointExtension>
            <ns3:atemp>31.0</ns3:atemp>
            <ns3:hr>151</ns3:hr>
            <ns3:cad>87</ns3:cad>
          </ns3:TrackPointExtension>
        </extensions>
      </trkpt>
      <trkpt lat="22.5457720644772052764892578125" lon="114.0213528089225292205810546875">
        <ele>5.599999904632568359375</ele>
        <time>2026-09-11T22:59:40.000Z</time>
        <extensions>
          <ns3:TrackPointExtension>
            <ns3:atemp>31.0</ns3:atemp>
            <ns3:hr>151</ns3:hr>
            <ns3:cad>87</ns3:cad>
          </ns3:TrackPointExtension>
        </extensions>
      </trkpt>
      <trkpt lat="22.5457455776631832122802734375" lon="114.02135909534990787506103515625">
        <ele>5.599999904632568359375</ele>
        <time>2026-09-11T22:59:41.000Z</time>
        <extensions>
          <ns3:TrackPointExtension>
            <ns3:atemp>32.0</ns3:atemp>
            <ns3:hr>151</ns3:hr>
            <ns3:cad>87</ns3:cad>
          </ns3:TrackPointExtension>
        </extensions>
      </trkpt>
      <trkpt lat="22.545718587934970855712890625" lon="114.021365381777286529541015625">
        <ele>5.599999904632568359375</ele>
        <time>2026-09-11T22:59:42.000Z</time>
        <extensions>
          <ns3:TrackPointExtension>
            <ns3:atemp>31.0</ns3:atemp>
            <ns3:hr>150</ns3:hr>
            <ns3:cad>87</ns3:cad>
          </ns3:TrackPointExtension>
        </extensions>
      </trkpt>
      <trkpt lat="22.5456927716732025146484375" lon="114.02136881835758686065673828125">
        <ele>5.599999904632568359375</ele>
        <time>2026-09-11T22:59:43.000Z</time>
        <extensions>
          <ns3:TrackPointExtension>
            <ns3:atemp>31.0</ns3:atemp>
            <ns3:hr>150</ns3:hr>
            <ns3:cad>87</ns3:cad>
          </ns3:TrackPointExtension>
        </extensions>
      </trkpt>
      <trkpt lat="22.54566469229757785797119140625" lon="114.021372087299823760986328125">
        <ele>5.400000095367431640625</ele>
        <time>2026-09-11T22:59:44.000Z</time>
        <extensions>
          <ns3:TrackPointExtension>
            <ns3:atemp>32.0</ns3:atemp>
            <ns3:hr>150</ns3:hr>
            <ns3:cad>86</ns3:cad>
          </ns3:TrackPointExtension>
        </extensions>
      </trkpt>
      <trkpt lat="22.54564725793898105621337890625" lon="114.021380133926868438720703125">
        <ele>5.400000095367431640625</ele>
        <time>2026-09-11T22:59:45.000Z</time>
        <extensions>
          <ns3:TrackPointExtension>
            <ns3:atemp>32.0</ns3:atemp>
            <ns3:hr>150</ns3:hr>
            <ns3:cad>86</ns3:cad>
          </ns3:TrackPointExtension>
        </extensions>
      </trkpt>
      <trkpt lat="22.545621357858180999755859375" lon="114.02138809673488140106201171875">
        <ele>5.400000095367431640625</ele>
        <time>2026-09-11T22:59:46.000Z</time>
        <extensions>
          <ns3:TrackPointExtension>
            <ns3:atemp>31.0</ns3:atemp>
            <ns3:hr>150</ns3:hr>
            <ns3:cad>86</ns3:cad>
          </ns3:TrackPointExtension>
        </extensions>
      </trkpt>
      <trkpt lat="22.54560065455734729766845703125" lon="114.02139815501868724822998046875">
        <ele>5.400000095367431640625</ele>
        <time>2026-09-11T22:59:47.000Z</time>
        <extensions>
          <ns3:TrackPointExtension>
            <ns3:atemp>31.0</ns3:atemp>
            <ns3:hr>150</ns3:hr>
            <ns3:cad>86</ns3:cad>
          </ns3:TrackPointExtension>
        </extensions>
      </trkpt>
      <trkpt lat="22.54557031206786632537841796875" lon="114.021405279636383056640625">
        <ele>5.400000095367431640625</ele>
        <time>2026-09-11T22:59:48.000Z</time>
        <extensions>
          <ns3:TrackPointExtension>
            <ns3:atemp>31.0</ns3:atemp>
            <ns3:hr>149</ns3:hr>
            <ns3:cad>87</ns3:cad>
          </ns3:TrackPointExtension>
        </extensions>
      </trkpt>
      <trkpt lat="22.5455497764050960540771484375" lon="114.02141558937728404998779296875">
        <ele>5.400000095367431640625</ele>
        <time>2026-09-11T22:59:49.000Z</time>
        <extensions>
          <ns3:TrackPointExtension>
            <ns3:atemp>32.0</ns3:atemp>
            <ns3:hr>150</ns3:hr>
            <ns3:cad>87</ns3:cad>
          </ns3:TrackPointExtension>
        </extensions>
      </trkpt>
      <trkpt lat="22.54551633261144161224365234375" lon="114.02142263017594814300537109375">
        <ele>5.400000095367431640625</ele>
        <time>2026-09-11T22:59:50.000Z</time>
        <extensions>
          <ns3:TrackPointExtension>
            <ns3:atemp>31.0</ns3:atemp>
            <ns3:hr>150</ns3:hr>
            <ns3:cad>87</ns3:cad>
          </ns3:TrackPointExtension>
        </extensions>
      </trkpt>
      <trkpt lat="22.5454904325306415557861328125" lon="114.0214269049465656280517578125">
        <ele>5.19999980926513671875</ele>
        <time>2026-09-11T22:59:51.000Z</time>
        <extensions>
          <ns3:TrackPointExtension>
            <ns3:atemp>31.0</ns3:atemp>
            <ns3:hr>150</ns3:hr>
            <ns3:cad>87</ns3:cad>
          </ns3:TrackPointExtension>
        </extensions>
      </trkpt>
      <trkpt lat="22.54546117968857288360595703125" lon="114.02142765931785106658935546875">
        <ele>5.19999980926513671875</ele>
        <time>2026-09-11T22:59:52.000Z</time>
        <extensions>
          <ns3:TrackPointExtension>
            <ns3:atemp>31.0</ns3:atemp>
            <ns3:hr>150</ns3:hr>
            <ns3:cad>87</ns3:cad>
          </ns3:TrackPointExtension>
        </extensions>
      </trkpt>
      <trkpt lat="22.54542966373264789581298828125" lon="114.02142263017594814300537109375">
        <ele>5.19999980926513671875</ele>
        <time>2026-09-11T22:59:53.000Z</time>
        <extensions>
          <ns3:TrackPointExtension>
            <ns3:atemp>32.0</ns3:atemp>
            <ns3:hr>150</ns3:hr>
            <ns3:cad>87</ns3:cad>
          </ns3:TrackPointExtension>
        </extensions>
      </trkpt>
      <trkpt lat="22.54540686495602130889892578125" lon="114.02142229489982128143310546875">
        <ele>5.19999980926513671875</ele>
        <time>2026-09-11T22:59:54.000Z</time>
        <extensions>
          <ns3:TrackPointExtension>
            <ns3:atemp>32.0</ns3:atemp>
            <ns3:hr>151</ns3:hr>
            <ns3:cad>87</ns3:cad>
          </ns3:TrackPointExtension>
        </extensions>
      </trkpt>
      <trkpt lat="22.545372582972049713134765625" lon="114.02140905149281024932861328125">
        <ele>5.19999980926513671875</ele>
        <time>2026-09-11T22:59:55.000Z</time>
        <extensions>
          <ns3:TrackPointExtension>
            <ns3:atemp>31.0</ns3:atemp>
            <ns3:hr>151</ns3:hr>
            <ns3:cad>87</ns3:cad>
          </ns3:TrackPointExtension>
        </extensions>
      </trkpt>
      <trkpt lat="22.54534986801445484161376953125" lon="114.0214024297893047332763671875">
        <ele>5.19999980926513671875</ele>
        <time>2026-09-11T22:59:56.000Z</time>
        <extensions>
          <ns3:TrackPointExtension>
            <ns3:atemp>31.0</ns3:atemp>
            <ns3:hr>151</ns3:hr>
            <ns3:cad>87</ns3:cad>
          </ns3:TrackPointExtension>
        </extensions>
      </trkpt>
      <trkpt lat="22.54532086662948131561279296875" lon="114.02138273231685161590576171875">
        <ele>5.400000095367431640625</ele>
        <time>2026-09-11T22:59:57.000Z</time>
        <extensions>
          <ns3:TrackPointExtension>
            <ns3:atemp>32.0</ns3:atemp>
            <ns3:hr>151</ns3:hr>
            <ns3:cad>86</ns3:cad>
          </ns3:TrackPointExtension>
        </extensions>
      </trkpt>
      <trkpt lat="22.54529857076704502105712890625" lon="114.0213769488036632537841796875">
        <ele>5.19999980926513671875</ele>
        <time>2026-09-11T22:59:58.000Z</time>
        <extensions>
          <ns3:TrackPointExtension>
            <ns3:atemp>32.0</ns3:atemp>
            <ns3:hr>152</ns3:hr>
            <ns3:cad>86</ns3:cad>
          </ns3:TrackPointExtension>
        </extensions>
      </trkpt>
      <trkpt lat="22.5452704913914203643798828125" lon="114.021355323493480682373046875">
        <ele>5.19999980926513671875</ele>
        <time>2026-09-11T22:59:59.000Z</time>
        <extensions>
          <ns3:TrackPointExtension>
            <ns3:atemp>32.0</ns3:atemp>
            <ns3:hr>151</ns3:hr>
            <ns3:cad>86</ns3:cad>
          </ns3:TrackPointExtension>
        </extensions>
      </trkpt>
      <trkpt lat="22.545247860252857208251953125" lon="114.0213437564671039581298828125">
        <ele>5.400000095367431640625</ele>
        <time>2026-09-11T23:00:00.000Z</time>
        <extensions>
          <ns3:TrackPointExtension>
            <ns3:atemp>31.0</ns3:atemp>
            <ns3:hr>151</ns3:hr>
            <ns3:cad>86</ns3:cad>
          </ns3:TrackPointExtension>
        </extensions>
      </trkpt>
      <trkpt lat="22.54522615112364292144775390625" lon="114.0213266573846340179443359375">
        <ele>5.19999980926513671875</ele>
        <time>2026-09-11T23:00:01.000Z</time>
        <extensions>
          <ns3:TrackPointExtension>
            <ns3:atemp>31.0</ns3:atemp>
            <ns3:hr>152</ns3:hr>
            <ns3:cad>87</ns3:cad>
          </ns3:TrackPointExtension>
        </extensions>
      </trkpt>
      <trkpt lat="22.5452031008899211883544921875" lon="114.02130930684506893157958984375">
        <ele>5.400000095367431640625</ele>
        <time>2026-09-11T23:00:02.000Z</time>
        <extensions>
          <ns3:TrackPointExtension>
            <ns3:atemp>32.0</ns3:atemp>
            <ns3:hr>151</ns3:hr>
            <ns3:cad>87</ns3:cad>
          </ns3:TrackPointExtension>
        </extensions>
      </trkpt>
      <trkpt lat="22.54518373869359493255615234375" lon="114.02129556052386760711669921875">
        <ele>5.400000095367431640625</ele>
        <time>2026-09-11T23:00:03.000Z</time>
        <extensions>
          <ns3:TrackPointExtension>
            <ns3:atemp>32.0</ns3:atemp>
            <ns3:hr>152</ns3:hr>
            <ns3:cad>87</ns3:cad>
          </ns3:TrackPointExtension>
        </extensions>
      </trkpt>
      <trkpt lat="22.54516362212598323822021484375" lon="114.02127091772854328155517578125">
        <ele>5.400000095367431640625</ele>
        <time>2026-09-11T23:00:04.000Z</time>
        <extensions>
          <ns3:TrackPointExtension>
            <ns3:atemp>32.0</ns3:atemp>
            <ns3:hr>152</ns3:hr>
            <ns3:cad>87</ns3:cad>
          </ns3:TrackPointExtension>
        </extensions>
      </trkpt>
      <trkpt lat="22.54514870233833789825439453125" lon="114.02125381864607334136962890625">
        <ele>5.400000095367431640625</ele>
        <time>2026-09-11T23:00:05.000Z</time>
        <extensions>
          <ns3:TrackPointExtension>
            <ns3:atemp>32.0</ns3:atemp>
            <ns3:hr>152</ns3:hr>
            <ns3:cad>87</ns3:cad>
          </ns3:TrackPointExtension>
        </extensions>
      </trkpt>
      <trkpt lat="22.5451320223510265350341796875" lon="114.021223895251750946044921875">
        <ele>5.400000095367431640625</ele>
        <time>2026-09-11T23:00:06.000Z</time>
        <extensions>
          <ns3:TrackPointExtension>
            <ns3:atemp>32.0</ns3:atemp>
            <ns3:hr>151</ns3:hr>
            <ns3:cad>87</ns3:cad>
          </ns3:TrackPointExtension>
        </extensions>
      </trkpt>
      <trkpt lat="22.5451192818582057952880859375" lon="114.02120704762637615203857421875">
        <ele>5.400000095367431640625</ele>
        <time>2026-09-11T23:00:07.000Z</time>
        <extensions>
          <ns3:TrackPointExtension>
            <ns3:atemp>32.0</ns3:atemp>
            <ns3:hr>152</ns3:hr>
            <ns3:cad>87</ns3:cad>
          </ns3:TrackPointExtension>
        </extensions>
      </trkpt>
      <trkpt lat="22.54510276950895786285400390625" lon="114.02117754332721233367919921875">
        <ele>5.400000095367431640625</ele>
        <time>2026-09-11T23:00:08.000Z</time>
        <extensions>
          <ns3:TrackPointExtension>
            <ns3:atemp>32.0</ns3:atemp>
            <ns3:hr>152</ns3:hr>
            <ns3:cad>87</ns3:cad>
          </ns3:TrackPointExtension>
        </extensions>
      </trkpt>
      <trkpt lat="22.54508784972131252288818359375" lon="114.0211606957018375396728515625">
        <ele>5.19999980926513671875</ele>
        <time>2026-09-11T23:00:09.000Z</time>
        <extensions>
          <ns3:TrackPointExtension>
            <ns3:atemp>32.0</ns3:atemp>
            <ns3:hr>151</ns3:hr>
            <ns3:cad>87</ns3:cad>
          </ns3:TrackPointExtension>
        </extensions>
      </trkpt>
      <trkpt lat="22.5450743548572063446044921875" lon="114.0211318619549274444580078125">
        <ele>5.19999980926513671875</ele>
        <time>2026-09-11T23:00:10.000Z</time>
        <extensions>
          <ns3:TrackPointExtension>
            <ns3:atemp>32.0</ns3:atemp>
            <ns3:hr>152</ns3:hr>
            <ns3:cad>87</ns3:cad>
          </ns3:TrackPointExtension>
        </extensions>
      </trkpt>
      <trkpt lat="22.5450632907450199127197265625" lon="114.02110948227345943450927734375">
        <ele>5.19999980926513671875</ele>
        <time>2026-09-11T23:00:11.000Z</time>
        <extensions>
          <ns3:TrackPointExtension>
            <ns3:atemp>32.0</ns3:atemp>
            <ns3:hr>152</ns3:hr>
            <ns3:cad>87</ns3:cad>
          </ns3:TrackPointExtension>
        </extensions>
      </trkpt>
      <trkpt lat="22.54505314864218235015869140625" lon="114.02108064852654933929443359375">
        <ele>5.19999980926513671875</ele>
        <time>2026-09-11T23:00:12.000Z</time>
        <extensions>
          <ns3:TrackPointExtension>
            <ns3:atemp>32.0</ns3:atemp>
            <ns3:hr>151</ns3:hr>
            <ns3:cad>87</ns3:cad>
          </ns3:TrackPointExtension>
        </extensions>
      </trkpt>
      <trkpt lat="22.545044012367725372314453125" lon="114.02105416171252727508544921875">
        <ele>5.19999980926513671875</ele>
        <time>2026-09-11T23:00:13.000Z</time>
        <extensions>
          <ns3:TrackPointExtension>
            <ns3:atemp>32.0</ns3:atemp>
            <ns3:hr>152</ns3:hr>
            <ns3:cad>87</ns3:cad>
          </ns3:TrackPointExtension>
        </extensions>
      </trkpt>
      <trkpt lat="22.54503789357841014862060546875" lon="114.02103119529783725738525390625">
        <ele>5.400000095367431640625</ele>
        <time>2026-09-11T23:00:14.000Z</time>
        <extensions>
          <ns3:TrackPointExtension>
            <ns3:atemp>32.0</ns3:atemp>
            <ns3:hr>152</ns3:hr>
            <ns3:cad>87</ns3:cad>
          </ns3:TrackPointExtension>
        </extensions>
      </trkpt>
      <trkpt lat="22.545031271874904632568359375" lon="114.02100001461803913116455078125">
        <ele>5.400000095367431640625</ele>
        <time>2026-09-11T23:00:15.000Z</time>
        <extensions>
          <ns3:TrackPointExtension>
            <ns3:atemp>32.0</ns3:atemp>
            <ns3:hr>152</ns3:hr>
            <ns3:cad>87</ns3:cad>
          </ns3:TrackPointExtension>
        </extensions>
      </trkpt>
      <trkpt lat="22.545020543038845062255859375" lon="114.0209747850894927978515625">
        <ele>5.400000095367431640625</ele>
        <time>2026-09-11T23:00:16.000Z</time>
        <extensions>
          <ns3:TrackPointExtension>
            <ns3:atemp>32.0</ns3:atemp>
            <ns3:hr>152</ns3:hr>
            <ns3:cad>87</ns3:cad>
          </ns3:TrackPointExtension>
        </extensions>
      </trkpt>
      <trkpt lat="22.54501643590629100799560546875" lon="114.020942263305187225341796875">
        <ele>5.400000095367431640625</ele>
        <time>2026-09-11T23:00:17.000Z</time>
        <extensions>
          <ns3:TrackPointExtension>
            <ns3:atemp>32.0</ns3:atemp>
            <ns3:hr>153</ns3:hr>
            <ns3:cad>87</ns3:cad>
          </ns3:TrackPointExtension>
        </extensions>
      </trkpt>
      <trkpt lat="22.54501023329794406890869140625" lon="114.02091971598565578460693359375">
        <ele>5.400000095367431640625</ele>
        <time>2026-09-11T23:00:18.000Z</time>
        <extensions>
          <ns3:TrackPointExtension>
            <ns3:atemp>32.0</ns3:atemp>
            <ns3:hr>153</ns3:hr>
            <ns3:cad>87</ns3:cad>
          </ns3:TrackPointExtension>
        </extensions>
      </trkpt>
      <trkpt lat="22.54500620998442173004150390625" lon="114.02088820002973079681396484375">
        <ele>5.400000095367431640625</ele>
        <time>2026-09-11T23:00:19.000Z</time>
        <extensions>
          <ns3:TrackPointExtension>
            <ns3:atemp>32.0</ns3:atemp>
            <ns3:hr>153</ns3:hr>
            <ns3:cad>87</ns3:cad>
          </ns3:TrackPointExtension>
        </extensions>
      </trkpt>
      <trkpt lat="22.5449999235570430755615234375" lon="114.0208700112998485565185546875">
        <ele>5.400000095367431640625</ele>
        <time>2026-09-11T23:00:20.000Z</time>
        <extensions>
          <ns3:TrackPointExtension>
            <ns3:atemp>32.0</ns3:atemp>
            <ns3:hr>154</ns3:hr>
            <ns3:cad>88</ns3:cad>
          </ns3:TrackPointExtension>
        </extensions>
      </trkpt>
      <trkpt lat="22.54500051029026508331298828125" lon="114.02084209956228733062744140625">
        <ele>5.400000095367431640625</ele>
        <time>2026-09-11T23:00:21.000Z</time>
        <extensions>
          <ns3:TrackPointExtension>
            <ns3:atemp>32.0</ns3:atemp>
            <ns3:hr>155</ns3:hr>
            <ns3:cad>88</ns3:cad>
          </ns3:TrackPointExtension>
        </extensions>
      </trkpt>
      <trkpt lat="22.5449979119002819061279296875" lon="114.0208200551569461822509765625">
        <ele>5.400000095367431640625</ele>
        <time>2026-09-11T23:00:22.000Z</time>
        <extensions>
          <ns3:TrackPointExtension>
            <ns3:atemp>32.0</ns3:atemp>
            <ns3:hr>155</ns3:hr>
            <ns3:cad>88</ns3:cad>
          </ns3:TrackPointExtension>
        </extensions>
      </trkpt>
      <trkpt lat="22.544992379844188690185546875" lon="114.0207928977906703948974609375">
        <ele>5.400000095367431640625</ele>
        <time>2026-09-11T23:00:23.000Z</time>
        <extensions>
          <ns3:TrackPointExtension>
            <ns3:atemp>32.0</ns3:atemp>
            <ns3:hr>155</ns3:hr>
            <ns3:cad>88</ns3:cad>
          </ns3:TrackPointExtension>
        </extensions>
      </trkpt>
      <trkpt lat="22.544987685978412628173828125" lon="114.02076599188148975372314453125">
        <ele>5.400000095367431640625</ele>
        <time>2026-09-11T23:00:24.000Z</time>
        <extensions>
          <ns3:TrackPointExtension>
            <ns3:atemp>32.0</ns3:atemp>
            <ns3:hr>156</ns3:hr>
            <ns3:cad>88</ns3:cad>
          </ns3:TrackPointExtension>
        </extensions>
      </trkpt>
      <trkpt lat="22.54497854970395565032958984375" lon="114.02074134908616542816162109375">
        <ele>5.400000095367431640625</ele>
        <time>2026-09-11T23:00:25.000Z</time>
        <extensions>
          <ns3:TrackPointExtension>
            <ns3:atemp>32.0</ns3:atemp>
            <ns3:hr>156</ns3:hr>
            <ns3:cad>88</ns3:cad>
          </ns3:TrackPointExtension>
        </extensions>
      </trkpt>
      <trkpt lat="22.54497486166656017303466796875" lon="114.02071268297731876373291015625">
        <ele>5.599999904632568359375</ele>
        <time>2026-09-11T23:00:26.000Z</time>
        <extensions>
          <ns3:TrackPointExtension>
            <ns3:atemp>32.0</ns3:atemp>
            <ns3:hr>156</ns3:hr>
            <ns3:cad>87</ns3:cad>
          </ns3:TrackPointExtension>
        </extensions>
      </trkpt>
      <trkpt lat="22.544966898858547210693359375" lon="114.02069105766713619232177734375">
        <ele>5.599999904632568359375</ele>
        <time>2026-09-11T23:00:27.000Z</time>
        <extensions>
          <ns3:TrackPointExtension>
            <ns3:atemp>32.0</ns3:atemp>
            <ns3:hr>157</ns3:hr>
            <ns3:cad>87</ns3:cad>
          </ns3:TrackPointExtension>
        </extensions>
      </trkpt>
      <trkpt lat="22.5449630431830883026123046875" lon="114.02065836824476718902587890625">
        <ele>5.599999904632568359375</ele>
        <time>2026-09-11T23:00:28.000Z</time>
        <extensions>
          <ns3:TrackPointExtension>
            <ns3:atemp>32.0</ns3:atemp>
            <ns3:hr>157</ns3:hr>
            <ns3:cad>87</ns3:cad>
          </ns3:TrackPointExtension>
        </extensions>
      </trkpt>
      <trkpt lat="22.54495709203183650970458984375" lon="114.0206349827349185943603515625">
        <ele>5.599999904632568359375</ele>
        <time>2026-09-11T23:00:29.000Z</time>
        <extensions>
          <ns3:TrackPointExtension>
            <ns3:atemp>32.0</ns3:atemp>
            <ns3:hr>157</ns3:hr>
            <ns3:cad>87</ns3:cad>
          </ns3:TrackPointExtension>
        </extensions>
      </trkpt>
      <trkpt lat="22.54495357163250446319580078125" lon="114.02060086838901042938232421875">
        <ele>5.599999904632568359375</ele>
        <time>2026-09-11T23:00:30.000Z</time>
        <extensions>
          <ns3:TrackPointExtension>
            <ns3:atemp>32.0</ns3:atemp>
            <ns3:hr>157</ns3:hr>
            <ns3:cad>87</ns3:cad>
          </ns3:TrackPointExtension>
        </extensions>
      </trkpt>
      <trkpt lat="22.54494971595704555511474609375" lon="114.02057387866079807281494140625">
        <ele>5.599999904632568359375</ele>
        <time>2026-09-11T23:00:31.000Z</time>
        <extensions>
          <ns3:TrackPointExtension>
            <ns3:atemp>32.0</ns3:atemp>
            <ns3:hr>157</ns3:hr>
            <ns3:cad>87</ns3:cad>
          </ns3:TrackPointExtension>
        </extensions>
      </trkpt>
      <trkpt lat="22.544946782290935516357421875" lon="114.0205414406955242156982421875">
        <ele>5.599999904632568359375</ele>
        <time>2026-09-11T23:00:32.000Z</time>
        <extensions>
          <ns3:TrackPointExtension>
            <ns3:atemp>32.0</ns3:atemp>
            <ns3:hr>158</ns3:hr>
            <ns3:cad>88</ns3:cad>
          </ns3:TrackPointExtension>
        </extensions>
      </trkpt>
      <trkpt lat="22.54494150169193744659423828125" lon="114.0205109305679798126220703125">
        <ele>5.599999904632568359375</ele>
        <time>2026-09-11T23:00:33.000Z</time>
        <extensions>
          <ns3:TrackPointExtension>
            <ns3:atemp>32.0</ns3:atemp>
            <ns3:hr>158</ns3:hr>
            <ns3:cad>87</ns3:cad>
          </ns3:TrackPointExtension>
        </extensions>
      </trkpt>
      <trkpt lat="22.544935382902622222900390625" lon="114.020484276115894317626953125">
        <ele>5.599999904632568359375</ele>
        <time>2026-09-11T23:00:34.000Z</time>
        <extensions>
          <ns3:TrackPointExtension>
            <ns3:atemp>32.0</ns3:atemp>
            <ns3:hr>158</ns3:hr>
            <ns3:cad>87</ns3:cad>
          </ns3:TrackPointExtension>
        </extensions>
      </trkpt>
      <trkpt lat="22.54492507316172122955322265625" lon="114.020452760159969329833984375">
        <ele>5.599999904632568359375</ele>
        <time>2026-09-11T23:00:35.000Z</time>
        <extensions>
          <ns3:TrackPointExtension>
            <ns3:atemp>32.0</ns3:atemp>
            <ns3:hr>158</ns3:hr>
            <ns3:cad>87</ns3:cad>
          </ns3:TrackPointExtension>
        </extensions>
      </trkpt>
      <trkpt lat="22.5449171103537082672119140625" lon="114.02042652480304241180419921875">
        <ele>5.599999904632568359375</ele>
        <time>2026-09-11T23:00:36.000Z</time>
        <extensions>
          <ns3:TrackPointExtension>
            <ns3:atemp>32.0</ns3:atemp>
            <ns3:hr>158</ns3:hr>
            <ns3:cad>87</ns3:cad>
          </ns3:TrackPointExtension>
        </extensions>
      </trkpt>
      <trkpt lat="22.54491015337407588958740234375" lon="114.02039400301873683929443359375">
        <ele>5.599999904632568359375</ele>
        <time>2026-09-11T23:00:37.000Z</time>
        <extensions>
          <ns3:TrackPointExtension>
            <ns3:atemp>32.0</ns3:atemp>
            <ns3:hr>157</ns3:hr>
            <ns3:cad>87</ns3:cad>
          </ns3:TrackPointExtension>
        </extensions>
      </trkpt>
      <trkpt lat="22.5449050404131412506103515625" lon="114.02037329971790313720703125">
        <ele>5.599999904632568359375</ele>
        <time>2026-09-11T23:00:38.000Z</time>
        <extensions>
          <ns3:TrackPointExtension>
            <ns3:atemp>32.0</ns3:atemp>
            <ns3:hr>158</ns3:hr>
            <ns3:cad>87</ns3:cad>
          </ns3:TrackPointExtension>
        </extensions>
      </trkpt>
      <trkpt lat="22.5449043698608875274658203125" lon="114.020346812903881072998046875">
        <ele>5.599999904632568359375</ele>
        <time>2026-09-11T23:00:39.000Z</time>
        <extensions>
          <ns3:TrackPointExtension>
            <ns3:atemp>32.0</ns3:atemp>
            <ns3:hr>158</ns3:hr>
            <ns3:cad>87</ns3:cad>
          </ns3:TrackPointExtension>
        </extensions>
      </trkpt>
      <trkpt lat="22.54490084946155548095703125" lon="114.02032862417399883270263671875">
        <ele>5.599999904632568359375</ele>
        <time>2026-09-11T23:00:40.000Z</time>
        <extensions>
          <ns3:TrackPointExtension>
            <ns3:atemp>32.0</ns3:atemp>
            <ns3:hr>158</ns3:hr>
            <ns3:cad>87</ns3:cad>
          </ns3:TrackPointExtension>
        </extensions>
      </trkpt>
      <trkpt lat="22.544898502528667449951171875" lon="114.0202988684177398681640625">
        <ele>5.80000019073486328125</ele>
        <time>2026-09-11T23:00:41.000Z</time>
        <extensions>
          <ns3:TrackPointExtension>
            <ns3:atemp>32.0</ns3:atemp>
            <ns3:hr>158</ns3:hr>
            <ns3:cad>87</ns3:cad>
          </ns3:TrackPointExtension>
        </extensions>
      </trkpt>
      <trkpt lat="22.54489523358643054962158203125" lon="114.020274393260478973388671875">
        <ele>5.80000019073486328125</ele>
        <time>2026-09-11T23:00:42.000Z</time>
        <extensions>
          <ns3:TrackPointExtension>
            <ns3:atemp>32.0</ns3:atemp>
            <ns3:hr>158</ns3:hr>
            <ns3:cad>87</ns3:cad>
          </ns3:TrackPointExtension>
        </extensions>
      </trkpt>
      <trkpt lat="22.54489204846322536468505859375" lon="114.0202410332858562469482421875">
        <ele>5.80000019073486328125</ele>
        <time>2026-09-11T23:00:43.000Z</time>
        <extensions>
          <ns3:TrackPointExtension>
            <ns3:atemp>32.0</ns3:atemp>
            <ns3:hr>158</ns3:hr>
            <ns3:cad>87</ns3:cad>
          </ns3:TrackPointExtension>
        </extensions>
      </trkpt>
      <trkpt lat="22.5448886118829250335693359375" lon="114.0202148817479610443115234375">
        <ele>6</ele>
        <time>2026-09-11T23:00:44.000Z</time>
        <extensions>
          <ns3:TrackPointExtension>
            <ns3:atemp>32.0</ns3:atemp>
            <ns3:hr>158</ns3:hr>
            <ns3:cad>87</ns3:cad>
          </ns3:TrackPointExtension>
        </extensions>
      </trkpt>
      <trkpt lat="22.544885762035846710205078125" lon="114.0201914124190807342529296875">
        <ele>6</ele>
        <time>2026-09-11T23:00:45.000Z</time>
        <extensions>
          <ns3:TrackPointExtension>
            <ns3:atemp>32.0</ns3:atemp>
            <ns3:hr>158</ns3:hr>
            <ns3:cad>87</ns3:cad>
          </ns3:TrackPointExtension>
        </extensions>
      </trkpt>
      <trkpt lat="22.54488014616072177886962890625" lon="114.0201620757579803466796875">
        <ele>6</ele>
        <time>2026-09-11T23:00:46.000Z</time>
        <extensions>
          <ns3:TrackPointExtension>
            <ns3:atemp>32.0</ns3:atemp>
            <ns3:hr>158</ns3:hr>
            <ns3:cad>87</ns3:cad>
          </ns3:TrackPointExtension>
        </extensions>
      </trkpt>
      <trkpt lat="22.544875703752040863037109375" lon="114.02014053426682949066162109375">
        <ele>6</ele>
        <time>2026-09-11T23:00:47.000Z</time>
        <extensions>
          <ns3:TrackPointExtension>
            <ns3:atemp>32.0</ns3:atemp>
            <ns3:hr>158</ns3:hr>
            <ns3:cad>87</ns3:cad>
          </ns3:TrackPointExtension>
        </extensions>
      </trkpt>
      <trkpt lat="22.5448695011436939239501953125" lon="114.0201065875589847564697265625">
        <ele>6</ele>
        <time>2026-09-11T23:00:48.000Z</time>
        <extensions>
          <ns3:TrackPointExtension>
            <ns3:atemp>32.0</ns3:atemp>
            <ns3:hr>158</ns3:hr>
            <ns3:cad>87</ns3:cad>
          </ns3:TrackPointExtension>
        </extensions>
      </trkpt>
      <trkpt lat="22.54486254416406154632568359375" lon="114.0200807712972164154052734375">
        <ele>6</ele>
        <time>2026-09-11T23:00:49.000Z</time>
        <extensions>
          <ns3:TrackPointExtension>
            <ns3:atemp>32.0</ns3:atemp>
            <ns3:hr>158</ns3:hr>
            <ns3:cad>87</ns3:cad>
          </ns3:TrackPointExtension>
        </extensions>
      </trkpt>
      <trkpt lat="22.5448534078896045684814453125" lon="114.02005151845514774322509765625">
        <ele>6.19999980926513671875</ele>
        <time>2026-09-11T23:00:50.000Z</time>
        <extensions>
          <ns3:TrackPointExtension>
            <ns3:atemp>32.0</ns3:atemp>
            <ns3:hr>158</ns3:hr>
            <ns3:cad>87</ns3:cad>
          </ns3:TrackPointExtension>
        </extensions>
      </trkpt>
      <trkpt lat="22.5448460318148136138916015625" lon="114.02002687565982341766357421875">
        <ele>6.19999980926513671875</ele>
        <time>2026-09-11T23:00:51.000Z</time>
        <extensions>
          <ns3:TrackPointExtension>
            <ns3:atemp>32.0</ns3:atemp>
            <ns3:hr>158</ns3:hr>
            <ns3:cad>87</ns3:cad>
          </ns3:TrackPointExtension>
        </extensions>
      </trkpt>
      <trkpt lat="22.54484142176806926727294921875" lon="114.01999804191291332244873046875">
        <ele>6.19999980926513671875</ele>
        <time>2026-09-11T23:00:52.000Z</time>
        <extensions>
          <ns3:TrackPointExtension>
            <ns3:atemp>32.0</ns3:atemp>
            <ns3:hr>158</ns3:hr>
            <ns3:cad>87</ns3:cad>
          </ns3:TrackPointExtension>
        </extensions>
      </trkpt>
      <trkpt lat="22.5448316149413585662841796875" lon="114.01997088454663753509521484375">
        <ele>6.19999980926513671875</ele>
        <time>2026-09-11T23:00:53.000Z</time>
        <extensions>
          <ns3:TrackPointExtension>
            <ns3:atemp>32.0</ns3:atemp>
            <ns3:hr>158</ns3:hr>
            <ns3:cad>87</ns3:cad>
          </ns3:TrackPointExtension>
        </extensions>
      </trkpt>
      <trkpt lat="22.54482440650463104248046875" lon="114.0199466608464717864990234375">
        <ele>6.19999980926513671875</ele>
        <time>2026-09-11T23:00:54.000Z</time>
        <extensions>
          <ns3:TrackPointExtension>
            <ns3:atemp>32.0</ns3:atemp>
            <ns3:hr>158</ns3:hr>
            <ns3:cad>87</ns3:cad>
          </ns3:TrackPointExtension>
        </extensions>
      </trkpt>
      <trkpt lat="22.5448245741426944732666015625" lon="114.0199205093085765838623046875">
        <ele>6.19999980926513671875</ele>
        <time>2026-09-11T23:00:55.000Z</time>
        <extensions>
          <ns3:TrackPointExtension>
            <ns3:atemp>32.0</ns3:atemp>
            <ns3:hr>158</ns3:hr>
            <ns3:cad>87</ns3:cad>
          </ns3:TrackPointExtension>
        </extensions>
      </trkpt>
      <trkpt lat="22.54481979645788669586181640625" lon="114.0198943577706813812255859375">
        <ele>6.19999980926513671875</ele>
        <time>2026-09-11T23:00:56.000Z</time>
        <extensions>
          <ns3:TrackPointExtension>
            <ns3:atemp>32.0</ns3:atemp>
            <ns3:hr>158</ns3:hr>
            <ns3:cad>87</ns3:cad>
          </ns3:TrackPointExtension>
        </extensions>
      </trkpt>
      <trkpt lat="22.54481275565922260284423828125" lon="114.0198668651282787322998046875">
        <ele>6.19999980926513671875</ele>
        <time>2026-09-11T23:00:57.000Z</time>
        <extensions>
          <ns3:TrackPointExtension>
            <ns3:atemp>32.0</ns3:atemp>
            <ns3:hr>158</ns3:hr>
            <ns3:cad>87</ns3:cad>
          </ns3:TrackPointExtension>
        </extensions>
      </trkpt>
      <trkpt lat="22.54480638541281223297119140625" lon="114.01984180323779582977294921875">
        <ele>6</ele>
        <time>2026-09-11T23:00:58.000Z</time>
        <extensions>
          <ns3:TrackPointExtension>
            <ns3:atemp>32.0</ns3:atemp>
            <ns3:hr>158</ns3:hr>
            <ns3:cad>86</ns3:cad>
          </ns3:TrackPointExtension>
        </extensions>
      </trkpt>
      <trkpt lat="22.5447917170822620391845703125" lon="114.01981405913829803466796875">
        <ele>6</ele>
        <time>2026-09-11T23:00:59.000Z</time>
        <extensions>
          <ns3:TrackPointExtension>
            <ns3:atemp>32.0</ns3:atemp>
            <ns3:hr>158</ns3:hr>
            <ns3:cad>86</ns3:cad>
          </ns3:TrackPointExtension>
        </extensions>
      </trkpt>
      <trkpt lat="22.54478945396840572357177734375" lon="114.01979100890457630157470703125">
        <ele>6</ele>
        <time>2026-09-11T23:01:00.000Z</time>
        <extensions>
          <ns3:TrackPointExtension>
            <ns3:atemp>32.0</ns3:atemp>
            <ns3:hr>158</ns3:hr>
            <ns3:cad>85</ns3:cad>
          </ns3:TrackPointExtension>
        </extensions>
      </trkpt>
      <trkpt lat="22.54479029215872287750244140625" lon="114.01976452209055423736572265625">
        <ele>6</ele>
        <time>2026-09-11T23:01:01.000Z</time>
        <extensions>
          <ns3:TrackPointExtension>
            <ns3:atemp>32.0</ns3:atemp>
            <ns3:hr>158</ns3:hr>
            <ns3:cad>85</ns3:cad>
          </ns3:TrackPointExtension>
        </extensions>
      </trkpt>
      <trkpt lat="22.544789202511310577392578125" lon="114.01973283849656581878662109375">
        <ele>6</ele>
        <time>2026-09-11T23:01:02.000Z</time>
        <extensions>
          <ns3:TrackPointExtension>
            <ns3:atemp>32.0</ns3:atemp>
            <ns3:hr>158</ns3:hr>
            <ns3:cad>85</ns3:cad>
          </ns3:TrackPointExtension>
        </extensions>
      </trkpt>
      <trkpt lat="22.54478744231164455413818359375" lon="114.01971280574798583984375">
        <ele>6</ele>
        <time>2026-09-11T23:01:03.000Z</time>
        <extensions>
          <ns3:TrackPointExtension>
            <ns3:atemp>32.0</ns3:atemp>
            <ns3:hr>157</ns3:hr>
            <ns3:cad>85</ns3:cad>
          </ns3:TrackPointExtension>
        </extensions>
      </trkpt>
      <trkpt lat="22.54479146562516689300537109375" lon="114.01967902667820453643798828125">
        <ele>6.19999980926513671875</ele>
        <time>2026-09-11T23:01:04.000Z</time>
        <extensions>
          <ns3:TrackPointExtension>
            <ns3:atemp>32.0</ns3:atemp>
            <ns3:hr>157</ns3:hr>
            <ns3:cad>85</ns3:cad>
          </ns3:TrackPointExtension>
        </extensions>
      </trkpt>
      <trkpt lat="22.54479180090129375457763671875" lon="114.01965388096868991851806640625">
        <ele>6.19999980926513671875</ele>
        <time>2026-09-11T23:01:05.000Z</time>
        <extensions>
          <ns3:TrackPointExtension>
            <ns3:atemp>32.0</ns3:atemp>
            <ns3:hr>157</ns3:hr>
            <ns3:cad>85</ns3:cad>
          </ns3:TrackPointExtension>
        </extensions>
      </trkpt>
      <trkpt lat="22.5447957403957843780517578125" lon="114.0196214430034160614013671875">
        <ele>6.19999980926513671875</ele>
        <time>2026-09-11T23:01:06.000Z</time>
        <extensions>
          <ns3:TrackPointExtension>
            <ns3:atemp>32.0</ns3:atemp>
            <ns3:hr>156</ns3:hr>
            <ns3:cad>85</ns3:cad>
          </ns3:TrackPointExtension>
        </extensions>
      </trkpt>
      <trkpt lat="22.544800601899623870849609375" lon="114.01959009468555450439453125">
        <ele>6.400000095367431640625</ele>
        <time>2026-09-11T23:01:07.000Z</time>
        <extensions>
          <ns3:TrackPointExtension>
            <ns3:atemp>32.0</ns3:atemp>
            <ns3:hr>156</ns3:hr>
            <ns3:cad>85</ns3:cad>
          </ns3:TrackPointExtension>
        </extensions>
      </trkpt>
      <trkpt lat="22.54480202682316303253173828125" lon="114.01956905610859394073486328125">
        <ele>6.400000095367431640625</ele>
        <time>2026-09-11T23:01:08.000Z</time>
        <extensions>
          <ns3:TrackPointExtension>
            <ns3:atemp>32.0</ns3:atemp>
            <ns3:hr>156</ns3:hr>
            <ns3:cad>85</ns3:cad>
          </ns3:TrackPointExtension>
        </extensions>
      </trkpt>
      <trkpt lat="22.5448041222989559173583984375" lon="114.0195403061807155609130859375">
        <ele>6.19999980926513671875</ele>
        <time>2026-09-11T23:01:09.000Z</time>
        <extensions>
          <ns3:TrackPointExtension>
            <ns3:atemp>32.0</ns3:atemp>
            <ns3:hr>156</ns3:hr>
            <ns3:cad>85</ns3:cad>
          </ns3:TrackPointExtension>
        </extensions>
      </trkpt>
      <trkpt lat="22.54480428993701934814453125" lon="114.01951423846185207366943359375">
        <ele>6.19999980926513671875</ele>
        <time>2026-09-11T23:01:10.000Z</time>
        <extensions>
          <ns3:TrackPointExtension>
            <ns3:atemp>32.0</ns3:atemp>
            <ns3:hr>156</ns3:hr>
            <ns3:cad>86</ns3:cad>
          </ns3:TrackPointExtension>
        </extensions>
      </trkpt>
      <trkpt lat="22.5448044575750827789306640625" lon="114.01948976330459117889404296875">
        <ele>6.19999980926513671875</ele>
        <time>2026-09-11T23:01:11.000Z</time>
        <extensions>
          <ns3:TrackPointExtension>
            <ns3:atemp>32.0</ns3:atemp>
            <ns3:hr>156</ns3:hr>
            <ns3:cad>86</ns3:cad>
          </ns3:TrackPointExtension>
        </extensions>
      </trkpt>
      <trkpt lat="22.54480252973735332489013671875" lon="114.01946805417537689208984375">
        <ele>6.400000095367431640625</ele>
        <time>2026-09-11T23:01:12.000Z</time>
        <extensions>
          <ns3:TrackPointExtension>
            <ns3:atemp>32.0</ns3:atemp>
            <ns3:hr>156</ns3:hr>
            <ns3:cad>86</ns3:cad>
          </ns3:TrackPointExtension>
        </extensions>
      </trkpt>
      <trkpt lat="22.54480068571865558624267578125" lon="114.01944098062813282012939453125">
        <ele>6.400000095367431640625</ele>
        <time>2026-09-11T23:01:13.000Z</time>
        <extensions>
          <ns3:TrackPointExtension>
            <ns3:atemp>32.0</ns3:atemp>
            <ns3:hr>156</ns3:hr>
            <ns3:cad>86</ns3:cad>
          </ns3:TrackPointExtension>
        </extensions>
      </trkpt>
      <trkpt lat="22.54479356110095977783203125" lon="114.01941164396703243255615234375">
        <ele>6.400000095367431640625</ele>
        <time>2026-09-11T23:01:14.000Z</time>
        <extensions>
          <ns3:TrackPointExtension>
            <ns3:atemp>32.0</ns3:atemp>
            <ns3:hr>156</ns3:hr>
            <ns3:cad>86</ns3:cad>
          </ns3:TrackPointExtension>
        </extensions>
      </trkpt>
      <trkpt lat="22.5447888672351837158203125" lon="114.0193880908191204071044921875">
        <ele>6.400000095367431640625</ele>
        <time>2026-09-11T23:01:15.000Z</time>
        <extensions>
          <ns3:TrackPointExtension>
            <ns3:atemp>32.0</ns3:atemp>
            <ns3:hr>156</ns3:hr>
            <ns3:cad>86</ns3:cad>
          </ns3:TrackPointExtension>
        </extensions>
      </trkpt>
      <trkpt lat="22.5447853468358516693115234375" lon="114.01936587877571582794189453125">
        <ele>6.400000095367431640625</ele>
        <time>2026-09-11T23:01:16.000Z</time>
        <extensions>
          <ns3:TrackPointExtension>
            <ns3:atemp>32.0</ns3:atemp>
            <ns3:hr>156</ns3:hr>
            <ns3:cad>86</ns3:cad>
          </ns3:TrackPointExtension>
        </extensions>
      </trkpt>
      <trkpt lat="22.54477746784687042236328125" lon="114.01934358291327953338623046875">
        <ele>6.400000095367431640625</ele>
        <time>2026-09-11T23:01:17.000Z</time>
        <extensions>
          <ns3:TrackPointExtension>
            <ns3:atemp>32.0</ns3:atemp>
            <ns3:hr>157</ns3:hr>
            <ns3:cad>87</ns3:cad>
          </ns3:TrackPointExtension>
        </extensions>
      </trkpt>
      <trkpt lat="22.54476900212466716766357421875" lon="114.01931877247989177703857421875">
        <ele>6.400000095367431640625</ele>
        <time>2026-09-11T23:01:18.000Z</time>
        <extensions>
          <ns3:TrackPointExtension>
            <ns3:atemp>32.0</ns3:atemp>
            <ns3:hr>157</ns3:hr>
            <ns3:cad>87</ns3:cad>
          </ns3:TrackPointExtension>
        </extensions>
      </trkpt>
      <trkpt lat="22.544763050973415374755859375" lon="114.0193019248545169830322265625">
        <ele>6.400000095367431640625</ele>
        <time>2026-09-11T23:01:19.000Z</time>
        <extensions>
          <ns3:TrackPointExtension>
            <ns3:atemp>32.0</ns3:atemp>
            <ns3:hr>158</ns3:hr>
            <ns3:cad>87</ns3:cad>
          </ns3:TrackPointExtension>
        </extensions>
      </trkpt>
      <trkpt lat="22.544752657413482666015625" lon="114.01927225291728973388671875">
        <ele>6.400000095367431640625</ele>
        <time>2026-09-11T23:01:20.000Z</time>
        <extensions>
          <ns3:TrackPointExtension>
            <ns3:atemp>32.0</ns3:atemp>
            <ns3:hr>158</ns3:hr>
            <ns3:cad>87</ns3:cad>
          </ns3:TrackPointExtension>
        </extensions>
      </trkpt>
      <trkpt lat="22.54474394023418426513671875" lon="114.01925205253064632415771484375">
        <ele>6.599999904632568359375</ele>
        <time>2026-09-11T23:01:21.000Z</time>
        <extensions>
          <ns3:TrackPointExtension>
            <ns3:atemp>32.0</ns3:atemp>
            <ns3:hr>158</ns3:hr>
            <ns3:cad>87</ns3:cad>
          </ns3:TrackPointExtension>
        </extensions>
      </trkpt>
      <trkpt lat="22.54474218003451824188232421875" lon="114.0192184410989284515380859375">
        <ele>6.599999904632568359375</ele>
        <time>2026-09-11T23:01:22.000Z</time>
        <extensions>
          <ns3:TrackPointExtension>
            <ns3:atemp>32.0</ns3:atemp>
            <ns3:hr>158</ns3:hr>
            <ns3:cad>87</ns3:cad>
          </ns3:TrackPointExtension>
        </extensions>
      </trkpt>
      <trkpt lat="22.54473782144486904144287109375" lon="114.01919404976069927215576171875">
        <ele>6.599999904632568359375</ele>
        <time>2026-09-11T23:01:23.000Z</time>
        <extensions>
          <ns3:TrackPointExtension>
            <ns3:atemp>32.0</ns3:atemp>
            <ns3:hr>159</ns3:hr>
            <ns3:cad>87</ns3:cad>
          </ns3:TrackPointExtension>
        </extensions>
      </trkpt>
      <trkpt lat="22.54473497159779071807861328125" lon="114.01916764676570892333984375">
        <ele>6.599999904632568359375</ele>
        <time>2026-09-11T23:01:24.000Z</time>
        <extensions>
          <ns3:TrackPointExtension>
            <ns3:atemp>32.0</ns3:atemp>
            <ns3:hr>158</ns3:hr>
            <ns3:cad>87</ns3:cad>
          </ns3:TrackPointExtension>
        </extensions>
      </trkpt>
      <trkpt lat="22.544729523360729217529296875" lon="114.01914082467555999755859375">
        <ele>6.599999904632568359375</ele>
        <time>2026-09-11T23:01:25.000Z</time>
        <extensions>
          <ns3:TrackPointExtension>
            <ns3:atemp>32.0</ns3:atemp>
            <ns3:hr>159</ns3:hr>
            <ns3:cad>87</ns3:cad>
          </ns3:TrackPointExtension>
        </extensions>
      </trkpt>
      <trkpt lat="22.5447239913046360015869140625" lon="114.0191205404698848724365234375">
        <ele>6.599999904632568359375</ele>
        <time>2026-09-11T23:01:26.000Z</time>
        <extensions>
          <ns3:TrackPointExtension>
            <ns3:atemp>32.0</ns3:atemp>
            <ns3:hr>159</ns3:hr>
            <ns3:cad>87</ns3:cad>
          </ns3:TrackPointExtension>
        </extensions>
      </trkpt>
      <trkpt lat="22.544715106487274169921875" lon="114.01909145526587963104248046875">
        <ele>6.599999904632568359375</ele>
        <time>2026-09-11T23:01:27.000Z</time>
        <extensions>
          <ns3:TrackPointExtension>
            <ns3:atemp>32.0</ns3:atemp>
            <ns3:hr>159</ns3:hr>
            <ns3:cad>87</ns3:cad>
          </ns3:TrackPointExtension>
        </extensions>
      </trkpt>
      <trkpt lat="22.54470831714570522308349609375" lon="114.0190682373940944671630859375">
        <ele>6.599999904632568359375</ele>
        <time>2026-09-11T23:01:28.000Z</time>
        <extensions>
          <ns3:TrackPointExtension>
            <ns3:atemp>32.0</ns3:atemp>
            <ns3:hr>159</ns3:hr>
            <ns3:cad>87</ns3:cad>
          </ns3:TrackPointExtension>
        </extensions>
      </trkpt>
      <trkpt lat="22.544699013233184814453125" lon="114.01903890073299407958984375">
        <ele>6.599999904632568359375</ele>
        <time>2026-09-11T23:01:29.000Z</time>
        <extensions>
          <ns3:TrackPointExtension>
            <ns3:atemp>32.0</ns3:atemp>
            <ns3:hr>159</ns3:hr>
            <ns3:cad>87</ns3:cad>
          </ns3:TrackPointExtension>
        </extensions>
      </trkpt>
      <trkpt lat="22.54469222389161586761474609375" lon="114.01901333592832088470458984375">
        <ele>6.80000019073486328125</ele>
        <time>2026-09-11T23:01:30.000Z</time>
        <extensions>
          <ns3:TrackPointExtension>
            <ns3:atemp>32.0</ns3:atemp>
            <ns3:hr>159</ns3:hr>
            <ns3:cad>87</ns3:cad>
          </ns3:TrackPointExtension>
        </extensions>
      </trkpt>
      <trkpt lat="22.5446904636919498443603515625" lon="114.0189763717353343963623046875">
        <ele>6.80000019073486328125</ele>
        <time>2026-09-11T23:01:31.000Z</time>
        <extensions>
          <ns3:TrackPointExtension>
            <ns3:atemp>32.0</ns3:atemp>
            <ns3:hr>159</ns3:hr>
            <ns3:cad>87</ns3:cad>
          </ns3:TrackPointExtension>
        </extensions>
      </trkpt>
      <trkpt lat="22.54469071514904499053955078125" lon="114.0189515613019466400146484375">
        <ele>6.80000019073486328125</ele>
        <time>2026-09-11T23:01:32.000Z</time>
        <extensions>
          <ns3:TrackPointExtension>
            <ns3:atemp>32.0</ns3:atemp>
            <ns3:hr>159</ns3:hr>
            <ns3:cad>87</ns3:cad>
          </ns3:TrackPointExtension>
        </extensions>
      </trkpt>
      <trkpt lat="22.54468551836907863616943359375" lon="114.0189166925847530364990234375">
        <ele>7</ele>
        <time>2026-09-11T23:01:33.000Z</time>
        <extensions>
          <ns3:TrackPointExtension>
            <ns3:atemp>32.0</ns3:atemp>
            <ns3:hr>159</ns3:hr>
            <ns3:cad>87</ns3:cad>
          </ns3:TrackPointExtension>
        </extensions>
      </trkpt>
      <trkpt lat="22.5446743704378604888916015625" lon="114.018887691199779510498046875">
        <ele>7.19999980926513671875</ele>
        <time>2026-09-11T23:01:34.000Z</time>
        <extensions>
          <ns3:TrackPointExtension>
            <ns3:atemp>32.0</ns3:atemp>
            <ns3:hr>159</ns3:hr>
            <ns3:cad>87</ns3:cad>
          </ns3:TrackPointExtension>
        </extensions>
      </trkpt>
      <trkpt lat="22.54466623999178409576416015625" lon="114.01886078529059886932373046875">
        <ele>7.19999980926513671875</ele>
        <time>2026-09-11T23:01:35.000Z</time>
        <extensions>
          <ns3:TrackPointExtension>
            <ns3:atemp>32.0</ns3:atemp>
            <ns3:hr>160</ns3:hr>
            <ns3:cad>87</ns3:cad>
          </ns3:TrackPointExtension>
        </extensions>
      </trkpt>
      <trkpt lat="22.54465945065021514892578125" lon="114.01883228681981563568115234375">
        <ele>7.19999980926513671875</ele>
        <time>2026-09-11T23:01:36.000Z</time>
        <extensions>
          <ns3:TrackPointExtension>
            <ns3:atemp>32.0</ns3:atemp>
            <ns3:hr>160</ns3:hr>
            <ns3:cad>87</ns3:cad>
          </ns3:TrackPointExtension>
        </extensions>
      </trkpt>
      <trkpt lat="22.54464897327125072479248046875" lon="114.01880512945353984832763671875">
        <ele>7.19999980926513671875</ele>
        <time>2026-09-11T23:01:37.000Z</time>
        <extensions>
          <ns3:TrackPointExtension>
            <ns3:atemp>32.0</ns3:atemp>
            <ns3:hr>160</ns3:hr>
            <ns3:cad>87</ns3:cad>
          </ns3:TrackPointExtension>
        </extensions>
      </trkpt>
      <trkpt lat="22.544639669358730316162109375" lon="114.018783085048198699951171875">
        <ele>7.19999980926513671875</ele>
        <time>2026-09-11T23:01:38.000Z</time>
        <extensions>
          <ns3:TrackPointExtension>
            <ns3:atemp>32.0</ns3:atemp>
            <ns3:hr>160</ns3:hr>
            <ns3:cad>86</ns3:cad>
          </ns3:TrackPointExtension>
        </extensions>
      </trkpt>
      <trkpt lat="22.544629611074924468994140625" lon="114.01875768788158893585205078125">
        <ele>7.19999980926513671875</ele>
        <time>2026-09-11T23:01:39.000Z</time>
        <extensions>
          <ns3:TrackPointExtension>
            <ns3:atemp>32.0</ns3:atemp>
            <ns3:hr>160</ns3:hr>
            <ns3:cad>86</ns3:cad>
          </ns3:TrackPointExtension>
        </extensions>
      </trkpt>
      <trkpt lat="22.5446198880672454833984375" lon="114.0187316201627254486083984375">
        <ele>7.19999980926513671875</ele>
        <time>2026-09-11T23:01:40.000Z</time>
        <extensions>
          <ns3:TrackPointExtension>
            <ns3:atemp>32.0</ns3:atemp>
            <ns3:hr>161</ns3:hr>
            <ns3:cad>86</ns3:cad>
          </ns3:TrackPointExtension>
        </extensions>
      </trkpt>
      <trkpt lat="22.54461125470697879791259765625" lon="114.0187094919383525848388671875">
        <ele>7.19999980926513671875</ele>
        <time>2026-09-11T23:01:41.000Z</time>
        <extensions>
          <ns3:TrackPointExtension>
            <ns3:atemp>32.0</ns3:atemp>
            <ns3:hr>161</ns3:hr>
            <ns3:cad>86</ns3:cad>
          </ns3:TrackPointExtension>
        </extensions>
      </trkpt>
      <trkpt lat="22.5446026213467121124267578125" lon="114.01867814362049102783203125">
        <ele>7.19999980926513671875</ele>
        <time>2026-09-11T23:01:42.000Z</time>
        <extensions>
          <ns3:TrackPointExtension>
            <ns3:atemp>32.0</ns3:atemp>
            <ns3:hr>161</ns3:hr>
            <ns3:cad>87</ns3:cad>
          </ns3:TrackPointExtension>
        </extensions>
      </trkpt>
      <trkpt lat="22.54459901712834835052490234375" lon="114.018652997910976409912109375">
        <ele>7.400000095367431640625</ele>
        <time>2026-09-11T23:01:43.000Z</time>
        <extensions>
          <ns3:TrackPointExtension>
            <ns3:atemp>32.0</ns3:atemp>
            <ns3:hr>161</ns3:hr>
            <ns3:cad>87</ns3:cad>
          </ns3:TrackPointExtension>
        </extensions>
      </trkpt>
      <trkpt lat="22.5445918925106525421142578125" lon="114.0186286903917789459228515625">
        <ele>7.400000095367431640625</ele>
        <time>2026-09-11T23:01:44.000Z</time>
        <extensions>
          <ns3:TrackPointExtension>
            <ns3:atemp>32.0</ns3:atemp>
            <ns3:hr>161</ns3:hr>
            <ns3:cad>87</ns3:cad>
          </ns3:TrackPointExtension>
        </extensions>
      </trkpt>
      <trkpt lat="22.54458543844521045684814453125" lon="114.018601365387439727783203125">
        <ele>7.400000095367431640625</ele>
        <time>2026-09-11T23:01:45.000Z</time>
        <extensions>
          <ns3:TrackPointExtension>
            <ns3:atemp>32.0</ns3:atemp>
            <ns3:hr>161</ns3:hr>
            <ns3:cad>87</ns3:cad>
          </ns3:TrackPointExtension>
        </extensions>
      </trkpt>
      <trkpt lat="22.54457361996173858642578125" lon="114.0185743756592273712158203125">
        <ele>7.400000095367431640625</ele>
        <time>2026-09-11T23:01:46.000Z</time>
        <extensions>
          <ns3:TrackPointExtension>
            <ns3:atemp>32.0</ns3:atemp>
            <ns3:hr>161</ns3:hr>
            <ns3:cad>87</ns3:cad>
          </ns3:TrackPointExtension>
        </extensions>
      </trkpt>
      <trkpt lat="22.54456314258277416229248046875" lon="114.01854629628360271453857421875">
        <ele>7.400000095367431640625</ele>
        <time>2026-09-11T23:01:47.000Z</time>
        <extensions>
          <ns3:TrackPointExtension>
            <ns3:atemp>32.0</ns3:atemp>
            <ns3:hr>161</ns3:hr>
            <ns3:cad>87</ns3:cad>
          </ns3:TrackPointExtension>
        </extensions>
      </trkpt>
      <trkpt lat="22.54455274902284145355224609375" lon="114.01851746253669261932373046875">
        <ele>7.400000095367431640625</ele>
        <time>2026-09-11T23:01:48.000Z</time>
        <extensions>
          <ns3:TrackPointExtension>
            <ns3:atemp>32.0</ns3:atemp>
            <ns3:hr>161</ns3:hr>
            <ns3:cad>87</ns3:cad>
          </ns3:TrackPointExtension>
        </extensions>
      </trkpt>
      <trkpt lat="22.54454755224287509918212890625" lon="114.01848544366657733917236328125">
        <ele>7.400000095367431640625</ele>
        <time>2026-09-11T23:01:49.000Z</time>
        <extensions>
          <ns3:TrackPointExtension>
            <ns3:atemp>32.0</ns3:atemp>
            <ns3:hr>161</ns3:hr>
            <ns3:cad>87</ns3:cad>
          </ns3:TrackPointExtension>
        </extensions>
      </trkpt>
      <trkpt lat="22.5445395894348621368408203125" lon="114.018460549414157867431640625">
        <ele>7.400000095367431640625</ele>
        <time>2026-09-11T23:01:50.000Z</time>
        <extensions>
          <ns3:TrackPointExtension>
            <ns3:atemp>32.0</ns3:atemp>
            <ns3:hr>161</ns3:hr>
            <ns3:cad>87</ns3:cad>
          </ns3:TrackPointExtension>
        </extensions>
      </trkpt>
      <trkpt lat="22.5445305369794368743896484375" lon="114.01843112893402576446533203125">
        <ele>7.400000095367431640625</ele>
        <time>2026-09-11T23:01:51.000Z</time>
        <extensions>
          <ns3:TrackPointExtension>
            <ns3:atemp>32.0</ns3:atemp>
            <ns3:hr>161</ns3:hr>
            <ns3:cad>87</ns3:cad>
          </ns3:TrackPointExtension>
        </extensions>
      </trkpt>
      <trkpt lat="22.54452357999980449676513671875" lon="114.01840732432901859283447265625">
        <ele>7.400000095367431640625</ele>
        <time>2026-09-11T23:01:52.000Z</time>
        <extensions>
          <ns3:TrackPointExtension>
            <ns3:atemp>32.0</ns3:atemp>
            <ns3:hr>160</ns3:hr>
            <ns3:cad>87</ns3:cad>
          </ns3:TrackPointExtension>
        </extensions>
      </trkpt>
      <trkpt lat="22.54451771266758441925048828125" lon="114.01837639510631561279296875">
        <ele>7.599999904632568359375</ele>
        <time>2026-09-11T23:01:53.000Z</time>
        <extensions>
          <ns3:TrackPointExtension>
            <ns3:atemp>32.0</ns3:atemp>
            <ns3:hr>161</ns3:hr>
            <ns3:cad>87</ns3:cad>
          </ns3:TrackPointExtension>
        </extensions>
      </trkpt>
      <trkpt lat="22.5445181317627429962158203125" lon="114.0183581225574016571044921875">
        <ele>7.599999904632568359375</ele>
        <time>2026-09-11T23:01:54.000Z</time>
        <extensions>
          <ns3:TrackPointExtension>
            <ns3:atemp>32.0</ns3:atemp>
            <ns3:hr>161</ns3:hr>
            <ns3:cad>87</ns3:cad>
          </ns3:TrackPointExtension>
        </extensions>
      </trkpt>
      <trkpt lat="22.544521987438201904296875" lon="114.01832945644855499267578125">
        <ele>7.599999904632568359375</ele>
        <time>2026-09-11T23:01:55.000Z</time>
        <extensions>
          <ns3:TrackPointExtension>
            <ns3:atemp>32.0</ns3:atemp>
            <ns3:hr>161</ns3:hr>
            <ns3:cad>88</ns3:cad>
          </ns3:TrackPointExtension>
        </extensions>
      </trkpt>
      <trkpt lat="22.544522993266582489013671875" lon="114.01830506511032581329345703125">
        <ele>7.599999904632568359375</ele>
        <time>2026-09-11T23:01:56.000Z</time>
        <extensions>
          <ns3:TrackPointExtension>
            <ns3:atemp>32.0</ns3:atemp>
            <ns3:hr>161</ns3:hr>
            <ns3:cad>88</ns3:cad>
          </ns3:TrackPointExtension>
        </extensions>
      </trkpt>
      <trkpt lat="22.5445224903523921966552734375" lon="114.0182773210108280181884765625">
        <ele>7.599999904632568359375</ele>
        <time>2026-09-11T23:01:57.000Z</time>
        <extensions>
          <ns3:TrackPointExtension>
            <ns3:atemp>32.0</ns3:atemp>
            <ns3:hr>161</ns3:hr>
            <ns3:cad>87</ns3:cad>
          </ns3:TrackPointExtension>
        </extensions>
      </trkpt>
      <trkpt lat="22.5445224903523921966552734375" lon="114.0182474814355373382568359375">
        <ele>7.599999904632568359375</ele>
        <time>2026-09-11T23:01:58.000Z</time>
        <extensions>
          <ns3:TrackPointExtension>
            <ns3:atemp>32.0</ns3:atemp>
            <ns3:hr>161</ns3:hr>
            <ns3:cad>87</ns3:cad>
          </ns3:TrackPointExtension>
        </extensions>
      </trkpt>
      <trkpt lat="22.544521652162075042724609375" lon="114.01822141371667385101318359375">
        <ele>7.80000019073486328125</ele>
        <time>2026-09-11T23:01:59.000Z</time>
        <extensions>
          <ns3:TrackPointExtension>
            <ns3:atemp>32.0</ns3:atemp>
            <ns3:hr>161</ns3:hr>
            <ns3:cad>87</ns3:cad>
          </ns3:TrackPointExtension>
        </extensions>
      </trkpt>
      <trkpt lat="22.54451930522918701171875" lon="114.018188305199146270751953125">
        <ele>7.80000019073486328125</ele>
        <time>2026-09-11T23:02:00.000Z</time>
        <extensions>
          <ns3:TrackPointExtension>
            <ns3:atemp>32.0</ns3:atemp>
            <ns3:hr>161</ns3:hr>
            <ns3:cad>87</ns3:cad>
          </ns3:TrackPointExtension>
        </extensions>
      </trkpt>
      <trkpt lat="22.544516623020172119140625" lon="114.01816223748028278350830078125">
        <ele>7.80000019073486328125</ele>
        <time>2026-09-11T23:02:01.000Z</time>
        <extensions>
          <ns3:TrackPointExtension>
            <ns3:atemp>32.0</ns3:atemp>
            <ns3:hr>161</ns3:hr>
            <ns3:cad>87</ns3:cad>
          </ns3:TrackPointExtension>
        </extensions>
      </trkpt>
      <trkpt lat="22.54451100714504718780517578125" lon="114.01813105680048465728759765625">
        <ele>7.80000019073486328125</ele>
        <time>2026-09-11T23:02:02.000Z</time>
        <extensions>
          <ns3:TrackPointExtension>
            <ns3:atemp>32.0</ns3:atemp>
            <ns3:hr>161</ns3:hr>
            <ns3:cad>87</ns3:cad>
          </ns3:TrackPointExtension>
        </extensions>
      </trkpt>
      <trkpt lat="22.54450480453670024871826171875" lon="114.0181075036525726318359375">
        <ele>7.80000019073486328125</ele>
        <time>2026-09-11T23:02:03.000Z</time>
        <extensions>
          <ns3:TrackPointExtension>
            <ns3:atemp>32.0</ns3:atemp>
            <ns3:hr>161</ns3:hr>
            <ns3:cad>87</ns3:cad>
          </ns3:TrackPointExtension>
        </extensions>
      </trkpt>
      <trkpt lat="22.54449893720448017120361328125" lon="114.01807791553437709808349609375">
        <ele>7.80000019073486328125</ele>
        <time>2026-09-11T23:02:04.000Z</time>
        <extensions>
          <ns3:TrackPointExtension>
            <ns3:atemp>32.0</ns3:atemp>
            <ns3:hr>161</ns3:hr>
            <ns3:cad>87</ns3:cad>
          </ns3:TrackPointExtension>
        </extensions>
      </trkpt>
      <trkpt lat="22.54449625499546527862548828125" lon="114.018050171434879302978515625">
        <ele>7.80000019073486328125</ele>
        <time>2026-09-11T23:02:05.000Z</time>
        <extensions>
          <ns3:TrackPointExtension>
            <ns3:atemp>32.0</ns3:atemp>
            <ns3:hr>161</ns3:hr>
            <ns3:cad>87</ns3:cad>
          </ns3:TrackPointExtension>
        </extensions>
      </trkpt>
      <trkpt lat="22.5444919802248477935791015625" lon="114.01802309788763523101806640625">
        <ele>7.80000019073486328125</ele>
        <time>2026-09-11T23:02:06.000Z</time>
        <extensions>
          <ns3:TrackPointExtension>
            <ns3:atemp>32.0</ns3:atemp>
            <ns3:hr>161</ns3:hr>
            <ns3:cad>87</ns3:cad>
          </ns3:TrackPointExtension>
        </extensions>
      </trkpt>
      <trkpt lat="22.54448703490197658538818359375" lon="114.01799526996910572052001953125">
        <ele>7.80000019073486328125</ele>
        <time>2026-09-11T23:02:07.000Z</time>
        <extensions>
          <ns3:TrackPointExtension>
            <ns3:atemp>32.0</ns3:atemp>
            <ns3:hr>161</ns3:hr>
            <ns3:cad>87</ns3:cad>
          </ns3:TrackPointExtension>
        </extensions>
      </trkpt>
      <trkpt lat="22.54448016174137592315673828125" lon="114.01797180064022541046142578125">
        <ele>7.80000019073486328125</ele>
        <time>2026-09-11T23:02:08.000Z</time>
        <extensions>
          <ns3:TrackPointExtension>
            <ns3:atemp>32.0</ns3:atemp>
            <ns3:hr>160</ns3:hr>
            <ns3:cad>87</ns3:cad>
          </ns3:TrackPointExtension>
        </extensions>
      </trkpt>
      <trkpt lat="22.544472031295299530029296875" lon="114.01793944649398326873779296875">
        <ele>7.80000019073486328125</ele>
        <time>2026-09-11T23:02:09.000Z</time>
        <extensions>
          <ns3:TrackPointExtension>
            <ns3:atemp>32.0</ns3:atemp>
            <ns3:hr>161</ns3:hr>
            <ns3:cad>87</ns3:cad>
          </ns3:TrackPointExtension>
        </extensions>
      </trkpt>
      <trkpt lat="22.5444671697914600372314453125" lon="114.01791262440383434295654296875">
        <ele>7.80000019073486328125</ele>
        <time>2026-09-11T23:02:10.000Z</time>
        <extensions>
          <ns3:TrackPointExtension>
            <ns3:atemp>32.0</ns3:atemp>
            <ns3:hr>161</ns3:hr>
            <ns3:cad>87</ns3:cad>
          </ns3:TrackPointExtension>
        </extensions>
      </trkpt>
      <trkpt lat="22.54446440376341342926025390625" lon="114.01788697578012943267822265625">
        <ele>8</ele>
        <time>2026-09-11T23:02:11.000Z</time>
        <extensions>
          <ns3:TrackPointExtension>
            <ns3:atemp>32.0</ns3:atemp>
            <ns3:hr>160</ns3:hr>
            <ns3:cad>87</ns3:cad>
          </ns3:TrackPointExtension>
        </extensions>
      </trkpt>
      <trkpt lat="22.54446105100214481353759765625" lon="114.017859064042568206787109375">
        <ele>8</ele>
        <time>2026-09-11T23:02:12.000Z</time>
        <extensions>
          <ns3:TrackPointExtension>
            <ns3:atemp>32.0</ns3:atemp>
            <ns3:hr>160</ns3:hr>
            <ns3:cad>87</ns3:cad>
          </ns3:TrackPointExtension>
        </extensions>
      </trkpt>
      <trkpt lat="22.54445753060281276702880859375" lon="114.01782922446727752685546875">
        <ele>8</ele>
        <time>2026-09-11T23:02:13.000Z</time>
        <extensions>
          <ns3:TrackPointExtension>
            <ns3:atemp>32.0</ns3:atemp>
            <ns3:hr>160</ns3:hr>
            <ns3:cad>87</ns3:cad>
          </ns3:TrackPointExtension>
        </extensions>
      </trkpt>
      <trkpt lat="22.54445535130798816680908203125" lon="114.0178039111196994781494140625">
        <ele>8</ele>
        <time>2026-09-11T23:02:14.000Z</time>
        <extensions>
          <ns3:TrackPointExtension>
            <ns3:atemp>32.0</ns3:atemp>
            <ns3:hr>160</ns3:hr>
            <ns3:cad>86</ns3:cad>
          </ns3:TrackPointExtension>
        </extensions>
      </trkpt>
      <trkpt lat="22.54445417784154415130615234375" lon="114.01777558028697967529296875">
        <ele>8.19999980926513671875</ele>
        <time>2026-09-11T23:02:15.000Z</time>
        <extensions>
          <ns3:TrackPointExtension>
            <ns3:atemp>32.0</ns3:atemp>
            <ns3:hr>161</ns3:hr>
            <ns3:cad>86</ns3:cad>
          </ns3:TrackPointExtension>
        </extensions>
      </trkpt>
      <trkpt lat="22.54445082508027553558349609375" lon="114.01774599216878414154052734375">
        <ele>8.19999980926513671875</ele>
        <time>2026-09-11T23:02:16.000Z</time>
        <extensions>
          <ns3:TrackPointExtension>
            <ns3:atemp>32.0</ns3:atemp>
            <ns3:hr>161</ns3:hr>
            <ns3:cad>87</ns3:cad>
          </ns3:TrackPointExtension>
        </extensions>
      </trkpt>
      <trkpt lat="22.5444470532238483428955078125" lon="114.01772059500217437744140625">
        <ele>8.19999980926513671875</ele>
        <time>2026-09-11T23:02:17.000Z</time>
        <extensions>
          <ns3:TrackPointExtension>
            <ns3:atemp>32.0</ns3:atemp>
            <ns3:hr>161</ns3:hr>
            <ns3:cad>87</ns3:cad>
          </ns3:TrackPointExtension>
        </extensions>
      </trkpt>
      <trkpt lat="22.54444579593837261199951171875" lon="114.01768865995109081268310546875">
        <ele>8.19999980926513671875</ele>
        <time>2026-09-11T23:02:18.000Z</time>
        <extensions>
          <ns3:TrackPointExtension>
            <ns3:atemp>32.0</ns3:atemp>
            <ns3:hr>161</ns3:hr>
            <ns3:cad>87</ns3:cad>
          </ns3:TrackPointExtension>
        </extensions>
      </trkpt>
      <trkpt lat="22.54444395191967487335205078125" lon="114.01766384951770305633544921875">
        <ele>8.19999980926513671875</ele>
        <time>2026-09-11T23:02:19.000Z</time>
        <extensions>
          <ns3:TrackPointExtension>
            <ns3:atemp>32.0</ns3:atemp>
            <ns3:hr>160</ns3:hr>
            <ns3:cad>87</ns3:cad>
          </ns3:TrackPointExtension>
        </extensions>
      </trkpt>
      <trkpt lat="22.5444477237761020660400390625" lon="114.0176315791904926300048828125">
        <ele>8.3999996185302734375</ele>
        <time>2026-09-11T23:02:20.000Z</time>
        <extensions>
          <ns3:TrackPointExtension>
            <ns3:atemp>32.0</ns3:atemp>
            <ns3:hr>161</ns3:hr>
            <ns3:cad>87</ns3:cad>
          </ns3:TrackPointExtension>
        </extensions>
      </trkpt>
      <trkpt lat="22.54444755613803863525390625" lon="114.0176071040332317352294921875">
        <ele>8.3999996185302734375</ele>
        <time>2026-09-11T23:02:21.000Z</time>
        <extensions>
          <ns3:TrackPointExtension>
            <ns3:atemp>32.0</ns3:atemp>
            <ns3:hr>161</ns3:hr>
            <ns3:cad>87</ns3:cad>
          </ns3:TrackPointExtension>
        </extensions>
      </trkpt>
      <trkpt lat="22.5444477237761020660400390625" lon="114.01757818646728992462158203125">
        <ele>8.3999996185302734375</ele>
        <time>2026-09-11T23:02:22.000Z</time>
        <extensions>
          <ns3:TrackPointExtension>
            <ns3:atemp>32.0</ns3:atemp>
            <ns3:hr>160</ns3:hr>
            <ns3:cad>87</ns3:cad>
          </ns3:TrackPointExtension>
        </extensions>
      </trkpt>
      <trkpt lat="22.5444567762315273284912109375" lon="114.01755404658615589141845703125">
        <ele>8.6000003814697265625</ele>
        <time>2026-09-11T23:02:23.000Z</time>
        <extensions>
          <ns3:TrackPointExtension>
            <ns3:atemp>32.0</ns3:atemp>
            <ns3:hr>161</ns3:hr>
            <ns3:cad>87</ns3:cad>
          </ns3:TrackPointExtension>
        </extensions>
      </trkpt>
      <trkpt lat="22.5444685108959674835205078125" lon="114.01752772741019725799560546875">
        <ele>8.6000003814697265625</ele>
        <time>2026-09-11T23:02:24.000Z</time>
        <extensions>
          <ns3:TrackPointExtension>
            <ns3:atemp>32.0</ns3:atemp>
            <ns3:hr>161</ns3:hr>
            <ns3:cad>87</ns3:cad>
          </ns3:TrackPointExtension>
        </extensions>
      </trkpt>
      <trkpt lat="22.54447982646524906158447265625" lon="114.0175008215010166168212890625">
        <ele>8.6000003814697265625</ele>
        <time>2026-09-11T23:02:25.000Z</time>
        <extensions>
          <ns3:TrackPointExtension>
            <ns3:atemp>32.0</ns3:atemp>
            <ns3:hr>160</ns3:hr>
            <ns3:cad>87</ns3:cad>
          </ns3:TrackPointExtension>
        </extensions>
      </trkpt>
      <trkpt lat="22.5444906391203403472900390625" lon="114.01747492142021656036376953125">
        <ele>8.6000003814697265625</ele>
        <time>2026-09-11T23:02:26.000Z</time>
        <extensions>
          <ns3:TrackPointExtension>
            <ns3:atemp>32.0</ns3:atemp>
            <ns3:hr>161</ns3:hr>
            <ns3:cad>87</ns3:cad>
          </ns3:TrackPointExtension>
        </extensions>
      </trkpt>
      <trkpt lat="22.5445074029266834259033203125" lon="114.01745061390101909637451171875">
        <ele>8.6000003814697265625</ele>
        <time>2026-09-11T23:02:27.000Z</time>
        <extensions>
          <ns3:TrackPointExtension>
            <ns3:atemp>32.0</ns3:atemp>
            <ns3:hr>161</ns3:hr>
            <ns3:cad>87</ns3:cad>
          </ns3:TrackPointExtension>
        </extensions>
      </trkpt>
      <trkpt lat="22.54452207125723361968994140625" lon="114.0174253843724727630615234375">
        <ele>8.6000003814697265625</ele>
        <time>2026-09-11T23:02:28.000Z</time>
        <extensions>
          <ns3:TrackPointExtension>
            <ns3:atemp>32.0</ns3:atemp>
            <ns3:hr>160</ns3:hr>
            <ns3:cad>87</ns3:cad>
          </ns3:TrackPointExtension>
        </extensions>
      </trkpt>
      <trkpt lat="22.54453816451132297515869140625" lon="114.0174007415771484375">
        <ele>8.6000003814697265625</ele>
        <time>2026-09-11T23:02:29.000Z</time>
        <extensions>
          <ns3:TrackPointExtension>
            <ns3:atemp>32.0</ns3:atemp>
            <ns3:hr>160</ns3:hr>
            <ns3:cad>87</ns3:cad>
          </ns3:TrackPointExtension>
        </extensions>
      </trkpt>
      <trkpt lat="22.5445546768605709075927734375" lon="114.01738020591437816619873046875">
        <ele>8.80000019073486328125</ele>
        <time>2026-09-11T23:02:30.000Z</time>
        <extensions>
          <ns3:TrackPointExtension>
            <ns3:atemp>32.0</ns3:atemp>
            <ns3:hr>160</ns3:hr>
            <ns3:cad>87</ns3:cad>
          </ns3:TrackPointExtension>
        </extensions>
      </trkpt>
      <trkpt lat="22.5445774756371974945068359375" lon="114.01735958643257617950439453125">
        <ele>8.80000019073486328125</ele>
        <time>2026-09-11T23:02:31.000Z</time>
        <extensions>
          <ns3:TrackPointExtension>
            <ns3:atemp>32.0</ns3:atemp>
            <ns3:hr>160</ns3:hr>
            <ns3:cad>87</ns3:cad>
          </ns3:TrackPointExtension>
        </extensions>
      </trkpt>
      <trkpt lat="22.5445975922048091888427734375" lon="114.0173388831317424774169921875">
        <ele>8.80000019073486328125</ele>
        <time>2026-09-11T23:02:32.000Z</time>
        <extensions>
          <ns3:TrackPointExtension>
            <ns3:atemp>32.0</ns3:atemp>
            <ns3:hr>161</ns3:hr>
            <ns3:cad>87</ns3:cad>
          </ns3:TrackPointExtension>
        </extensions>
      </trkpt>
      <trkpt lat="22.5446193851530551910400390625" lon="114.0173204429447650909423828125">
        <ele>9</ele>
        <time>2026-09-11T23:02:33.000Z</time>
        <extensions>
          <ns3:TrackPointExtension>
            <ns3:atemp>32.0</ns3:atemp>
            <ns3:hr>161</ns3:hr>
            <ns3:cad>87</ns3:cad>
          </ns3:TrackPointExtension>
        </extensions>
      </trkpt>
      <trkpt lat="22.54464059136807918548583984375" lon="114.0173077024519443511962890625">
        <ele>9</ele>
        <time>2026-09-11T23:02:34.000Z</time>
        <extensions>
          <ns3:TrackPointExtension>
            <ns3:atemp>32.0</ns3:atemp>
            <ns3:hr>161</ns3:hr>
            <ns3:cad>87</ns3:cad>
          </ns3:TrackPointExtension>
        </extensions>
      </trkpt>
      <trkpt lat="22.5446646474301815032958984375" lon="114.01729806326329708099365234375">
        <ele>9</ele>
        <time>2026-09-11T23:02:35.000Z</time>
        <extensions>
          <ns3:TrackPointExtension>
            <ns3:atemp>32.0</ns3:atemp>
            <ns3:hr>161</ns3:hr>
            <ns3:cad>87</ns3:cad>
          </ns3:TrackPointExtension>
        </extensions>
      </trkpt>
      <trkpt lat="22.54469138570129871368408203125" lon="114.01729169301688671112060546875">
        <ele>9</ele>
        <time>2026-09-11T23:02:36.000Z</time>
        <extensions>
          <ns3:TrackPointExtension>
            <ns3:atemp>32.0</ns3:atemp>
            <ns3:hr>162</ns3:hr>
            <ns3:cad>87</ns3:cad>
          </ns3:TrackPointExtension>
        </extensions>
      </trkpt>
      <trkpt lat="22.544715106487274169921875" lon="114.01728205382823944091796875">
        <ele>9.19999980926513671875</ele>
        <time>2026-09-11T23:02:37.000Z</time>
        <extensions>
          <ns3:TrackPointExtension>
            <ns3:atemp>32.0</ns3:atemp>
            <ns3:hr>161</ns3:hr>
            <ns3:cad>87</ns3:cad>
          </ns3:TrackPointExtension>
        </extensions>
      </trkpt>
      <trkpt lat="22.5447477959096431732177734375" lon="114.01727610267698764801025390625">
        <ele>9.19999980926513671875</ele>
        <time>2026-09-11T23:02:38.000Z</time>
        <extensions>
          <ns3:TrackPointExtension>
            <ns3:atemp>32.0</ns3:atemp>
            <ns3:hr>161</ns3:hr>
            <ns3:cad>87</ns3:cad>
          </ns3:TrackPointExtension>
        </extensions>
      </trkpt>
      <trkpt lat="22.5447714328765869140625" lon="114.01726805604994297027587890625">
        <ele>9.19999980926513671875</ele>
        <time>2026-09-11T23:02:39.000Z</time>
        <extensions>
          <ns3:TrackPointExtension>
            <ns3:atemp>32.0</ns3:atemp>
            <ns3:hr>162</ns3:hr>
            <ns3:cad>86</ns3:cad>
          </ns3:TrackPointExtension>
        </extensions>
      </trkpt>
      <trkpt lat="22.54480320028960704803466796875" lon="114.0172627754509449005126953125">
        <ele>9.19999980926513671875</ele>
        <time>2026-09-11T23:02:40.000Z</time>
        <extensions>
          <ns3:TrackPointExtension>
            <ns3:atemp>32.0</ns3:atemp>
            <ns3:hr>162</ns3:hr>
            <ns3:cad>86</ns3:cad>
          </ns3:TrackPointExtension>
        </extensions>
      </trkpt>
      <trkpt lat="22.54482666961848735809326171875" lon="114.01724961586296558380126953125">
        <ele>9.19999980926513671875</ele>
        <time>2026-09-11T23:02:41.000Z</time>
        <extensions>
          <ns3:TrackPointExtension>
            <ns3:atemp>32.0</ns3:atemp>
            <ns3:hr>162</ns3:hr>
            <ns3:cad>87</ns3:cad>
          </ns3:TrackPointExtension>
        </extensions>
      </trkpt>
      <trkpt lat="22.54485114477574825286865234375" lon="114.017239473760128021240234375">
        <ele>9.19999980926513671875</ele>
        <time>2026-09-11T23:02:42.000Z</time>
        <extensions>
          <ns3:TrackPointExtension>
            <ns3:atemp>32.0</ns3:atemp>
            <ns3:hr>162</ns3:hr>
            <ns3:cad>87</ns3:cad>
          </ns3:TrackPointExtension>
        </extensions>
      </trkpt>
      <trkpt lat="22.54487930797040462493896484375" lon="114.0172295831143856048583984375">
        <ele>9.19999980926513671875</ele>
        <time>2026-09-11T23:02:43.000Z</time>
        <extensions>
          <ns3:TrackPointExtension>
            <ns3:atemp>32.0</ns3:atemp>
            <ns3:hr>162</ns3:hr>
            <ns3:cad>87</ns3:cad>
          </ns3:TrackPointExtension>
        </extensions>
      </trkpt>
      <trkpt lat="22.54490219056606292724609375" lon="114.0172198601067066192626953125">
        <ele>9.19999980926513671875</ele>
        <time>2026-09-11T23:02:44.000Z</time>
        <extensions>
          <ns3:TrackPointExtension>
            <ns3:atemp>32.0</ns3:atemp>
            <ns3:hr>162</ns3:hr>
            <ns3:cad>87</ns3:cad>
          </ns3:TrackPointExtension>
        </extensions>
      </trkpt>
      <trkpt lat="22.54492926411330699920654296875" lon="114.01721340604126453399658203125">
        <ele>9.19999980926513671875</ele>
        <time>2026-09-11T23:02:45.000Z</time>
        <extensions>
          <ns3:TrackPointExtension>
            <ns3:atemp>32.0</ns3:atemp>
            <ns3:hr>162</ns3:hr>
            <ns3:cad>87</ns3:cad>
          </ns3:TrackPointExtension>
        </extensions>
      </trkpt>
      <trkpt lat="22.544951140880584716796875" lon="114.01720552705228328704833984375">
        <ele>9.19999980926513671875</ele>
        <time>2026-09-11T23:02:46.000Z</time>
        <extensions>
          <ns3:TrackPointExtension>
            <ns3:atemp>32.0</ns3:atemp>
            <ns3:hr>162</ns3:hr>
            <ns3:cad>87</ns3:cad>
          </ns3:TrackPointExtension>
        </extensions>
      </trkpt>
      <trkpt lat="22.544977627694606781005859375" lon="114.017199240624904632568359375">
        <ele>9.3999996185302734375</ele>
        <time>2026-09-11T23:02:47.000Z</time>
        <extensions>
          <ns3:TrackPointExtension>
            <ns3:atemp>32.0</ns3:atemp>
            <ns3:hr>162</ns3:hr>
            <ns3:cad>87</ns3:cad>
          </ns3:TrackPointExtension>
        </extensions>
      </trkpt>
      <trkpt lat="22.54499950446188449859619140625" lon="114.01719245128333568572998046875">
        <ele>9.3999996185302734375</ele>
        <time>2026-09-11T23:02:48.000Z</time>
        <extensions>
          <ns3:TrackPointExtension>
            <ns3:atemp>32.0</ns3:atemp>
            <ns3:hr>162</ns3:hr>
            <ns3:cad>87</ns3:cad>
          </ns3:TrackPointExtension>
        </extensions>
      </trkpt>
      <trkpt lat="22.545027919113636016845703125" lon="114.01718809269368648529052734375">
        <ele>9.3999996185302734375</ele>
        <time>2026-09-11T23:02:49.000Z</time>
        <extensions>
          <ns3:TrackPointExtension>
            <ns3:atemp>32.0</ns3:atemp>
            <ns3:hr>162</ns3:hr>
            <ns3:cad>86</ns3:cad>
          </ns3:TrackPointExtension>
        </extensions>
      </trkpt>
      <trkpt lat="22.54505063407123088836669921875" lon="114.0171792916953563690185546875">
        <ele>9.3999996185302734375</ele>
        <time>2026-09-11T23:02:50.000Z</time>
        <extensions>
          <ns3:TrackPointExtension>
            <ns3:atemp>32.0</ns3:atemp>
            <ns3:hr>163</ns3:hr>
            <ns3:cad>86</ns3:cad>
          </ns3:TrackPointExtension>
        </extensions>
      </trkpt>
      <trkpt lat="22.54507577978074550628662109375" lon="114.01717216707766056060791015625">
        <ele>9.3999996185302734375</ele>
        <time>2026-09-11T23:02:51.000Z</time>
        <extensions>
          <ns3:TrackPointExtension>
            <ns3:atemp>32.0</ns3:atemp>
            <ns3:hr>162</ns3:hr>
            <ns3:cad>87</ns3:cad>
          </ns3:TrackPointExtension>
        </extensions>
      </trkpt>
      <trkpt lat="22.54510427825152873992919921875" lon="114.017157666385173797607421875">
        <ele>9.3999996185302734375</ele>
        <time>2026-09-11T23:02:52.000Z</time>
        <extensions>
          <ns3:TrackPointExtension>
            <ns3:atemp>32.0</ns3:atemp>
            <ns3:hr>162</ns3:hr>
            <ns3:cad>87</ns3:cad>
          </ns3:TrackPointExtension>
        </extensions>
      </trkpt>
      <trkpt lat="22.5451310165226459503173828125" lon="114.01714467443525791168212890625">
        <ele>9.3999996185302734375</ele>
        <time>2026-09-11T23:02:53.000Z</time>
        <extensions>
          <ns3:TrackPointExtension>
            <ns3:atemp>32.0</ns3:atemp>
            <ns3:hr>163</ns3:hr>
            <ns3:cad>87</ns3:cad>
          </ns3:TrackPointExtension>
        </extensions>
      </trkpt>
      <trkpt lat="22.54516244865953922271728515625" lon="114.01713327504694461822509765625">
        <ele>9.19999980926513671875</ele>
        <time>2026-09-11T23:02:54.000Z</time>
        <extensions>
          <ns3:TrackPointExtension>
            <ns3:atemp>32.0</ns3:atemp>
            <ns3:hr>163</ns3:hr>
            <ns3:cad>87</ns3:cad>
          </ns3:TrackPointExtension>
        </extensions>
      </trkpt>
      <trkpt lat="22.54518440924584865570068359375" lon="114.017118774354457855224609375">
        <ele>9.19999980926513671875</ele>
        <time>2026-09-11T23:02:55.000Z</time>
        <extensions>
          <ns3:TrackPointExtension>
            <ns3:atemp>32.0</ns3:atemp>
            <ns3:hr>163</ns3:hr>
            <ns3:cad>87</ns3:cad>
          </ns3:TrackPointExtension>
        </extensions>
      </trkpt>
      <trkpt lat="22.54521508701145648956298828125" lon="114.017109386622905731201171875">
        <ele>9.3999996185302734375</ele>
        <time>2026-09-11T23:02:56.000Z</time>
        <extensions>
          <ns3:TrackPointExtension>
            <ns3:atemp>32.0</ns3:atemp>
            <ns3:hr>163</ns3:hr>
            <ns3:cad>87</ns3:cad>
          </ns3:TrackPointExtension>
        </extensions>
      </trkpt>
      <trkpt lat="22.545235119760036468505859375" lon="114.01709874160587787628173828125">
        <ele>9.3999996185302734375</ele>
        <time>2026-09-11T23:02:57.000Z</time>
        <extensions>
          <ns3:TrackPointExtension>
            <ns3:atemp>32.0</ns3:atemp>
            <ns3:hr>163</ns3:hr>
            <ns3:cad>87</ns3:cad>
          </ns3:TrackPointExtension>
        </extensions>
      </trkpt>
      <trkpt lat="22.54526236094534397125244140625" lon="114.01708885096013545989990234375">
        <ele>9.6000003814697265625</ele>
        <time>2026-09-11T23:02:58.000Z</time>
        <extensions>
          <ns3:TrackPointExtension>
            <ns3:atemp>32.0</ns3:atemp>
            <ns3:hr>163</ns3:hr>
            <ns3:cad>87</ns3:cad>
          </ns3:TrackPointExtension>
        </extensions>
      </trkpt>
      <trkpt lat="22.54528440535068511962890625" lon="114.017075188457965850830078125">
        <ele>9.6000003814697265625</ele>
        <time>2026-09-11T23:02:59.000Z</time>
        <extensions>
          <ns3:TrackPointExtension>
            <ns3:atemp>32.0</ns3:atemp>
            <ns3:hr>164</ns3:hr>
            <ns3:cad>87</ns3:cad>
          </ns3:TrackPointExtension>
        </extensions>
      </trkpt>
      <trkpt lat="22.54531315527856349945068359375" lon="114.01706823147833347320556640625">
        <ele>9.6000003814697265625</ele>
        <time>2026-09-11T23:03:00.000Z</time>
        <extensions>
          <ns3:TrackPointExtension>
            <ns3:atemp>32.0</ns3:atemp>
            <ns3:hr>164</ns3:hr>
            <ns3:cad>86</ns3:cad>
          </ns3:TrackPointExtension>
        </extensions>
      </trkpt>
      <trkpt lat="22.54533712752163410186767578125" lon="114.0170616097748279571533203125">
        <ele>9.80000019073486328125</ele>
        <time>2026-09-11T23:03:01.000Z</time>
        <extensions>
          <ns3:TrackPointExtension>
            <ns3:atemp>32.0</ns3:atemp>
            <ns3:hr>164</ns3:hr>
            <ns3:cad>86</ns3:cad>
          </ns3:TrackPointExtension>
        </extensions>
      </trkpt>
      <trkpt lat="22.54536260850727558135986328125" lon="114.0170538984239101409912109375">
        <ele>9.80000019073486328125</ele>
        <time>2026-09-11T23:03:02.000Z</time>
        <extensions>
          <ns3:TrackPointExtension>
            <ns3:atemp>32.0</ns3:atemp>
            <ns3:hr>164</ns3:hr>
            <ns3:cad>86</ns3:cad>
          </ns3:TrackPointExtension>
        </extensions>
      </trkpt>
      <trkpt lat="22.5453891791403293609619140625" lon="114.0170441754162311553955078125">
        <ele>9.80000019073486328125</ele>
        <time>2026-09-11T23:03:03.000Z</time>
        <extensions>
          <ns3:TrackPointExtension>
            <ns3:atemp>32.0</ns3:atemp>
            <ns3:hr>164</ns3:hr>
            <ns3:cad>86</ns3:cad>
          </ns3:TrackPointExtension>
        </extensions>
      </trkpt>
      <trkpt lat="22.54541273228824138641357421875" lon="114.017034284770488739013671875">
        <ele>9.80000019073486328125</ele>
        <time>2026-09-11T23:03:04.000Z</time>
        <extensions>
          <ns3:TrackPointExtension>
            <ns3:atemp>32.0</ns3:atemp>
            <ns3:hr>163</ns3:hr>
            <ns3:cad>87</ns3:cad>
          </ns3:TrackPointExtension>
        </extensions>
      </trkpt>
      <trkpt lat="22.54544022493064403533935546875" lon="114.0170265734195709228515625">
        <ele>10</ele>
        <time>2026-09-11T23:03:05.000Z</time>
        <extensions>
          <ns3:TrackPointExtension>
            <ns3:atemp>32.0</ns3:atemp>
            <ns3:hr>164</ns3:hr>
            <ns3:cad>87</ns3:cad>
          </ns3:TrackPointExtension>
        </extensions>
      </trkpt>
      <trkpt lat="22.54545950330793857574462890625" lon="114.017015509307384490966796875">
        <ele>10</ele>
        <time>2026-09-11T23:03:06.000Z</time>
        <extensions>
          <ns3:TrackPointExtension>
            <ns3:atemp>32.0</ns3:atemp>
            <ns3:hr>165</ns3:hr>
            <ns3:cad>87</ns3:cad>
          </ns3:TrackPointExtension>
        </extensions>
      </trkpt>
      <trkpt lat="22.5454889237880706787109375" lon="114.01700989343225955963134765625">
        <ele>10</ele>
        <time>2026-09-11T23:03:07.000Z</time>
        <extensions>
          <ns3:TrackPointExtension>
            <ns3:atemp>32.0</ns3:atemp>
            <ns3:hr>165</ns3:hr>
            <ns3:cad>87</ns3:cad>
          </ns3:TrackPointExtension>
        </extensions>
      </trkpt>
      <trkpt lat="22.5455128960311412811279296875" lon="114.01699447073042392730712890625">
        <ele>10.19999980926513671875</ele>
        <time>2026-09-11T23:03:08.000Z</time>
        <extensions>
          <ns3:TrackPointExtension>
            <ns3:atemp>32.0</ns3:atemp>
            <ns3:hr>165</ns3:hr>
            <ns3:cad>87</ns3:cad>
          </ns3:TrackPointExtension>
        </extensions>
      </trkpt>
      <trkpt lat="22.54554281942546367645263671875" lon="114.016980640590190887451171875">
        <ele>10.19999980926513671875</ele>
        <time>2026-09-11T23:03:09.000Z</time>
        <extensions>
          <ns3:TrackPointExtension>
            <ns3:atemp>32.0</ns3:atemp>
            <ns3:hr>165</ns3:hr>
            <ns3:cad>87</ns3:cad>
          </ns3:TrackPointExtension>
        </extensions>
      </trkpt>
      <trkpt lat="22.54556578584015369415283203125" lon="114.01696329005062580108642578125">
        <ele>10.19999980926513671875</ele>
        <time>2026-09-11T23:03:10.000Z</time>
        <extensions>
          <ns3:TrackPointExtension>
            <ns3:atemp>32.0</ns3:atemp>
            <ns3:hr>165</ns3:hr>
            <ns3:cad>87</ns3:cad>
          </ns3:TrackPointExtension>
        </extensions>
      </trkpt>
      <trkpt lat="22.54559244029223918914794921875" lon="114.016952477395534515380859375">
        <ele>10.19999980926513671875</ele>
        <time>2026-09-11T23:03:11.000Z</time>
        <extensions>
          <ns3:TrackPointExtension>
            <ns3:atemp>32.0</ns3:atemp>
            <ns3:hr>165</ns3:hr>
            <ns3:cad>87</ns3:cad>
          </ns3:TrackPointExtension>
        </extensions>
      </trkpt>
      <trkpt lat="22.54561121575534343719482421875" lon="114.01694082655012607574462890625">
        <ele>10.19999980926513671875</ele>
        <time>2026-09-11T23:03:12.000Z</time>
        <extensions>
          <ns3:TrackPointExtension>
            <ns3:atemp>32.0</ns3:atemp>
            <ns3:hr>165</ns3:hr>
            <ns3:cad>87</ns3:cad>
          </ns3:TrackPointExtension>
        </extensions>
      </trkpt>
      <trkpt lat="22.545637451112270355224609375" lon="114.01693068444728851318359375">
        <ele>10.19999980926513671875</ele>
        <time>2026-09-11T23:03:13.000Z</time>
        <extensions>
          <ns3:TrackPointExtension>
            <ns3:atemp>32.0</ns3:atemp>
            <ns3:hr>165</ns3:hr>
            <ns3:cad>88</ns3:cad>
          </ns3:TrackPointExtension>
        </extensions>
      </trkpt>
      <trkpt lat="22.54565798677504062652587890625" lon="114.0169164352118968963623046875">
        <ele>10.3999996185302734375</ele>
        <time>2026-09-11T23:03:14.000Z</time>
        <extensions>
          <ns3:TrackPointExtension>
            <ns3:atemp>32.0</ns3:atemp>
            <ns3:hr>165</ns3:hr>
            <ns3:cad>88</ns3:cad>
          </ns3:TrackPointExtension>
        </extensions>
      </trkpt>
      <trkpt lat="22.54568011499941349029541015625" lon="114.0169063769280910491943359375">
        <ele>10.3999996185302734375</ele>
        <time>2026-09-11T23:03:15.000Z</time>
        <extensions>
          <ns3:TrackPointExtension>
            <ns3:atemp>32.0</ns3:atemp>
            <ns3:hr>165</ns3:hr>
            <ns3:cad>87</ns3:cad>
          </ns3:TrackPointExtension>
        </extensions>
      </trkpt>
      <trkpt lat="22.5457023270428180694580078125" lon="114.016893804073333740234375">
        <ele>10.3999996185302734375</ele>
        <time>2026-09-11T23:03:16.000Z</time>
        <extensions>
          <ns3:TrackPointExtension>
            <ns3:atemp>32.0</ns3:atemp>
            <ns3:hr>165</ns3:hr>
            <ns3:cad>87</ns3:cad>
          </ns3:TrackPointExtension>
        </extensions>
      </trkpt>
      <trkpt lat="22.545722611248493194580078125" lon="114.01688382960855960845947265625">
        <ele>10.3999996185302734375</ele>
        <time>2026-09-11T23:03:17.000Z</time>
        <extensions>
          <ns3:TrackPointExtension>
            <ns3:atemp>32.0</ns3:atemp>
            <ns3:hr>166</ns3:hr>
            <ns3:cad>88</ns3:cad>
          </ns3:TrackPointExtension>
        </extensions>
      </trkpt>
      <trkpt lat="22.545748762786388397216796875" lon="114.016870670020580291748046875">
        <ele>10.3999996185302734375</ele>
        <time>2026-09-11T23:03:18.000Z</time>
        <extensions>
          <ns3:TrackPointExtension>
            <ns3:atemp>32.0</ns3:atemp>
            <ns3:hr>166</ns3:hr>
            <ns3:cad>88</ns3:cad>
          </ns3:TrackPointExtension>
        </extensions>
      </trkpt>
      <trkpt lat="22.5457734055817127227783203125" lon="114.01685683988034725189208984375">
        <ele>10.3999996185302734375</ele>
        <time>2026-09-11T23:03:19.000Z</time>
        <extensions>
          <ns3:TrackPointExtension>
            <ns3:atemp>32.0</ns3:atemp>
            <ns3:hr>166</ns3:hr>
            <ns3:cad>88</ns3:cad>
          </ns3:TrackPointExtension>
        </extensions>
      </trkpt>
      <trkpt lat="22.54580098204314708709716796875" lon="114.01684619486331939697265625">
        <ele>10.3999996185302734375</ele>
        <time>2026-09-11T23:03:20.000Z</time>
        <extensions>
          <ns3:TrackPointExtension>
            <ns3:atemp>32.0</ns3:atemp>
            <ns3:hr>166</ns3:hr>
            <ns3:cad>88</ns3:cad>
          </ns3:TrackPointExtension>
        </extensions>
      </trkpt>
      <trkpt lat="22.54582378081977367401123046875" lon="114.0168366394937038421630859375">
        <ele>10.3999996185302734375</ele>
        <time>2026-09-11T23:03:21.000Z</time>
        <extensions>
          <ns3:TrackPointExtension>
            <ns3:atemp>32.0</ns3:atemp>
            <ns3:hr>166</ns3:hr>
            <ns3:cad>88</ns3:cad>
          </ns3:TrackPointExtension>
        </extensions>
      </trkpt>
      <trkpt lat="22.5458483397960662841796875" lon="114.0168282575905323028564453125">
        <ele>10.3999996185302734375</ele>
        <time>2026-09-11T23:03:22.000Z</time>
        <extensions>
          <ns3:TrackPointExtension>
            <ns3:atemp>32.0</ns3:atemp>
            <ns3:hr>166</ns3:hr>
            <ns3:cad>88</ns3:cad>
          </ns3:TrackPointExtension>
        </extensions>
      </trkpt>
      <trkpt lat="22.5458719767630100250244140625" lon="114.01681627146899700164794921875">
        <ele>10.3999996185302734375</ele>
        <time>2026-09-11T23:03:23.000Z</time>
        <extensions>
          <ns3:TrackPointExtension>
            <ns3:atemp>32.0</ns3:atemp>
            <ns3:hr>166</ns3:hr>
            <ns3:cad>88</ns3:cad>
          </ns3:TrackPointExtension>
        </extensions>
      </trkpt>
      <trkpt lat="22.54589636810123920440673828125" lon="114.01680520735681056976318359375">
        <ele>10.3999996185302734375</ele>
        <time>2026-09-11T23:03:24.000Z</time>
        <extensions>
          <ns3:TrackPointExtension>
            <ns3:atemp>32.0</ns3:atemp>
            <ns3:hr>166</ns3:hr>
            <ns3:cad>88</ns3:cad>
          </ns3:TrackPointExtension>
        </extensions>
      </trkpt>
      <trkpt lat="22.5459194183349609375" lon="114.01679162867367267608642578125">
        <ele>10.3999996185302734375</ele>
        <time>2026-09-11T23:03:25.000Z</time>
        <extensions>
          <ns3:TrackPointExtension>
            <ns3:atemp>32.0</ns3:atemp>
            <ns3:hr>166</ns3:hr>
            <ns3:cad>88</ns3:cad>
          </ns3:TrackPointExtension>
        </extensions>
      </trkpt>
      <trkpt lat="22.54594716243445873260498046875" lon="114.0167836658656597137451171875">
        <ele>10.6000003814697265625</ele>
        <time>2026-09-11T23:03:26.000Z</time>
        <extensions>
          <ns3:TrackPointExtension>
            <ns3:atemp>32.0</ns3:atemp>
            <ns3:hr>166</ns3:hr>
            <ns3:cad>88</ns3:cad>
          </ns3:TrackPointExtension>
        </extensions>
      </trkpt>
      <trkpt lat="22.54597482271492481231689453125" lon="114.01677587069571018218994140625">
        <ele>10.6000003814697265625</ele>
        <time>2026-09-11T23:03:27.000Z</time>
        <extensions>
          <ns3:TrackPointExtension>
            <ns3:atemp>32.0</ns3:atemp>
            <ns3:hr>166</ns3:hr>
            <ns3:cad>88</ns3:cad>
          </ns3:TrackPointExtension>
        </extensions>
      </trkpt>
      <trkpt lat="22.5459973700344562530517578125" lon="114.01676748879253864288330078125">
        <ele>10.80000019073486328125</ele>
        <time>2026-09-11T23:03:28.000Z</time>
        <extensions>
          <ns3:TrackPointExtension>
            <ns3:atemp>32.0</ns3:atemp>
            <ns3:hr>167</ns3:hr>
            <ns3:cad>88</ns3:cad>
          </ns3:TrackPointExtension>
        </extensions>
      </trkpt>
      <trkpt lat="22.54602880217134952545166015625" lon="114.01675768196582794189453125">
        <ele>10.80000019073486328125</ele>
        <time>2026-09-11T23:03:29.000Z</time>
        <extensions>
          <ns3:TrackPointExtension>
            <ns3:atemp>32.0</ns3:atemp>
            <ns3:hr>167</ns3:hr>
            <ns3:cad>87</ns3:cad>
          </ns3:TrackPointExtension>
        </extensions>
      </trkpt>
      <trkpt lat="22.546055875718593597412109375" lon="114.0167447738349437713623046875">
        <ele>10.80000019073486328125</ele>
        <time>2026-09-11T23:03:30.000Z</time>
        <extensions>
          <ns3:TrackPointExtension>
            <ns3:atemp>32.0</ns3:atemp>
            <ns3:hr>167</ns3:hr>
            <ns3:cad>87</ns3:cad>
          </ns3:TrackPointExtension>
        </extensions>
      </trkpt>
      <trkpt lat="22.54608445800840854644775390625" lon="114.016733877360820770263671875">
        <ele>10.80000019073486328125</ele>
        <time>2026-09-11T23:03:31.000Z</time>
        <extensions>
          <ns3:TrackPointExtension>
            <ns3:atemp>32.0</ns3:atemp>
            <ns3:hr>167</ns3:hr>
            <ns3:cad>87</ns3:cad>
          </ns3:TrackPointExtension>
        </extensions>
      </trkpt>
      <trkpt lat="22.546104490756988525390625" lon="114.01672549545764923095703125">
        <ele>10.80000019073486328125</ele>
        <time>2026-09-11T23:03:32.000Z</time>
        <extensions>
          <ns3:TrackPointExtension>
            <ns3:atemp>32.0</ns3:atemp>
            <ns3:hr>167</ns3:hr>
            <ns3:cad>87</ns3:cad>
          </ns3:TrackPointExtension>
        </extensions>
      </trkpt>
      <trkpt lat="22.54613005556166172027587890625" lon="114.016711078584194183349609375">
        <ele>10.80000019073486328125</ele>
        <time>2026-09-11T23:03:33.000Z</time>
        <extensions>
          <ns3:TrackPointExtension>
            <ns3:atemp>32.0</ns3:atemp>
            <ns3:hr>166</ns3:hr>
            <ns3:cad>88</ns3:cad>
          </ns3:TrackPointExtension>
        </extensions>
      </trkpt>
      <trkpt lat="22.54614866338670253753662109375" lon="114.01669724844396114349365234375">
        <ele>11</ele>
        <time>2026-09-11T23:03:34.000Z</time>
        <extensions>
          <ns3:TrackPointExtension>
            <ns3:atemp>32.0</ns3:atemp>
            <ns3:hr>167</ns3:hr>
            <ns3:cad>88</ns3:cad>
          </ns3:TrackPointExtension>
        </extensions>
      </trkpt>
      <trkpt lat="22.54617397673428058624267578125" lon="114.01668031699955463409423828125">
        <ele>11</ele>
        <time>2026-09-11T23:03:35.000Z</time>
        <extensions>
          <ns3:TrackPointExtension>
            <ns3:atemp>32.0</ns3:atemp>
            <ns3:hr>167</ns3:hr>
            <ns3:cad>88</ns3:cad>
          </ns3:TrackPointExtension>
        </extensions>
      </trkpt>
      <trkpt lat="22.546199373900890350341796875" lon="114.0166653133928775787353515625">
        <ele>11</ele>
        <time>2026-09-11T23:03:36.000Z</time>
        <extensions>
          <ns3:TrackPointExtension>
            <ns3:atemp>32.0</ns3:atemp>
            <ns3:hr>166</ns3:hr>
            <ns3:cad>88</ns3:cad>
          </ns3:TrackPointExtension>
        </extensions>
      </trkpt>
      <trkpt lat="22.54622410051524639129638671875" lon="114.01664662174880504608154296875">
        <ele>11</ele>
        <time>2026-09-11T23:03:37.000Z</time>
        <extensions>
          <ns3:TrackPointExtension>
            <ns3:atemp>32.0</ns3:atemp>
            <ns3:hr>167</ns3:hr>
            <ns3:cad>88</ns3:cad>
          </ns3:TrackPointExtension>
        </extensions>
      </trkpt>
      <trkpt lat="22.5462479889392852783203125" lon="114.016633965075016021728515625">
        <ele>11</ele>
        <time>2026-09-11T23:03:38.000Z</time>
        <extensions>
          <ns3:TrackPointExtension>
            <ns3:atemp>32.0</ns3:atemp>
            <ns3:hr>166</ns3:hr>
            <ns3:cad>87</ns3:cad>
          </ns3:TrackPointExtension>
        </extensions>
      </trkpt>
      <trkpt lat="22.5462749786674976348876953125" lon="114.01661778800189495086669921875">
        <ele>11</ele>
        <time>2026-09-11T23:03:39.000Z</time>
        <extensions>
          <ns3:TrackPointExtension>
            <ns3:atemp>32.0</ns3:atemp>
            <ns3:hr>166</ns3:hr>
            <ns3:cad>87</ns3:cad>
          </ns3:TrackPointExtension>
        </extensions>
      </trkpt>
      <trkpt lat="22.54630305804312229156494140625" lon="114.0166026167571544647216796875">
        <ele>11</ele>
        <time>2026-09-11T23:03:40.000Z</time>
        <extensions>
          <ns3:TrackPointExtension>
            <ns3:atemp>32.0</ns3:atemp>
            <ns3:hr>166</ns3:hr>
            <ns3:cad>87</ns3:cad>
          </ns3:TrackPointExtension>
        </extensions>
      </trkpt>
      <trkpt lat="22.5463215820491313934326171875" lon="114.016587026417255401611328125">
        <ele>11.19999980926513671875</ele>
        <time>2026-09-11T23:03:41.000Z</time>
        <extensions>
          <ns3:TrackPointExtension>
            <ns3:atemp>32.0</ns3:atemp>
            <ns3:hr>166</ns3:hr>
            <ns3:cad>87</ns3:cad>
          </ns3:TrackPointExtension>
        </extensions>
      </trkpt>
      <trkpt lat="22.54634479992091655731201171875" lon="114.016574285924434661865234375">
        <ele>11.19999980926513671875</ele>
        <time>2026-09-11T23:03:42.000Z</time>
        <extensions>
          <ns3:TrackPointExtension>
            <ns3:atemp>32.0</ns3:atemp>
            <ns3:hr>166</ns3:hr>
            <ns3:cad>87</ns3:cad>
          </ns3:TrackPointExtension>
        </extensions>
      </trkpt>
      <trkpt lat="22.5463633239269256591796875" lon="114.01656062342226505279541015625">
        <ele>11.3999996185302734375</ele>
        <time>2026-09-11T23:03:43.000Z</time>
        <extensions>
          <ns3:TrackPointExtension>
            <ns3:atemp>32.0</ns3:atemp>
            <ns3:hr>166</ns3:hr>
            <ns3:cad>87</ns3:cad>
          </ns3:TrackPointExtension>
        </extensions>
      </trkpt>
      <trkpt lat="22.5463847815990447998046875" lon="114.01654654182493686676025390625">
        <ele>11.3999996185302734375</ele>
        <time>2026-09-11T23:03:44.000Z</time>
        <extensions>
          <ns3:TrackPointExtension>
            <ns3:atemp>32.0</ns3:atemp>
            <ns3:hr>166</ns3:hr>
            <ns3:cad>87</ns3:cad>
          </ns3:TrackPointExtension>
        </extensions>
      </trkpt>
      <trkpt lat="22.54639911465346813201904296875" lon="114.016530029475688934326171875">
        <ele>11.6000003814697265625</ele>
        <time>2026-09-11T23:03:45.000Z</time>
        <extensions>
          <ns3:TrackPointExtension>
            <ns3:atemp>32.0</ns3:atemp>
            <ns3:hr>166</ns3:hr>
            <ns3:cad>87</ns3:cad>
          </ns3:TrackPointExtension>
        </extensions>
      </trkpt>
      <trkpt lat="22.546424679458141326904296875" lon="114.016517959535121917724609375">
        <ele>11.6000003814697265625</ele>
        <time>2026-09-11T23:03:46.000Z</time>
        <extensions>
          <ns3:TrackPointExtension>
            <ns3:atemp>32.0</ns3:atemp>
            <ns3:hr>167</ns3:hr>
            <ns3:cad>86</ns3:cad>
          </ns3:TrackPointExtension>
        </extensions>
      </trkpt>
      <trkpt lat="22.54644471220672130584716796875" lon="114.0165077336132526397705078125">
        <ele>11.6000003814697265625</ele>
        <time>2026-09-11T23:03:47.000Z</time>
        <extensions>
          <ns3:TrackPointExtension>
            <ns3:atemp>32.0</ns3:atemp>
            <ns3:hr>167</ns3:hr>
            <ns3:cad>86</ns3:cad>
          </ns3:TrackPointExtension>
        </extensions>
      </trkpt>
      <trkpt lat="22.54646600224077701568603515625" lon="114.01649407111108303070068359375">
        <ele>11.6000003814697265625</ele>
        <time>2026-09-11T23:03:48.000Z</time>
        <extensions>
          <ns3:TrackPointExtension>
            <ns3:atemp>32.0</ns3:atemp>
            <ns3:hr>167</ns3:hr>
            <ns3:cad>86</ns3:cad>
          </ns3:TrackPointExtension>
        </extensions>
      </trkpt>
      <trkpt lat="22.5464868731796741485595703125" lon="114.01647831313312053680419921875">
        <ele>11.6000003814697265625</ele>
        <time>2026-09-11T23:03:49.000Z</time>
        <extensions>
          <ns3:TrackPointExtension>
            <ns3:atemp>32.0</ns3:atemp>
            <ns3:hr>166</ns3:hr>
            <ns3:cad>86</ns3:cad>
          </ns3:TrackPointExtension>
        </extensions>
      </trkpt>
      <trkpt lat="22.5465090014040470123291015625" lon="114.0164618007838726043701171875">
        <ele>11.6000003814697265625</ele>
        <time>2026-09-11T23:03:50.000Z</time>
        <extensions>
          <ns3:TrackPointExtension>
            <ns3:atemp>32.0</ns3:atemp>
            <ns3:hr>167</ns3:hr>
            <ns3:cad>87</ns3:cad>
          </ns3:TrackPointExtension>
        </extensions>
      </trkpt>
      <trkpt lat="22.54653154872357845306396484375" lon="114.01644864119589328765869140625">
        <ele>11.80000019073486328125</ele>
        <time>2026-09-11T23:03:51.000Z</time>
        <extensions>
          <ns3:TrackPointExtension>
            <ns3:atemp>32.0</ns3:atemp>
            <ns3:hr>167</ns3:hr>
            <ns3:cad>87</ns3:cad>
          </ns3:TrackPointExtension>
        </extensions>
      </trkpt>
      <trkpt lat="22.54655468277633190155029296875" lon="114.01643187738955020904541015625">
        <ele>11.80000019073486328125</ele>
        <time>2026-09-11T23:03:52.000Z</time>
        <extensions>
          <ns3:TrackPointExtension>
            <ns3:atemp>32.0</ns3:atemp>
            <ns3:hr>167</ns3:hr>
            <ns3:cad>87</ns3:cad>
          </ns3:TrackPointExtension>
        </extensions>
      </trkpt>
      <trkpt lat="22.546581588685512542724609375" lon="114.01641712523996829986572265625">
        <ele>11.80000019073486328125</ele>
        <time>2026-09-11T23:03:53.000Z</time>
        <extensions>
          <ns3:TrackPointExtension>
            <ns3:atemp>32.0</ns3:atemp>
            <ns3:hr>166</ns3:hr>
            <ns3:cad>88</ns3:cad>
          </ns3:TrackPointExtension>
        </extensions>
      </trkpt>
      <trkpt lat="22.54660413600504398345947265625" lon="114.0164058096706867218017578125">
        <ele>12</ele>
        <time>2026-09-11T23:03:54.000Z</time>
        <extensions>
          <ns3:TrackPointExtension>
            <ns3:atemp>32.0</ns3:atemp>
            <ns3:hr>167</ns3:hr>
            <ns3:cad>88</ns3:cad>
          </ns3:TrackPointExtension>
        </extensions>
      </trkpt>
      <trkpt lat="22.5466320477426052093505859375" lon="114.0163910575211048126220703125">
        <ele>12</ele>
        <time>2026-09-11T23:03:55.000Z</time>
        <extensions>
          <ns3:TrackPointExtension>
            <ns3:atemp>32.0</ns3:atemp>
            <ns3:hr>167</ns3:hr>
            <ns3:cad>88</ns3:cad>
          </ns3:TrackPointExtension>
        </extensions>
      </trkpt>
      <trkpt lat="22.5466528348624706268310546875" lon="114.01637437753379344940185546875">
        <ele>12</ele>
        <time>2026-09-11T23:03:56.000Z</time>
        <extensions>
          <ns3:TrackPointExtension>
            <ns3:atemp>32.0</ns3:atemp>
            <ns3:hr>167</ns3:hr>
            <ns3:cad>88</ns3:cad>
          </ns3:TrackPointExtension>
        </extensions>
      </trkpt>
      <trkpt lat="22.546674795448780059814453125" lon="114.0163558535277843475341796875">
        <ele>12</ele>
        <time>2026-09-11T23:03:57.000Z</time>
        <extensions>
          <ns3:TrackPointExtension>
            <ns3:atemp>32.0</ns3:atemp>
            <ns3:hr>167</ns3:hr>
            <ns3:cad>87</ns3:cad>
          </ns3:TrackPointExtension>
        </extensions>
      </trkpt>
      <trkpt lat="22.54669751040637493133544921875" lon="114.01633883826434612274169921875">
        <ele>12.19999980926513671875</ele>
        <time>2026-09-11T23:03:58.000Z</time>
        <extensions>
          <ns3:TrackPointExtension>
            <ns3:atemp>32.0</ns3:atemp>
            <ns3:hr>166</ns3:hr>
            <ns3:cad>87</ns3:cad>
          </ns3:TrackPointExtension>
        </extensions>
      </trkpt>
      <trkpt lat="22.54672299139201641082763671875" lon="114.0163246728479862213134765625">
        <ele>12.19999980926513671875</ele>
        <time>2026-09-11T23:03:59.000Z</time>
        <extensions>
          <ns3:TrackPointExtension>
            <ns3:atemp>32.0</ns3:atemp>
            <ns3:hr>167</ns3:hr>
            <ns3:cad>87</ns3:cad>
          </ns3:TrackPointExtension>
        </extensions>
      </trkpt>
      <trkpt lat="22.54674545489251613616943359375" lon="114.016316123306751251220703125">
        <ele>12.19999980926513671875</ele>
        <time>2026-09-11T23:04:00.000Z</time>
        <extensions>
          <ns3:TrackPointExtension>
            <ns3:atemp>32.0</ns3:atemp>
            <ns3:hr>167</ns3:hr>
            <ns3:cad>87</ns3:cad>
          </ns3:TrackPointExtension>
        </extensions>
      </trkpt>
      <trkpt lat="22.546769343316555023193359375" lon="114.0163050591945648193359375">
        <ele>12.19999980926513671875</ele>
        <time>2026-09-11T23:04:01.000Z</time>
        <extensions>
          <ns3:TrackPointExtension>
            <ns3:atemp>32.0</ns3:atemp>
            <ns3:hr>167</ns3:hr>
            <ns3:cad>87</ns3:cad>
          </ns3:TrackPointExtension>
        </extensions>
      </trkpt>
      <trkpt lat="22.54679138772189617156982421875" lon="114.01629022322595119476318359375">
        <ele>12.19999980926513671875</ele>
        <time>2026-09-11T23:04:02.000Z</time>
        <extensions>
          <ns3:TrackPointExtension>
            <ns3:atemp>32.0</ns3:atemp>
            <ns3:hr>167</ns3:hr>
            <ns3:cad>87</ns3:cad>
          </ns3:TrackPointExtension>
        </extensions>
      </trkpt>
      <trkpt lat="22.546815611422061920166015625" lon="114.0162760578095912933349609375">
        <ele>12.19999980926513671875</ele>
        <time>2026-09-11T23:04:03.000Z</time>
        <extensions>
          <ns3:TrackPointExtension>
            <ns3:atemp>32.0</ns3:atemp>
            <ns3:hr>167</ns3:hr>
            <ns3:cad>87</ns3:cad>
          </ns3:TrackPointExtension>
        </extensions>
      </trkpt>
      <trkpt lat="22.546842433512210845947265625" lon="114.01625988073647022247314453125">
        <ele>12.19999980926513671875</ele>
        <time>2026-09-11T23:04:04.000Z</time>
        <extensions>
          <ns3:TrackPointExtension>
            <ns3:atemp>32.0</ns3:atemp>
            <ns3:hr>167</ns3:hr>
            <ns3:cad>87</ns3:cad>
          </ns3:TrackPointExtension>
        </extensions>
      </trkpt>
      <trkpt lat="22.54686414264142513275146484375" lon="114.01624697260558605194091796875">
        <ele>12.3999996185302734375</ele>
        <time>2026-09-11T23:04:05.000Z</time>
        <extensions>
          <ns3:TrackPointExtension>
            <ns3:atemp>32.0</ns3:atemp>
            <ns3:hr>167</ns3:hr>
            <ns3:cad>87</ns3:cad>
          </ns3:TrackPointExtension>
        </extensions>
      </trkpt>
      <trkpt lat="22.5468895398080348968505859375" lon="114.0162321366369724273681640625">
        <ele>12.3999996185302734375</ele>
        <time>2026-09-11T23:04:06.000Z</time>
        <extensions>
          <ns3:TrackPointExtension>
            <ns3:atemp>32.0</ns3:atemp>
            <ns3:hr>167</ns3:hr>
            <ns3:cad>87</ns3:cad>
          </ns3:TrackPointExtension>
        </extensions>
      </trkpt>
      <trkpt lat="22.5469146855175495147705078125" lon="114.01621880941092967987060546875">
        <ele>12.3999996185302734375</ele>
        <time>2026-09-11T23:04:07.000Z</time>
        <extensions>
          <ns3:TrackPointExtension>
            <ns3:atemp>32.0</ns3:atemp>
            <ns3:hr>168</ns3:hr>
            <ns3:cad>87</ns3:cad>
          </ns3:TrackPointExtension>
        </extensions>
      </trkpt>
      <trkpt lat="22.54694595001637935638427734375" lon="114.0162022970616817474365234375">
        <ele>12.6000003814697265625</ele>
        <time>2026-09-11T23:04:08.000Z</time>
        <extensions>
          <ns3:TrackPointExtension>
            <ns3:atemp>32.0</ns3:atemp>
            <ns3:hr>168</ns3:hr>
            <ns3:cad>87</ns3:cad>
          </ns3:TrackPointExtension>
        </extensions>
      </trkpt>
      <trkpt lat="22.54697059281170368194580078125" lon="114.01618494652211666107177734375">
        <ele>12.6000003814697265625</ele>
        <time>2026-09-11T23:04:09.000Z</time>
        <extensions>
          <ns3:TrackPointExtension>
            <ns3:atemp>32.0</ns3:atemp>
            <ns3:hr>168</ns3:hr>
            <ns3:cad>87</ns3:cad>
          </ns3:TrackPointExtension>
        </extensions>
      </trkpt>
      <trkpt lat="22.5469958223402500152587890625" lon="114.01616566814482212066650390625">
        <ele>12.6000003814697265625</ele>
        <time>2026-09-11T23:04:10.000Z</time>
        <extensions>
          <ns3:TrackPointExtension>
            <ns3:atemp>32.0</ns3:atemp>
            <ns3:hr>168</ns3:hr>
            <ns3:cad>87</ns3:cad>
          </ns3:TrackPointExtension>
        </extensions>
      </trkpt>
      <trkpt lat="22.5470236502587795257568359375" lon="114.016149155795574188232421875">
        <ele>12.6000003814697265625</ele>
        <time>2026-09-11T23:04:11.000Z</time>
        <extensions>
          <ns3:TrackPointExtension>
            <ns3:atemp>32.0</ns3:atemp>
            <ns3:hr>169</ns3:hr>
            <ns3:cad>87</ns3:cad>
          </ns3:TrackPointExtension>
        </extensions>
      </trkpt>
      <trkpt lat="22.5470451079308986663818359375" lon="114.0161339007318019866943359375">
        <ele>12.6000003814697265625</ele>
        <time>2026-09-11T23:04:12.000Z</time>
        <extensions>
          <ns3:TrackPointExtension>
            <ns3:atemp>32.0</ns3:atemp>
            <ns3:hr>169</ns3:hr>
            <ns3:cad>87</ns3:cad>
          </ns3:TrackPointExtension>
        </extensions>
      </trkpt>
      <trkpt lat="22.54707343876361846923828125" lon="114.01612065732479095458984375">
        <ele>12.6000003814697265625</ele>
        <time>2026-09-11T23:04:13.000Z</time>
        <extensions>
          <ns3:TrackPointExtension>
            <ns3:atemp>32.0</ns3:atemp>
            <ns3:hr>169</ns3:hr>
            <ns3:cad>87</ns3:cad>
          </ns3:TrackPointExtension>
        </extensions>
      </trkpt>
      <trkpt lat="22.547098584473133087158203125" lon="114.01610833592712879180908203125">
        <ele>12.80000019073486328125</ele>
        <time>2026-09-11T23:04:14.000Z</time>
        <extensions>
          <ns3:TrackPointExtension>
            <ns3:atemp>32.0</ns3:atemp>
            <ns3:hr>169</ns3:hr>
            <ns3:cad>86</ns3:cad>
          </ns3:TrackPointExtension>
        </extensions>
      </trkpt>
      <trkpt lat="22.54712448455393314361572265625" lon="114.01609827764332294464111328125">
        <ele>12.80000019073486328125</ele>
        <time>2026-09-11T23:04:15.000Z</time>
        <extensions>
          <ns3:TrackPointExtension>
            <ns3:atemp>32.0</ns3:atemp>
            <ns3:hr>168</ns3:hr>
            <ns3:cad>86</ns3:cad>
          </ns3:TrackPointExtension>
        </extensions>
      </trkpt>
      <trkpt lat="22.54714057780802249908447265625" lon="114.01608285494148731231689453125">
        <ele>12.80000019073486328125</ele>
        <time>2026-09-11T23:04:16.000Z</time>
        <extensions>
          <ns3:TrackPointExtension>
            <ns3:atemp>32.0</ns3:atemp>
            <ns3:hr>168</ns3:hr>
            <ns3:cad>86</ns3:cad>
          </ns3:TrackPointExtension>
        </extensions>
      </trkpt>
      <trkpt lat="22.5471661426126956939697265625" lon="114.01606525294482707977294921875">
        <ele>12.80000019073486328125</ele>
        <time>2026-09-11T23:04:17.000Z</time>
        <extensions>
          <ns3:TrackPointExtension>
            <ns3:atemp>32.0</ns3:atemp>
            <ns3:hr>168</ns3:hr>
            <ns3:cad>86</ns3:cad>
          </ns3:TrackPointExtension>
        </extensions>
      </trkpt>
      <trkpt lat="22.54718877375125885009765625" lon="114.0160502493381500244140625">
        <ele>13</ele>
        <time>2026-09-11T23:04:18.000Z</time>
        <extensions>
          <ns3:TrackPointExtension>
            <ns3:atemp>32.0</ns3:atemp>
            <ns3:hr>168</ns3:hr>
            <ns3:cad>86</ns3:cad>
          </ns3:TrackPointExtension>
        </extensions>
      </trkpt>
      <trkpt lat="22.5472134165465831756591796875" lon="114.0160341560840606689453125">
        <ele>12.80000019073486328125</ele>
        <time>2026-09-11T23:04:19.000Z</time>
        <extensions>
          <ns3:TrackPointExtension>
            <ns3:atemp>32.0</ns3:atemp>
            <ns3:hr>169</ns3:hr>
            <ns3:cad>86</ns3:cad>
          </ns3:TrackPointExtension>
        </extensions>
      </trkpt>
      <trkpt lat="22.547242082655429840087890625" lon="114.0160195715725421905517578125">
        <ele>13</ele>
        <time>2026-09-11T23:04:20.000Z</time>
        <extensions>
          <ns3:TrackPointExtension>
            <ns3:atemp>32.0</ns3:atemp>
            <ns3:hr>168</ns3:hr>
            <ns3:cad>86</ns3:cad>
          </ns3:TrackPointExtension>
        </extensions>
      </trkpt>
      <trkpt lat="22.54726278595626354217529296875" lon="114.01600171811878681182861328125">
        <ele>13</ele>
        <time>2026-09-11T23:04:21.000Z</time>
        <extensions>
          <ns3:TrackPointExtension>
            <ns3:atemp>32.0</ns3:atemp>
            <ns3:hr>168</ns3:hr>
            <ns3:cad>86</ns3:cad>
          </ns3:TrackPointExtension>
        </extensions>
      </trkpt>
      <trkpt lat="22.547290027141571044921875" lon="114.01598453521728515625">
        <ele>13</ele>
        <time>2026-09-11T23:04:22.000Z</time>
        <extensions>
          <ns3:TrackPointExtension>
            <ns3:atemp>31.0</ns3:atemp>
            <ns3:hr>169</ns3:hr>
            <ns3:cad>87</ns3:cad>
          </ns3:TrackPointExtension>
        </extensions>
      </trkpt>
      <trkpt lat="22.54731073044240474700927734375" lon="114.01597204618155956268310546875">
        <ele>13</ele>
        <time>2026-09-11T23:04:23.000Z</time>
        <extensions>
          <ns3:TrackPointExtension>
            <ns3:atemp>32.0</ns3:atemp>
            <ns3:hr>169</ns3:hr>
            <ns3:cad>87</ns3:cad>
          </ns3:TrackPointExtension>
        </extensions>
      </trkpt>
      <trkpt lat="22.5473314337432384490966796875" lon="114.01595712639391422271728515625">
        <ele>13.19999980926513671875</ele>
        <time>2026-09-11T23:04:24.000Z</time>
        <extensions>
          <ns3:TrackPointExtension>
            <ns3:atemp>32.0</ns3:atemp>
            <ns3:hr>169</ns3:hr>
            <ns3:cad>87</ns3:cad>
          </ns3:TrackPointExtension>
        </extensions>
      </trkpt>
      <trkpt lat="22.54735280759632587432861328125" lon="114.015939272940158843994140625">
        <ele>13.19999980926513671875</ele>
        <time>2026-09-11T23:04:25.000Z</time>
        <extensions>
          <ns3:TrackPointExtension>
            <ns3:atemp>32.0</ns3:atemp>
            <ns3:hr>170</ns3:hr>
            <ns3:cad>87</ns3:cad>
          </ns3:TrackPointExtension>
        </extensions>
      </trkpt>
      <trkpt lat="22.54737543873488903045654296875" lon="114.01592242531478404998779296875">
        <ele>13.3999996185302734375</ele>
        <time>2026-09-11T23:04:26.000Z</time>
        <extensions>
          <ns3:TrackPointExtension>
            <ns3:atemp>32.0</ns3:atemp>
            <ns3:hr>170</ns3:hr>
            <ns3:cad>87</ns3:cad>
          </ns3:TrackPointExtension>
        </extensions>
      </trkpt>
      <trkpt lat="22.5473914481699466705322265625" lon="114.01589677669107913970947265625">
        <ele>13.3999996185302734375</ele>
        <time>2026-09-11T23:04:27.000Z</time>
        <extensions>
          <ns3:TrackPointExtension>
            <ns3:atemp>32.0</ns3:atemp>
            <ns3:hr>170</ns3:hr>
            <ns3:cad>87</ns3:cad>
          </ns3:TrackPointExtension>
        </extensions>
      </trkpt>
      <trkpt lat="22.5474107265472412109375" lon="114.015874229371547698974609375">
        <ele>13.6000003814697265625</ele>
        <time>2026-09-11T23:04:28.000Z</time>
        <extensions>
          <ns3:TrackPointExtension>
            <ns3:atemp>32.0</ns3:atemp>
            <ns3:hr>169</ns3:hr>
            <ns3:cad>87</ns3:cad>
          </ns3:TrackPointExtension>
        </extensions>
      </trkpt>
      <trkpt lat="22.54743377678096294403076171875" lon="114.0158556215465068817138671875">
        <ele>13.6000003814697265625</ele>
        <time>2026-09-11T23:04:29.000Z</time>
        <extensions>
          <ns3:TrackPointExtension>
            <ns3:atemp>32.0</ns3:atemp>
            <ns3:hr>169</ns3:hr>
            <ns3:cad>87</ns3:cad>
          </ns3:TrackPointExtension>
        </extensions>
      </trkpt>
      <trkpt lat="22.547455318272113800048828125" lon="114.01583634316921234130859375">
        <ele>13.6000003814697265625</ele>
        <time>2026-09-11T23:04:30.000Z</time>
        <extensions>
          <ns3:TrackPointExtension>
            <ns3:atemp>32.0</ns3:atemp>
            <ns3:hr>168</ns3:hr>
            <ns3:cad>87</ns3:cad>
          </ns3:TrackPointExtension>
        </extensions>
      </trkpt>
      <trkpt lat="22.54747635684907436370849609375" lon="114.01581882499158382415771484375">
        <ele>13.6000003814697265625</ele>
        <time>2026-09-11T23:04:31.000Z</time>
        <extensions>
          <ns3:TrackPointExtension>
            <ns3:atemp>32.0</ns3:atemp>
            <ns3:hr>168</ns3:hr>
            <ns3:cad>87</ns3:cad>
          </ns3:TrackPointExtension>
        </extensions>
      </trkpt>
      <trkpt lat="22.547493539750576019287109375" lon="114.01580055244266986846923828125">
        <ele>13.6000003814697265625</ele>
        <time>2026-09-11T23:04:32.000Z</time>
        <extensions>
          <ns3:TrackPointExtension>
            <ns3:atemp>31.0</ns3:atemp>
            <ns3:hr>167</ns3:hr>
            <ns3:cad>87</ns3:cad>
          </ns3:TrackPointExtension>
        </extensions>
      </trkpt>
      <trkpt lat="22.5475144945085048675537109375" lon="114.01578404009342193603515625">
        <ele>13.6000003814697265625</ele>
        <time>2026-09-11T23:04:33.000Z</time>
        <extensions>
          <ns3:TrackPointExtension>
            <ns3:atemp>32.0</ns3:atemp>
            <ns3:hr>167</ns3:hr>
            <ns3:cad>87</ns3:cad>
          </ns3:TrackPointExtension>
        </extensions>
      </trkpt>
      <trkpt lat="22.54753100685775279998779296875" lon="114.015763588249683380126953125">
        <ele>13.6000003814697265625</ele>
        <time>2026-09-11T23:04:34.000Z</time>
        <extensions>
          <ns3:TrackPointExtension>
            <ns3:atemp>32.0</ns3:atemp>
            <ns3:hr>167</ns3:hr>
            <ns3:cad>87</ns3:cad>
          </ns3:TrackPointExtension>
        </extensions>
      </trkpt>
      <trkpt lat="22.547557242214679718017578125" lon="114.0157439745962619781494140625">
        <ele>13.6000003814697265625</ele>
        <time>2026-09-11T23:04:35.000Z</time>
        <extensions>
          <ns3:TrackPointExtension>
            <ns3:atemp>32.0</ns3:atemp>
            <ns3:hr>168</ns3:hr>
            <ns3:cad>87</ns3:cad>
          </ns3:TrackPointExtension>
        </extensions>
      </trkpt>
      <trkpt lat="22.5475783646106719970703125" lon="114.015725366771221160888671875">
        <ele>13.6000003814697265625</ele>
        <time>2026-09-11T23:04:36.000Z</time>
        <extensions>
          <ns3:TrackPointExtension>
            <ns3:atemp>32.0</ns3:atemp>
            <ns3:hr>168</ns3:hr>
            <ns3:cad>87</ns3:cad>
          </ns3:TrackPointExtension>
        </extensions>
      </trkpt>
      <trkpt lat="22.54760451614856719970703125" lon="114.01570315472781658172607421875">
        <ele>13.6000003814697265625</ele>
        <time>2026-09-11T23:04:37.000Z</time>
        <extensions>
          <ns3:TrackPointExtension>
            <ns3:atemp>31.0</ns3:atemp>
            <ns3:hr>168</ns3:hr>
            <ns3:cad>87</ns3:cad>
          </ns3:TrackPointExtension>
        </extensions>
      </trkpt>
      <trkpt lat="22.54762907512485980987548828125" lon="114.01568370871245861053466796875">
        <ele>13.80000019073486328125</ele>
        <time>2026-09-11T23:04:38.000Z</time>
        <extensions>
          <ns3:TrackPointExtension>
            <ns3:atemp>32.0</ns3:atemp>
            <ns3:hr>168</ns3:hr>
            <ns3:cad>87</ns3:cad>
          </ns3:TrackPointExtension>
        </extensions>
      </trkpt>
      <trkpt lat="22.54765874706208705902099609375" lon="114.01566409505903720855712890625">
        <ele>13.80000019073486328125</ele>
        <time>2026-09-11T23:04:39.000Z</time>
        <extensions>
          <ns3:TrackPointExtension>
            <ns3:atemp>32.0</ns3:atemp>
            <ns3:hr>168</ns3:hr>
            <ns3:cad>87</ns3:cad>
          </ns3:TrackPointExtension>
        </extensions>
      </trkpt>
      <trkpt lat="22.547685317695140838623046875" lon="114.01564850471913814544677734375">
        <ele>14</ele>
        <time>2026-09-11T23:04:40.000Z</time>
        <extensions>
          <ns3:TrackPointExtension>
            <ns3:atemp>32.0</ns3:atemp>
            <ns3:hr>169</ns3:hr>
            <ns3:cad>87</ns3:cad>
          </ns3:TrackPointExtension>
        </extensions>
      </trkpt>
      <trkpt lat="22.5477092899382114410400390625" lon="114.01563224382698535919189453125">
        <ele>14</ele>
        <time>2026-09-11T23:04:41.000Z</time>
        <extensions>
          <ns3:TrackPointExtension>
            <ns3:atemp>31.0</ns3:atemp>
            <ns3:hr>168</ns3:hr>
            <ns3:cad>88</ns3:cad>
          </ns3:TrackPointExtension>
        </extensions>
      </trkpt>
      <trkpt lat="22.5477330945432186126708984375" lon="114.01561531238257884979248046875">
        <ele>14.19999980926513671875</ele>
        <time>2026-09-11T23:04:42.000Z</time>
        <extensions>
          <ns3:TrackPointExtension>
            <ns3:atemp>31.0</ns3:atemp>
            <ns3:hr>168</ns3:hr>
            <ns3:cad>88</ns3:cad>
          </ns3:TrackPointExtension>
        </extensions>
      </trkpt>
      <trkpt lat="22.54775471985340118408203125" lon="114.015595950186252593994140625">
        <ele>14.3999996185302734375</ele>
        <time>2026-09-11T23:04:43.000Z</time>
        <extensions>
          <ns3:TrackPointExtension>
            <ns3:atemp>32.0</ns3:atemp>
            <ns3:hr>168</ns3:hr>
            <ns3:cad>87</ns3:cad>
          </ns3:TrackPointExtension>
        </extensions>
      </trkpt>
      <trkpt lat="22.54778095521032810211181640625" lon="114.0155754983425140380859375">
        <ele>14.3999996185302734375</ele>
        <time>2026-09-11T23:04:44.000Z</time>
        <extensions>
          <ns3:TrackPointExtension>
            <ns3:atemp>31.0</ns3:atemp>
            <ns3:hr>169</ns3:hr>
            <ns3:cad>87</ns3:cad>
          </ns3:TrackPointExtension>
        </extensions>
      </trkpt>
      <trkpt lat="22.54780526272952556610107421875" lon="114.01555999182164669036865234375">
        <ele>14.6000003814697265625</ele>
        <time>2026-09-11T23:04:45.000Z</time>
        <extensions>
          <ns3:TrackPointExtension>
            <ns3:atemp>32.0</ns3:atemp>
            <ns3:hr>169</ns3:hr>
            <ns3:cad>87</ns3:cad>
          </ns3:TrackPointExtension>
        </extensions>
      </trkpt>
      <trkpt lat="22.54782848060131072998046875" lon="114.01554272510111331939697265625">
        <ele>14.6000003814697265625</ele>
        <time>2026-09-11T23:04:46.000Z</time>
        <extensions>
          <ns3:TrackPointExtension>
            <ns3:atemp>32.0</ns3:atemp>
            <ns3:hr>170</ns3:hr>
            <ns3:cad>87</ns3:cad>
          </ns3:TrackPointExtension>
        </extensions>
      </trkpt>
      <trkpt lat="22.5478477589786052703857421875" lon="114.0155220218002796173095703125">
        <ele>14.3999996185302734375</ele>
        <time>2026-09-11T23:04:47.000Z</time>
        <extensions>
          <ns3:TrackPointExtension>
            <ns3:atemp>31.0</ns3:atemp>
            <ns3:hr>170</ns3:hr>
            <ns3:cad>87</ns3:cad>
          </ns3:TrackPointExtension>
        </extensions>
      </trkpt>
      <trkpt lat="22.547873742878437042236328125" lon="114.015503413975238800048828125">
        <ele>14.3999996185302734375</ele>
        <time>2026-09-11T23:04:48.000Z</time>
        <extensions>
          <ns3:TrackPointExtension>
            <ns3:atemp>32.0</ns3:atemp>
            <ns3:hr>170</ns3:hr>
            <ns3:cad>87</ns3:cad>
          </ns3:TrackPointExtension>
        </extensions>
      </trkpt>
      <trkpt lat="22.547895200550556182861328125" lon="114.01548740454018115997314453125">
        <ele>14.3999996185302734375</ele>
        <time>2026-09-11T23:04:49.000Z</time>
        <extensions>
          <ns3:TrackPointExtension>
            <ns3:atemp>32.0</ns3:atemp>
            <ns3:hr>170</ns3:hr>
            <ns3:cad>87</ns3:cad>
          </ns3:TrackPointExtension>
        </extensions>
      </trkpt>
      <trkpt lat="22.54792076535522937774658203125" lon="114.01547315530478954315185546875">
        <ele>14.3999996185302734375</ele>
        <time>2026-09-11T23:04:50.000Z</time>
        <extensions>
          <ns3:TrackPointExtension>
            <ns3:atemp>32.0</ns3:atemp>
            <ns3:hr>170</ns3:hr>
            <ns3:cad>87</ns3:cad>
          </ns3:TrackPointExtension>
        </extensions>
      </trkpt>
      <trkpt lat="22.54794473759829998016357421875" lon="114.01545236818492412567138671875">
        <ele>14.3999996185302734375</ele>
        <time>2026-09-11T23:04:51.000Z</time>
        <extensions>
          <ns3:TrackPointExtension>
            <ns3:atemp>31.0</ns3:atemp>
            <ns3:hr>171</ns3:hr>
            <ns3:cad>88</ns3:cad>
          </ns3:TrackPointExtension>
        </extensions>
      </trkpt>
      <trkpt lat="22.54797072149813175201416015625" lon="114.01543292216956615447998046875">
        <ele>14.3999996185302734375</ele>
        <time>2026-09-11T23:04:52.000Z</time>
        <extensions>
          <ns3:TrackPointExtension>
            <ns3:atemp>32.0</ns3:atemp>
            <ns3:hr>171</ns3:hr>
            <ns3:cad>87</ns3:cad>
          </ns3:TrackPointExtension>
        </extensions>
      </trkpt>
      <trkpt lat="22.547994442284107208251953125" lon="114.01541247032582759857177734375">
        <ele>14.3999996185302734375</ele>
        <time>2026-09-11T23:04:53.000Z</time>
        <extensions>
          <ns3:TrackPointExtension>
            <ns3:atemp>32.0</ns3:atemp>
            <ns3:hr>171</ns3:hr>
            <ns3:cad>87</ns3:cad>
          </ns3:TrackPointExtension>
        </extensions>
      </trkpt>
      <trkpt lat="22.54801229573786258697509765625" lon="114.01539939455687999725341796875">
        <ele>14.3999996185302734375</ele>
        <time>2026-09-11T23:04:54.000Z</time>
        <extensions>
          <ns3:TrackPointExtension>
            <ns3:atemp>31.0</ns3:atemp>
            <ns3:hr>171</ns3:hr>
            <ns3:cad>87</ns3:cad>
          </ns3:TrackPointExtension>
        </extensions>
      </trkpt>
      <trkpt lat="22.5480378605425357818603515625" lon="114.015378020703792572021484375">
        <ele>14.6000003814697265625</ele>
        <time>2026-09-11T23:04:55.000Z</time>
        <extensions>
          <ns3:TrackPointExtension>
            <ns3:atemp>31.0</ns3:atemp>
            <ns3:hr>171</ns3:hr>
            <ns3:cad>87</ns3:cad>
          </ns3:TrackPointExtension>
        </extensions>
      </trkpt>
      <trkpt lat="22.548058144748210906982421875" lon="114.0153610892593860626220703125">
        <ele>14.6000003814697265625</ele>
        <time>2026-09-11T23:04:56.000Z</time>
        <extensions>
          <ns3:TrackPointExtension>
            <ns3:atemp>32.0</ns3:atemp>
            <ns3:hr>172</ns3:hr>
            <ns3:cad>87</ns3:cad>
          </ns3:TrackPointExtension>
        </extensions>
      </trkpt>
      <trkpt lat="22.5480894930660724639892578125" lon="114.01534172706305980682373046875">
        <ele>14.80000019073486328125</ele>
        <time>2026-09-11T23:04:57.000Z</time>
        <extensions>
          <ns3:TrackPointExtension>
            <ns3:atemp>32.0</ns3:atemp>
            <ns3:hr>172</ns3:hr>
            <ns3:cad>87</ns3:cad>
          </ns3:TrackPointExtension>
        </extensions>
      </trkpt>
      <trkpt lat="22.54810969345271587371826171875" lon="114.015327058732509613037109375">
        <ele>15</ele>
        <time>2026-09-11T23:04:58.000Z</time>
        <extensions>
          <ns3:TrackPointExtension>
            <ns3:atemp>31.0</ns3:atemp>
            <ns3:hr>173</ns3:hr>
            <ns3:cad>88</ns3:cad>
          </ns3:TrackPointExtension>
        </extensions>
      </trkpt>
      <trkpt lat="22.54813601262867450714111328125" lon="114.015306942164897918701171875">
        <ele>15</ele>
        <time>2026-09-11T23:04:59.000Z</time>
        <extensions>
          <ns3:TrackPointExtension>
            <ns3:atemp>32.0</ns3:atemp>
            <ns3:hr>173</ns3:hr>
            <ns3:cad>88</ns3:cad>
          </ns3:TrackPointExtension>
        </extensions>
      </trkpt>
      <trkpt lat="22.5481615774333477020263671875" lon="114.0152890048921108245849609375">
        <ele>15.19999980926513671875</ele>
        <time>2026-09-11T23:05:00.000Z</time>
        <extensions>
          <ns3:TrackPointExtension>
            <ns3:atemp>31.0</ns3:atemp>
            <ns3:hr>173</ns3:hr>
            <ns3:cad>87</ns3:cad>
          </ns3:TrackPointExtension>
        </extensions>
      </trkpt>
      <trkpt lat="22.54818714223802089691162109375" lon="114.0152719058096408843994140625">
        <ele>15.19999980926513671875</ele>
        <time>2026-09-11T23:05:01.000Z</time>
        <extensions>
          <ns3:TrackPointExtension>
            <ns3:atemp>31.0</ns3:atemp>
            <ns3:hr>173</ns3:hr>
            <ns3:cad>87</ns3:cad>
          </ns3:TrackPointExtension>
        </extensions>
      </trkpt>
      <trkpt lat="22.54820843227207660675048828125" lon="114.01525556109845638275146484375">
        <ele>15</ele>
        <time>2026-09-11T23:05:02.000Z</time>
        <extensions>
          <ns3:TrackPointExtension>
            <ns3:atemp>31.0</ns3:atemp>
            <ns3:hr>173</ns3:hr>
            <ns3:cad>87</ns3:cad>
          </ns3:TrackPointExtension>
        </extensions>
      </trkpt>
      <trkpt lat="22.54823072813451290130615234375" lon="114.015239216387271881103515625">
        <ele>15</ele>
        <time>2026-09-11T23:05:03.000Z</time>
        <extensions>
          <ns3:TrackPointExtension>
            <ns3:atemp>31.0</ns3:atemp>
            <ns3:hr>174</ns3:hr>
            <ns3:cad>87</ns3:cad>
          </ns3:TrackPointExtension>
        </extensions>
      </trkpt>
      <trkpt lat="22.548257969319820404052734375" lon="114.015222452580928802490234375">
        <ele>15.19999980926513671875</ele>
        <time>2026-09-11T23:05:04.000Z</time>
        <extensions>
          <ns3:TrackPointExtension>
            <ns3:atemp>31.0</ns3:atemp>
            <ns3:hr>174</ns3:hr>
            <ns3:cad>88</ns3:cad>
          </ns3:TrackPointExtension>
        </extensions>
      </trkpt>
      <trkpt lat="22.54827967844903469085693359375" lon="114.015203006565570831298828125">
        <ele>15.3999996185302734375</ele>
        <time>2026-09-11T23:05:05.000Z</time>
        <extensions>
          <ns3:TrackPointExtension>
            <ns3:atemp>31.0</ns3:atemp>
            <ns3:hr>174</ns3:hr>
            <ns3:cad>88</ns3:cad>
          </ns3:TrackPointExtension>
        </extensions>
      </trkpt>
      <trkpt lat="22.54830549471080303192138671875" lon="114.0151854045689105987548828125">
        <ele>15.6000003814697265625</ele>
        <time>2026-09-11T23:05:06.000Z</time>
        <extensions>
          <ns3:TrackPointExtension>
            <ns3:atemp>31.0</ns3:atemp>
            <ns3:hr>174</ns3:hr>
            <ns3:cad>88</ns3:cad>
          </ns3:TrackPointExtension>
        </extensions>
      </trkpt>
      <trkpt lat="22.548326365649700164794921875" lon="114.0151662938296794891357421875">
        <ele>15.80000019073486328125</ele>
        <time>2026-09-11T23:05:07.000Z</time>
        <extensions>
          <ns3:TrackPointExtension>
            <ns3:atemp>31.0</ns3:atemp>
            <ns3:hr>174</ns3:hr>
            <ns3:cad>88</ns3:cad>
          </ns3:TrackPointExtension>
        </extensions>
      </trkpt>
      <trkpt lat="22.548355869948863983154296875" lon="114.0151478536427021026611328125">
        <ele>15.80000019073486328125</ele>
        <time>2026-09-11T23:05:08.000Z</time>
        <extensions>
          <ns3:TrackPointExtension>
            <ns3:atemp>31.0</ns3:atemp>
            <ns3:hr>175</ns3:hr>
            <ns3:cad>88</ns3:cad>
          </ns3:TrackPointExtension>
        </extensions>
      </trkpt>
      <trkpt lat="22.54837833344936370849609375" lon="114.01513234712183475494384765625">
        <ele>15.80000019073486328125</ele>
        <time>2026-09-11T23:05:09.000Z</time>
        <extensions>
          <ns3:TrackPointExtension>
            <ns3:atemp>31.0</ns3:atemp>
            <ns3:hr>175</ns3:hr>
            <ns3:cad>88</ns3:cad>
          </ns3:TrackPointExtension>
        </extensions>
      </trkpt>
      <trkpt lat="22.54840725101530551910400390625" lon="114.01511440984904766082763671875">
        <ele>15.80000019073486328125</ele>
        <time>2026-09-11T23:05:10.000Z</time>
        <extensions>
          <ns3:TrackPointExtension>
            <ns3:atemp>31.0</ns3:atemp>
            <ns3:hr>175</ns3:hr>
            <ns3:cad>87</ns3:cad>
          </ns3:TrackPointExtension>
        </extensions>
      </trkpt>
      <trkpt lat="22.548427619040012359619140625" lon="114.0150978974997997283935546875">
        <ele>15.80000019073486328125</ele>
        <time>2026-09-11T23:05:11.000Z</time>
        <extensions>
          <ns3:TrackPointExtension>
            <ns3:atemp>31.0</ns3:atemp>
            <ns3:hr>175</ns3:hr>
            <ns3:cad>88</ns3:cad>
          </ns3:TrackPointExtension>
        </extensions>
      </trkpt>
      <trkpt lat="22.54845754243433475494384765625" lon="114.0150824747979640960693359375">
        <ele>15.80000019073486328125</ele>
        <time>2026-09-11T23:05:12.000Z</time>
        <extensions>
          <ns3:TrackPointExtension>
            <ns3:atemp>31.0</ns3:atemp>
            <ns3:hr>175</ns3:hr>
            <ns3:cad>88</ns3:cad>
          </ns3:TrackPointExtension>
        </extensions>
      </trkpt>
      <trkpt lat="22.54848067648708820343017578125" lon="114.0150616876780986785888671875">
        <ele>16</ele>
        <time>2026-09-11T23:05:13.000Z</time>
        <extensions>
          <ns3:TrackPointExtension>
            <ns3:atemp>31.0</ns3:atemp>
            <ns3:hr>176</ns3:hr>
            <ns3:cad>88</ns3:cad>
          </ns3:TrackPointExtension>
        </extensions>
      </trkpt>
      <trkpt lat="22.54851638339459896087646484375" lon="114.01504375040531158447265625">
        <ele>16.200000762939453125</ele>
        <time>2026-09-11T23:05:14.000Z</time>
        <extensions>
          <ns3:TrackPointExtension>
            <ns3:atemp>31.0</ns3:atemp>
            <ns3:hr>176</ns3:hr>
            <ns3:cad>88</ns3:cad>
          </ns3:TrackPointExtension>
        </extensions>
      </trkpt>
      <trkpt lat="22.54854069091379642486572265625" lon="114.0150271542370319366455078125">
        <ele>16.200000762939453125</ele>
        <time>2026-09-11T23:05:15.000Z</time>
        <extensions>
          <ns3:TrackPointExtension>
            <ns3:atemp>31.0</ns3:atemp>
            <ns3:hr>175</ns3:hr>
            <ns3:cad>88</ns3:cad>
          </ns3:TrackPointExtension>
        </extensions>
      </trkpt>
      <trkpt lat="22.54856918938457965850830078125" lon="114.0150070376694202423095703125">
        <ele>16.3999996185302734375</ele>
        <time>2026-09-11T23:05:16.000Z</time>
        <extensions>
          <ns3:TrackPointExtension>
            <ns3:atemp>31.0</ns3:atemp>
            <ns3:hr>175</ns3:hr>
            <ns3:cad>88</ns3:cad>
          </ns3:TrackPointExtension>
        </extensions>
      </trkpt>
      <trkpt lat="22.54859182052314281463623046875" lon="114.0149885974824428558349609375">
        <ele>16.3999996185302734375</ele>
        <time>2026-09-11T23:05:17.000Z</time>
        <extensions>
          <ns3:TrackPointExtension>
            <ns3:atemp>31.0</ns3:atemp>
            <ns3:hr>175</ns3:hr>
            <ns3:cad>88</ns3:cad>
          </ns3:TrackPointExtension>
        </extensions>
      </trkpt>
      <trkpt lat="22.54861445166170597076416015625" lon="114.01496998965740203857421875">
        <ele>16.200000762939453125</ele>
        <time>2026-09-11T23:05:18.000Z</time>
        <extensions>
          <ns3:TrackPointExtension>
            <ns3:atemp>31.0</ns3:atemp>
            <ns3:hr>174</ns3:hr>
            <ns3:cad>88</ns3:cad>
          </ns3:TrackPointExtension>
        </extensions>
      </trkpt>
      <trkpt lat="22.54863674752414226531982421875" lon="114.0149527229368686676025390625">
        <ele>16.200000762939453125</ele>
        <time>2026-09-11T23:05:19.000Z</time>
        <extensions>
          <ns3:TrackPointExtension>
            <ns3:atemp>31.0</ns3:atemp>
            <ns3:hr>174</ns3:hr>
            <ns3:cad>88</ns3:cad>
          </ns3:TrackPointExtension>
        </extensions>
      </trkpt>
      <trkpt lat="22.54866323433816432952880859375" lon="114.01493621058762073516845703125">
        <ele>16</ele>
        <time>2026-09-11T23:05:20.000Z</time>
        <extensions>
          <ns3:TrackPointExtension>
            <ns3:atemp>31.0</ns3:atemp>
            <ns3:hr>173</ns3:hr>
            <ns3:cad>88</ns3:cad>
          </ns3:TrackPointExtension>
        </extensions>
      </trkpt>
      <trkpt lat="22.548686452209949493408203125" lon="114.014924056828022003173828125">
        <ele>16</ele>
        <time>2026-09-11T23:05:21.000Z</time>
        <extensions>
          <ns3:TrackPointExtension>
            <ns3:atemp>31.0</ns3:atemp>
            <ns3:hr>172</ns3:hr>
            <ns3:cad>89</ns3:cad>
          </ns3:TrackPointExtension>
        </extensions>
      </trkpt>
      <trkpt lat="22.5487141124904155731201171875" lon="114.01490963995456695556640625">
        <ele>16.200000762939453125</ele>
        <time>2026-09-11T23:05:22.000Z</time>
        <extensions>
          <ns3:TrackPointExtension>
            <ns3:atemp>31.0</ns3:atemp>
            <ns3:hr>172</ns3:hr>
            <ns3:cad>89</ns3:cad>
          </ns3:TrackPointExtension>
        </extensions>
      </trkpt>
      <trkpt lat="22.54874235950410366058349609375" lon="114.01489648036658763885498046875">
        <ele>16.200000762939453125</ele>
        <time>2026-09-11T23:05:23.000Z</time>
        <extensions>
          <ns3:TrackPointExtension>
            <ns3:atemp>31.0</ns3:atemp>
            <ns3:hr>172</ns3:hr>
            <ns3:cad>89</ns3:cad>
          </ns3:TrackPointExtension>
        </extensions>
      </trkpt>
      <trkpt lat="22.5487660802900791168212890625" lon="114.0148806385695934295654296875">
        <ele>16.200000762939453125</ele>
        <time>2026-09-11T23:05:24.000Z</time>
        <extensions>
          <ns3:TrackPointExtension>
            <ns3:atemp>31.0</ns3:atemp>
            <ns3:hr>173</ns3:hr>
            <ns3:cad>89</ns3:cad>
          </ns3:TrackPointExtension>
        </extensions>
      </trkpt>
      <trkpt lat="22.548792064189910888671875" lon="114.01486060582101345062255859375">
        <ele>16.200000762939453125</ele>
        <time>2026-09-11T23:05:25.000Z</time>
        <extensions>
          <ns3:TrackPointExtension>
            <ns3:atemp>31.0</ns3:atemp>
            <ns3:hr>174</ns3:hr>
            <ns3:cad>88</ns3:cad>
          </ns3:TrackPointExtension>
        </extensions>
      </trkpt>
      <trkpt lat="22.5488140247762203216552734375" lon="114.0148437581956386566162109375">
        <ele>16.3999996185302734375</ele>
        <time>2026-09-11T23:05:26.000Z</time>
        <extensions>
          <ns3:TrackPointExtension>
            <ns3:atemp>31.0</ns3:atemp>
            <ns3:hr>175</ns3:hr>
            <ns3:cad>88</ns3:cad>
          </ns3:TrackPointExtension>
        </extensions>
      </trkpt>
      <trkpt lat="22.548840343952178955078125" lon="114.0148283354938030242919921875">
        <ele>16.3999996185302734375</ele>
        <time>2026-09-11T23:05:27.000Z</time>
        <extensions>
          <ns3:TrackPointExtension>
            <ns3:atemp>31.0</ns3:atemp>
            <ns3:hr>175</ns3:hr>
            <ns3:cad>87</ns3:cad>
          </ns3:TrackPointExtension>
        </extensions>
      </trkpt>
      <trkpt lat="22.54885903559625148773193359375" lon="114.01480947621166706085205078125">
        <ele>16.3999996185302734375</ele>
        <time>2026-09-11T23:05:28.000Z</time>
        <extensions>
          <ns3:TrackPointExtension>
            <ns3:atemp>31.0</ns3:atemp>
            <ns3:hr>177</ns3:hr>
            <ns3:cad>87</ns3:cad>
          </ns3:TrackPointExtension>
        </extensions>
      </trkpt>
      <trkpt lat="22.548886947333812713623046875" lon="114.0147897787392139434814453125">
        <ele>16.3999996185302734375</ele>
        <time>2026-09-11T23:05:29.000Z</time>
        <extensions>
          <ns3:TrackPointExtension>
            <ns3:atemp>31.0</ns3:atemp>
            <ns3:hr>178</ns3:hr>
            <ns3:cad>87</ns3:cad>
          </ns3:TrackPointExtension>
        </extensions>
      </trkpt>
      <trkpt lat="22.54890597425401210784912109375" lon="114.0147723443806171417236328125">
        <ele>16.3999996185302734375</ele>
        <time>2026-09-11T23:05:30.000Z</time>
        <extensions>
          <ns3:TrackPointExtension>
            <ns3:atemp>31.0</ns3:atemp>
            <ns3:hr>179</ns3:hr>
            <ns3:cad>87</ns3:cad>
          </ns3:TrackPointExtension>
        </extensions>
      </trkpt>
      <trkpt lat="22.54893220961093902587890625" lon="114.0147545747458934783935546875">
        <ele>16.3999996185302734375</ele>
        <time>2026-09-11T23:05:31.000Z</time>
        <extensions>
          <ns3:TrackPointExtension>
            <ns3:atemp>31.0</ns3:atemp>
            <ns3:hr>180</ns3:hr>
            <ns3:cad>87</ns3:cad>
          </ns3:TrackPointExtension>
        </extensions>
      </trkpt>
      <trkpt lat="22.5489538349211215972900390625" lon="114.014738313853740692138671875">
        <ele>16.3999996185302734375</ele>
        <time>2026-09-11T23:05:32.000Z</time>
        <extensions>
          <ns3:TrackPointExtension>
            <ns3:atemp>31.0</ns3:atemp>
            <ns3:hr>179</ns3:hr>
            <ns3:cad>87</ns3:cad>
          </ns3:TrackPointExtension>
        </extensions>
      </trkpt>
      <trkpt lat="22.5489716045558452606201171875" lon="114.01472079567611217498779296875">
        <ele>16.6000003814697265625</ele>
        <time>2026-09-11T23:05:33.000Z</time>
        <extensions>
          <ns3:TrackPointExtension>
            <ns3:atemp>31.0</ns3:atemp>
            <ns3:hr>179</ns3:hr>
            <ns3:cad>88</ns3:cad>
          </ns3:TrackPointExtension>
        </extensions>
      </trkpt>
      <trkpt lat="22.54899750463664531707763671875" lon="114.01470621116459369659423828125">
        <ele>16.6000003814697265625</ele>
        <time>2026-09-11T23:05:34.000Z</time>
        <extensions>
          <ns3:TrackPointExtension>
            <ns3:atemp>31.0</ns3:atemp>
            <ns3:hr>179</ns3:hr>
            <ns3:cad>88</ns3:cad>
          </ns3:TrackPointExtension>
        </extensions>
      </trkpt>
      <trkpt lat="22.54901896230876445770263671875" lon="114.01468978263437747955322265625">
        <ele>16.6000003814697265625</ele>
        <time>2026-09-11T23:05:35.000Z</time>
        <extensions>
          <ns3:TrackPointExtension>
            <ns3:atemp>31.0</ns3:atemp>
            <ns3:hr>179</ns3:hr>
            <ns3:cad>88</ns3:cad>
          </ns3:TrackPointExtension>
        </extensions>
      </trkpt>
      <trkpt lat="22.54904142580926418304443359375" lon="114.0146714262664318084716796875">
        <ele>16.799999237060546875</ele>
        <time>2026-09-11T23:05:36.000Z</time>
        <extensions>
          <ns3:TrackPointExtension>
            <ns3:atemp>31.0</ns3:atemp>
            <ns3:hr>179</ns3:hr>
            <ns3:cad>88</ns3:cad>
          </ns3:TrackPointExtension>
        </extensions>
      </trkpt>
      <trkpt lat="22.54906506277620792388916015625" lon="114.0146529860794544219970703125">
        <ele>16.799999237060546875</ele>
        <time>2026-09-11T23:05:37.000Z</time>
        <extensions>
          <ns3:TrackPointExtension>
            <ns3:atemp>31.0</ns3:atemp>
            <ns3:hr>178</ns3:hr>
            <ns3:cad>88</ns3:cad>
          </ns3:TrackPointExtension>
        </extensions>
      </trkpt>
      <trkpt lat="22.54909272305667400360107421875" lon="114.0146372281014919281005859375">
        <ele>16.799999237060546875</ele>
        <time>2026-09-11T23:05:38.000Z</time>
        <extensions>
          <ns3:TrackPointExtension>
            <ns3:atemp>31.0</ns3:atemp>
            <ns3:hr>178</ns3:hr>
            <ns3:cad>88</ns3:cad>
          </ns3:TrackPointExtension>
        </extensions>
      </trkpt>
      <trkpt lat="22.5491124205291271209716796875" lon="114.01462004519999027252197265625">
        <ele>16.799999237060546875</ele>
        <time>2026-09-11T23:05:39.000Z</time>
        <extensions>
          <ns3:TrackPointExtension>
            <ns3:atemp>31.0</ns3:atemp>
            <ns3:hr>178</ns3:hr>
            <ns3:cad>88</ns3:cad>
          </ns3:TrackPointExtension>
        </extensions>
      </trkpt>
      <trkpt lat="22.54913966171443462371826171875" lon="114.01460495777428150177001953125">
        <ele>16.799999237060546875</ele>
        <time>2026-09-11T23:05:40.000Z</time>
        <extensions>
          <ns3:TrackPointExtension>
            <ns3:atemp>31.0</ns3:atemp>
            <ns3:hr>178</ns3:hr>
            <ns3:cad>87</ns3:cad>
          </ns3:TrackPointExtension>
        </extensions>
      </trkpt>
      <trkpt lat="22.5491590239107608795166015625" lon="114.014589786529541015625">
        <ele>16.799999237060546875</ele>
        <time>2026-09-11T23:05:41.000Z</time>
        <extensions>
          <ns3:TrackPointExtension>
            <ns3:atemp>31.0</ns3:atemp>
            <ns3:hr>177</ns3:hr>
            <ns3:cad>87</ns3:cad>
          </ns3:TrackPointExtension>
        </extensions>
      </trkpt>
      <trkpt lat="22.54918609745800495147705078125" lon="114.01457461528480052947998046875">
        <ele>17</ele>
        <time>2026-09-11T23:05:42.000Z</time>
        <extensions>
          <ns3:TrackPointExtension>
            <ns3:atemp>31.0</ns3:atemp>
            <ns3:hr>177</ns3:hr>
            <ns3:cad>87</ns3:cad>
          </ns3:TrackPointExtension>
        </extensions>
      </trkpt>
      <trkpt lat="22.54920889623463153839111328125" lon="114.0145554207265377044677734375">
        <ele>17</ele>
        <time>2026-09-11T23:05:43.000Z</time>
        <extensions>
          <ns3:TrackPointExtension>
            <ns3:atemp>31.0</ns3:atemp>
            <ns3:hr>176</ns3:hr>
            <ns3:cad>87</ns3:cad>
          </ns3:TrackPointExtension>
        </extensions>
      </trkpt>
      <trkpt lat="22.54923471249639987945556640625" lon="114.0145396627485752105712890625">
        <ele>17</ele>
        <time>2026-09-11T23:05:44.000Z</time>
        <extensions>
          <ns3:TrackPointExtension>
            <ns3:atemp>31.0</ns3:atemp>
            <ns3:hr>176</ns3:hr>
            <ns3:cad>87</ns3:cad>
          </ns3:TrackPointExtension>
        </extensions>
      </trkpt>
      <trkpt lat="22.549260444939136505126953125" lon="114.01452206075191497802734375">
        <ele>17</ele>
        <time>2026-09-11T23:05:45.000Z</time>
        <extensions>
          <ns3:TrackPointExtension>
            <ns3:atemp>31.0</ns3:atemp>
            <ns3:hr>176</ns3:hr>
            <ns3:cad>87</ns3:cad>
          </ns3:TrackPointExtension>
        </extensions>
      </trkpt>
      <trkpt lat="22.5492857582867145538330078125" lon="114.0145135112106800079345703125">
        <ele>17</ele>
        <time>2026-09-11T23:05:46.000Z</time>
        <extensions>
          <ns3:TrackPointExtension>
            <ns3:atemp>31.0</ns3:atemp>
            <ns3:hr>176</ns3:hr>
            <ns3:cad>86</ns3:cad>
          </ns3:TrackPointExtension>
        </extensions>
      </trkpt>
      <trkpt lat="22.5493129156529903411865234375" lon="114.014499597251415252685546875">
        <ele>17.200000762939453125</ele>
        <time>2026-09-11T23:05:47.000Z</time>
        <extensions>
          <ns3:TrackPointExtension>
            <ns3:atemp>31.0</ns3:atemp>
            <ns3:hr>176</ns3:hr>
            <ns3:cad>86</ns3:cad>
          </ns3:TrackPointExtension>
        </extensions>
      </trkpt>
      <trkpt lat="22.54933294840157032012939453125" lon="114.01448610238730907440185546875">
        <ele>17.200000762939453125</ele>
        <time>2026-09-11T23:05:48.000Z</time>
        <extensions>
          <ns3:TrackPointExtension>
            <ns3:atemp>31.0</ns3:atemp>
            <ns3:hr>176</ns3:hr>
            <ns3:cad>86</ns3:cad>
          </ns3:TrackPointExtension>
        </extensions>
      </trkpt>
      <trkpt lat="22.54935960285365581512451171875" lon="114.0144732780754566192626953125">
        <ele>17.200000762939453125</ele>
        <time>2026-09-11T23:05:49.000Z</time>
        <extensions>
          <ns3:TrackPointExtension>
            <ns3:atemp>31.0</ns3:atemp>
            <ns3:hr>175</ns3:hr>
            <ns3:cad>86</ns3:cad>
          </ns3:TrackPointExtension>
        </extensions>
      </trkpt>
      <trkpt lat="22.5493826530873775482177734375" lon="114.01445743627846240997314453125">
        <ele>17.200000762939453125</ele>
        <time>2026-09-11T23:05:50.000Z</time>
        <extensions>
          <ns3:TrackPointExtension>
            <ns3:atemp>31.0</ns3:atemp>
            <ns3:hr>175</ns3:hr>
            <ns3:cad>87</ns3:cad>
          </ns3:TrackPointExtension>
        </extensions>
      </trkpt>
      <trkpt lat="22.54940855316817760467529296875" lon="114.0144355595111846923828125">
        <ele>17.200000762939453125</ele>
        <time>2026-09-11T23:05:51.000Z</time>
        <extensions>
          <ns3:TrackPointExtension>
            <ns3:atemp>31.0</ns3:atemp>
            <ns3:hr>175</ns3:hr>
            <ns3:cad>87</ns3:cad>
          </ns3:TrackPointExtension>
        </extensions>
      </trkpt>
      <trkpt lat="22.5494289211928844451904296875" lon="114.0144203044474124908447265625">
        <ele>17.3999996185302734375</ele>
        <time>2026-09-11T23:05:52.000Z</time>
        <extensions>
          <ns3:TrackPointExtension>
            <ns3:atemp>31.0</ns3:atemp>
            <ns3:hr>175</ns3:hr>
            <ns3:cad>87</ns3:cad>
          </ns3:TrackPointExtension>
        </extensions>
      </trkpt>
      <trkpt lat="22.54945230670273303985595703125" lon="114.01439960114657878875732421875">
        <ele>17.3999996185302734375</ele>
        <time>2026-09-11T23:05:53.000Z</time>
        <extensions>
          <ns3:TrackPointExtension>
            <ns3:atemp>31.0</ns3:atemp>
            <ns3:hr>175</ns3:hr>
            <ns3:cad>87</ns3:cad>
          </ns3:TrackPointExtension>
        </extensions>
      </trkpt>
      <trkpt lat="22.54947493784129619598388671875" lon="114.01438032276928424835205078125">
        <ele>17.6000003814697265625</ele>
        <time>2026-09-11T23:05:54.000Z</time>
        <extensions>
          <ns3:TrackPointExtension>
            <ns3:atemp>31.0</ns3:atemp>
            <ns3:hr>175</ns3:hr>
            <ns3:cad>88</ns3:cad>
          </ns3:TrackPointExtension>
        </extensions>
      </trkpt>
      <trkpt lat="22.54950243048369884490966796875" lon="114.01435769163072109222412109375">
        <ele>17.6000003814697265625</ele>
        <time>2026-09-11T23:05:55.000Z</time>
        <extensions>
          <ns3:TrackPointExtension>
            <ns3:atemp>31.0</ns3:atemp>
            <ns3:hr>175</ns3:hr>
            <ns3:cad>88</ns3:cad>
          </ns3:TrackPointExtension>
        </extensions>
      </trkpt>
      <trkpt lat="22.54952640272676944732666015625" lon="114.01433841325342655181884765625">
        <ele>17.799999237060546875</ele>
        <time>2026-09-11T23:05:56.000Z</time>
        <extensions>
          <ns3:TrackPointExtension>
            <ns3:atemp>31.0</ns3:atemp>
            <ns3:hr>175</ns3:hr>
            <ns3:cad>88</ns3:cad>
          </ns3:TrackPointExtension>
        </extensions>
      </trkpt>
      <trkpt lat="22.54954534582793712615966796875" lon="114.0143234096467494964599609375">
        <ele>17.6000003814697265625</ele>
        <time>2026-09-11T23:05:57.000Z</time>
        <extensions>
          <ns3:TrackPointExtension>
            <ns3:atemp>31.0</ns3:atemp>
            <ns3:hr>175</ns3:hr>
            <ns3:cad>88</ns3:cad>
          </ns3:TrackPointExtension>
        </extensions>
      </trkpt>
      <trkpt lat="22.549570910632610321044921875" lon="114.0143089927732944488525390625">
        <ele>17.6000003814697265625</ele>
        <time>2026-09-11T23:05:58.000Z</time>
        <extensions>
          <ns3:TrackPointExtension>
            <ns3:atemp>31.0</ns3:atemp>
            <ns3:hr>175</ns3:hr>
            <ns3:cad>88</ns3:cad>
          </ns3:TrackPointExtension>
        </extensions>
      </trkpt>
      <trkpt lat="22.5495878420770168304443359375" lon="114.01429541409015655517578125">
        <ele>17.799999237060546875</ele>
        <time>2026-09-11T23:05:59.000Z</time>
        <extensions>
          <ns3:TrackPointExtension>
            <ns3:atemp>31.0</ns3:atemp>
            <ns3:hr>174</ns3:hr>
            <ns3:cad>87</ns3:cad>
          </ns3:TrackPointExtension>
        </extensions>
      </trkpt>
      <trkpt lat="22.5496072880923748016357421875" lon="114.01428560726344585418701171875">
        <ele>17.799999237060546875</ele>
        <time>2026-09-11T23:06:00.000Z</time>
        <extensions>
          <ns3:TrackPointExtension>
            <ns3:atemp>31.0</ns3:atemp>
            <ns3:hr>174</ns3:hr>
            <ns3:cad>87</ns3:cad>
          </ns3:TrackPointExtension>
        </extensions>
      </trkpt>
      <trkpt lat="22.5496253930032253265380859375" lon="114.01427638716995716094970703125">
        <ele>17.799999237060546875</ele>
        <time>2026-09-11T23:06:01.000Z</time>
        <extensions>
          <ns3:TrackPointExtension>
            <ns3:atemp>31.0</ns3:atemp>
            <ns3:hr>174</ns3:hr>
            <ns3:cad>85</ns3:cad>
          </ns3:TrackPointExtension>
        </extensions>
      </trkpt>
      <trkpt lat="22.5496423244476318359375" lon="114.01426834054291248321533203125">
        <ele>17.799999237060546875</ele>
        <time>2026-09-11T23:06:02.000Z</time>
        <extensions>
          <ns3:TrackPointExtension>
            <ns3:atemp>31.0</ns3:atemp>
            <ns3:hr>174</ns3:hr>
            <ns3:cad>85</ns3:cad>
          </ns3:TrackPointExtension>
        </extensions>
      </trkpt>
      <trkpt lat="22.54966068081557750701904296875" lon="114.01425912044942378997802734375">
        <ele>17.799999237060546875</ele>
        <time>2026-09-11T23:06:03.000Z</time>
        <extensions>
          <ns3:TrackPointExtension>
            <ns3:atemp>31.0</ns3:atemp>
            <ns3:hr>173</ns3:hr>
            <ns3:cad>83</ns3:cad>
          </ns3:TrackPointExtension>
        </extensions>
      </trkpt>
      <trkpt lat="22.54967593587934970855712890625" lon="114.01424470357596874237060546875">
        <ele>17.799999237060546875</ele>
        <time>2026-09-11T23:06:04.000Z</time>
        <extensions>
          <ns3:TrackPointExtension>
            <ns3:atemp>31.0</ns3:atemp>
            <ns3:hr>173</ns3:hr>
            <ns3:cad>83</ns3:cad>
          </ns3:TrackPointExtension>
        </extensions>
      </trkpt>
      <trkpt lat="22.54969370551407337188720703125" lon="114.01423104107379913330078125">
        <ele>17.799999237060546875</ele>
        <time>2026-09-11T23:06:05.000Z</time>
        <extensions>
          <ns3:TrackPointExtension>
            <ns3:atemp>31.0</ns3:atemp>
            <ns3:hr>173</ns3:hr>
            <ns3:cad>83</ns3:cad>
          </ns3:TrackPointExtension>
        </extensions>
      </trkpt>
      <trkpt lat="22.54971315152943134307861328125" lon="114.01421888731420040130615234375">
        <ele>17.799999237060546875</ele>
        <time>2026-09-11T23:06:06.000Z</time>
        <extensions>
          <ns3:TrackPointExtension>
            <ns3:atemp>31.0</ns3:atemp>
            <ns3:hr>172</ns3:hr>
            <ns3:cad>83</ns3:cad>
          </ns3:TrackPointExtension>
        </extensions>
      </trkpt>
      <trkpt lat="22.54972823895514011383056640625" lon="114.0142080746591091156005859375">
        <ele>18</ele>
        <time>2026-09-11T23:06:07.000Z</time>
        <extensions>
          <ns3:TrackPointExtension>
            <ns3:atemp>31.0</ns3:atemp>
            <ns3:hr>171</ns3:hr>
            <ns3:cad>84</ns3:cad>
          </ns3:TrackPointExtension>
        </extensions>
      </trkpt>
      <trkpt lat="22.549748606979846954345703125" lon="114.0142010338604450225830078125">
        <ele>18</ele>
        <time>2026-09-11T23:06:08.000Z</time>
        <extensions>
          <ns3:TrackPointExtension>
            <ns3:atemp>31.0</ns3:atemp>
            <ns3:hr>171</ns3:hr>
            <ns3:cad>84</ns3:cad>
          </ns3:TrackPointExtension>
        </extensions>
      </trkpt>
      <trkpt lat="22.5497631914913654327392578125" lon="114.0141963399946689605712890625">
        <ele>18</ele>
        <time>2026-09-11T23:06:09.000Z</time>
        <extensions>
          <ns3:TrackPointExtension>
            <ns3:atemp>31.0</ns3:atemp>
            <ns3:hr>171</ns3:hr>
            <ns3:cad>84</ns3:cad>
          </ns3:TrackPointExtension>
        </extensions>
      </trkpt>
      <trkpt lat="22.54978054203093051910400390625" lon="114.0141829289495944976806640625">
        <ele>18.200000762939453125</ele>
        <time>2026-09-11T23:06:10.000Z</time>
        <extensions>
          <ns3:TrackPointExtension>
            <ns3:atemp>31.0</ns3:atemp>
            <ns3:hr>172</ns3:hr>
            <ns3:cad>84</ns3:cad>
          </ns3:TrackPointExtension>
        </extensions>
      </trkpt>
      <trkpt lat="22.54979613237082958221435546875" lon="114.01417144574224948883056640625">
        <ele>18.200000762939453125</ele>
        <time>2026-09-11T23:06:11.000Z</time>
        <extensions>
          <ns3:TrackPointExtension>
            <ns3:atemp>31.0</ns3:atemp>
            <ns3:hr>172</ns3:hr>
            <ns3:cad>85</ns3:cad>
          </ns3:TrackPointExtension>
        </extensions>
      </trkpt>
      <trkpt lat="22.54981105215847492218017578125" lon="114.01415904052555561065673828125">
        <ele>18.3999996185302734375</ele>
        <time>2026-09-11T23:06:12.000Z</time>
        <extensions>
          <ns3:TrackPointExtension>
            <ns3:atemp>31.0</ns3:atemp>
            <ns3:hr>173</ns3:hr>
            <ns3:cad>85</ns3:cad>
          </ns3:TrackPointExtension>
        </extensions>
      </trkpt>
      <trkpt lat="22.5498292408883571624755859375" lon="114.01415015570819377899169921875">
        <ele>18.3999996185302734375</ele>
        <time>2026-09-11T23:06:13.000Z</time>
        <extensions>
          <ns3:TrackPointExtension>
            <ns3:atemp>31.0</ns3:atemp>
            <ns3:hr>173</ns3:hr>
            <ns3:cad>84</ns3:cad>
          </ns3:TrackPointExtension>
        </extensions>
      </trkpt>
      <trkpt lat="22.54984139464795589447021484375" lon="114.01413607411086559295654296875">
        <ele>18.3999996185302734375</ele>
        <time>2026-09-11T23:06:14.000Z</time>
        <extensions>
          <ns3:TrackPointExtension>
            <ns3:atemp>31.0</ns3:atemp>
            <ns3:hr>173</ns3:hr>
            <ns3:cad>84</ns3:cad>
          </ns3:TrackPointExtension>
        </extensions>
      </trkpt>
      <trkpt lat="22.5498594157397747039794921875" lon="114.014114700257778167724609375">
        <ele>18.3999996185302734375</ele>
        <time>2026-09-11T23:06:15.000Z</time>
        <extensions>
          <ns3:TrackPointExtension>
            <ns3:atemp>31.0</ns3:atemp>
            <ns3:hr>173</ns3:hr>
            <ns3:cad>84</ns3:cad>
          </ns3:TrackPointExtension>
        </extensions>
      </trkpt>
      <trkpt lat="22.54987425170838832855224609375" lon="114.0141027979552745819091796875">
        <ele>18.200000762939453125</ele>
        <time>2026-09-11T23:06:16.000Z</time>
        <extensions>
          <ns3:TrackPointExtension>
            <ns3:atemp>31.0</ns3:atemp>
            <ns3:hr>172</ns3:hr>
            <ns3:cad>84</ns3:cad>
          </ns3:TrackPointExtension>
        </extensions>
      </trkpt>
      <trkpt lat="22.54989168606698513031005859375" lon="114.0140890516340732574462890625">
        <ele>18.200000762939453125</ele>
        <time>2026-09-11T23:06:17.000Z</time>
        <extensions>
          <ns3:TrackPointExtension>
            <ns3:atemp>31.0</ns3:atemp>
            <ns3:hr>172</ns3:hr>
            <ns3:cad>84</ns3:cad>
          </ns3:TrackPointExtension>
        </extensions>
      </trkpt>
      <trkpt lat="22.54991498775780200958251953125" lon="114.01407622732222080230712890625">
        <ele>18.3999996185302734375</ele>
        <time>2026-09-11T23:06:18.000Z</time>
        <extensions>
          <ns3:TrackPointExtension>
            <ns3:atemp>31.0</ns3:atemp>
            <ns3:hr>172</ns3:hr>
            <ns3:cad>84</ns3:cad>
          </ns3:TrackPointExtension>
        </extensions>
      </trkpt>
      <trkpt lat="22.549929320812225341796875" lon="114.0140595473349094390869140625">
        <ele>18.3999996185302734375</ele>
        <time>2026-09-11T23:06:19.000Z</time>
        <extensions>
          <ns3:TrackPointExtension>
            <ns3:atemp>31.0</ns3:atemp>
            <ns3:hr>171</ns3:hr>
            <ns3:cad>84</ns3:cad>
          </ns3:TrackPointExtension>
        </extensions>
      </trkpt>
      <trkpt lat="22.5499512813985347747802734375" lon="114.0140461362898349761962890625">
        <ele>18.3999996185302734375</ele>
        <time>2026-09-11T23:06:20.000Z</time>
        <extensions>
          <ns3:TrackPointExtension>
            <ns3:atemp>31.0</ns3:atemp>
            <ns3:hr>171</ns3:hr>
            <ns3:cad>84</ns3:cad>
          </ns3:TrackPointExtension>
        </extensions>
      </trkpt>
      <trkpt lat="22.54996846430003643035888671875" lon="114.014033563435077667236328125">
        <ele>18.6000003814697265625</ele>
        <time>2026-09-11T23:06:21.000Z</time>
        <extensions>
          <ns3:TrackPointExtension>
            <ns3:atemp>31.0</ns3:atemp>
            <ns3:hr>169</ns3:hr>
            <ns3:cad>84</ns3:cad>
          </ns3:TrackPointExtension>
        </extensions>
      </trkpt>
      <trkpt lat="22.54998556338250637054443359375" lon="114.01402107439935207366943359375">
        <ele>18.6000003814697265625</ele>
        <time>2026-09-11T23:06:22.000Z</time>
        <extensions>
          <ns3:TrackPointExtension>
            <ns3:atemp>31.0</ns3:atemp>
            <ns3:hr>168</ns3:hr>
            <ns3:cad>84</ns3:cad>
          </ns3:TrackPointExtension>
        </extensions>
      </trkpt>
      <trkpt lat="22.5500059314072132110595703125" lon="114.01400749571621417999267578125">
        <ele>18.6000003814697265625</ele>
        <time>2026-09-11T23:06:23.000Z</time>
        <extensions>
          <ns3:TrackPointExtension>
            <ns3:atemp>31.0</ns3:atemp>
            <ns3:hr>167</ns3:hr>
            <ns3:cad>84</ns3:cad>
          </ns3:TrackPointExtension>
        </extensions>
      </trkpt>
      <trkpt lat="22.55001791752874851226806640625" lon="114.01399441994726657867431640625">
        <ele>18.6000003814697265625</ele>
        <time>2026-09-11T23:06:24.000Z</time>
        <extensions>
          <ns3:TrackPointExtension>
            <ns3:atemp>31.0</ns3:atemp>
            <ns3:hr>167</ns3:hr>
            <ns3:cad>84</ns3:cad>
          </ns3:TrackPointExtension>
        </extensions>
      </trkpt>
      <trkpt lat="22.55003853701055049896240234375" lon="114.01398293673992156982421875">
        <ele>18.6000003814697265625</ele>
        <time>2026-09-11T23:06:25.000Z</time>
        <extensions>
          <ns3:TrackPointExtension>
            <ns3:atemp>31.0</ns3:atemp>
            <ns3:hr>166</ns3:hr>
            <ns3:cad>84</ns3:cad>
          </ns3:TrackPointExtension>
        </extensions>
      </trkpt>
      <trkpt lat="22.550055049359798431396484375" lon="114.0139706991612911224365234375">
        <ele>18.6000003814697265625</ele>
        <time>2026-09-11T23:06:26.000Z</time>
        <extensions>
          <ns3:TrackPointExtension>
            <ns3:atemp>31.0</ns3:atemp>
            <ns3:hr>166</ns3:hr>
            <ns3:cad>84</ns3:cad>
          </ns3:TrackPointExtension>
        </extensions>
      </trkpt>
      <trkpt lat="22.5500714778900146484375" lon="114.013958461582660675048828125">
        <ele>18.6000003814697265625</ele>
        <time>2026-09-11T23:06:27.000Z</time>
        <extensions>
          <ns3:TrackPointExtension>
            <ns3:atemp>31.0</ns3:atemp>
            <ns3:hr>166</ns3:hr>
            <ns3:cad>84</ns3:cad>
          </ns3:TrackPointExtension>
        </extensions>
      </trkpt>
      <trkpt lat="22.55009167827665805816650390625" lon="114.013947062194347381591796875">
        <ele>18.6000003814697265625</ele>
        <time>2026-09-11T23:06:28.000Z</time>
        <extensions>
          <ns3:TrackPointExtension>
            <ns3:atemp>31.0</ns3:atemp>
            <ns3:hr>166</ns3:hr>
            <ns3:cad>84</ns3:cad>
          </ns3:TrackPointExtension>
        </extensions>
      </trkpt>
      <trkpt lat="22.5501014851033687591552734375" lon="114.01393507607281208038330078125">
        <ele>18.6000003814697265625</ele>
        <time>2026-09-11T23:06:29.000Z</time>
        <extensions>
          <ns3:TrackPointExtension>
            <ns3:atemp>31.0</ns3:atemp>
            <ns3:hr>166</ns3:hr>
            <ns3:cad>84</ns3:cad>
          </ns3:TrackPointExtension>
        </extensions>
      </trkpt>
      <trkpt lat="22.5501205958425998687744140625" lon="114.0139178931713104248046875">
        <ele>18.799999237060546875</ele>
        <time>2026-09-11T23:06:30.000Z</time>
        <extensions>
          <ns3:TrackPointExtension>
            <ns3:atemp>31.0</ns3:atemp>
            <ns3:hr>166</ns3:hr>
            <ns3:cad>84</ns3:cad>
          </ns3:TrackPointExtension>
        </extensions>
      </trkpt>
      <trkpt lat="22.55013057030737400054931640625" lon="114.013902805745601654052734375">
        <ele>18.799999237060546875</ele>
        <time>2026-09-11T23:06:31.000Z</time>
        <extensions>
          <ns3:TrackPointExtension>
            <ns3:atemp>31.0</ns3:atemp>
            <ns3:hr>166</ns3:hr>
            <ns3:cad>84</ns3:cad>
          </ns3:TrackPointExtension>
        </extensions>
      </trkpt>
      <trkpt lat="22.5501444004476070404052734375" lon="114.01388025842607021331787109375">
        <ele>18.799999237060546875</ele>
        <time>2026-09-11T23:06:32.000Z</time>
        <extensions>
          <ns3:TrackPointExtension>
            <ns3:atemp>31.0</ns3:atemp>
            <ns3:hr>166</ns3:hr>
            <ns3:cad>84</ns3:cad>
          </ns3:TrackPointExtension>
        </extensions>
      </trkpt>
      <trkpt lat="22.55015437491238117218017578125" lon="114.0138550288975238800048828125">
        <ele>18.799999237060546875</ele>
        <time>2026-09-11T23:06:33.000Z</time>
        <extensions>
          <ns3:TrackPointExtension>
            <ns3:atemp>31.0</ns3:atemp>
            <ns3:hr>167</ns3:hr>
            <ns3:cad>84</ns3:cad>
          </ns3:TrackPointExtension>
        </extensions>
      </trkpt>
      <trkpt lat="22.55015554837882518768310546875" lon="114.01383541524410247802734375">
        <ele>18.799999237060546875</ele>
        <time>2026-09-11T23:06:34.000Z</time>
        <extensions>
          <ns3:TrackPointExtension>
            <ns3:atemp>31.0</ns3:atemp>
            <ns3:hr>166</ns3:hr>
            <ns3:cad>84</ns3:cad>
          </ns3:TrackPointExtension>
        </extensions>
      </trkpt>
      <trkpt lat="22.55014984868466854095458984375" lon="114.01380700059235095977783203125">
        <ele>18.799999237060546875</ele>
        <time>2026-09-11T23:06:35.000Z</time>
        <extensions>
          <ns3:TrackPointExtension>
            <ns3:atemp>31.0</ns3:atemp>
            <ns3:hr>166</ns3:hr>
            <ns3:cad>84</ns3:cad>
          </ns3:TrackPointExtension>
        </extensions>
      </trkpt>
      <trkpt lat="22.5501371920108795166015625" lon="114.0137879736721515655517578125">
        <ele>18.799999237060546875</ele>
        <time>2026-09-11T23:06:36.000Z</time>
        <extensions>
          <ns3:TrackPointExtension>
            <ns3:atemp>31.0</ns3:atemp>
            <ns3:hr>166</ns3:hr>
            <ns3:cad>83</ns3:cad>
          </ns3:TrackPointExtension>
        </extensions>
      </trkpt>
      <trkpt lat="22.550126127898693084716796875" lon="114.01376525871455669403076171875">
        <ele>18.799999237060546875</ele>
        <time>2026-09-11T23:06:37.000Z</time>
        <extensions>
          <ns3:TrackPointExtension>
            <ns3:atemp>31.0</ns3:atemp>
            <ns3:hr>165</ns3:hr>
            <ns3:cad>83</ns3:cad>
          </ns3:TrackPointExtension>
        </extensions>
      </trkpt>
      <trkpt lat="22.55011129193007946014404296875" lon="114.01374195702373981475830078125">
        <ele>18.799999237060546875</ele>
        <time>2026-09-11T23:06:38.000Z</time>
        <extensions>
          <ns3:TrackPointExtension>
            <ns3:atemp>31.0</ns3:atemp>
            <ns3:hr>165</ns3:hr>
            <ns3:cad>82</ns3:cad>
          </ns3:TrackPointExtension>
        </extensions>
      </trkpt>
      <trkpt lat="22.5500967912375926971435546875" lon="114.01372787542641162872314453125">
        <ele>18.799999237060546875</ele>
        <time>2026-09-11T23:06:39.000Z</time>
        <extensions>
          <ns3:TrackPointExtension>
            <ns3:atemp>31.0</ns3:atemp>
            <ns3:hr>164</ns3:hr>
            <ns3:cad>83</ns3:cad>
          </ns3:TrackPointExtension>
        </extensions>
      </trkpt>
      <trkpt lat="22.550075836479663848876953125" lon="114.0137021429836750030517578125">
        <ele>18.799999237060546875</ele>
        <time>2026-09-11T23:06:40.000Z</time>
        <extensions>
          <ns3:TrackPointExtension>
            <ns3:atemp>31.0</ns3:atemp>
            <ns3:hr>164</ns3:hr>
            <ns3:cad>83</ns3:cad>
          </ns3:TrackPointExtension>
        </extensions>
      </trkpt>
      <trkpt lat="22.55005882121622562408447265625" lon="114.01368831284344196319580078125">
        <ele>19</ele>
        <time>2026-09-11T23:06:41.000Z</time>
        <extensions>
          <ns3:TrackPointExtension>
            <ns3:atemp>31.0</ns3:atemp>
            <ns3:hr>163</ns3:hr>
            <ns3:cad>84</ns3:cad>
          </ns3:TrackPointExtension>
        </extensions>
      </trkpt>
      <trkpt lat="22.55004909820854663848876953125" lon="114.0136699564754962921142578125">
        <ele>18.799999237060546875</ele>
        <time>2026-09-11T23:06:42.000Z</time>
        <extensions>
          <ns3:TrackPointExtension>
            <ns3:atemp>31.0</ns3:atemp>
            <ns3:hr>163</ns3:hr>
            <ns3:cad>84</ns3:cad>
          </ns3:TrackPointExtension>
        </extensions>
      </trkpt>
      <trkpt lat="22.550049684941768646240234375" lon="114.01364422403275966644287109375">
        <ele>18.799999237060546875</ele>
        <time>2026-09-11T23:06:43.000Z</time>
        <extensions>
          <ns3:TrackPointExtension>
            <ns3:atemp>31.0</ns3:atemp>
            <ns3:hr>163</ns3:hr>
            <ns3:cad>84</ns3:cad>
          </ns3:TrackPointExtension>
        </extensions>
      </trkpt>
      <trkpt lat="22.55004742182791233062744140625" lon="114.01362310163676738739013671875">
        <ele>18.799999237060546875</ele>
        <time>2026-09-11T23:06:44.000Z</time>
        <extensions>
          <ns3:TrackPointExtension>
            <ns3:atemp>31.0</ns3:atemp>
            <ns3:hr>163</ns3:hr>
            <ns3:cad>84</ns3:cad>
          </ns3:TrackPointExtension>
        </extensions>
      </trkpt>
      <trkpt lat="22.55005203187465667724609375" lon="114.01360231451690196990966796875">
        <ele>18.799999237060546875</ele>
        <time>2026-09-11T23:06:45.000Z</time>
        <extensions>
          <ns3:TrackPointExtension>
            <ns3:atemp>31.0</ns3:atemp>
            <ns3:hr>163</ns3:hr>
            <ns3:cad>83</ns3:cad>
          </ns3:TrackPointExtension>
        </extensions>
      </trkpt>
      <trkpt lat="22.5500555522739887237548828125" lon="114.01358286850154399871826171875">
        <ele>18.799999237060546875</ele>
        <time>2026-09-11T23:06:46.000Z</time>
        <extensions>
          <ns3:TrackPointExtension>
            <ns3:atemp>31.0</ns3:atemp>
            <ns3:hr>163</ns3:hr>
            <ns3:cad>83</ns3:cad>
          </ns3:TrackPointExtension>
        </extensions>
      </trkpt>
      <trkpt lat="22.550061084330081939697265625" lon="114.0135670267045497894287109375">
        <ele>19</ele>
        <time>2026-09-11T23:06:47.000Z</time>
        <extensions>
          <ns3:TrackPointExtension>
            <ns3:atemp>31.0</ns3:atemp>
            <ns3:hr>162</ns3:hr>
            <ns3:cad>83</ns3:cad>
          </ns3:TrackPointExtension>
        </extensions>
      </trkpt>
      <trkpt lat="22.550068460404872894287109375" lon="114.01354582048952579498291015625">
        <ele>19</ele>
        <time>2026-09-11T23:06:48.000Z</time>
        <extensions>
          <ns3:TrackPointExtension>
            <ns3:atemp>31.0</ns3:atemp>
            <ns3:hr>162</ns3:hr>
            <ns3:cad>83</ns3:cad>
          </ns3:TrackPointExtension>
        </extensions>
      </trkpt>
      <trkpt lat="22.550072483718395233154296875" lon="114.013526625931262969970703125">
        <ele>19</ele>
        <time>2026-09-11T23:06:49.000Z</time>
        <extensions>
          <ns3:TrackPointExtension>
            <ns3:atemp>31.0</ns3:atemp>
            <ns3:hr>162</ns3:hr>
            <ns3:cad>83</ns3:cad>
          </ns3:TrackPointExtension>
        </extensions>
      </trkpt>
      <trkpt lat="22.55007877014577388763427734375" lon="114.0135003067553043365478515625">
        <ele>19</ele>
        <time>2026-09-11T23:06:50.000Z</time>
        <extensions>
          <ns3:TrackPointExtension>
            <ns3:atemp>31.0</ns3:atemp>
            <ns3:hr>162</ns3:hr>
            <ns3:cad>83</ns3:cad>
          </ns3:TrackPointExtension>
        </extensions>
      </trkpt>
      <trkpt lat="22.550089247524738311767578125" lon="114.0134791843593120574951171875">
        <ele>19</ele>
        <time>2026-09-11T23:06:51.000Z</time>
        <extensions>
          <ns3:TrackPointExtension>
            <ns3:atemp>31.0</ns3:atemp>
            <ns3:hr>162</ns3:hr>
            <ns3:cad>84</ns3:cad>
          </ns3:TrackPointExtension>
        </extensions>
      </trkpt>
      <trkpt lat="22.550101988017559051513671875" lon="114.01346124708652496337890625">
        <ele>19</ele>
        <time>2026-09-11T23:06:52.000Z</time>
        <extensions>
          <ns3:TrackPointExtension>
            <ns3:atemp>31.0</ns3:atemp>
            <ns3:hr>162</ns3:hr>
            <ns3:cad>84</ns3:cad>
          </ns3:TrackPointExtension>
        </extensions>
      </trkpt>
      <trkpt lat="22.5501159019768238067626953125" lon="114.01344087906181812286376953125">
        <ele>19</ele>
        <time>2026-09-11T23:06:53.000Z</time>
        <extensions>
          <ns3:TrackPointExtension>
            <ns3:atemp>31.0</ns3:atemp>
            <ns3:hr>161</ns3:hr>
            <ns3:cad>84</ns3:cad>
          </ns3:TrackPointExtension>
        </extensions>
      </trkpt>
      <trkpt lat="22.550130821764469146728515625" lon="114.01342646218836307525634765625">
        <ele>19</ele>
        <time>2026-09-11T23:06:54.000Z</time>
        <extensions>
          <ns3:TrackPointExtension>
            <ns3:atemp>31.0</ns3:atemp>
            <ns3:hr>162</ns3:hr>
            <ns3:cad>84</ns3:cad>
          </ns3:TrackPointExtension>
        </extensions>
      </trkpt>
      <trkpt lat="22.55015487782657146453857421875" lon="114.01341087184846401214599609375">
        <ele>19</ele>
        <time>2026-09-11T23:06:55.000Z</time>
        <extensions>
          <ns3:TrackPointExtension>
            <ns3:atemp>31.0</ns3:atemp>
            <ns3:hr>162</ns3:hr>
            <ns3:cad>84</ns3:cad>
          </ns3:TrackPointExtension>
        </extensions>
      </trkpt>
      <trkpt lat="22.55017298273742198944091796875" lon="114.01339595206081867218017578125">
        <ele>19</ele>
        <time>2026-09-11T23:06:56.000Z</time>
        <extensions>
          <ns3:TrackPointExtension>
            <ns3:atemp>31.0</ns3:atemp>
            <ns3:hr>162</ns3:hr>
            <ns3:cad>84</ns3:cad>
          </ns3:TrackPointExtension>
        </extensions>
      </trkpt>
      <trkpt lat="22.55019955337047576904296875" lon="114.013382457196712493896484375">
        <ele>19.200000762939453125</ele>
        <time>2026-09-11T23:06:57.000Z</time>
        <extensions>
          <ns3:TrackPointExtension>
            <ns3:atemp>31.0</ns3:atemp>
            <ns3:hr>162</ns3:hr>
            <ns3:cad>84</ns3:cad>
          </ns3:TrackPointExtension>
        </extensions>
      </trkpt>
      <trkpt lat="22.55022461526095867156982421875" lon="114.01336527429521083831787109375">
        <ele>19.200000762939453125</ele>
        <time>2026-09-11T23:06:58.000Z</time>
        <extensions>
          <ns3:TrackPointExtension>
            <ns3:atemp>31.0</ns3:atemp>
            <ns3:hr>161</ns3:hr>
            <ns3:cad>84</ns3:cad>
          </ns3:TrackPointExtension>
        </extensions>
      </trkpt>
      <trkpt lat="22.55024339072406291961669921875" lon="114.0133504383265972137451171875">
        <ele>19.200000762939453125</ele>
        <time>2026-09-11T23:06:59.000Z</time>
        <extensions>
          <ns3:TrackPointExtension>
            <ns3:atemp>31.0</ns3:atemp>
            <ns3:hr>161</ns3:hr>
            <ns3:cad>85</ns3:cad>
          </ns3:TrackPointExtension>
        </extensions>
      </trkpt>
      <trkpt lat="22.550271637737751007080078125" lon="114.01333409361541271209716796875">
        <ele>19.3999996185302734375</ele>
        <time>2026-09-11T23:07:00.000Z</time>
        <extensions>
          <ns3:TrackPointExtension>
            <ns3:atemp>31.0</ns3:atemp>
            <ns3:hr>161</ns3:hr>
            <ns3:cad>85</ns3:cad>
          </ns3:TrackPointExtension>
        </extensions>
      </trkpt>
      <trkpt lat="22.55029368214309215545654296875" lon="114.0133212693035602569580078125">
        <ele>19.3999996185302734375</ele>
        <time>2026-09-11T23:07:01.000Z</time>
        <extensions>
          <ns3:TrackPointExtension>
            <ns3:atemp>31.0</ns3:atemp>
            <ns3:hr>162</ns3:hr>
            <ns3:cad>85</ns3:cad>
          </ns3:TrackPointExtension>
        </extensions>
      </trkpt>
      <trkpt lat="22.55032100714743137359619140625" lon="114.01330844499170780181884765625">
        <ele>19.3999996185302734375</ele>
        <time>2026-09-11T23:07:02.000Z</time>
        <extensions>
          <ns3:TrackPointExtension>
            <ns3:atemp>31.0</ns3:atemp>
            <ns3:hr>162</ns3:hr>
            <ns3:cad>85</ns3:cad>
          </ns3:TrackPointExtension>
        </extensions>
      </trkpt>
      <trkpt lat="22.55034246481955051422119140625" lon="114.013293944299221038818359375">
        <ele>19.3999996185302734375</ele>
        <time>2026-09-11T23:07:03.000Z</time>
        <extensions>
          <ns3:TrackPointExtension>
            <ns3:atemp>31.0</ns3:atemp>
            <ns3:hr>162</ns3:hr>
            <ns3:cad>85</ns3:cad>
          </ns3:TrackPointExtension>
        </extensions>
      </trkpt>
      <trkpt lat="22.55036652088165283203125" lon="114.01327860541641712188720703125">
        <ele>19.3999996185302734375</ele>
        <time>2026-09-11T23:07:04.000Z</time>
        <extensions>
          <ns3:TrackPointExtension>
            <ns3:atemp>31.0</ns3:atemp>
            <ns3:hr>161</ns3:hr>
            <ns3:cad>85</ns3:cad>
          </ns3:TrackPointExtension>
        </extensions>
      </trkpt>
      <trkpt lat="22.5503891520202159881591796875" lon="114.01326469145715236663818359375">
        <ele>19.3999996185302734375</ele>
        <time>2026-09-11T23:07:05.000Z</time>
        <extensions>
          <ns3:TrackPointExtension>
            <ns3:atemp>31.0</ns3:atemp>
            <ns3:hr>161</ns3:hr>
            <ns3:cad>85</ns3:cad>
          </ns3:TrackPointExtension>
        </extensions>
      </trkpt>
      <trkpt lat="22.5504059158265590667724609375" lon="114.013251028954982757568359375">
        <ele>19.3999996185302734375</ele>
        <time>2026-09-11T23:07:06.000Z</time>
        <extensions>
          <ns3:TrackPointExtension>
            <ns3:atemp>31.0</ns3:atemp>
            <ns3:hr>161</ns3:hr>
            <ns3:cad>85</ns3:cad>
          </ns3:TrackPointExtension>
        </extensions>
      </trkpt>
      <trkpt lat="22.5504340790212154388427734375" lon="114.0132361091673374176025390625">
        <ele>19.3999996185302734375</ele>
        <time>2026-09-11T23:07:07.000Z</time>
        <extensions>
          <ns3:TrackPointExtension>
            <ns3:atemp>31.0</ns3:atemp>
            <ns3:hr>161</ns3:hr>
            <ns3:cad>85</ns3:cad>
          </ns3:TrackPointExtension>
        </extensions>
      </trkpt>
      <trkpt lat="22.550451345741748809814453125" lon="114.01322848163545131683349609375">
        <ele>19.3999996185302734375</ele>
        <time>2026-09-11T23:07:08.000Z</time>
        <extensions>
          <ns3:TrackPointExtension>
            <ns3:atemp>31.0</ns3:atemp>
            <ns3:hr>162</ns3:hr>
            <ns3:cad>85</ns3:cad>
          </ns3:TrackPointExtension>
        </extensions>
      </trkpt>
      <trkpt lat="22.55047640763223171234130859375" lon="114.01321540586650371551513671875">
        <ele>19.6000003814697265625</ele>
        <time>2026-09-11T23:07:09.000Z</time>
        <extensions>
          <ns3:TrackPointExtension>
            <ns3:atemp>31.0</ns3:atemp>
            <ns3:hr>161</ns3:hr>
            <ns3:cad>85</ns3:cad>
          </ns3:TrackPointExtension>
        </extensions>
      </trkpt>
      <trkpt lat="22.55049400962889194488525390625" lon="114.01320375502109527587890625">
        <ele>19.6000003814697265625</ele>
        <time>2026-09-11T23:07:10.000Z</time>
        <extensions>
          <ns3:TrackPointExtension>
            <ns3:atemp>31.0</ns3:atemp>
            <ns3:hr>161</ns3:hr>
            <ns3:cad>85</ns3:cad>
          </ns3:TrackPointExtension>
        </extensions>
      </trkpt>
      <trkpt lat="22.5505125336349010467529296875" lon="114.01318942196667194366455078125">
        <ele>19.6000003814697265625</ele>
        <time>2026-09-11T23:07:11.000Z</time>
        <extensions>
          <ns3:TrackPointExtension>
            <ns3:atemp>31.0</ns3:atemp>
            <ns3:hr>161</ns3:hr>
            <ns3:cad>85</ns3:cad>
          </ns3:TrackPointExtension>
        </extensions>
      </trkpt>
      <trkpt lat="22.55053089000284671783447265625" lon="114.0131750889122486114501953125">
        <ele>19.799999237060546875</ele>
        <time>2026-09-11T23:07:12.000Z</time>
        <extensions>
          <ns3:TrackPointExtension>
            <ns3:atemp>31.0</ns3:atemp>
            <ns3:hr>160</ns3:hr>
            <ns3:cad>85</ns3:cad>
          </ns3:TrackPointExtension>
        </extensions>
      </trkpt>
      <trkpt lat="22.55054899491369724273681640625" lon="114.01315958239138126373291015625">
        <ele>19.799999237060546875</ele>
        <time>2026-09-11T23:07:13.000Z</time>
        <extensions>
          <ns3:TrackPointExtension>
            <ns3:atemp>31.0</ns3:atemp>
            <ns3:hr>160</ns3:hr>
            <ns3:cad>85</ns3:cad>
          </ns3:TrackPointExtension>
        </extensions>
      </trkpt>
      <trkpt lat="22.55057196132838726043701171875" lon="114.0131462551653385162353515625">
        <ele>19.799999237060546875</ele>
        <time>2026-09-11T23:07:14.000Z</time>
        <extensions>
          <ns3:TrackPointExtension>
            <ns3:atemp>31.0</ns3:atemp>
            <ns3:hr>160</ns3:hr>
            <ns3:cad>86</ns3:cad>
          </ns3:TrackPointExtension>
        </extensions>
      </trkpt>
      <trkpt lat="22.55058570764958858489990234375" lon="114.0131293237209320068359375">
        <ele>20</ele>
        <time>2026-09-11T23:07:15.000Z</time>
        <extensions>
          <ns3:TrackPointExtension>
            <ns3:atemp>31.0</ns3:atemp>
            <ns3:hr>161</ns3:hr>
            <ns3:cad>86</ns3:cad>
          </ns3:TrackPointExtension>
        </extensions>
      </trkpt>
      <trkpt lat="22.5506084226071834564208984375" lon="114.01311415247619152069091796875">
        <ele>20</ele>
        <time>2026-09-11T23:07:16.000Z</time>
        <extensions>
          <ns3:TrackPointExtension>
            <ns3:atemp>31.0</ns3:atemp>
            <ns3:hr>160</ns3:hr>
            <ns3:cad>86</ns3:cad>
          </ns3:TrackPointExtension>
        </extensions>
      </trkpt>
      <trkpt lat="22.55062258802354335784912109375" lon="114.0130989812314510345458984375">
        <ele>20</ele>
        <time>2026-09-11T23:07:17.000Z</time>
        <extensions>
          <ns3:TrackPointExtension>
            <ns3:atemp>31.0</ns3:atemp>
            <ns3:hr>161</ns3:hr>
            <ns3:cad>86</ns3:cad>
          </ns3:TrackPointExtension>
        </extensions>
      </trkpt>
      <trkpt lat="22.550639770925045013427734375" lon="114.01308498345315456390380859375">
        <ele>20</ele>
        <time>2026-09-11T23:07:18.000Z</time>
        <extensions>
          <ns3:TrackPointExtension>
            <ns3:atemp>31.0</ns3:atemp>
            <ns3:hr>161</ns3:hr>
            <ns3:cad>87</ns3:cad>
          </ns3:TrackPointExtension>
        </extensions>
      </trkpt>
      <trkpt lat="22.55065728910267353057861328125" lon="114.01306964457035064697265625">
        <ele>20</ele>
        <time>2026-09-11T23:07:19.000Z</time>
        <extensions>
          <ns3:TrackPointExtension>
            <ns3:atemp>31.0</ns3:atemp>
            <ns3:hr>161</ns3:hr>
            <ns3:cad>87</ns3:cad>
          </ns3:TrackPointExtension>
        </extensions>
      </trkpt>
      <trkpt lat="22.55067832767963409423828125" lon="114.013054557144641876220703125">
        <ele>20</ele>
        <time>2026-09-11T23:07:20.000Z</time>
        <extensions>
          <ns3:TrackPointExtension>
            <ns3:atemp>31.0</ns3:atemp>
            <ns3:hr>161</ns3:hr>
            <ns3:cad>86</ns3:cad>
          </ns3:TrackPointExtension>
        </extensions>
      </trkpt>
      <trkpt lat="22.55069701932370662689208984375" lon="114.01303988881409168243408203125">
        <ele>20</ele>
        <time>2026-09-11T23:07:21.000Z</time>
        <extensions>
          <ns3:TrackPointExtension>
            <ns3:atemp>31.0</ns3:atemp>
            <ns3:hr>160</ns3:hr>
            <ns3:cad>86</ns3:cad>
          </ns3:TrackPointExtension>
        </extensions>
      </trkpt>
      <trkpt lat="22.55071478895843029022216796875" lon="114.01302161626517772674560546875">
        <ele>20</ele>
        <time>2026-09-11T23:07:22.000Z</time>
        <extensions>
          <ns3:TrackPointExtension>
            <ns3:atemp>31.0</ns3:atemp>
            <ns3:hr>161</ns3:hr>
            <ns3:cad>86</ns3:cad>
          </ns3:TrackPointExtension>
        </extensions>
      </trkpt>
      <trkpt lat="22.550732307136058807373046875" lon="114.0130034275352954864501953125">
        <ele>20</ele>
        <time>2026-09-11T23:07:23.000Z</time>
        <extensions>
          <ns3:TrackPointExtension>
            <ns3:atemp>31.0</ns3:atemp>
            <ns3:hr>161</ns3:hr>
            <ns3:cad>86</ns3:cad>
          </ns3:TrackPointExtension>
        </extensions>
      </trkpt>
      <trkpt lat="22.55074764601886272430419921875" lon="114.01298389770090579986572265625">
        <ele>20</ele>
        <time>2026-09-11T23:07:24.000Z</time>
        <extensions>
          <ns3:TrackPointExtension>
            <ns3:atemp>31.0</ns3:atemp>
            <ns3:hr>161</ns3:hr>
            <ns3:cad>86</ns3:cad>
          </ns3:TrackPointExtension>
        </extensions>
      </trkpt>
      <trkpt lat="22.550764493644237518310546875" lon="114.012969397008419036865234375">
        <ele>20</ele>
        <time>2026-09-11T23:07:25.000Z</time>
        <extensions>
          <ns3:TrackPointExtension>
            <ns3:atemp>31.0</ns3:atemp>
            <ns3:hr>162</ns3:hr>
            <ns3:cad>86</ns3:cad>
          </ns3:TrackPointExtension>
        </extensions>
      </trkpt>
      <trkpt lat="22.55078117363154888153076171875" lon="114.0129521302878856658935546875">
        <ele>20</ele>
        <time>2026-09-11T23:07:26.000Z</time>
        <extensions>
          <ns3:TrackPointExtension>
            <ns3:atemp>31.0</ns3:atemp>
            <ns3:hr>162</ns3:hr>
            <ns3:cad>86</ns3:cad>
          </ns3:TrackPointExtension>
        </extensions>
      </trkpt>
      <trkpt lat="22.5507991947233676910400390625" lon="114.0129353664815425872802734375">
        <ele>20</ele>
        <time>2026-09-11T23:07:27.000Z</time>
        <extensions>
          <ns3:TrackPointExtension>
            <ns3:atemp>31.0</ns3:atemp>
            <ns3:hr>162</ns3:hr>
            <ns3:cad>86</ns3:cad>
          </ns3:TrackPointExtension>
        </extensions>
      </trkpt>
      <trkpt lat="22.55081738345324993133544921875" lon="114.0129159204661846160888671875">
        <ele>20</ele>
        <time>2026-09-11T23:07:28.000Z</time>
        <extensions>
          <ns3:TrackPointExtension>
            <ns3:atemp>31.0</ns3:atemp>
            <ns3:hr>162</ns3:hr>
            <ns3:cad>86</ns3:cad>
          </ns3:TrackPointExtension>
        </extensions>
      </trkpt>
      <trkpt lat="22.55083012394607067108154296875" lon="114.01289722882211208343505859375">
        <ele>20</ele>
        <time>2026-09-11T23:07:29.000Z</time>
        <extensions>
          <ns3:TrackPointExtension>
            <ns3:atemp>31.0</ns3:atemp>
            <ns3:hr>162</ns3:hr>
            <ns3:cad>87</ns3:cad>
          </ns3:TrackPointExtension>
        </extensions>
      </trkpt>
      <trkpt lat="22.55084521137177944183349609375" lon="114.01288180612027645111083984375">
        <ele>20</ele>
        <time>2026-09-11T23:07:30.000Z</time>
        <extensions>
          <ns3:TrackPointExtension>
            <ns3:atemp>31.0</ns3:atemp>
            <ns3:hr>163</ns3:hr>
            <ns3:cad>87</ns3:cad>
          </ns3:TrackPointExtension>
        </extensions>
      </trkpt>
      <trkpt lat="22.550859041512012481689453125" lon="114.012864790856838226318359375">
        <ele>20.200000762939453125</ele>
        <time>2026-09-11T23:07:31.000Z</time>
        <extensions>
          <ns3:TrackPointExtension>
            <ns3:atemp>31.0</ns3:atemp>
            <ns3:hr>163</ns3:hr>
            <ns3:cad>87</ns3:cad>
          </ns3:TrackPointExtension>
        </extensions>
      </trkpt>
      <trkpt lat="22.550875134766101837158203125" lon="114.0128468535840511322021484375">
        <ele>20.200000762939453125</ele>
        <time>2026-09-11T23:07:32.000Z</time>
        <extensions>
          <ns3:TrackPointExtension>
            <ns3:atemp>31.0</ns3:atemp>
            <ns3:hr>162</ns3:hr>
            <ns3:cad>87</ns3:cad>
          </ns3:TrackPointExtension>
        </extensions>
      </trkpt>
      <trkpt lat="22.55089156329631805419921875" lon="114.01282799430191516876220703125">
        <ele>20.200000762939453125</ele>
        <time>2026-09-11T23:07:33.000Z</time>
        <extensions>
          <ns3:TrackPointExtension>
            <ns3:atemp>31.0</ns3:atemp>
            <ns3:hr>162</ns3:hr>
            <ns3:cad>87</ns3:cad>
          </ns3:TrackPointExtension>
        </extensions>
      </trkpt>
      <trkpt lat="22.55090975202620029449462890625" lon="114.01281156577169895172119140625">
        <ele>20.3999996185302734375</ele>
        <time>2026-09-11T23:07:34.000Z</time>
        <extensions>
          <ns3:TrackPointExtension>
            <ns3:atemp>31.0</ns3:atemp>
            <ns3:hr>163</ns3:hr>
            <ns3:cad>87</ns3:cad>
          </ns3:TrackPointExtension>
        </extensions>
      </trkpt>
      <trkpt lat="22.55092215724289417266845703125" lon="114.0127878449857234954833984375">
        <ele>20.3999996185302734375</ele>
        <time>2026-09-11T23:07:35.000Z</time>
        <extensions>
          <ns3:TrackPointExtension>
            <ns3:atemp>31.0</ns3:atemp>
            <ns3:hr>163</ns3:hr>
            <ns3:cad>87</ns3:cad>
          </ns3:TrackPointExtension>
        </extensions>
      </trkpt>
      <trkpt lat="22.55093992687761783599853515625" lon="114.0127683989703655242919921875">
        <ele>20.3999996185302734375</ele>
        <time>2026-09-11T23:07:36.000Z</time>
        <extensions>
          <ns3:TrackPointExtension>
            <ns3:atemp>31.0</ns3:atemp>
            <ns3:hr>163</ns3:hr>
            <ns3:cad>87</ns3:cad>
          </ns3:TrackPointExtension>
        </extensions>
      </trkpt>
      <trkpt lat="22.55095501430332660675048828125" lon="114.012741744518280029296875">
        <ele>20.3999996185302734375</ele>
        <time>2026-09-11T23:07:37.000Z</time>
        <extensions>
          <ns3:TrackPointExtension>
            <ns3:atemp>31.0</ns3:atemp>
            <ns3:hr>163</ns3:hr>
            <ns3:cad>86</ns3:cad>
          </ns3:TrackPointExtension>
        </extensions>
      </trkpt>
      <trkpt lat="22.5509740412235260009765625" lon="114.0127201192080974578857421875">
        <ele>20.3999996185302734375</ele>
        <time>2026-09-11T23:07:38.000Z</time>
        <extensions>
          <ns3:TrackPointExtension>
            <ns3:atemp>31.0</ns3:atemp>
            <ns3:hr>162</ns3:hr>
            <ns3:cad>86</ns3:cad>
          </ns3:TrackPointExtension>
        </extensions>
      </trkpt>
      <trkpt lat="22.55098820663988590240478515625" lon="114.012698493897914886474609375">
        <ele>20.6000003814697265625</ele>
        <time>2026-09-11T23:07:39.000Z</time>
        <extensions>
          <ns3:TrackPointExtension>
            <ns3:atemp>31.0</ns3:atemp>
            <ns3:hr>162</ns3:hr>
            <ns3:cad>86</ns3:cad>
          </ns3:TrackPointExtension>
        </extensions>
      </trkpt>
      <trkpt lat="22.5510114245116710662841796875" lon="114.0126684866845607757568359375">
        <ele>20.6000003814697265625</ele>
        <time>2026-09-11T23:07:40.000Z</time>
        <extensions>
          <ns3:TrackPointExtension>
            <ns3:atemp>31.0</ns3:atemp>
            <ns3:hr>162</ns3:hr>
            <ns3:cad>86</ns3:cad>
          </ns3:TrackPointExtension>
        </extensions>
      </trkpt>
      <trkpt lat="22.551034390926361083984375" lon="114.0126426704227924346923828125">
        <ele>20.799999237060546875</ele>
        <time>2026-09-11T23:07:41.000Z</time>
        <extensions>
          <ns3:TrackPointExtension>
            <ns3:atemp>31.0</ns3:atemp>
            <ns3:hr>162</ns3:hr>
            <ns3:cad>86</ns3:cad>
          </ns3:TrackPointExtension>
        </extensions>
      </trkpt>
      <trkpt lat="22.551051490008831024169921875" lon="114.0126223862171173095703125">
        <ele>21</ele>
        <time>2026-09-11T23:07:42.000Z</time>
        <extensions>
          <ns3:TrackPointExtension>
            <ns3:atemp>31.0</ns3:atemp>
            <ns3:hr>162</ns3:hr>
            <ns3:cad>86</ns3:cad>
          </ns3:TrackPointExtension>
        </extensions>
      </trkpt>
      <trkpt lat="22.55106766708195209503173828125" lon="114.01260000653564929962158203125">
        <ele>21</ele>
        <time>2026-09-11T23:07:43.000Z</time>
        <extensions>
          <ns3:TrackPointExtension>
            <ns3:atemp>31.0</ns3:atemp>
            <ns3:hr>162</ns3:hr>
            <ns3:cad>86</ns3:cad>
          </ns3:TrackPointExtension>
        </extensions>
      </trkpt>
      <trkpt lat="22.55108610726892948150634765625" lon="114.01258307509124279022216796875">
        <ele>21</ele>
        <time>2026-09-11T23:07:44.000Z</time>
        <extensions>
          <ns3:TrackPointExtension>
            <ns3:atemp>31.0</ns3:atemp>
            <ns3:hr>162</ns3:hr>
            <ns3:cad>86</ns3:cad>
          </ns3:TrackPointExtension>
        </extensions>
      </trkpt>
      <trkpt lat="22.5511022843420505523681640625" lon="114.0125622041523456573486328125">
        <ele>20.799999237060546875</ele>
        <time>2026-09-11T23:07:45.000Z</time>
        <extensions>
          <ns3:TrackPointExtension>
            <ns3:atemp>31.0</ns3:atemp>
            <ns3:hr>162</ns3:hr>
            <ns3:cad>86</ns3:cad>
          </ns3:TrackPointExtension>
        </extensions>
      </trkpt>
      <trkpt lat="22.55111846141517162322998046875" lon="114.0125424228608608245849609375">
        <ele>20.799999237060546875</ele>
        <time>2026-09-11T23:07:46.000Z</time>
        <extensions>
          <ns3:TrackPointExtension>
            <ns3:atemp>31.0</ns3:atemp>
            <ns3:hr>162</ns3:hr>
            <ns3:cad>87</ns3:cad>
          </ns3:TrackPointExtension>
        </extensions>
      </trkpt>
      <trkpt lat="22.5511314533650875091552734375" lon="114.0125236473977565765380859375">
        <ele>20.6000003814697265625</ele>
        <time>2026-09-11T23:07:47.000Z</time>
        <extensions>
          <ns3:TrackPointExtension>
            <ns3:atemp>31.0</ns3:atemp>
            <ns3:hr>162</ns3:hr>
            <ns3:cad>87</ns3:cad>
          </ns3:TrackPointExtension>
        </extensions>
      </trkpt>
      <trkpt lat="22.551148720085620880126953125" lon="114.01250244118273258209228515625">
        <ele>20.6000003814697265625</ele>
        <time>2026-09-11T23:07:48.000Z</time>
        <extensions>
          <ns3:TrackPointExtension>
            <ns3:atemp>31.0</ns3:atemp>
            <ns3:hr>162</ns3:hr>
            <ns3:cad>87</ns3:cad>
          </ns3:TrackPointExtension>
        </extensions>
      </trkpt>
      <trkpt lat="22.551160119473934173583984375" lon="114.01248550973832607269287109375">
        <ele>20.6000003814697265625</ele>
        <time>2026-09-11T23:07:49.000Z</time>
        <extensions>
          <ns3:TrackPointExtension>
            <ns3:atemp>31.0</ns3:atemp>
            <ns3:hr>162</ns3:hr>
            <ns3:cad>87</ns3:cad>
          </ns3:TrackPointExtension>
        </extensions>
      </trkpt>
      <trkpt lat="22.55117847584187984466552734375" lon="114.0124668180942535400390625">
        <ele>20.799999237060546875</ele>
        <time>2026-09-11T23:07:50.000Z</time>
        <extensions>
          <ns3:TrackPointExtension>
            <ns3:atemp>31.0</ns3:atemp>
            <ns3:hr>162</ns3:hr>
            <ns3:cad>87</ns3:cad>
          </ns3:TrackPointExtension>
        </extensions>
      </trkpt>
      <trkpt lat="22.5511914677917957305908203125" lon="114.01244862936437129974365234375">
        <ele>20.799999237060546875</ele>
        <time>2026-09-11T23:07:51.000Z</time>
        <extensions>
          <ns3:TrackPointExtension>
            <ns3:atemp>31.0</ns3:atemp>
            <ns3:hr>162</ns3:hr>
            <ns3:cad>87</ns3:cad>
          </ns3:TrackPointExtension>
        </extensions>
      </trkpt>
      <trkpt lat="22.5512020289897918701171875" lon="114.012429602444171905517578125">
        <ele>20.799999237060546875</ele>
        <time>2026-09-11T23:07:52.000Z</time>
        <extensions>
          <ns3:TrackPointExtension>
            <ns3:atemp>31.0</ns3:atemp>
            <ns3:hr>162</ns3:hr>
            <ns3:cad>87</ns3:cad>
          </ns3:TrackPointExtension>
        </extensions>
      </trkpt>
      <trkpt lat="22.551216781139373779296875" lon="114.01240688748657703399658203125">
        <ele>20.799999237060546875</ele>
        <time>2026-09-11T23:07:53.000Z</time>
        <extensions>
          <ns3:TrackPointExtension>
            <ns3:atemp>31.0</ns3:atemp>
            <ns3:hr>162</ns3:hr>
            <ns3:cad>87</ns3:cad>
          </ns3:TrackPointExtension>
        </extensions>
      </trkpt>
      <trkpt lat="22.5512296892702579498291015625" lon="114.01238811202347278594970703125">
        <ele>20.799999237060546875</ele>
        <time>2026-09-11T23:07:54.000Z</time>
        <extensions>
          <ns3:TrackPointExtension>
            <ns3:atemp>31.0</ns3:atemp>
            <ns3:hr>162</ns3:hr>
            <ns3:cad>87</ns3:cad>
          </ns3:TrackPointExtension>
        </extensions>
      </trkpt>
      <trkpt lat="22.55124561488628387451171875" lon="114.012367911636829376220703125">
        <ele>20.799999237060546875</ele>
        <time>2026-09-11T23:07:55.000Z</time>
        <extensions>
          <ns3:TrackPointExtension>
            <ns3:atemp>31.0</ns3:atemp>
            <ns3:hr>162</ns3:hr>
            <ns3:cad>87</ns3:cad>
          </ns3:TrackPointExtension>
        </extensions>
      </trkpt>
      <trkpt lat="22.551261372864246368408203125" lon="114.0123474597930908203125">
        <ele>20.799999237060546875</ele>
        <time>2026-09-11T23:07:56.000Z</time>
        <extensions>
          <ns3:TrackPointExtension>
            <ns3:atemp>31.0</ns3:atemp>
            <ns3:hr>162</ns3:hr>
            <ns3:cad>87</ns3:cad>
          </ns3:TrackPointExtension>
        </extensions>
      </trkpt>
      <trkpt lat="22.5512776337563991546630859375" lon="114.0123273432254791259765625">
        <ele>20.799999237060546875</ele>
        <time>2026-09-11T23:07:57.000Z</time>
        <extensions>
          <ns3:TrackPointExtension>
            <ns3:atemp>31.0</ns3:atemp>
            <ns3:hr>162</ns3:hr>
            <ns3:cad>87</ns3:cad>
          </ns3:TrackPointExtension>
        </extensions>
      </trkpt>
      <trkpt lat="22.55129347555339336395263671875" lon="114.01230731047689914703369140625">
        <ele>20.799999237060546875</ele>
        <time>2026-09-11T23:07:58.000Z</time>
        <extensions>
          <ns3:TrackPointExtension>
            <ns3:atemp>31.0</ns3:atemp>
            <ns3:hr>162</ns3:hr>
            <ns3:cad>86</ns3:cad>
          </ns3:TrackPointExtension>
        </extensions>
      </trkpt>
      <trkpt lat="22.55131392739713191986083984375" lon="114.01229088194668292999267578125">
        <ele>21</ele>
        <time>2026-09-11T23:07:59.000Z</time>
        <extensions>
          <ns3:TrackPointExtension>
            <ns3:atemp>31.0</ns3:atemp>
            <ns3:hr>162</ns3:hr>
            <ns3:cad>86</ns3:cad>
          </ns3:TrackPointExtension>
        </extensions>
      </trkpt>
      <trkpt lat="22.5513309426605701446533203125" lon="114.0122742019593715667724609375">
        <ele>21</ele>
        <time>2026-09-11T23:08:00.000Z</time>
        <extensions>
          <ns3:TrackPointExtension>
            <ns3:atemp>31.0</ns3:atemp>
            <ns3:hr>162</ns3:hr>
            <ns3:cad>87</ns3:cad>
          </ns3:TrackPointExtension>
        </extensions>
      </trkpt>
      <trkpt lat="22.55134980194270610809326171875" lon="114.01225735433399677276611328125">
        <ele>21</ele>
        <time>2026-09-11T23:08:01.000Z</time>
        <extensions>
          <ns3:TrackPointExtension>
            <ns3:atemp>31.0</ns3:atemp>
            <ns3:hr>162</ns3:hr>
            <ns3:cad>87</ns3:cad>
          </ns3:TrackPointExtension>
        </extensions>
      </trkpt>
      <trkpt lat="22.55136656574904918670654296875" lon="114.01224486529827117919921875">
        <ele>21</ele>
        <time>2026-09-11T23:08:02.000Z</time>
        <extensions>
          <ns3:TrackPointExtension>
            <ns3:atemp>31.0</ns3:atemp>
            <ns3:hr>162</ns3:hr>
            <ns3:cad>87</ns3:cad>
          </ns3:TrackPointExtension>
        </extensions>
      </trkpt>
      <trkpt lat="22.5513792224228382110595703125" lon="114.01222734712064266204833984375">
        <ele>21.200000762939453125</ele>
        <time>2026-09-11T23:08:03.000Z</time>
        <extensions>
          <ns3:TrackPointExtension>
            <ns3:atemp>31.0</ns3:atemp>
            <ns3:hr>162</ns3:hr>
            <ns3:cad>87</ns3:cad>
          </ns3:TrackPointExtension>
        </extensions>
      </trkpt>
      <trkpt lat="22.5513926334679126739501953125" lon="114.012210331857204437255859375">
        <ele>21.200000762939453125</ele>
        <time>2026-09-11T23:08:04.000Z</time>
        <extensions>
          <ns3:TrackPointExtension>
            <ns3:atemp>31.0</ns3:atemp>
            <ns3:hr>162</ns3:hr>
            <ns3:cad>87</ns3:cad>
          </ns3:TrackPointExtension>
        </extensions>
      </trkpt>
      <trkpt lat="22.55140721797943115234375" lon="114.01219415478408336639404296875">
        <ele>21.200000762939453125</ele>
        <time>2026-09-11T23:08:05.000Z</time>
        <extensions>
          <ns3:TrackPointExtension>
            <ns3:atemp>31.0</ns3:atemp>
            <ns3:hr>162</ns3:hr>
            <ns3:cad>88</ns3:cad>
          </ns3:TrackPointExtension>
        </extensions>
      </trkpt>
      <trkpt lat="22.551426328718662261962890625" lon="114.012178145349025726318359375">
        <ele>21.200000762939453125</ele>
        <time>2026-09-11T23:08:06.000Z</time>
        <extensions>
          <ns3:TrackPointExtension>
            <ns3:atemp>31.0</ns3:atemp>
            <ns3:hr>163</ns3:hr>
            <ns3:cad>88</ns3:cad>
          </ns3:TrackPointExtension>
        </extensions>
      </trkpt>
      <trkpt lat="22.551436387002468109130859375" lon="114.0121615491807460784912109375">
        <ele>21.200000762939453125</ele>
        <time>2026-09-11T23:08:07.000Z</time>
        <extensions>
          <ns3:TrackPointExtension>
            <ns3:atemp>31.0</ns3:atemp>
            <ns3:hr>163</ns3:hr>
            <ns3:cad>87</ns3:cad>
          </ns3:TrackPointExtension>
        </extensions>
      </trkpt>
      <trkpt lat="22.5514523126184940338134765625" lon="114.01213782839477062225341796875">
        <ele>21.200000762939453125</ele>
        <time>2026-09-11T23:08:08.000Z</time>
        <extensions>
          <ns3:TrackPointExtension>
            <ns3:atemp>31.0</ns3:atemp>
            <ns3:hr>163</ns3:hr>
            <ns3:cad>87</ns3:cad>
          </ns3:TrackPointExtension>
        </extensions>
      </trkpt>
      <trkpt lat="22.55146555602550506591796875" lon="114.01211905293166637420654296875">
        <ele>21.200000762939453125</ele>
        <time>2026-09-11T23:08:09.000Z</time>
        <extensions>
          <ns3:TrackPointExtension>
            <ns3:atemp>31.0</ns3:atemp>
            <ns3:hr>164</ns3:hr>
            <ns3:cad>87</ns3:cad>
          </ns3:TrackPointExtension>
        </extensions>
      </trkpt>
      <trkpt lat="22.55147762596607208251953125" lon="114.0120954997837543487548828125">
        <ele>21.200000762939453125</ele>
        <time>2026-09-11T23:08:10.000Z</time>
        <extensions>
          <ns3:TrackPointExtension>
            <ns3:atemp>31.0</ns3:atemp>
            <ns3:hr>164</ns3:hr>
            <ns3:cad>87</ns3:cad>
          </ns3:TrackPointExtension>
        </extensions>
      </trkpt>
      <trkpt lat="22.55148089490830898284912109375" lon="114.0120690129697322845458984375">
        <ele>21.200000762939453125</ele>
        <time>2026-09-11T23:08:11.000Z</time>
        <extensions>
          <ns3:TrackPointExtension>
            <ns3:atemp>31.0</ns3:atemp>
            <ns3:hr>164</ns3:hr>
            <ns3:cad>87</ns3:cad>
          </ns3:TrackPointExtension>
        </extensions>
      </trkpt>
      <trkpt lat="22.5514982454478740692138671875" lon="114.01204830966889858245849609375">
        <ele>21.200000762939453125</ele>
        <time>2026-09-11T23:08:12.000Z</time>
        <extensions>
          <ns3:TrackPointExtension>
            <ns3:atemp>31.0</ns3:atemp>
            <ns3:hr>164</ns3:hr>
            <ns3:cad>87</ns3:cad>
          </ns3:TrackPointExtension>
        </extensions>
      </trkpt>
      <trkpt lat="22.5515156798064708709716796875" lon="114.0120264329016208648681640625">
        <ele>21.200000762939453125</ele>
        <time>2026-09-11T23:08:13.000Z</time>
        <extensions>
          <ns3:TrackPointExtension>
            <ns3:atemp>31.0</ns3:atemp>
            <ns3:hr>163</ns3:hr>
            <ns3:cad>87</ns3:cad>
          </ns3:TrackPointExtension>
        </extensions>
      </trkpt>
      <trkpt lat="22.551540993154048919677734375" lon="114.01199801824986934661865234375">
        <ele>21.200000762939453125</ele>
        <time>2026-09-11T23:08:14.000Z</time>
        <extensions>
          <ns3:TrackPointExtension>
            <ns3:atemp>31.0</ns3:atemp>
            <ns3:hr>164</ns3:hr>
            <ns3:cad>87</ns3:cad>
          </ns3:TrackPointExtension>
        </extensions>
      </trkpt>
      <trkpt lat="22.5515639595687389373779296875" lon="114.01197287254035472869873046875">
        <ele>21.200000762939453125</ele>
        <time>2026-09-11T23:08:15.000Z</time>
        <extensions>
          <ns3:TrackPointExtension>
            <ns3:atemp>31.0</ns3:atemp>
            <ns3:hr>164</ns3:hr>
            <ns3:cad>86</ns3:cad>
          </ns3:TrackPointExtension>
        </extensions>
      </trkpt>
      <trkpt lat="22.55157695151865482330322265625" lon="114.01195024140179157257080078125">
        <ele>21.200000762939453125</ele>
        <time>2026-09-11T23:08:16.000Z</time>
        <extensions>
          <ns3:TrackPointExtension>
            <ns3:atemp>31.0</ns3:atemp>
            <ns3:hr>163</ns3:hr>
            <ns3:cad>86</ns3:cad>
          </ns3:TrackPointExtension>
        </extensions>
      </trkpt>
      <trkpt lat="22.55159002728760242462158203125" lon="114.01192492805421352386474609375">
        <ele>21.200000762939453125</ele>
        <time>2026-09-11T23:08:17.000Z</time>
        <extensions>
          <ns3:TrackPointExtension>
            <ns3:atemp>31.0</ns3:atemp>
            <ns3:hr>163</ns3:hr>
            <ns3:cad>86</ns3:cad>
          </ns3:TrackPointExtension>
        </extensions>
      </trkpt>
      <trkpt lat="22.55160100758075714111328125" lon="114.0118981897830963134765625">
        <ele>21.3999996185302734375</ele>
        <time>2026-09-11T23:08:18.000Z</time>
        <extensions>
          <ns3:TrackPointExtension>
            <ns3:atemp>31.0</ns3:atemp>
            <ns3:hr>163</ns3:hr>
            <ns3:cad>86</ns3:cad>
          </ns3:TrackPointExtension>
        </extensions>
      </trkpt>
      <trkpt lat="22.55161902867257595062255859375" lon="114.01187203824520111083984375">
        <ele>21.6000003814697265625</ele>
        <time>2026-09-11T23:08:19.000Z</time>
        <extensions>
          <ns3:TrackPointExtension>
            <ns3:atemp>31.0</ns3:atemp>
            <ns3:hr>163</ns3:hr>
            <ns3:cad>86</ns3:cad>
          </ns3:TrackPointExtension>
        </extensions>
      </trkpt>
      <trkpt lat="22.5516333617269992828369140625" lon="114.01185351423919200897216796875">
        <ele>21.799999237060546875</ele>
        <time>2026-09-11T23:08:20.000Z</time>
        <extensions>
          <ns3:TrackPointExtension>
            <ns3:atemp>31.0</ns3:atemp>
            <ns3:hr>164</ns3:hr>
            <ns3:cad>86</ns3:cad>
          </ns3:TrackPointExtension>
        </extensions>
      </trkpt>
      <trkpt lat="22.55164735950529575347900390625" lon="114.0118276141583919525146484375">
        <ele>21.799999237060546875</ele>
        <time>2026-09-11T23:08:21.000Z</time>
        <extensions>
          <ns3:TrackPointExtension>
            <ns3:atemp>31.0</ns3:atemp>
            <ns3:hr>163</ns3:hr>
            <ns3:cad>87</ns3:cad>
          </ns3:TrackPointExtension>
        </extensions>
      </trkpt>
      <trkpt lat="22.5516598485410213470458984375" lon="114.0118085034191608428955078125">
        <ele>21.799999237060546875</ele>
        <time>2026-09-11T23:08:22.000Z</time>
        <extensions>
          <ns3:TrackPointExtension>
            <ns3:atemp>31.0</ns3:atemp>
            <ns3:hr>163</ns3:hr>
            <ns3:cad>87</ns3:cad>
          </ns3:TrackPointExtension>
        </extensions>
      </trkpt>
      <trkpt lat="22.551673091948032379150390625" lon="114.0117880515754222869873046875">
        <ele>21.799999237060546875</ele>
        <time>2026-09-11T23:08:23.000Z</time>
        <extensions>
          <ns3:TrackPointExtension>
            <ns3:atemp>31.0</ns3:atemp>
            <ns3:hr>163</ns3:hr>
            <ns3:cad>87</ns3:cad>
          </ns3:TrackPointExtension>
        </extensions>
      </trkpt>
      <trkpt lat="22.55168105475604534149169921875" lon="114.01176684536039829254150390625">
        <ele>21.6000003814697265625</ele>
        <time>2026-09-11T23:08:24.000Z</time>
        <extensions>
          <ns3:TrackPointExtension>
            <ns3:atemp>31.0</ns3:atemp>
            <ns3:hr>163</ns3:hr>
            <ns3:cad>87</ns3:cad>
          </ns3:TrackPointExtension>
        </extensions>
      </trkpt>
      <trkpt lat="22.55169480107724666595458984375" lon="114.01174597442150115966796875">
        <ele>21.6000003814697265625</ele>
        <time>2026-09-11T23:08:25.000Z</time>
        <extensions>
          <ns3:TrackPointExtension>
            <ns3:atemp>31.0</ns3:atemp>
            <ns3:hr>163</ns3:hr>
            <ns3:cad>87</ns3:cad>
          </ns3:TrackPointExtension>
        </extensions>
      </trkpt>
      <trkpt lat="22.5517061166465282440185546875" lon="114.01172443293035030364990234375">
        <ele>21.6000003814697265625</ele>
        <time>2026-09-11T23:08:26.000Z</time>
        <extensions>
          <ns3:TrackPointExtension>
            <ns3:atemp>31.0</ns3:atemp>
            <ns3:hr>163</ns3:hr>
            <ns3:cad>87</ns3:cad>
          </ns3:TrackPointExtension>
        </extensions>
      </trkpt>
      <trkpt lat="22.55171927623450756072998046875" lon="114.01170297525823116302490234375">
        <ele>21.799999237060546875</ele>
        <time>2026-09-11T23:08:27.000Z</time>
        <extensions>
          <ns3:TrackPointExtension>
            <ns3:atemp>31.0</ns3:atemp>
            <ns3:hr>163</ns3:hr>
            <ns3:cad>87</ns3:cad>
          </ns3:TrackPointExtension>
        </extensions>
      </trkpt>
      <trkpt lat="22.5517304241657257080078125" lon="114.0116834454238414764404296875">
        <ele>21.799999237060546875</ele>
        <time>2026-09-11T23:08:28.000Z</time>
        <extensions>
          <ns3:TrackPointExtension>
            <ns3:atemp>31.0</ns3:atemp>
            <ns3:hr>162</ns3:hr>
            <ns3:cad>87</ns3:cad>
          </ns3:TrackPointExtension>
        </extensions>
      </trkpt>
      <trkpt lat="22.551745511591434478759765625" lon="114.0116629935801029205322265625">
        <ele>21.799999237060546875</ele>
        <time>2026-09-11T23:08:29.000Z</time>
        <extensions>
          <ns3:TrackPointExtension>
            <ns3:atemp>31.0</ns3:atemp>
            <ns3:hr>162</ns3:hr>
            <ns3:cad>87</ns3:cad>
          </ns3:TrackPointExtension>
        </extensions>
      </trkpt>
      <trkpt lat="22.5517651252448558807373046875" lon="114.01164044626057147979736328125">
        <ele>22</ele>
        <time>2026-09-11T23:08:30.000Z</time>
        <extensions>
          <ns3:TrackPointExtension>
            <ns3:atemp>31.0</ns3:atemp>
            <ns3:hr>162</ns3:hr>
            <ns3:cad>87</ns3:cad>
          </ns3:TrackPointExtension>
        </extensions>
      </trkpt>
      <trkpt lat="22.5517805479466915130615234375" lon="114.01161597110331058502197265625">
        <ele>21.799999237060546875</ele>
        <time>2026-09-11T23:08:31.000Z</time>
        <extensions>
          <ns3:TrackPointExtension>
            <ns3:atemp>31.0</ns3:atemp>
            <ns3:hr>163</ns3:hr>
            <ns3:cad>87</ns3:cad>
          </ns3:TrackPointExtension>
        </extensions>
      </trkpt>
      <trkpt lat="22.5518009997904300689697265625" lon="114.01159635744988918304443359375">
        <ele>21.799999237060546875</ele>
        <time>2026-09-11T23:08:32.000Z</time>
        <extensions>
          <ns3:TrackPointExtension>
            <ns3:atemp>31.0</ns3:atemp>
            <ns3:hr>162</ns3:hr>
            <ns3:cad>86</ns3:cad>
          </ns3:TrackPointExtension>
        </extensions>
      </trkpt>
      <trkpt lat="22.55181692540645599365234375" lon="114.011573307216167449951171875">
        <ele>21.799999237060546875</ele>
        <time>2026-09-11T23:08:33.000Z</time>
        <extensions>
          <ns3:TrackPointExtension>
            <ns3:atemp>31.0</ns3:atemp>
            <ns3:hr>162</ns3:hr>
            <ns3:cad>86</ns3:cad>
          </ns3:TrackPointExtension>
        </extensions>
      </trkpt>
      <trkpt lat="22.55182622931897640228271484375" lon="114.01154874823987483978271484375">
        <ele>21.799999237060546875</ele>
        <time>2026-09-11T23:08:34.000Z</time>
        <extensions>
          <ns3:TrackPointExtension>
            <ns3:atemp>31.0</ns3:atemp>
            <ns3:hr>162</ns3:hr>
            <ns3:cad>87</ns3:cad>
          </ns3:TrackPointExtension>
        </extensions>
      </trkpt>
      <trkpt lat="22.55183427594602108001708984375" lon="114.01152645237743854522705078125">
        <ele>21.799999237060546875</ele>
        <time>2026-09-11T23:08:35.000Z</time>
        <extensions>
          <ns3:TrackPointExtension>
            <ns3:atemp>31.0</ns3:atemp>
            <ns3:hr>162</ns3:hr>
            <ns3:cad>87</ns3:cad>
          </ns3:TrackPointExtension>
        </extensions>
      </trkpt>
      <trkpt lat="22.55184466950595378875732421875" lon="114.01150080375373363494873046875">
        <ele>22</ele>
        <time>2026-09-11T23:08:36.000Z</time>
        <extensions>
          <ns3:TrackPointExtension>
            <ns3:atemp>31.0</ns3:atemp>
            <ns3:hr>163</ns3:hr>
            <ns3:cad>87</ns3:cad>
          </ns3:TrackPointExtension>
        </extensions>
      </trkpt>
      <trkpt lat="22.5518573261797428131103515625" lon="114.0114732272922992706298828125">
        <ele>22</ele>
        <time>2026-09-11T23:08:37.000Z</time>
        <extensions>
          <ns3:TrackPointExtension>
            <ns3:atemp>31.0</ns3:atemp>
            <ns3:hr>162</ns3:hr>
            <ns3:cad>87</ns3:cad>
          </ns3:TrackPointExtension>
        </extensions>
      </trkpt>
      <trkpt lat="22.55186512134969234466552734375" lon="114.01144984178245067596435546875">
        <ele>22</ele>
        <time>2026-09-11T23:08:38.000Z</time>
        <extensions>
          <ns3:TrackPointExtension>
            <ns3:atemp>31.0</ns3:atemp>
            <ns3:hr>162</ns3:hr>
            <ns3:cad>87</ns3:cad>
          </ns3:TrackPointExtension>
        </extensions>
      </trkpt>
      <trkpt lat="22.55187702365219593048095703125" lon="114.0114247798919677734375">
        <ele>22.200000762939453125</ele>
        <time>2026-09-11T23:08:39.000Z</time>
        <extensions>
          <ns3:TrackPointExtension>
            <ns3:atemp>31.0</ns3:atemp>
            <ns3:hr>162</ns3:hr>
            <ns3:cad>87</ns3:cad>
          </ns3:TrackPointExtension>
        </extensions>
      </trkpt>
      <trkpt lat="22.551885657012462615966796875" lon="114.01140122674405574798583984375">
        <ele>22.200000762939453125</ele>
        <time>2026-09-11T23:08:40.000Z</time>
        <extensions>
          <ns3:TrackPointExtension>
            <ns3:atemp>31.0</ns3:atemp>
            <ns3:hr>162</ns3:hr>
            <ns3:cad>87</ns3:cad>
          </ns3:TrackPointExtension>
        </extensions>
      </trkpt>
      <trkpt lat="22.55189336836338043212890625" lon="114.0113724768161773681640625">
        <ele>22.200000762939453125</ele>
        <time>2026-09-11T23:08:41.000Z</time>
        <extensions>
          <ns3:TrackPointExtension>
            <ns3:atemp>31.0</ns3:atemp>
            <ns3:hr>162</ns3:hr>
            <ns3:cad>87</ns3:cad>
          </ns3:TrackPointExtension>
        </extensions>
      </trkpt>
      <trkpt lat="22.55190283991396427154541015625" lon="114.01134925894439220428466796875">
        <ele>22.200000762939453125</ele>
        <time>2026-09-11T23:08:42.000Z</time>
        <extensions>
          <ns3:TrackPointExtension>
            <ns3:atemp>31.0</ns3:atemp>
            <ns3:hr>162</ns3:hr>
            <ns3:cad>86</ns3:cad>
          </ns3:TrackPointExtension>
        </extensions>
      </trkpt>
      <trkpt lat="22.551911808550357818603515625" lon="114.0113253705203533172607421875">
        <ele>22.200000762939453125</ele>
        <time>2026-09-11T23:08:43.000Z</time>
        <extensions>
          <ns3:TrackPointExtension>
            <ns3:atemp>31.0</ns3:atemp>
            <ns3:hr>162</ns3:hr>
            <ns3:cad>86</ns3:cad>
          </ns3:TrackPointExtension>
        </extensions>
      </trkpt>
      <trkpt lat="22.5519206933677196502685546875" lon="114.0113002248108386993408203125">
        <ele>22.200000762939453125</ele>
        <time>2026-09-11T23:08:44.000Z</time>
        <extensions>
          <ns3:TrackPointExtension>
            <ns3:atemp>31.0</ns3:atemp>
            <ns3:hr>162</ns3:hr>
            <ns3:cad>87</ns3:cad>
          </ns3:TrackPointExtension>
        </extensions>
      </trkpt>
      <trkpt lat="22.5519289076328277587890625" lon="114.0112760849297046661376953125">
        <ele>22.200000762939453125</ele>
        <time>2026-09-11T23:08:45.000Z</time>
        <extensions>
          <ns3:TrackPointExtension>
            <ns3:atemp>31.0</ns3:atemp>
            <ns3:hr>162</ns3:hr>
            <ns3:cad>87</ns3:cad>
          </ns3:TrackPointExtension>
        </extensions>
      </trkpt>
      <trkpt lat="22.55193251185119152069091796875" lon="114.01124850846827030181884765625">
        <ele>22.200000762939453125</ele>
        <time>2026-09-11T23:08:46.000Z</time>
        <extensions>
          <ns3:TrackPointExtension>
            <ns3:atemp>31.0</ns3:atemp>
            <ns3:hr>163</ns3:hr>
            <ns3:cad>87</ns3:cad>
          </ns3:TrackPointExtension>
        </extensions>
      </trkpt>
      <trkpt lat="22.5519396364688873291015625" lon="114.01122562587261199951171875">
        <ele>22.200000762939453125</ele>
        <time>2026-09-11T23:08:47.000Z</time>
        <extensions>
          <ns3:TrackPointExtension>
            <ns3:atemp>31.0</ns3:atemp>
            <ns3:hr>162</ns3:hr>
            <ns3:cad>87</ns3:cad>
          </ns3:TrackPointExtension>
        </extensions>
      </trkpt>
      <trkpt lat="22.5519471801817417144775390625" lon="114.01120056398212909698486328125">
        <ele>22.3999996185302734375</ele>
        <time>2026-09-11T23:08:48.000Z</time>
        <extensions>
          <ns3:TrackPointExtension>
            <ns3:atemp>31.0</ns3:atemp>
            <ns3:hr>162</ns3:hr>
            <ns3:cad>87</ns3:cad>
          </ns3:TrackPointExtension>
        </extensions>
      </trkpt>
      <trkpt lat="22.55195665173232555389404296875" lon="114.01117944158613681793212890625">
        <ele>22.3999996185302734375</ele>
        <time>2026-09-11T23:08:49.000Z</time>
        <extensions>
          <ns3:TrackPointExtension>
            <ns3:atemp>31.0</ns3:atemp>
            <ns3:hr>162</ns3:hr>
            <ns3:cad>87</ns3:cad>
          </ns3:TrackPointExtension>
        </extensions>
      </trkpt>
      <trkpt lat="22.55196738056838512420654296875" lon="114.01115446351468563079833984375">
        <ele>22.3999996185302734375</ele>
        <time>2026-09-11T23:08:50.000Z</time>
        <extensions>
          <ns3:TrackPointExtension>
            <ns3:atemp>31.0</ns3:atemp>
            <ns3:hr>162</ns3:hr>
            <ns3:cad>87</ns3:cad>
          </ns3:TrackPointExtension>
        </extensions>
      </trkpt>
      <trkpt lat="22.551974169909954071044921875" lon="114.01113082654774188995361328125">
        <ele>22.3999996185302734375</ele>
        <time>2026-09-11T23:08:51.000Z</time>
        <extensions>
          <ns3:TrackPointExtension>
            <ns3:atemp>31.0</ns3:atemp>
            <ns3:hr>162</ns3:hr>
            <ns3:cad>87</ns3:cad>
          </ns3:TrackPointExtension>
        </extensions>
      </trkpt>
      <trkpt lat="22.55198297090828418731689453125" lon="114.0111040882766246795654296875">
        <ele>22.200000762939453125</ele>
        <time>2026-09-11T23:08:52.000Z</time>
        <extensions>
          <ns3:TrackPointExtension>
            <ns3:atemp>31.0</ns3:atemp>
            <ns3:hr>162</ns3:hr>
            <ns3:cad>87</ns3:cad>
          </ns3:TrackPointExtension>
        </extensions>
      </trkpt>
      <trkpt lat="22.55199068225920200347900390625" lon="114.01107902638614177703857421875">
        <ele>22.3999996185302734375</ele>
        <time>2026-09-11T23:08:53.000Z</time>
        <extensions>
          <ns3:TrackPointExtension>
            <ns3:atemp>31.0</ns3:atemp>
            <ns3:hr>163</ns3:hr>
            <ns3:cad>87</ns3:cad>
          </ns3:TrackPointExtension>
        </extensions>
      </trkpt>
      <trkpt lat="22.55199738778173923492431640625" lon="114.01105505414307117462158203125">
        <ele>22.3999996185302734375</ele>
        <time>2026-09-11T23:08:54.000Z</time>
        <extensions>
          <ns3:TrackPointExtension>
            <ns3:atemp>31.0</ns3:atemp>
            <ns3:hr>163</ns3:hr>
            <ns3:cad>87</ns3:cad>
          </ns3:TrackPointExtension>
        </extensions>
      </trkpt>
      <trkpt lat="22.55200677551329135894775390625" lon="114.01102839969098567962646484375">
        <ele>22.3999996185302734375</ele>
        <time>2026-09-11T23:08:55.000Z</time>
        <extensions>
          <ns3:TrackPointExtension>
            <ns3:atemp>31.0</ns3:atemp>
            <ns3:hr>163</ns3:hr>
            <ns3:cad>87</ns3:cad>
          </ns3:TrackPointExtension>
        </extensions>
      </trkpt>
      <trkpt lat="22.5520120561122894287109375" lon="114.01100845076143741607666015625">
        <ele>22.3999996185302734375</ele>
        <time>2026-09-11T23:08:56.000Z</time>
        <extensions>
          <ns3:TrackPointExtension>
            <ns3:atemp>31.0</ns3:atemp>
            <ns3:hr>163</ns3:hr>
            <ns3:cad>87</ns3:cad>
          </ns3:TrackPointExtension>
        </extensions>
      </trkpt>
      <trkpt lat="22.5520185939967632293701171875" lon="114.01098581962287425994873046875">
        <ele>22.3999996185302734375</ele>
        <time>2026-09-11T23:08:57.000Z</time>
        <extensions>
          <ns3:TrackPointExtension>
            <ns3:atemp>31.0</ns3:atemp>
            <ns3:hr>164</ns3:hr>
            <ns3:cad>87</ns3:cad>
          </ns3:TrackPointExtension>
        </extensions>
      </trkpt>
      <trkpt lat="22.55202722735702991485595703125" lon="114.01096679270267486572265625">
        <ele>22.3999996185302734375</ele>
        <time>2026-09-11T23:08:58.000Z</time>
        <extensions>
          <ns3:TrackPointExtension>
            <ns3:atemp>31.0</ns3:atemp>
            <ns3:hr>164</ns3:hr>
            <ns3:cad>87</ns3:cad>
          </ns3:TrackPointExtension>
        </extensions>
      </trkpt>
      <trkpt lat="22.5520330108702182769775390625" lon="114.010947011411190032958984375">
        <ele>22.3999996185302734375</ele>
        <time>2026-09-11T23:08:59.000Z</time>
        <extensions>
          <ns3:TrackPointExtension>
            <ns3:atemp>31.0</ns3:atemp>
            <ns3:hr>164</ns3:hr>
            <ns3:cad>87</ns3:cad>
          </ns3:TrackPointExtension>
        </extensions>
      </trkpt>
      <trkpt lat="22.55204415880143642425537109375" lon="114.01093150489032268524169921875">
        <ele>22.3999996185302734375</ele>
        <time>2026-09-11T23:09:00.000Z</time>
        <extensions>
          <ns3:TrackPointExtension>
            <ns3:atemp>31.0</ns3:atemp>
            <ns3:hr>164</ns3:hr>
            <ns3:cad>87</ns3:cad>
          </ns3:TrackPointExtension>
        </extensions>
      </trkpt>
      <trkpt lat="22.5520591624081134796142578125" lon="114.0109153278172016143798828125">
        <ele>22.3999996185302734375</ele>
        <time>2026-09-11T23:09:01.000Z</time>
        <extensions>
          <ns3:TrackPointExtension>
            <ns3:atemp>31.0</ns3:atemp>
            <ns3:hr>164</ns3:hr>
            <ns3:cad>87</ns3:cad>
          </ns3:TrackPointExtension>
        </extensions>
      </trkpt>
      <trkpt lat="22.55206561647355556488037109375" lon="114.01089680381119251251220703125">
        <ele>22.6000003814697265625</ele>
        <time>2026-09-11T23:09:02.000Z</time>
        <extensions>
          <ns3:TrackPointExtension>
            <ns3:atemp>31.0</ns3:atemp>
            <ns3:hr>165</ns3:hr>
            <ns3:cad>87</ns3:cad>
          </ns3:TrackPointExtension>
        </extensions>
      </trkpt>
      <trkpt lat="22.5520722381770610809326171875" lon="114.0108750946819782257080078125">
        <ele>22.6000003814697265625</ele>
        <time>2026-09-11T23:09:03.000Z</time>
        <extensions>
          <ns3:TrackPointExtension>
            <ns3:atemp>31.0</ns3:atemp>
            <ns3:hr>164</ns3:hr>
            <ns3:cad>87</ns3:cad>
          </ns3:TrackPointExtension>
        </extensions>
      </trkpt>
      <trkpt lat="22.5520779378712177276611328125" lon="114.01085623539984226226806640625">
        <ele>22.6000003814697265625</ele>
        <time>2026-09-11T23:09:04.000Z</time>
        <extensions>
          <ns3:TrackPointExtension>
            <ns3:atemp>31.0</ns3:atemp>
            <ns3:hr>165</ns3:hr>
            <ns3:cad>87</ns3:cad>
          </ns3:TrackPointExtension>
        </extensions>
      </trkpt>
      <trkpt lat="22.55208388902246952056884765625" lon="114.010837376117706298828125">
        <ele>22.6000003814697265625</ele>
        <time>2026-09-11T23:09:05.000Z</time>
        <extensions>
          <ns3:TrackPointExtension>
            <ns3:atemp>31.0</ns3:atemp>
            <ns3:hr>165</ns3:hr>
            <ns3:cad>87</ns3:cad>
          </ns3:TrackPointExtension>
        </extensions>
      </trkpt>
      <trkpt lat="22.55209595896303653717041015625" lon="114.01081834919750690460205078125">
        <ele>22.6000003814697265625</ele>
        <time>2026-09-11T23:09:06.000Z</time>
        <extensions>
          <ns3:TrackPointExtension>
            <ns3:atemp>31.0</ns3:atemp>
            <ns3:hr>165</ns3:hr>
            <ns3:cad>87</ns3:cad>
          </ns3:TrackPointExtension>
        </extensions>
      </trkpt>
      <trkpt lat="22.5521099567413330078125" lon="114.01079203002154827117919921875">
        <ele>22.6000003814697265625</ele>
        <time>2026-09-11T23:09:07.000Z</time>
        <extensions>
          <ns3:TrackPointExtension>
            <ns3:atemp>31.0</ns3:atemp>
            <ns3:hr>164</ns3:hr>
            <ns3:cad>87</ns3:cad>
          </ns3:TrackPointExtension>
        </extensions>
      </trkpt>
      <trkpt lat="22.5521188415586948394775390625" lon="114.0107631124556064605712890625">
        <ele>22.6000003814697265625</ele>
        <time>2026-09-11T23:09:08.000Z</time>
        <extensions>
          <ns3:TrackPointExtension>
            <ns3:atemp>31.0</ns3:atemp>
            <ns3:hr>164</ns3:hr>
            <ns3:cad>87</ns3:cad>
          </ns3:TrackPointExtension>
        </extensions>
      </trkpt>
      <trkpt lat="22.55213367752730846405029296875" lon="114.0107393078505992889404296875">
        <ele>22.6000003814697265625</ele>
        <time>2026-09-11T23:09:09.000Z</time>
        <extensions>
          <ns3:TrackPointExtension>
            <ns3:atemp>31.0</ns3:atemp>
            <ns3:hr>164</ns3:hr>
            <ns3:cad>86</ns3:cad>
          </ns3:TrackPointExtension>
        </extensions>
      </trkpt>
      <trkpt lat="22.552149184048175811767578125" lon="114.01070795953273773193359375">
        <ele>22.6000003814697265625</ele>
        <time>2026-09-11T23:09:10.000Z</time>
        <extensions>
          <ns3:TrackPointExtension>
            <ns3:atemp>31.0</ns3:atemp>
            <ns3:hr>163</ns3:hr>
            <ns3:cad>86</ns3:cad>
          </ns3:TrackPointExtension>
        </extensions>
      </trkpt>
      <trkpt lat="22.55216351710259914398193359375" lon="114.01067149825394153594970703125">
        <ele>22.6000003814697265625</ele>
        <time>2026-09-11T23:09:11.000Z</time>
        <extensions>
          <ns3:TrackPointExtension>
            <ns3:atemp>31.0</ns3:atemp>
            <ns3:hr>163</ns3:hr>
            <ns3:cad>86</ns3:cad>
          </ns3:TrackPointExtension>
        </extensions>
      </trkpt>
      <trkpt lat="22.55217860452830791473388671875" lon="114.01064484380185604095458984375">
        <ele>22.6000003814697265625</ele>
        <time>2026-09-11T23:09:12.000Z</time>
        <extensions>
          <ns3:TrackPointExtension>
            <ns3:atemp>31.0</ns3:atemp>
            <ns3:hr>163</ns3:hr>
            <ns3:cad>86</ns3:cad>
          </ns3:TrackPointExtension>
        </extensions>
      </trkpt>
      <trkpt lat="22.5521949492394924163818359375" lon="114.010612405836582183837890625">
        <ele>22.799999237060546875</ele>
        <time>2026-09-11T23:09:13.000Z</time>
        <extensions>
          <ns3:TrackPointExtension>
            <ns3:atemp>31.0</ns3:atemp>
            <ns3:hr>163</ns3:hr>
            <ns3:cad>86</ns3:cad>
          </ns3:TrackPointExtension>
        </extensions>
      </trkpt>
      <trkpt lat="22.552209533751010894775390625" lon="114.0105870924890041351318359375">
        <ele>22.799999237060546875</ele>
        <time>2026-09-11T23:09:14.000Z</time>
        <extensions>
          <ns3:TrackPointExtension>
            <ns3:atemp>31.0</ns3:atemp>
            <ns3:hr>163</ns3:hr>
            <ns3:cad>86</ns3:cad>
          </ns3:TrackPointExtension>
        </extensions>
      </trkpt>
      <trkpt lat="22.5522284768521785736083984375" lon="114.0105542354285717010498046875">
        <ele>22.799999237060546875</ele>
        <time>2026-09-11T23:09:15.000Z</time>
        <extensions>
          <ns3:TrackPointExtension>
            <ns3:atemp>31.0</ns3:atemp>
            <ns3:hr>163</ns3:hr>
            <ns3:cad>86</ns3:cad>
          </ns3:TrackPointExtension>
        </extensions>
      </trkpt>
      <trkpt lat="22.55224473774433135986328125" lon="114.01052825152873992919921875">
        <ele>22.799999237060546875</ele>
        <time>2026-09-11T23:09:16.000Z</time>
        <extensions>
          <ns3:TrackPointExtension>
            <ns3:atemp>31.0</ns3:atemp>
            <ns3:hr>163</ns3:hr>
            <ns3:cad>86</ns3:cad>
          </ns3:TrackPointExtension>
        </extensions>
      </trkpt>
      <trkpt lat="22.55226091481745243072509765625" lon="114.01049338281154632568359375">
        <ele>22.799999237060546875</ele>
        <time>2026-09-11T23:09:17.000Z</time>
        <extensions>
          <ns3:TrackPointExtension>
            <ns3:atemp>31.0</ns3:atemp>
            <ns3:hr>163</ns3:hr>
            <ns3:cad>86</ns3:cad>
          </ns3:TrackPointExtension>
        </extensions>
      </trkpt>
      <trkpt lat="22.5522750802338123321533203125" lon="114.010466895997524261474609375">
        <ele>22.799999237060546875</ele>
        <time>2026-09-11T23:09:18.000Z</time>
        <extensions>
          <ns3:TrackPointExtension>
            <ns3:atemp>31.0</ns3:atemp>
            <ns3:hr>164</ns3:hr>
            <ns3:cad>86</ns3:cad>
          </ns3:TrackPointExtension>
        </extensions>
      </trkpt>
      <trkpt lat="22.552285306155681610107421875" lon="114.0104417502880096435546875">
        <ele>22.799999237060546875</ele>
        <time>2026-09-11T23:09:19.000Z</time>
        <extensions>
          <ns3:TrackPointExtension>
            <ns3:atemp>31.0</ns3:atemp>
            <ns3:hr>164</ns3:hr>
            <ns3:cad>86</ns3:cad>
          </ns3:TrackPointExtension>
        </extensions>
      </trkpt>
      <trkpt lat="22.5522925145924091339111328125" lon="114.010412581264972686767578125">
        <ele>23</ele>
        <time>2026-09-11T23:09:20.000Z</time>
        <extensions>
          <ns3:TrackPointExtension>
            <ns3:atemp>31.0</ns3:atemp>
            <ns3:hr>163</ns3:hr>
            <ns3:cad>86</ns3:cad>
          </ns3:TrackPointExtension>
        </extensions>
      </trkpt>
      <trkpt lat="22.55229930393397808074951171875" lon="114.0103852562606334686279296875">
        <ele>23.200000762939453125</ele>
        <time>2026-09-11T23:09:21.000Z</time>
        <extensions>
          <ns3:TrackPointExtension>
            <ns3:atemp>31.0</ns3:atemp>
            <ns3:hr>163</ns3:hr>
            <ns3:cad>86</ns3:cad>
          </ns3:TrackPointExtension>
        </extensions>
      </trkpt>
      <trkpt lat="22.55230684764683246612548828125" lon="114.01035818271338939666748046875">
        <ele>23.3999996185302734375</ele>
        <time>2026-09-11T23:09:22.000Z</time>
        <extensions>
          <ns3:TrackPointExtension>
            <ns3:atemp>31.0</ns3:atemp>
            <ns3:hr>164</ns3:hr>
            <ns3:cad>87</ns3:cad>
          </ns3:TrackPointExtension>
        </extensions>
      </trkpt>
      <trkpt lat="22.55231380462646484375" lon="114.0103349648416042327880859375">
        <ele>23.3999996185302734375</ele>
        <time>2026-09-11T23:09:23.000Z</time>
        <extensions>
          <ns3:TrackPointExtension>
            <ns3:atemp>31.0</ns3:atemp>
            <ns3:hr>164</ns3:hr>
            <ns3:cad>87</ns3:cad>
          </ns3:TrackPointExtension>
        </extensions>
      </trkpt>
      <trkpt lat="22.5523223541676998138427734375" lon="114.01030235923826694488525390625">
        <ele>23.3999996185302734375</ele>
        <time>2026-09-11T23:09:24.000Z</time>
        <extensions>
          <ns3:TrackPointExtension>
            <ns3:atemp>31.0</ns3:atemp>
            <ns3:hr>164</ns3:hr>
            <ns3:cad>87</ns3:cad>
          </ns3:TrackPointExtension>
        </extensions>
      </trkpt>
      <trkpt lat="22.55232998169958591461181640625" lon="114.010277800261974334716796875">
        <ele>23.3999996185302734375</ele>
        <time>2026-09-11T23:09:25.000Z</time>
        <extensions>
          <ns3:TrackPointExtension>
            <ns3:atemp>31.0</ns3:atemp>
            <ns3:hr>163</ns3:hr>
            <ns3:cad>87</ns3:cad>
          </ns3:TrackPointExtension>
        </extensions>
      </trkpt>
      <trkpt lat="22.55234104581177234649658203125" lon="114.0102417580783367156982421875">
        <ele>23.3999996185302734375</ele>
        <time>2026-09-11T23:09:26.000Z</time>
        <extensions>
          <ns3:TrackPointExtension>
            <ns3:atemp>31.0</ns3:atemp>
            <ns3:hr>164</ns3:hr>
            <ns3:cad>87</ns3:cad>
          </ns3:TrackPointExtension>
        </extensions>
      </trkpt>
      <trkpt lat="22.5523491762578487396240234375" lon="114.01021175086498260498046875">
        <ele>23.3999996185302734375</ele>
        <time>2026-09-11T23:09:27.000Z</time>
        <extensions>
          <ns3:TrackPointExtension>
            <ns3:atemp>31.0</ns3:atemp>
            <ns3:hr>163</ns3:hr>
            <ns3:cad>87</ns3:cad>
          </ns3:TrackPointExtension>
        </extensions>
      </trkpt>
      <trkpt lat="22.5523595698177814483642578125" lon="114.0101802349090576171875">
        <ele>23.3999996185302734375</ele>
        <time>2026-09-11T23:09:28.000Z</time>
        <extensions>
          <ns3:TrackPointExtension>
            <ns3:atemp>31.0</ns3:atemp>
            <ns3:hr>163</ns3:hr>
            <ns3:cad>87</ns3:cad>
          </ns3:TrackPointExtension>
        </extensions>
      </trkpt>
      <trkpt lat="22.55236753262579441070556640625" lon="114.01015047915279865264892578125">
        <ele>23.6000003814697265625</ele>
        <time>2026-09-11T23:09:29.000Z</time>
        <extensions>
          <ns3:TrackPointExtension>
            <ns3:atemp>31.0</ns3:atemp>
            <ns3:hr>164</ns3:hr>
            <ns3:cad>87</ns3:cad>
          </ns3:TrackPointExtension>
        </extensions>
      </trkpt>
      <trkpt lat="22.5523741543292999267578125" lon="114.01013304479420185089111328125">
        <ele>23.6000003814697265625</ele>
        <time>2026-09-11T23:09:30.000Z</time>
        <extensions>
          <ns3:TrackPointExtension>
            <ns3:atemp>31.0</ns3:atemp>
            <ns3:hr>164</ns3:hr>
            <ns3:cad>87</ns3:cad>
          </ns3:TrackPointExtension>
        </extensions>
      </trkpt>
      <trkpt lat="22.55237557925283908843994140625" lon="114.01010069064795970916748046875">
        <ele>23.6000003814697265625</ele>
        <time>2026-09-11T23:09:31.000Z</time>
        <extensions>
          <ns3:TrackPointExtension>
            <ns3:atemp>31.0</ns3:atemp>
            <ns3:hr>164</ns3:hr>
            <ns3:cad>87</ns3:cad>
          </ns3:TrackPointExtension>
        </extensions>
      </trkpt>
      <trkpt lat="22.552381865680217742919921875" lon="114.01008124463260173797607421875">
        <ele>23.6000003814697265625</ele>
        <time>2026-09-11T23:09:32.000Z</time>
        <extensions>
          <ns3:TrackPointExtension>
            <ns3:atemp>31.0</ns3:atemp>
            <ns3:hr>164</ns3:hr>
            <ns3:cad>87</ns3:cad>
          </ns3:TrackPointExtension>
        </extensions>
      </trkpt>
      <trkpt lat="22.552391923964023590087890625" lon="114.0100556798279285430908203125">
        <ele>23.6000003814697265625</ele>
        <time>2026-09-11T23:09:33.000Z</time>
        <extensions>
          <ns3:TrackPointExtension>
            <ns3:atemp>31.0</ns3:atemp>
            <ns3:hr>164</ns3:hr>
            <ns3:cad>86</ns3:cad>
          </ns3:TrackPointExtension>
        </extensions>
      </trkpt>
      <trkpt lat="22.55239971913397312164306640625" lon="114.01003380306065082550048828125">
        <ele>23.6000003814697265625</ele>
        <time>2026-09-11T23:09:34.000Z</time>
        <extensions>
          <ns3:TrackPointExtension>
            <ns3:atemp>31.0</ns3:atemp>
            <ns3:hr>164</ns3:hr>
            <ns3:cad>86</ns3:cad>
          </ns3:TrackPointExtension>
        </extensions>
      </trkpt>
      <trkpt lat="22.55241061560809612274169921875" lon="114.01001284830272197723388671875">
        <ele>23.6000003814697265625</ele>
        <time>2026-09-11T23:09:35.000Z</time>
        <extensions>
          <ns3:TrackPointExtension>
            <ns3:atemp>31.0</ns3:atemp>
            <ns3:hr>164</ns3:hr>
            <ns3:cad>86</ns3:cad>
          </ns3:TrackPointExtension>
        </extensions>
      </trkpt>
      <trkpt lat="22.55241832695901393890380859375" lon="114.00999180972576141357421875">
        <ele>23.6000003814697265625</ele>
        <time>2026-09-11T23:09:36.000Z</time>
        <extensions>
          <ns3:TrackPointExtension>
            <ns3:atemp>31.0</ns3:atemp>
            <ns3:hr>165</ns3:hr>
            <ns3:cad>86</ns3:cad>
          </ns3:TrackPointExtension>
        </extensions>
      </trkpt>
      <trkpt lat="22.55242788232862949371337890625" lon="114.009972028434276580810546875">
        <ele>23.6000003814697265625</ele>
        <time>2026-09-11T23:09:37.000Z</time>
        <extensions>
          <ns3:TrackPointExtension>
            <ns3:atemp>31.0</ns3:atemp>
            <ns3:hr>165</ns3:hr>
            <ns3:cad>86</ns3:cad>
          </ns3:TrackPointExtension>
        </extensions>
      </trkpt>
      <trkpt lat="22.55243911407887935638427734375" lon="114.0099482238292694091796875">
        <ele>23.799999237060546875</ele>
        <time>2026-09-11T23:09:38.000Z</time>
        <extensions>
          <ns3:TrackPointExtension>
            <ns3:atemp>31.0</ns3:atemp>
            <ns3:hr>165</ns3:hr>
            <ns3:cad>86</ns3:cad>
          </ns3:TrackPointExtension>
        </extensions>
      </trkpt>
      <trkpt lat="22.5524464063346385955810546875" lon="114.00992752052843570709228515625">
        <ele>23.799999237060546875</ele>
        <time>2026-09-11T23:09:39.000Z</time>
        <extensions>
          <ns3:TrackPointExtension>
            <ns3:atemp>31.0</ns3:atemp>
            <ns3:hr>166</ns3:hr>
            <ns3:cad>85</ns3:cad>
          </ns3:TrackPointExtension>
        </extensions>
      </trkpt>
      <trkpt lat="22.55245470441877841949462890625" lon="114.00990220718085765838623046875">
        <ele>23.799999237060546875</ele>
        <time>2026-09-11T23:09:40.000Z</time>
        <extensions>
          <ns3:TrackPointExtension>
            <ns3:atemp>31.0</ns3:atemp>
            <ns3:hr>166</ns3:hr>
            <ns3:cad>85</ns3:cad>
          </ns3:TrackPointExtension>
        </extensions>
      </trkpt>
      <trkpt lat="22.552462331950664520263671875" lon="114.0098811686038970947265625">
        <ele>24</ele>
        <time>2026-09-11T23:09:41.000Z</time>
        <extensions>
          <ns3:TrackPointExtension>
            <ns3:atemp>31.0</ns3:atemp>
            <ns3:hr>166</ns3:hr>
            <ns3:cad>85</ns3:cad>
          </ns3:TrackPointExtension>
        </extensions>
      </trkpt>
      <trkpt lat="22.552467025816440582275390625" lon="114.00985510088503360748291015625">
        <ele>24</ele>
        <time>2026-09-11T23:09:42.000Z</time>
        <extensions>
          <ns3:TrackPointExtension>
            <ns3:atemp>31.0</ns3:atemp>
            <ns3:hr>166</ns3:hr>
            <ns3:cad>85</ns3:cad>
          </ns3:TrackPointExtension>
        </extensions>
      </trkpt>
      <trkpt lat="22.5524745695292949676513671875" lon="114.00982928462326526641845703125">
        <ele>24.200000762939453125</ele>
        <time>2026-09-11T23:09:43.000Z</time>
        <extensions>
          <ns3:TrackPointExtension>
            <ns3:atemp>31.0</ns3:atemp>
            <ns3:hr>165</ns3:hr>
            <ns3:cad>85</ns3:cad>
          </ns3:TrackPointExtension>
        </extensions>
      </trkpt>
      <trkpt lat="22.55248219706118106842041015625" lon="114.0098075754940509796142578125">
        <ele>24.200000762939453125</ele>
        <time>2026-09-11T23:09:44.000Z</time>
        <extensions>
          <ns3:TrackPointExtension>
            <ns3:atemp>31.0</ns3:atemp>
            <ns3:hr>165</ns3:hr>
            <ns3:cad>85</ns3:cad>
          </ns3:TrackPointExtension>
        </extensions>
      </trkpt>
      <trkpt lat="22.55248554982244968414306640625" lon="114.00978502817451953887939453125">
        <ele>24.200000762939453125</ele>
        <time>2026-09-11T23:09:45.000Z</time>
        <extensions>
          <ns3:TrackPointExtension>
            <ns3:atemp>31.0</ns3:atemp>
            <ns3:hr>165</ns3:hr>
            <ns3:cad>86</ns3:cad>
          </ns3:TrackPointExtension>
        </extensions>
      </trkpt>
      <trkpt lat="22.5524889864027500152587890625" lon="114.0097686834633350372314453125">
        <ele>24.200000762939453125</ele>
        <time>2026-09-11T23:09:46.000Z</time>
        <extensions>
          <ns3:TrackPointExtension>
            <ns3:atemp>31.0</ns3:atemp>
            <ns3:hr>165</ns3:hr>
            <ns3:cad>86</ns3:cad>
          </ns3:TrackPointExtension>
        </extensions>
      </trkpt>
      <trkpt lat="22.5524923391640186309814453125" lon="114.00974261574447154998779296875">
        <ele>24.3999996185302734375</ele>
        <time>2026-09-11T23:09:47.000Z</time>
        <extensions>
          <ns3:TrackPointExtension>
            <ns3:atemp>31.0</ns3:atemp>
            <ns3:hr>166</ns3:hr>
            <ns3:cad>86</ns3:cad>
          </ns3:TrackPointExtension>
        </extensions>
      </trkpt>
      <trkpt lat="22.55248940549790859222412109375" lon="114.0097133629024028778076171875">
        <ele>24.3999996185302734375</ele>
        <time>2026-09-11T23:09:48.000Z</time>
        <extensions>
          <ns3:TrackPointExtension>
            <ns3:atemp>31.0</ns3:atemp>
            <ns3:hr>166</ns3:hr>
            <ns3:cad>86</ns3:cad>
          </ns3:TrackPointExtension>
        </extensions>
      </trkpt>
      <trkpt lat="22.55248974077403545379638671875" lon="114.00969333015382289886474609375">
        <ele>24.6000003814697265625</ele>
        <time>2026-09-11T23:09:49.000Z</time>
        <extensions>
          <ns3:TrackPointExtension>
            <ns3:atemp>31.0</ns3:atemp>
            <ns3:hr>166</ns3:hr>
            <ns3:cad>87</ns3:cad>
          </ns3:TrackPointExtension>
        </extensions>
      </trkpt>
      <trkpt lat="22.5524983741343021392822265625" lon="114.00967002846300601959228515625">
        <ele>24.6000003814697265625</ele>
        <time>2026-09-11T23:09:50.000Z</time>
        <extensions>
          <ns3:TrackPointExtension>
            <ns3:atemp>31.0</ns3:atemp>
            <ns3:hr>166</ns3:hr>
            <ns3:cad>87</ns3:cad>
          </ns3:TrackPointExtension>
        </extensions>
      </trkpt>
      <trkpt lat="22.55250382237136363983154296875" lon="114.00965024717152118682861328125">
        <ele>24.6000003814697265625</ele>
        <time>2026-09-11T23:09:51.000Z</time>
        <extensions>
          <ns3:TrackPointExtension>
            <ns3:atemp>31.0</ns3:atemp>
            <ns3:hr>166</ns3:hr>
            <ns3:cad>85</ns3:cad>
          </ns3:TrackPointExtension>
        </extensions>
      </trkpt>
      <trkpt lat="22.552504576742649078369140625" lon="114.00962778367102146148681640625">
        <ele>24.6000003814697265625</ele>
        <time>2026-09-11T23:09:52.000Z</time>
        <extensions>
          <ns3:TrackPointExtension>
            <ns3:atemp>31.0</ns3:atemp>
            <ns3:hr>166</ns3:hr>
            <ns3:cad>85</ns3:cad>
          </ns3:TrackPointExtension>
        </extensions>
      </trkpt>
      <trkpt lat="22.5525057502090930938720703125" lon="114.00960649363696575164794921875">
        <ele>24.799999237060546875</ele>
        <time>2026-09-11T23:09:53.000Z</time>
        <extensions>
          <ns3:TrackPointExtension>
            <ns3:atemp>31.0</ns3:atemp>
            <ns3:hr>166</ns3:hr>
            <ns3:cad>85</ns3:cad>
          </ns3:TrackPointExtension>
        </extensions>
      </trkpt>
      <trkpt lat="22.5525023974478244781494140625" lon="114.009584449231624603271484375">
        <ele>24.799999237060546875</ele>
        <time>2026-09-11T23:09:54.000Z</time>
        <extensions>
          <ns3:TrackPointExtension>
            <ns3:atemp>31.0</ns3:atemp>
            <ns3:hr>166</ns3:hr>
            <ns3:cad>85</ns3:cad>
          </ns3:TrackPointExtension>
        </extensions>
      </trkpt>
      <trkpt lat="22.55250264890491962432861328125" lon="114.00956039316952228546142578125">
        <ele>24.799999237060546875</ele>
        <time>2026-09-11T23:09:55.000Z</time>
        <extensions>
          <ns3:TrackPointExtension>
            <ns3:atemp>31.0</ns3:atemp>
            <ns3:hr>166</ns3:hr>
            <ns3:cad>85</ns3:cad>
          </ns3:TrackPointExtension>
        </extensions>
      </trkpt>
      <trkpt lat="22.55250214599072933197021484375" lon="114.0095343254506587982177734375">
        <ele>24.799999237060546875</ele>
        <time>2026-09-11T23:09:56.000Z</time>
        <extensions>
          <ns3:TrackPointExtension>
            <ns3:atemp>31.0</ns3:atemp>
            <ns3:hr>166</ns3:hr>
            <ns3:cad>86</ns3:cad>
          </ns3:TrackPointExtension>
        </extensions>
      </trkpt>
      <trkpt lat="22.55251119844615459442138671875" lon="114.00951060466468334197998046875">
        <ele>24.799999237060546875</ele>
        <time>2026-09-11T23:09:57.000Z</time>
        <extensions>
          <ns3:TrackPointExtension>
            <ns3:atemp>31.0</ns3:atemp>
            <ns3:hr>166</ns3:hr>
            <ns3:cad>86</ns3:cad>
          </ns3:TrackPointExtension>
        </extensions>
      </trkpt>
      <trkpt lat="22.55253097973763942718505859375" lon="114.00948596186935901641845703125">
        <ele>24.799999237060546875</ele>
        <time>2026-09-11T23:09:58.000Z</time>
        <extensions>
          <ns3:TrackPointExtension>
            <ns3:atemp>31.0</ns3:atemp>
            <ns3:hr>165</ns3:hr>
            <ns3:cad>86</ns3:cad>
          </ns3:TrackPointExtension>
        </extensions>
      </trkpt>
      <trkpt lat="22.5525540299713611602783203125" lon="114.00946819223463535308837890625">
        <ele>24.799999237060546875</ele>
        <time>2026-09-11T23:09:59.000Z</time>
        <extensions>
          <ns3:TrackPointExtension>
            <ns3:atemp>31.0</ns3:atemp>
            <ns3:hr>166</ns3:hr>
            <ns3:cad>86</ns3:cad>
          </ns3:TrackPointExtension>
        </extensions>
      </trkpt>
      <trkpt lat="22.55258915014564990997314453125" lon="114.0094441361725330352783203125">
        <ele>24.799999237060546875</ele>
        <time>2026-09-11T23:10:00.000Z</time>
        <extensions>
          <ns3:TrackPointExtension>
            <ns3:atemp>31.0</ns3:atemp>
            <ns3:hr>166</ns3:hr>
            <ns3:cad>84</ns3:cad>
          </ns3:TrackPointExtension>
        </extensions>
      </trkpt>
      <trkpt lat="22.55260608159005641937255859375" lon="114.00942460633814334869384765625">
        <ele>24.799999237060546875</ele>
        <time>2026-09-11T23:10:01.000Z</time>
        <extensions>
          <ns3:TrackPointExtension>
            <ns3:atemp>31.0</ns3:atemp>
            <ns3:hr>165</ns3:hr>
            <ns3:cad>84</ns3:cad>
          </ns3:TrackPointExtension>
        </extensions>
      </trkpt>
      <trkpt lat="22.5526277907192707061767578125" lon="114.00939879007637500762939453125">
        <ele>24.799999237060546875</ele>
        <time>2026-09-11T23:10:02.000Z</time>
        <extensions>
          <ns3:TrackPointExtension>
            <ns3:atemp>31.0</ns3:atemp>
            <ns3:hr>165</ns3:hr>
            <ns3:cad>82</ns3:cad>
          </ns3:TrackPointExtension>
        </extensions>
      </trkpt>
      <trkpt lat="22.552642039954662322998046875" lon="114.0093733929097652435302734375">
        <ele>24.6000003814697265625</ele>
        <time>2026-09-11T23:10:03.000Z</time>
        <extensions>
          <ns3:TrackPointExtension>
            <ns3:atemp>31.0</ns3:atemp>
            <ns3:hr>165</ns3:hr>
            <ns3:cad>82</ns3:cad>
          </ns3:TrackPointExtension>
        </extensions>
      </trkpt>
      <trkpt lat="22.5526556186378002166748046875" lon="114.00934933684766292572021484375">
        <ele>24.799999237060546875</ele>
        <time>2026-09-11T23:10:04.000Z</time>
        <extensions>
          <ns3:TrackPointExtension>
            <ns3:atemp>31.0</ns3:atemp>
            <ns3:hr>164</ns3:hr>
            <ns3:cad>84</ns3:cad>
          </ns3:TrackPointExtension>
        </extensions>
      </trkpt>
      <trkpt lat="22.5526656769216060638427734375" lon="114.00932419113814830780029296875">
        <ele>24.799999237060546875</ele>
        <time>2026-09-11T23:10:05.000Z</time>
        <extensions>
          <ns3:TrackPointExtension>
            <ns3:atemp>31.0</ns3:atemp>
            <ns3:hr>164</ns3:hr>
            <ns3:cad>84</ns3:cad>
          </ns3:TrackPointExtension>
        </extensions>
      </trkpt>
      <trkpt lat="22.55267389118671417236328125" lon="114.00930516421794891357421875">
        <ele>24.799999237060546875</ele>
        <time>2026-09-11T23:10:06.000Z</time>
        <extensions>
          <ns3:TrackPointExtension>
            <ns3:atemp>31.0</ns3:atemp>
            <ns3:hr>164</ns3:hr>
            <ns3:cad>84</ns3:cad>
          </ns3:TrackPointExtension>
        </extensions>
      </trkpt>
      <trkpt lat="22.552682943642139434814453125" lon="114.00928638875484466552734375">
        <ele>24.799999237060546875</ele>
        <time>2026-09-11T23:10:07.000Z</time>
        <extensions>
          <ns3:TrackPointExtension>
            <ns3:atemp>31.0</ns3:atemp>
            <ns3:hr>163</ns3:hr>
            <ns3:cad>84</ns3:cad>
          </ns3:TrackPointExtension>
        </extensions>
      </trkpt>
      <trkpt lat="22.5526878051459789276123046875" lon="114.009270630776882171630859375">
        <ele>25</ele>
        <time>2026-09-11T23:10:08.000Z</time>
        <extensions>
          <ns3:TrackPointExtension>
            <ns3:atemp>31.0</ns3:atemp>
            <ns3:hr>163</ns3:hr>
            <ns3:cad>83</ns3:cad>
          </ns3:TrackPointExtension>
        </extensions>
      </trkpt>
      <trkpt lat="22.55268721841275691986083984375" lon="114.00926803238689899444580078125">
        <ele>25</ele>
        <time>2026-09-11T23:10:09.000Z</time>
        <extensions>
          <ns3:TrackPointExtension>
            <ns3:atemp>31.0</ns3:atemp>
            <ns3:hr>162</ns3:hr>
            <ns3:cad>83</ns3:cad>
          </ns3:TrackPointExtension>
        </extensions>
      </trkpt>
      <trkpt lat="22.55268872715532779693603515625" lon="114.00926484726369380950927734375">
        <ele>25</ele>
        <time>2026-09-11T23:10:10.000Z</time>
        <extensions>
          <ns3:TrackPointExtension>
            <ns3:atemp>31.0</ns3:atemp>
            <ns3:hr>163</ns3:hr>
            <ns3:cad>82</ns3:cad>
          </ns3:TrackPointExtension>
        </extensions>
      </trkpt>
      <trkpt lat="22.5526961870491504669189453125" lon="114.00925512425601482391357421875">
        <ele>24.799999237060546875</ele>
        <time>2026-09-11T23:10:11.000Z</time>
        <extensions>
          <ns3:TrackPointExtension>
            <ns3:atemp>31.0</ns3:atemp>
            <ns3:hr>163</ns3:hr>
            <ns3:cad>82</ns3:cad>
          </ns3:TrackPointExtension>
        </extensions>
      </trkpt>
      <trkpt lat="22.55270532332360744476318359375" lon="114.0092412941157817840576171875">
        <ele>24.799999237060546875</ele>
        <time>2026-09-11T23:10:12.000Z</time>
        <extensions>
          <ns3:TrackPointExtension>
            <ns3:atemp>31.0</ns3:atemp>
            <ns3:hr>162</ns3:hr>
            <ns3:cad>55</ns3:cad>
          </ns3:TrackPointExtension>
        </extensions>
      </trkpt>
      <trkpt lat="22.55271336995065212249755859375" lon="114.0092171542346477508544921875">
        <ele>24.6000003814697265625</ele>
        <time>2026-09-11T23:10:13.000Z</time>
        <extensions>
          <ns3:TrackPointExtension>
            <ns3:atemp>31.0</ns3:atemp>
            <ns3:hr>162</ns3:hr>
            <ns3:cad>55</ns3:cad>
          </ns3:TrackPointExtension>
        </extensions>
      </trkpt>
      <trkpt lat="22.5527169741690158843994140625" lon="114.00921070016920566558837890625">
        <ele>24.6000003814697265625</ele>
        <time>2026-09-11T23:10:14.000Z</time>
        <extensions>
          <ns3:TrackPointExtension>
            <ns3:atemp>31.0</ns3:atemp>
            <ns3:hr>162</ns3:hr>
            <ns3:cad>55</ns3:cad>
          </ns3:TrackPointExtension>
        </extensions>
      </trkpt>
      <trkpt lat="22.55271940492093563079833984375" lon="114.009204246103763580322265625">
        <ele>24.6000003814697265625</ele>
        <time>2026-09-11T23:10:15.000Z</time>
        <extensions>
          <ns3:TrackPointExtension>
            <ns3:atemp>31.0</ns3:atemp>
            <ns3:hr>162</ns3:hr>
            <ns3:cad>52</ns3:cad>
          </ns3:TrackPointExtension>
        </extensions>
      </trkpt>
      <trkpt lat="22.55271814763545989990234375" lon="114.00920148007571697235107421875">
        <ele>24.6000003814697265625</ele>
        <time>2026-09-11T23:10:16.000Z</time>
        <extensions>
          <ns3:TrackPointExtension>
            <ns3:atemp>31.0</ns3:atemp>
            <ns3:hr>161</ns3:hr>
            <ns3:cad>52</ns3:cad>
          </ns3:TrackPointExtension>
        </extensions>
      </trkpt>
      <trkpt lat="22.552716471254825592041015625" lon="114.00919578038156032562255859375">
        <ele>24.6000003814697265625</ele>
        <time>2026-09-11T23:10:17.000Z</time>
        <extensions>
          <ns3:TrackPointExtension>
            <ns3:atemp>31.0</ns3:atemp>
            <ns3:hr>160</ns3:hr>
            <ns3:cad>0</ns3:cad>
          </ns3:TrackPointExtension>
        </extensions>
      </trkpt>
      <trkpt lat="22.5527189858257770538330078125" lon="114.0091973729431629180908203125">
        <ele>24.6000003814697265625</ele>
        <time>2026-09-11T23:10:18.000Z</time>
        <extensions>
          <ns3:TrackPointExtension>
            <ns3:atemp>31.0</ns3:atemp>
            <ns3:hr>160</ns3:hr>
            <ns3:cad>0</ns3:cad>
          </ns3:TrackPointExtension>
        </extensions>
      </trkpt>
      <trkpt lat="22.552719824016094207763671875" lon="114.0091973729431629180908203125">
        <ele>24.3999996185302734375</ele>
        <time>2026-09-11T23:10:19.000Z</time>
        <extensions>
          <ns3:TrackPointExtension>
            <ns3:atemp>31.0</ns3:atemp>
            <ns3:hr>159</ns3:hr>
            <ns3:cad>0</ns3:cad>
          </ns3:TrackPointExtension>
        </extensions>
      </trkpt>
      <trkpt lat="22.55270834080874919891357421875" lon="114.00918806903064250946044921875">
        <ele>24.3999996185302734375</ele>
        <time>2026-09-11T23:10:20.000Z</time>
        <extensions>
          <ns3:TrackPointExtension>
            <ns3:atemp>31.0</ns3:atemp>
            <ns3:hr>157</ns3:hr>
            <ns3:cad>0</ns3:cad>
          </ns3:TrackPointExtension>
        </extensions>
      </trkpt>
      <trkpt lat="22.55285938270390033721923828125" lon="114.00911330245435237884521484375">
        <ele>24.6000003814697265625</ele>
        <time>2026-09-11T23:11:01.000Z</time>
        <extensions>
          <ns3:TrackPointExtension>
            <ns3:atemp>31.0</ns3:atemp>
            <ns3:hr>127</ns3:hr>
            <ns3:cad>83</ns3:cad>
          </ns3:TrackPointExtension>
        </extensions>
      </trkpt>
      <trkpt lat="22.55287782289087772369384765625" lon="114.00909737683832645416259765625">
        <ele>24.6000003814697265625</ele>
        <time>2026-09-11T23:11:02.000Z</time>
        <extensions>
          <ns3:TrackPointExtension>
            <ns3:atemp>31.0</ns3:atemp>
            <ns3:hr>127</ns3:hr>
            <ns3:cad>83</ns3:cad>
          </ns3:TrackPointExtension>
        </extensions>
      </trkpt>
      <trkpt lat="22.5528883002698421478271484375" lon="114.009070135653018951416015625">
        <ele>24.6000003814697265625</ele>
        <time>2026-09-11T23:11:03.000Z</time>
        <extensions>
          <ns3:TrackPointExtension>
            <ns3:atemp>31.0</ns3:atemp>
            <ns3:hr>127</ns3:hr>
            <ns3:cad>84</ns3:cad>
          </ns3:TrackPointExtension>
        </extensions>
      </trkpt>
      <trkpt lat="22.55289291031658649444580078125" lon="114.00904540903866291046142578125">
        <ele>24.6000003814697265625</ele>
        <time>2026-09-11T23:11:04.000Z</time>
        <extensions>
          <ns3:TrackPointExtension>
            <ns3:atemp>31.0</ns3:atemp>
            <ns3:hr>128</ns3:hr>
            <ns3:cad>84</ns3:cad>
          </ns3:TrackPointExtension>
        </extensions>
      </trkpt>
      <trkpt lat="22.55289249122142791748046875" lon="114.009011797606945037841796875">
        <ele>24.6000003814697265625</ele>
        <time>2026-09-11T23:11:05.000Z</time>
        <extensions>
          <ns3:TrackPointExtension>
            <ns3:atemp>31.0</ns3:atemp>
            <ns3:hr>129</ns3:hr>
            <ns3:cad>84</ns3:cad>
          </ns3:TrackPointExtension>
        </extensions>
      </trkpt>
      <trkpt lat="22.552886791527271270751953125" lon="114.0089874900877475738525390625">
        <ele>24.6000003814697265625</ele>
        <time>2026-09-11T23:11:06.000Z</time>
        <extensions>
          <ns3:TrackPointExtension>
            <ns3:atemp>31.0</ns3:atemp>
            <ns3:hr>129</ns3:hr>
            <ns3:cad>84</ns3:cad>
          </ns3:TrackPointExtension>
        </extensions>
      </trkpt>
      <trkpt lat="22.55286742933094501495361328125" lon="114.008956812322139739990234375">
        <ele>24.6000003814697265625</ele>
        <time>2026-09-11T23:11:07.000Z</time>
        <extensions>
          <ns3:TrackPointExtension>
            <ns3:atemp>31.0</ns3:atemp>
            <ns3:hr>130</ns3:hr>
            <ns3:cad>83</ns3:cad>
          </ns3:TrackPointExtension>
        </extensions>
      </trkpt>
      <trkpt lat="22.5528433732688426971435546875" lon="114.0089395456016063690185546875">
        <ele>24.6000003814697265625</ele>
        <time>2026-09-11T23:11:08.000Z</time>
        <extensions>
          <ns3:TrackPointExtension>
            <ns3:atemp>31.0</ns3:atemp>
            <ns3:hr>130</ns3:hr>
            <ns3:cad>83</ns3:cad>
          </ns3:TrackPointExtension>
        </extensions>
      </trkpt>
      <trkpt lat="22.55282350815832614898681640625" lon="114.008927643299102783203125">
        <ele>24.6000003814697265625</ele>
        <time>2026-09-11T23:11:09.000Z</time>
        <extensions>
          <ns3:TrackPointExtension>
            <ns3:atemp>31.0</ns3:atemp>
            <ns3:hr>129</ns3:hr>
            <ns3:cad>84</ns3:cad>
          </ns3:TrackPointExtension>
        </extensions>
      </trkpt>
      <trkpt lat="22.552800960838794708251953125" lon="114.0089110471308231353759765625">
        <ele>24.6000003814697265625</ele>
        <time>2026-09-11T23:11:10.000Z</time>
        <extensions>
          <ns3:TrackPointExtension>
            <ns3:atemp>31.0</ns3:atemp>
            <ns3:hr>129</ns3:hr>
            <ns3:cad>84</ns3:cad>
          </ns3:TrackPointExtension>
        </extensions>
      </trkpt>
      <trkpt lat="22.5527843646705150604248046875" lon="114.00890543125569820404052734375">
        <ele>24.6000003814697265625</ele>
        <time>2026-09-11T23:11:11.000Z</time>
        <extensions>
          <ns3:TrackPointExtension>
            <ns3:atemp>31.0</ns3:atemp>
            <ns3:hr>130</ns3:hr>
            <ns3:cad>83</ns3:cad>
          </ns3:TrackPointExtension>
        </extensions>
      </trkpt>
      <trkpt lat="22.552762739360332489013671875" lon="114.00889202021062374114990234375">
        <ele>24.6000003814697265625</ele>
        <time>2026-09-11T23:11:12.000Z</time>
        <extensions>
          <ns3:TrackPointExtension>
            <ns3:atemp>31.0</ns3:atemp>
            <ns3:hr>131</ns3:hr>
            <ns3:cad>83</ns3:cad>
          </ns3:TrackPointExtension>
        </extensions>
      </trkpt>
      <trkpt lat="22.55274354480206966400146484375" lon="114.00888564996421337127685546875">
        <ele>24.6000003814697265625</ele>
        <time>2026-09-11T23:11:13.000Z</time>
        <extensions>
          <ns3:TrackPointExtension>
            <ns3:atemp>32.0</ns3:atemp>
            <ns3:hr>131</ns3:hr>
            <ns3:cad>84</ns3:cad>
          </ns3:TrackPointExtension>
        </extensions>
      </trkpt>
      <trkpt lat="22.55272485315799713134765625" lon="114.00887642987072467803955078125">
        <ele>24.6000003814697265625</ele>
        <time>2026-09-11T23:11:14.000Z</time>
        <extensions>
          <ns3:TrackPointExtension>
            <ns3:atemp>31.0</ns3:atemp>
            <ns3:hr>131</ns3:hr>
            <ns3:cad>84</ns3:cad>
          </ns3:TrackPointExtension>
        </extensions>
      </trkpt>
      <trkpt lat="22.55270398221909999847412109375" lon="114.00886318646371364593505859375">
        <ele>24.6000003814697265625</ele>
        <time>2026-09-11T23:11:15.000Z</time>
        <extensions>
          <ns3:TrackPointExtension>
            <ns3:atemp>31.0</ns3:atemp>
            <ns3:hr>132</ns3:hr>
            <ns3:cad>85</ns3:cad>
          </ns3:TrackPointExtension>
        </extensions>
      </trkpt>
      <trkpt lat="22.5526867993175983428955078125" lon="114.00885698385536670684814453125">
        <ele>24.799999237060546875</ele>
        <time>2026-09-11T23:11:16.000Z</time>
        <extensions>
          <ns3:TrackPointExtension>
            <ns3:atemp>31.0</ns3:atemp>
            <ns3:hr>133</ns3:hr>
            <ns3:cad>85</ns3:cad>
          </ns3:TrackPointExtension>
        </extensions>
      </trkpt>
      <trkpt lat="22.552664838731288909912109375" lon="114.0088406391441822052001953125">
        <ele>24.799999237060546875</ele>
        <time>2026-09-11T23:11:17.000Z</time>
        <extensions>
          <ns3:TrackPointExtension>
            <ns3:atemp>31.0</ns3:atemp>
            <ns3:hr>134</ns3:hr>
            <ns3:cad>85</ns3:cad>
          </ns3:TrackPointExtension>
        </extensions>
      </trkpt>
      <trkpt lat="22.5526462309062480926513671875" lon="114.00883552618324756622314453125">
        <ele>24.799999237060546875</ele>
        <time>2026-09-11T23:11:18.000Z</time>
        <extensions>
          <ns3:TrackPointExtension>
            <ns3:atemp>31.0</ns3:atemp>
            <ns3:hr>135</ns3:hr>
            <ns3:cad>86</ns3:cad>
          </ns3:TrackPointExtension>
        </extensions>
      </trkpt>
      <trkpt lat="22.55262603051960468292236328125" lon="114.00881566107273101806640625">
        <ele>24.799999237060546875</ele>
        <time>2026-09-11T23:11:19.000Z</time>
        <extensions>
          <ns3:TrackPointExtension>
            <ns3:atemp>31.0</ns3:atemp>
            <ns3:hr>135</ns3:hr>
            <ns3:cad>86</ns3:cad>
          </ns3:TrackPointExtension>
        </extensions>
      </trkpt>
      <trkpt lat="22.5526120327413082122802734375" lon="114.00880652479827404022216796875">
        <ele>24.799999237060546875</ele>
        <time>2026-09-11T23:11:20.000Z</time>
        <extensions>
          <ns3:TrackPointExtension>
            <ns3:atemp>31.0</ns3:atemp>
            <ns3:hr>136</ns3:hr>
            <ns3:cad>85</ns3:cad>
          </ns3:TrackPointExtension>
        </extensions>
      </trkpt>
      <trkpt lat="22.55259384401142597198486328125" lon="114.008793532848358154296875">
        <ele>25</ele>
        <time>2026-09-11T23:11:21.000Z</time>
        <extensions>
          <ns3:TrackPointExtension>
            <ns3:atemp>31.0</ns3:atemp>
            <ns3:hr>136</ns3:hr>
            <ns3:cad>85</ns3:cad>
          </ns3:TrackPointExtension>
        </extensions>
      </trkpt>
      <trkpt lat="22.5525781698524951934814453125" lon="114.00877903215587139129638671875">
        <ele>25</ele>
        <time>2026-09-11T23:11:22.000Z</time>
        <extensions>
          <ns3:TrackPointExtension>
            <ns3:atemp>31.0</ns3:atemp>
            <ns3:hr>137</ns3:hr>
            <ns3:cad>86</ns3:cad>
          </ns3:TrackPointExtension>
        </extensions>
      </trkpt>
      <trkpt lat="22.552563250064849853515625" lon="114.0087665431201457977294921875">
        <ele>25</ele>
        <time>2026-09-11T23:11:23.000Z</time>
        <extensions>
          <ns3:TrackPointExtension>
            <ns3:atemp>31.0</ns3:atemp>
            <ns3:hr>137</ns3:hr>
            <ns3:cad>86</ns3:cad>
          </ns3:TrackPointExtension>
        </extensions>
      </trkpt>
      <trkpt lat="22.55254447460174560546875" lon="114.00874600745737552642822265625">
        <ele>25</ele>
        <time>2026-09-11T23:11:24.000Z</time>
        <extensions>
          <ns3:TrackPointExtension>
            <ns3:atemp>31.0</ns3:atemp>
            <ns3:hr>138</ns3:hr>
            <ns3:cad>86</ns3:cad>
          </ns3:TrackPointExtension>
        </extensions>
      </trkpt>
      <trkpt lat="22.55252678878605365753173828125" lon="114.008734524250030517578125">
        <ele>25</ele>
        <time>2026-09-11T23:11:25.000Z</time>
        <extensions>
          <ns3:TrackPointExtension>
            <ns3:atemp>31.0</ns3:atemp>
            <ns3:hr>138</ns3:hr>
            <ns3:cad>86</ns3:cad>
          </ns3:TrackPointExtension>
        </extensions>
      </trkpt>
      <trkpt lat="22.55250298418104648590087890625" lon="114.00871398858726024627685546875">
        <ele>25</ele>
        <time>2026-09-11T23:11:26.000Z</time>
        <extensions>
          <ns3:TrackPointExtension>
            <ns3:atemp>32.0</ns3:atemp>
            <ns3:hr>138</ns3:hr>
            <ns3:cad>86</ns3:cad>
          </ns3:TrackPointExtension>
        </extensions>
      </trkpt>
      <trkpt lat="22.55248546600341796875" lon="114.00870443321764469146728515625">
        <ele>25</ele>
        <time>2026-09-11T23:11:27.000Z</time>
        <extensions>
          <ns3:TrackPointExtension>
            <ns3:atemp>31.0</ns3:atemp>
            <ns3:hr>139</ns3:hr>
            <ns3:cad>86</ns3:cad>
          </ns3:TrackPointExtension>
        </extensions>
      </trkpt>
      <trkpt lat="22.55245939828455448150634765625" lon="114.00868599303066730499267578125">
        <ele>25</ele>
        <time>2026-09-11T23:11:28.000Z</time>
        <extensions>
          <ns3:TrackPointExtension>
            <ns3:atemp>31.0</ns3:atemp>
            <ns3:hr>139</ns3:hr>
            <ns3:cad>86</ns3:cad>
          </ns3:TrackPointExtension>
        </extensions>
      </trkpt>
      <trkpt lat="22.5524427182972431182861328125" lon="114.00867224670946598052978515625">
        <ele>25</ele>
        <time>2026-09-11T23:11:29.000Z</time>
        <extensions>
          <ns3:TrackPointExtension>
            <ns3:atemp>31.0</ns3:atemp>
            <ns3:hr>139</ns3:hr>
            <ns3:cad>86</ns3:cad>
          </ns3:TrackPointExtension>
        </extensions>
      </trkpt>
      <trkpt lat="22.55242268554866313934326171875" lon="114.0086572431027889251708984375">
        <ele>25</ele>
        <time>2026-09-11T23:11:30.000Z</time>
        <extensions>
          <ns3:TrackPointExtension>
            <ns3:atemp>32.0</ns3:atemp>
            <ns3:hr>140</ns3:hr>
            <ns3:cad>86</ns3:cad>
          </ns3:TrackPointExtension>
        </extensions>
      </trkpt>
      <trkpt lat="22.5523987971246242523193359375" lon="114.00864039547741413116455078125">
        <ele>25.200000762939453125</ele>
        <time>2026-09-11T23:11:31.000Z</time>
        <extensions>
          <ns3:TrackPointExtension>
            <ns3:atemp>31.0</ns3:atemp>
            <ns3:hr>140</ns3:hr>
            <ns3:cad>86</ns3:cad>
          </ns3:TrackPointExtension>
        </extensions>
      </trkpt>
      <trkpt lat="22.55237960256636142730712890625" lon="114.008631594479084014892578125">
        <ele>25.200000762939453125</ele>
        <time>2026-09-11T23:11:32.000Z</time>
        <extensions>
          <ns3:TrackPointExtension>
            <ns3:atemp>31.0</ns3:atemp>
            <ns3:hr>140</ns3:hr>
            <ns3:cad>86</ns3:cad>
          </ns3:TrackPointExtension>
        </extensions>
      </trkpt>
      <trkpt lat="22.55235797725617885589599609375" lon="114.00861742906272411346435546875">
        <ele>25</ele>
        <time>2026-09-11T23:11:33.000Z</time>
        <extensions>
          <ns3:TrackPointExtension>
            <ns3:atemp>31.0</ns3:atemp>
            <ns3:hr>141</ns3:hr>
            <ns3:cad>86</ns3:cad>
          </ns3:TrackPointExtension>
        </extensions>
      </trkpt>
      <trkpt lat="22.55234288983047008514404296875" lon="114.00861072354018688201904296875">
        <ele>25</ele>
        <time>2026-09-11T23:11:34.000Z</time>
        <extensions>
          <ns3:TrackPointExtension>
            <ns3:atemp>31.0</ns3:atemp>
            <ns3:hr>141</ns3:hr>
            <ns3:cad>86</ns3:cad>
          </ns3:TrackPointExtension>
        </extensions>
      </trkpt>
      <trkpt lat="22.5523216836154460906982421875" lon="114.00859077461063861846923828125">
        <ele>25</ele>
        <time>2026-09-11T23:11:35.000Z</time>
        <extensions>
          <ns3:TrackPointExtension>
            <ns3:atemp>32.0</ns3:atemp>
            <ns3:hr>142</ns3:hr>
            <ns3:cad>86</ns3:cad>
          </ns3:TrackPointExtension>
        </extensions>
      </trkpt>
      <trkpt lat="22.55230500362813472747802734375" lon="114.00858222506940364837646484375">
        <ele>25</ele>
        <time>2026-09-11T23:11:36.000Z</time>
        <extensions>
          <ns3:TrackPointExtension>
            <ns3:atemp>31.0</ns3:atemp>
            <ns3:hr>142</ns3:hr>
            <ns3:cad>86</ns3:cad>
          </ns3:TrackPointExtension>
        </extensions>
      </trkpt>
      <trkpt lat="22.55228203721344470977783203125" lon="114.008567221462726593017578125">
        <ele>25</ele>
        <time>2026-09-11T23:11:37.000Z</time>
        <extensions>
          <ns3:TrackPointExtension>
            <ns3:atemp>31.0</ns3:atemp>
            <ns3:hr>142</ns3:hr>
            <ns3:cad>86</ns3:cad>
          </ns3:TrackPointExtension>
        </extensions>
      </trkpt>
      <trkpt lat="22.5522656925022602081298828125" lon="114.00855221785604953765869140625">
        <ele>25</ele>
        <time>2026-09-11T23:11:38.000Z</time>
        <extensions>
          <ns3:TrackPointExtension>
            <ns3:atemp>32.0</ns3:atemp>
            <ns3:hr>143</ns3:hr>
            <ns3:cad>86</ns3:cad>
          </ns3:TrackPointExtension>
        </extensions>
      </trkpt>
      <trkpt lat="22.55224800668656826019287109375" lon="114.00853780098259449005126953125">
        <ele>25</ele>
        <time>2026-09-11T23:11:39.000Z</time>
        <extensions>
          <ns3:TrackPointExtension>
            <ns3:atemp>31.0</ns3:atemp>
            <ns3:hr>143</ns3:hr>
            <ns3:cad>87</ns3:cad>
          </ns3:TrackPointExtension>
        </extensions>
      </trkpt>
      <trkpt lat="22.55222688429057598114013671875" lon="114.0085238032042980194091796875">
        <ele>25</ele>
        <time>2026-09-11T23:11:40.000Z</time>
        <extensions>
          <ns3:TrackPointExtension>
            <ns3:atemp>32.0</ns3:atemp>
            <ns3:hr>143</ns3:hr>
            <ns3:cad>87</ns3:cad>
          </ns3:TrackPointExtension>
        </extensions>
      </trkpt>
      <trkpt lat="22.55220978520810604095458984375" lon="114.00851726531982421875">
        <ele>25.200000762939453125</ele>
        <time>2026-09-11T23:11:41.000Z</time>
        <extensions>
          <ns3:TrackPointExtension>
            <ns3:atemp>32.0</ns3:atemp>
            <ns3:hr>143</ns3:hr>
            <ns3:cad>86</ns3:cad>
          </ns3:TrackPointExtension>
        </extensions>
      </trkpt>
      <trkpt lat="22.55218983627855777740478515625" lon="114.0084942989051342010498046875">
        <ele>25.200000762939453125</ele>
        <time>2026-09-11T23:11:42.000Z</time>
        <extensions>
          <ns3:TrackPointExtension>
            <ns3:atemp>31.0</ns3:atemp>
            <ns3:hr>143</ns3:hr>
            <ns3:cad>86</ns3:cad>
          </ns3:TrackPointExtension>
        </extensions>
      </trkpt>
      <trkpt lat="22.5521756708621978759765625" lon="114.00848348625004291534423828125">
        <ele>25</ele>
        <time>2026-09-11T23:11:43.000Z</time>
        <extensions>
          <ns3:TrackPointExtension>
            <ns3:atemp>32.0</ns3:atemp>
            <ns3:hr>143</ns3:hr>
            <ns3:cad>86</ns3:cad>
          </ns3:TrackPointExtension>
        </extensions>
      </trkpt>
      <trkpt lat="22.5521550513803958892822265625" lon="114.0084661357104778289794921875">
        <ele>25.200000762939453125</ele>
        <time>2026-09-11T23:11:44.000Z</time>
        <extensions>
          <ns3:TrackPointExtension>
            <ns3:atemp>32.0</ns3:atemp>
            <ns3:hr>143</ns3:hr>
            <ns3:cad>86</ns3:cad>
          </ns3:TrackPointExtension>
        </extensions>
      </trkpt>
      <trkpt lat="22.55213753320276737213134765625" lon="114.00845129974186420440673828125">
        <ele>25.200000762939453125</ele>
        <time>2026-09-11T23:11:45.000Z</time>
        <extensions>
          <ns3:TrackPointExtension>
            <ns3:atemp>31.0</ns3:atemp>
            <ns3:hr>144</ns3:hr>
            <ns3:cad>86</ns3:cad>
          </ns3:TrackPointExtension>
        </extensions>
      </trkpt>
      <trkpt lat="22.55211733281612396240234375" lon="114.0084381401538848876953125">
        <ele>25.200000762939453125</ele>
        <time>2026-09-11T23:11:46.000Z</time>
        <extensions>
          <ns3:TrackPointExtension>
            <ns3:atemp>32.0</ns3:atemp>
            <ns3:hr>144</ns3:hr>
            <ns3:cad>86</ns3:cad>
          </ns3:TrackPointExtension>
        </extensions>
      </trkpt>
      <trkpt lat="22.55209428258240222930908203125" lon="114.0084212087094783782958984375">
        <ele>25.200000762939453125</ele>
        <time>2026-09-11T23:11:47.000Z</time>
        <extensions>
          <ns3:TrackPointExtension>
            <ns3:atemp>32.0</ns3:atemp>
            <ns3:hr>144</ns3:hr>
            <ns3:cad>86</ns3:cad>
          </ns3:TrackPointExtension>
        </extensions>
      </trkpt>
      <trkpt lat="22.55207466892898082733154296875" lon="114.00841358117759227752685546875">
        <ele>25.200000762939453125</ele>
        <time>2026-09-11T23:11:48.000Z</time>
        <extensions>
          <ns3:TrackPointExtension>
            <ns3:atemp>32.0</ns3:atemp>
            <ns3:hr>144</ns3:hr>
            <ns3:cad>86</ns3:cad>
          </ns3:TrackPointExtension>
        </extensions>
      </trkpt>
      <trkpt lat="22.55205036140978336334228515625" lon="114.00840134359896183013916015625">
        <ele>25.200000762939453125</ele>
        <time>2026-09-11T23:11:49.000Z</time>
        <extensions>
          <ns3:TrackPointExtension>
            <ns3:atemp>31.0</ns3:atemp>
            <ns3:hr>144</ns3:hr>
            <ns3:cad>86</ns3:cad>
          </ns3:TrackPointExtension>
        </extensions>
      </trkpt>
      <trkpt lat="22.552031837403774261474609375" lon="114.0083984099328517913818359375">
        <ele>25.200000762939453125</ele>
        <time>2026-09-11T23:11:50.000Z</time>
        <extensions>
          <ns3:TrackPointExtension>
            <ns3:atemp>32.0</ns3:atemp>
            <ns3:hr>144</ns3:hr>
            <ns3:cad>86</ns3:cad>
          </ns3:TrackPointExtension>
        </extensions>
      </trkpt>
      <trkpt lat="22.5520105473697185516357421875" lon="114.00837904773652553558349609375">
        <ele>25.200000762939453125</ele>
        <time>2026-09-11T23:11:51.000Z</time>
        <extensions>
          <ns3:TrackPointExtension>
            <ns3:atemp>32.0</ns3:atemp>
            <ns3:hr>144</ns3:hr>
            <ns3:cad>86</ns3:cad>
          </ns3:TrackPointExtension>
        </extensions>
      </trkpt>
      <trkpt lat="22.55199118517339229583740234375" lon="114.0083705820143222808837890625">
        <ele>25.200000762939453125</ele>
        <time>2026-09-11T23:11:52.000Z</time>
        <extensions>
          <ns3:TrackPointExtension>
            <ns3:atemp>32.0</ns3:atemp>
            <ns3:hr>144</ns3:hr>
            <ns3:cad>86</ns3:cad>
          </ns3:TrackPointExtension>
        </extensions>
      </trkpt>
      <trkpt lat="22.55197048187255859375" lon="114.00835071690380573272705078125">
        <ele>25.200000762939453125</ele>
        <time>2026-09-11T23:11:53.000Z</time>
        <extensions>
          <ns3:TrackPointExtension>
            <ns3:atemp>31.0</ns3:atemp>
            <ns3:hr>144</ns3:hr>
            <ns3:cad>87</ns3:cad>
          </ns3:TrackPointExtension>
        </extensions>
      </trkpt>
      <trkpt lat="22.55195061676204204559326171875" lon="114.00833630003035068511962890625">
        <ele>25.200000762939453125</ele>
        <time>2026-09-11T23:11:54.000Z</time>
        <extensions>
          <ns3:TrackPointExtension>
            <ns3:atemp>32.0</ns3:atemp>
            <ns3:hr>144</ns3:hr>
            <ns3:cad>87</ns3:cad>
          </ns3:TrackPointExtension>
        </extensions>
      </trkpt>
      <trkpt lat="22.5519284047186374664306640625" lon="114.00832481682300567626953125">
        <ele>25.200000762939453125</ele>
        <time>2026-09-11T23:11:55.000Z</time>
        <extensions>
          <ns3:TrackPointExtension>
            <ns3:atemp>32.0</ns3:atemp>
            <ns3:hr>144</ns3:hr>
            <ns3:cad>87</ns3:cad>
          </ns3:TrackPointExtension>
        </extensions>
      </trkpt>
      <trkpt lat="22.551907114684581756591796875" lon="114.00830863974988460540771484375">
        <ele>25.200000762939453125</ele>
        <time>2026-09-11T23:11:56.000Z</time>
        <extensions>
          <ns3:TrackPointExtension>
            <ns3:atemp>31.0</ns3:atemp>
            <ns3:hr>144</ns3:hr>
            <ns3:cad>87</ns3:cad>
          </ns3:TrackPointExtension>
        </extensions>
      </trkpt>
      <trkpt lat="22.55189244635403156280517578125" lon="114.0082951448857784271240234375">
        <ele>25.200000762939453125</ele>
        <time>2026-09-11T23:11:57.000Z</time>
        <extensions>
          <ns3:TrackPointExtension>
            <ns3:atemp>32.0</ns3:atemp>
            <ns3:hr>144</ns3:hr>
            <ns3:cad>87</ns3:cad>
          </ns3:TrackPointExtension>
        </extensions>
      </trkpt>
      <trkpt lat="22.5518734194338321685791015625" lon="114.0082733519375324249267578125">
        <ele>25.200000762939453125</ele>
        <time>2026-09-11T23:11:58.000Z</time>
        <extensions>
          <ns3:TrackPointExtension>
            <ns3:atemp>32.0</ns3:atemp>
            <ns3:hr>144</ns3:hr>
            <ns3:cad>87</ns3:cad>
          </ns3:TrackPointExtension>
        </extensions>
      </trkpt>
      <trkpt lat="22.551860511302947998046875" lon="114.008262120187282562255859375">
        <ele>25.200000762939453125</ele>
        <time>2026-09-11T23:11:59.000Z</time>
        <extensions>
          <ns3:TrackPointExtension>
            <ns3:atemp>32.0</ns3:atemp>
            <ns3:hr>144</ns3:hr>
            <ns3:cad>87</ns3:cad>
          </ns3:TrackPointExtension>
        </extensions>
      </trkpt>
      <trkpt lat="22.55184768699109554290771484375" lon="114.00823152624070644378662109375">
        <ele>25.3999996185302734375</ele>
        <time>2026-09-11T23:12:00.000Z</time>
        <extensions>
          <ns3:TrackPointExtension>
            <ns3:atemp>32.0</ns3:atemp>
            <ns3:hr>144</ns3:hr>
            <ns3:cad>86</ns3:cad>
          </ns3:TrackPointExtension>
        </extensions>
      </trkpt>
      <trkpt lat="22.55183176137506961822509765625" lon="114.00821023620665073394775390625">
        <ele>25.799999237060546875</ele>
        <time>2026-09-11T23:12:01.000Z</time>
        <extensions>
          <ns3:TrackPointExtension>
            <ns3:atemp>32.0</ns3:atemp>
            <ns3:hr>145</ns3:hr>
            <ns3:cad>86</ns3:cad>
          </ns3:TrackPointExtension>
        </extensions>
      </trkpt>
      <trkpt lat="22.55181801505386829376220703125" lon="114.008189029991626739501953125">
        <ele>25.799999237060546875</ele>
        <time>2026-09-11T23:12:02.000Z</time>
        <extensions>
          <ns3:TrackPointExtension>
            <ns3:atemp>31.0</ns3:atemp>
            <ns3:hr>145</ns3:hr>
            <ns3:cad>86</ns3:cad>
          </ns3:TrackPointExtension>
        </extensions>
      </trkpt>
      <trkpt lat="22.5518060289323329925537109375" lon="114.00816430337727069854736328125">
        <ele>26</ele>
        <time>2026-09-11T23:12:03.000Z</time>
        <extensions>
          <ns3:TrackPointExtension>
            <ns3:atemp>32.0</ns3:atemp>
            <ns3:hr>145</ns3:hr>
            <ns3:cad>86</ns3:cad>
          </ns3:TrackPointExtension>
        </extensions>
      </trkpt>
      <trkpt lat="22.5517963059246540069580078125" lon="114.00814284570515155792236328125">
        <ele>26</ele>
        <time>2026-09-11T23:12:04.000Z</time>
        <extensions>
          <ns3:TrackPointExtension>
            <ns3:atemp>32.0</ns3:atemp>
            <ns3:hr>146</ns3:hr>
            <ns3:cad>85</ns3:cad>
          </ns3:TrackPointExtension>
        </extensions>
      </trkpt>
      <trkpt lat="22.551790438592433929443359375" lon="114.0081137605011463165283203125">
        <ele>26</ele>
        <time>2026-09-11T23:12:05.000Z</time>
        <extensions>
          <ns3:TrackPointExtension>
            <ns3:atemp>32.0</ns3:atemp>
            <ns3:hr>146</ns3:hr>
            <ns3:cad>85</ns3:cad>
          </ns3:TrackPointExtension>
        </extensions>
      </trkpt>
      <trkpt lat="22.5517869181931018829345703125" lon="114.00808802805840969085693359375">
        <ele>25.799999237060546875</ele>
        <time>2026-09-11T23:12:06.000Z</time>
        <extensions>
          <ns3:TrackPointExtension>
            <ns3:atemp>32.0</ns3:atemp>
            <ns3:hr>146</ns3:hr>
            <ns3:cad>85</ns3:cad>
          </ns3:TrackPointExtension>
        </extensions>
      </trkpt>
      <trkpt lat="22.55178733728826045989990234375" lon="114.0080545842647552490234375">
        <ele>25.799999237060546875</ele>
        <time>2026-09-11T23:12:07.000Z</time>
        <extensions>
          <ns3:TrackPointExtension>
            <ns3:atemp>32.0</ns3:atemp>
            <ns3:hr>147</ns3:hr>
            <ns3:cad>85</ns3:cad>
          </ns3:TrackPointExtension>
        </extensions>
      </trkpt>
      <trkpt lat="22.5517839007079601287841796875" lon="114.00802767835557460784912109375">
        <ele>25.799999237060546875</ele>
        <time>2026-09-11T23:12:08.000Z</time>
        <extensions>
          <ns3:TrackPointExtension>
            <ns3:atemp>32.0</ns3:atemp>
            <ns3:hr>147</ns3:hr>
            <ns3:cad>86</ns3:cad>
          </ns3:TrackPointExtension>
        </extensions>
      </trkpt>
      <trkpt lat="22.55178264342248439788818359375" lon="114.007998593151569366455078125">
        <ele>25.799999237060546875</ele>
        <time>2026-09-11T23:12:09.000Z</time>
        <extensions>
          <ns3:TrackPointExtension>
            <ns3:atemp>32.0</ns3:atemp>
            <ns3:hr>148</ns3:hr>
            <ns3:cad>86</ns3:cad>
          </ns3:TrackPointExtension>
        </extensions>
      </trkpt>
      <trkpt lat="22.55177862010896205902099609375" lon="114.00797612965106964111328125">
        <ele>25.799999237060546875</ele>
        <time>2026-09-11T23:12:10.000Z</time>
        <extensions>
          <ns3:TrackPointExtension>
            <ns3:atemp>32.0</ns3:atemp>
            <ns3:hr>149</ns3:hr>
            <ns3:cad>86</ns3:cad>
          </ns3:TrackPointExtension>
        </extensions>
      </trkpt>
      <trkpt lat="22.55177560262382030487060546875" lon="114.00796028785407543182373046875">
        <ele>25.799999237060546875</ele>
        <time>2026-09-11T23:12:11.000Z</time>
        <extensions>
          <ns3:TrackPointExtension>
            <ns3:atemp>32.0</ns3:atemp>
            <ns3:hr>149</ns3:hr>
            <ns3:cad>86</ns3:cad>
          </ns3:TrackPointExtension>
        </extensions>
      </trkpt>
      <trkpt lat="22.55176973529160022735595703125" lon="114.0079370699822902679443359375">
        <ele>25.799999237060546875</ele>
        <time>2026-09-11T23:12:12.000Z</time>
        <extensions>
          <ns3:TrackPointExtension>
            <ns3:atemp>32.0</ns3:atemp>
            <ns3:hr>150</ns3:hr>
            <ns3:cad>85</ns3:cad>
          </ns3:TrackPointExtension>
        </extensions>
      </trkpt>
      <trkpt lat="22.55176872946321964263916015625" lon="114.00791435502469539642333984375">
        <ele>25.799999237060546875</ele>
        <time>2026-09-11T23:12:13.000Z</time>
        <extensions>
          <ns3:TrackPointExtension>
            <ns3:atemp>32.0</ns3:atemp>
            <ns3:hr>150</ns3:hr>
            <ns3:cad>85</ns3:cad>
          </ns3:TrackPointExtension>
        </extensions>
      </trkpt>
      <trkpt lat="22.55176906473934650421142578125" lon="114.00788870640099048614501953125">
        <ele>25.799999237060546875</ele>
        <time>2026-09-11T23:12:14.000Z</time>
        <extensions>
          <ns3:TrackPointExtension>
            <ns3:atemp>32.0</ns3:atemp>
            <ns3:hr>151</ns3:hr>
            <ns3:cad>86</ns3:cad>
          </ns3:TrackPointExtension>
        </extensions>
      </trkpt>
      <trkpt lat="22.55177157931029796600341796875" lon="114.00786372832953929901123046875">
        <ele>25.799999237060546875</ele>
        <time>2026-09-11T23:12:15.000Z</time>
        <extensions>
          <ns3:TrackPointExtension>
            <ns3:atemp>32.0</ns3:atemp>
            <ns3:hr>151</ns3:hr>
            <ns3:cad>86</ns3:cad>
          </ns3:TrackPointExtension>
        </extensions>
      </trkpt>
      <trkpt lat="22.551774345338344573974609375" lon="114.00783673860132694244384765625">
        <ele>25.799999237060546875</ele>
        <time>2026-09-11T23:12:16.000Z</time>
        <extensions>
          <ns3:TrackPointExtension>
            <ns3:atemp>32.0</ns3:atemp>
            <ns3:hr>151</ns3:hr>
            <ns3:cad>85</ns3:cad>
          </ns3:TrackPointExtension>
        </extensions>
      </trkpt>
      <trkpt lat="22.55178113467991352081298828125" lon="114.00781326927244663238525390625">
        <ele>25.799999237060546875</ele>
        <time>2026-09-11T23:12:17.000Z</time>
        <extensions>
          <ns3:TrackPointExtension>
            <ns3:atemp>32.0</ns3:atemp>
            <ns3:hr>151</ns3:hr>
            <ns3:cad>85</ns3:cad>
          </ns3:TrackPointExtension>
        </extensions>
      </trkpt>
      <trkpt lat="22.55178608000278472900390625" lon="114.00778963230550289154052734375">
        <ele>26</ele>
        <time>2026-09-11T23:12:18.000Z</time>
        <extensions>
          <ns3:TrackPointExtension>
            <ns3:atemp>32.0</ns3:atemp>
            <ns3:hr>150</ns3:hr>
            <ns3:cad>86</ns3:cad>
          </ns3:TrackPointExtension>
        </extensions>
      </trkpt>
      <trkpt lat="22.55179010331630706787109375" lon="114.00776800699532032012939453125">
        <ele>26</ele>
        <time>2026-09-11T23:12:19.000Z</time>
        <extensions>
          <ns3:TrackPointExtension>
            <ns3:atemp>32.0</ns3:atemp>
            <ns3:hr>150</ns3:hr>
            <ns3:cad>86</ns3:cad>
          </ns3:TrackPointExtension>
        </extensions>
      </trkpt>
      <trkpt lat="22.55179504863917827606201171875" lon="114.00774889625608921051025390625">
        <ele>26</ele>
        <time>2026-09-11T23:12:20.000Z</time>
        <extensions>
          <ns3:TrackPointExtension>
            <ns3:atemp>32.0</ns3:atemp>
            <ns3:hr>150</ns3:hr>
            <ns3:cad>86</ns3:cad>
          </ns3:TrackPointExtension>
        </extensions>
      </trkpt>
      <trkpt lat="22.55179773084819316864013671875" lon="114.0077302046120166778564453125">
        <ele>26</ele>
        <time>2026-09-11T23:12:21.000Z</time>
        <extensions>
          <ns3:TrackPointExtension>
            <ns3:atemp>32.0</ns3:atemp>
            <ns3:hr>150</ns3:hr>
            <ns3:cad>86</ns3:cad>
          </ns3:TrackPointExtension>
        </extensions>
      </trkpt>
      <trkpt lat="22.55180485546588897705078125" lon="114.00770849548280239105224609375">
        <ele>26</ele>
        <time>2026-09-11T23:12:22.000Z</time>
        <extensions>
          <ns3:TrackPointExtension>
            <ns3:atemp>32.0</ns3:atemp>
            <ns3:hr>150</ns3:hr>
            <ns3:cad>86</ns3:cad>
          </ns3:TrackPointExtension>
        </extensions>
      </trkpt>
      <trkpt lat="22.55180074833333492279052734375" lon="114.0076939947903156280517578125">
        <ele>26</ele>
        <time>2026-09-11T23:12:23.000Z</time>
        <extensions>
          <ns3:TrackPointExtension>
            <ns3:atemp>32.0</ns3:atemp>
            <ns3:hr>151</ns3:hr>
            <ns3:cad>86</ns3:cad>
          </ns3:TrackPointExtension>
        </extensions>
      </trkpt>
      <trkpt lat="22.55180879496037960052490234375" lon="114.007670693099498748779296875">
        <ele>26.200000762939453125</ele>
        <time>2026-09-11T23:12:24.000Z</time>
        <extensions>
          <ns3:TrackPointExtension>
            <ns3:atemp>32.0</ns3:atemp>
            <ns3:hr>150</ns3:hr>
            <ns3:cad>86</ns3:cad>
          </ns3:TrackPointExtension>
        </extensions>
      </trkpt>
      <trkpt lat="22.551812566816806793212890625" lon="114.0076500736176967620849609375">
        <ele>26.200000762939453125</ele>
        <time>2026-09-11T23:12:25.000Z</time>
        <extensions>
          <ns3:TrackPointExtension>
            <ns3:atemp>32.0</ns3:atemp>
            <ns3:hr>150</ns3:hr>
            <ns3:cad>85</ns3:cad>
          </ns3:TrackPointExtension>
        </extensions>
      </trkpt>
      <trkpt lat="22.5518184341490268707275390625" lon="114.0076302923262119293212890625">
        <ele>26.200000762939453125</ele>
        <time>2026-09-11T23:12:26.000Z</time>
        <extensions>
          <ns3:TrackPointExtension>
            <ns3:atemp>32.0</ns3:atemp>
            <ns3:hr>150</ns3:hr>
            <ns3:cad>85</ns3:cad>
          </ns3:TrackPointExtension>
        </extensions>
      </trkpt>
      <trkpt lat="22.5518174283206462860107421875" lon="114.00760673917829990386962890625">
        <ele>26.200000762939453125</ele>
        <time>2026-09-11T23:12:27.000Z</time>
        <extensions>
          <ns3:TrackPointExtension>
            <ns3:atemp>32.0</ns3:atemp>
            <ns3:hr>150</ns3:hr>
            <ns3:cad>86</ns3:cad>
          </ns3:TrackPointExtension>
        </extensions>
      </trkpt>
      <trkpt lat="22.5518117286264896392822265625" lon="114.00758075527846813201904296875">
        <ele>26.3999996185302734375</ele>
        <time>2026-09-11T23:12:28.000Z</time>
        <extensions>
          <ns3:TrackPointExtension>
            <ns3:atemp>32.0</ns3:atemp>
            <ns3:hr>150</ns3:hr>
            <ns3:cad>86</ns3:cad>
          </ns3:TrackPointExtension>
        </extensions>
      </trkpt>
      <trkpt lat="22.55179823376238346099853515625" lon="114.00755963288247585296630859375">
        <ele>26.3999996185302734375</ele>
        <time>2026-09-11T23:12:29.000Z</time>
        <extensions>
          <ns3:TrackPointExtension>
            <ns3:atemp>32.0</ns3:atemp>
            <ns3:hr>150</ns3:hr>
            <ns3:cad>86</ns3:cad>
          </ns3:TrackPointExtension>
        </extensions>
      </trkpt>
      <trkpt lat="22.5517912767827510833740234375" lon="114.00753616355359554290771484375">
        <ele>26.3999996185302734375</ele>
        <time>2026-09-11T23:12:30.000Z</time>
        <extensions>
          <ns3:TrackPointExtension>
            <ns3:atemp>32.0</ns3:atemp>
            <ns3:hr>150</ns3:hr>
            <ns3:cad>86</ns3:cad>
          </ns3:TrackPointExtension>
        </extensions>
      </trkpt>
      <trkpt lat="22.5517741777002811431884765625" lon="114.0075146220624446868896484375">
        <ele>26.3999996185302734375</ele>
        <time>2026-09-11T23:12:31.000Z</time>
        <extensions>
          <ns3:TrackPointExtension>
            <ns3:atemp>32.0</ns3:atemp>
            <ns3:hr>150</ns3:hr>
            <ns3:cad>86</ns3:cad>
          </ns3:TrackPointExtension>
        </extensions>
      </trkpt>
      <trkpt lat="22.551762945950031280517578125" lon="114.0074914880096912384033203125">
        <ele>26.3999996185302734375</ele>
        <time>2026-09-11T23:12:32.000Z</time>
        <extensions>
          <ns3:TrackPointExtension>
            <ns3:atemp>32.0</ns3:atemp>
            <ns3:hr>150</ns3:hr>
            <ns3:cad>86</ns3:cad>
          </ns3:TrackPointExtension>
        </extensions>
      </trkpt>
      <trkpt lat="22.5517557375133037567138671875" lon="114.0074693597853183746337890625">
        <ele>26.3999996185302734375</ele>
        <time>2026-09-11T23:12:33.000Z</time>
        <extensions>
          <ns3:TrackPointExtension>
            <ns3:atemp>32.0</ns3:atemp>
            <ns3:hr>150</ns3:hr>
            <ns3:cad>86</ns3:cad>
          </ns3:TrackPointExtension>
        </extensions>
      </trkpt>
      <trkpt lat="22.5517486967146396636962890625" lon="114.00744748301804065704345703125">
        <ele>26.3999996185302734375</ele>
        <time>2026-09-11T23:12:34.000Z</time>
        <extensions>
          <ns3:TrackPointExtension>
            <ns3:atemp>32.0</ns3:atemp>
            <ns3:hr>150</ns3:hr>
            <ns3:cad>86</ns3:cad>
          </ns3:TrackPointExtension>
        </extensions>
      </trkpt>
      <trkpt lat="22.5517419911921024322509765625" lon="114.00742569006979465484619140625">
        <ele>26.3999996185302734375</ele>
        <time>2026-09-11T23:12:35.000Z</time>
        <extensions>
          <ns3:TrackPointExtension>
            <ns3:atemp>32.0</ns3:atemp>
            <ns3:hr>150</ns3:hr>
            <ns3:cad>85</ns3:cad>
          </ns3:TrackPointExtension>
        </extensions>
      </trkpt>
      <trkpt lat="22.55173419602215290069580078125" lon="114.00740238837897777557373046875">
        <ele>26.3999996185302734375</ele>
        <time>2026-09-11T23:12:36.000Z</time>
        <extensions>
          <ns3:TrackPointExtension>
            <ns3:atemp>32.0</ns3:atemp>
            <ns3:hr>150</ns3:hr>
            <ns3:cad>85</ns3:cad>
          </ns3:TrackPointExtension>
        </extensions>
      </trkpt>
      <trkpt lat="22.551726065576076507568359375" lon="114.00737791322171688079833984375">
        <ele>26.6000003814697265625</ele>
        <time>2026-09-11T23:12:37.000Z</time>
        <extensions>
          <ns3:TrackPointExtension>
            <ns3:atemp>32.0</ns3:atemp>
            <ns3:hr>150</ns3:hr>
            <ns3:cad>85</ns3:cad>
          </ns3:TrackPointExtension>
        </extensions>
      </trkpt>
      <trkpt lat="22.55171475000679492950439453125" lon="114.00735578499734401702880859375">
        <ele>26.6000003814697265625</ele>
        <time>2026-09-11T23:12:38.000Z</time>
        <extensions>
          <ns3:TrackPointExtension>
            <ns3:atemp>32.0</ns3:atemp>
            <ns3:hr>150</ns3:hr>
            <ns3:cad>85</ns3:cad>
          </ns3:TrackPointExtension>
        </extensions>
      </trkpt>
      <trkpt lat="22.551708631217479705810546875" lon="114.00733198039233684539794921875">
        <ele>26.799999237060546875</ele>
        <time>2026-09-11T23:12:39.000Z</time>
        <extensions>
          <ns3:TrackPointExtension>
            <ns3:atemp>32.0</ns3:atemp>
            <ns3:hr>150</ns3:hr>
            <ns3:cad>85</ns3:cad>
          </ns3:TrackPointExtension>
        </extensions>
      </trkpt>
      <trkpt lat="22.5517010875046253204345703125" lon="114.00730649940669536590576171875">
        <ele>26.799999237060546875</ele>
        <time>2026-09-11T23:12:40.000Z</time>
        <extensions>
          <ns3:TrackPointExtension>
            <ns3:atemp>32.0</ns3:atemp>
            <ns3:hr>150</ns3:hr>
            <ns3:cad>86</ns3:cad>
          </ns3:TrackPointExtension>
        </extensions>
      </trkpt>
      <trkpt lat="22.5516880117356777191162109375" lon="114.00727900676429271697998046875">
        <ele>26.799999237060546875</ele>
        <time>2026-09-11T23:12:41.000Z</time>
        <extensions>
          <ns3:TrackPointExtension>
            <ns3:atemp>32.0</ns3:atemp>
            <ns3:hr>150</ns3:hr>
            <ns3:cad>86</ns3:cad>
          </ns3:TrackPointExtension>
        </extensions>
      </trkpt>
      <trkpt lat="22.55167686380445957183837890625" lon="114.00724698789417743682861328125">
        <ele>26.799999237060546875</ele>
        <time>2026-09-11T23:12:42.000Z</time>
        <extensions>
          <ns3:TrackPointExtension>
            <ns3:atemp>32.0</ns3:atemp>
            <ns3:hr>150</ns3:hr>
            <ns3:cad>86</ns3:cad>
          </ns3:TrackPointExtension>
        </extensions>
      </trkpt>
      <trkpt lat="22.55166948772966861724853515625" lon="114.00721949525177478790283203125">
        <ele>26.799999237060546875</ele>
        <time>2026-09-11T23:12:43.000Z</time>
        <extensions>
          <ns3:TrackPointExtension>
            <ns3:atemp>32.0</ns3:atemp>
            <ns3:hr>150</ns3:hr>
            <ns3:cad>86</ns3:cad>
          </ns3:TrackPointExtension>
        </extensions>
      </trkpt>
      <trkpt lat="22.55166311748325824737548828125" lon="114.007191918790340423583984375">
        <ele>27</ele>
        <time>2026-09-11T23:12:44.000Z</time>
        <extensions>
          <ns3:TrackPointExtension>
            <ns3:atemp>32.0</ns3:atemp>
            <ns3:hr>150</ns3:hr>
            <ns3:cad>86</ns3:cad>
          </ns3:TrackPointExtension>
        </extensions>
      </trkpt>
      <trkpt lat="22.5516608543694019317626953125" lon="114.00716551579535007476806640625">
        <ele>27</ele>
        <time>2026-09-11T23:12:45.000Z</time>
        <extensions>
          <ns3:TrackPointExtension>
            <ns3:atemp>32.0</ns3:atemp>
            <ns3:hr>150</ns3:hr>
            <ns3:cad>86</ns3:cad>
          </ns3:TrackPointExtension>
        </extensions>
      </trkpt>
      <trkpt lat="22.55165792070329189300537109375" lon="114.00713852606713771820068359375">
        <ele>27</ele>
        <time>2026-09-11T23:12:46.000Z</time>
        <extensions>
          <ns3:TrackPointExtension>
            <ns3:atemp>32.0</ns3:atemp>
            <ns3:hr>150</ns3:hr>
            <ns3:cad>86</ns3:cad>
          </ns3:TrackPointExtension>
        </extensions>
      </trkpt>
      <trkpt lat="22.5516553223133087158203125" lon="114.00711220689117908477783203125">
        <ele>27</ele>
        <time>2026-09-11T23:12:47.000Z</time>
        <extensions>
          <ns3:TrackPointExtension>
            <ns3:atemp>32.0</ns3:atemp>
            <ns3:hr>150</ns3:hr>
            <ns3:cad>86</ns3:cad>
          </ns3:TrackPointExtension>
        </extensions>
      </trkpt>
      <trkpt lat="22.55164635367691516876220703125" lon="114.00708756409585475921630859375">
        <ele>27</ele>
        <time>2026-09-11T23:12:48.000Z</time>
        <extensions>
          <ns3:TrackPointExtension>
            <ns3:atemp>32.0</ns3:atemp>
            <ns3:hr>150</ns3:hr>
            <ns3:cad>86</ns3:cad>
          </ns3:TrackPointExtension>
        </extensions>
      </trkpt>
      <trkpt lat="22.551640905439853668212890625" lon="114.00706149637699127197265625">
        <ele>27</ele>
        <time>2026-09-11T23:12:49.000Z</time>
        <extensions>
          <ns3:TrackPointExtension>
            <ns3:atemp>32.0</ns3:atemp>
            <ns3:hr>150</ns3:hr>
            <ns3:cad>86</ns3:cad>
          </ns3:TrackPointExtension>
        </extensions>
      </trkpt>
      <trkpt lat="22.5516330264508724212646484375" lon="114.0070353448390960693359375">
        <ele>27</ele>
        <time>2026-09-11T23:12:50.000Z</time>
        <extensions>
          <ns3:TrackPointExtension>
            <ns3:atemp>32.0</ns3:atemp>
            <ns3:hr>150</ns3:hr>
            <ns3:cad>86</ns3:cad>
          </ns3:TrackPointExtension>
        </extensions>
      </trkpt>
      <trkpt lat="22.55162958987057209014892578125" lon="114.00700709782540798187255859375">
        <ele>27.200000762939453125</ele>
        <time>2026-09-11T23:12:51.000Z</time>
        <extensions>
          <ns3:TrackPointExtension>
            <ns3:atemp>32.0</ns3:atemp>
            <ns3:hr>151</ns3:hr>
            <ns3:cad>86</ns3:cad>
          </ns3:TrackPointExtension>
        </extensions>
      </trkpt>
      <trkpt lat="22.551622129976749420166015625" lon="114.0069811977446079254150390625">
        <ele>27.200000762939453125</ele>
        <time>2026-09-11T23:12:52.000Z</time>
        <extensions>
          <ns3:TrackPointExtension>
            <ns3:atemp>32.0</ns3:atemp>
            <ns3:hr>151</ns3:hr>
            <ns3:cad>86</ns3:cad>
          </ns3:TrackPointExtension>
        </extensions>
      </trkpt>
      <trkpt lat="22.551614753901958465576171875" lon="114.0069550462067127227783203125">
        <ele>27.200000762939453125</ele>
        <time>2026-09-11T23:12:53.000Z</time>
        <extensions>
          <ns3:TrackPointExtension>
            <ns3:atemp>32.0</ns3:atemp>
            <ns3:hr>152</ns3:hr>
            <ns3:cad>86</ns3:cad>
          </ns3:TrackPointExtension>
        </extensions>
      </trkpt>
      <trkpt lat="22.55160813219845294952392578125" lon="114.00693333707749843597412109375">
        <ele>27.200000762939453125</ele>
        <time>2026-09-11T23:12:54.000Z</time>
        <extensions>
          <ns3:TrackPointExtension>
            <ns3:atemp>32.0</ns3:atemp>
            <ns3:hr>152</ns3:hr>
            <ns3:cad>87</ns3:cad>
          </ns3:TrackPointExtension>
        </extensions>
      </trkpt>
      <trkpt lat="22.551600672304630279541015625" lon="114.00690316222608089447021484375">
        <ele>27.200000762939453125</ele>
        <time>2026-09-11T23:12:55.000Z</time>
        <extensions>
          <ns3:TrackPointExtension>
            <ns3:atemp>32.0</ns3:atemp>
            <ns3:hr>152</ns3:hr>
            <ns3:cad>87</ns3:cad>
          </ns3:TrackPointExtension>
        </extensions>
      </trkpt>
      <trkpt lat="22.55159170366823673248291015625" lon="114.00687030516564846038818359375">
        <ele>27.3999996185302734375</ele>
        <time>2026-09-11T23:12:56.000Z</time>
        <extensions>
          <ns3:TrackPointExtension>
            <ns3:atemp>32.0</ns3:atemp>
            <ns3:hr>153</ns3:hr>
            <ns3:cad>87</ns3:cad>
          </ns3:TrackPointExtension>
        </extensions>
      </trkpt>
      <trkpt lat="22.55158348940312862396240234375" lon="114.00683962740004062652587890625">
        <ele>27.3999996185302734375</ele>
        <time>2026-09-11T23:12:57.000Z</time>
        <extensions>
          <ns3:TrackPointExtension>
            <ns3:atemp>32.0</ns3:atemp>
            <ns3:hr>153</ns3:hr>
            <ns3:cad>87</ns3:cad>
          </ns3:TrackPointExtension>
        </extensions>
      </trkpt>
      <trkpt lat="22.55157259292900562286376953125" lon="114.0068098716437816619873046875">
        <ele>27.3999996185302734375</ele>
        <time>2026-09-11T23:12:58.000Z</time>
        <extensions>
          <ns3:TrackPointExtension>
            <ns3:atemp>32.0</ns3:atemp>
            <ns3:hr>154</ns3:hr>
            <ns3:cad>86</ns3:cad>
          </ns3:TrackPointExtension>
        </extensions>
      </trkpt>
      <trkpt lat="22.55156421102583408355712890625" lon="114.00678162463009357452392578125">
        <ele>27.3999996185302734375</ele>
        <time>2026-09-11T23:12:59.000Z</time>
        <extensions>
          <ns3:TrackPointExtension>
            <ns3:atemp>32.0</ns3:atemp>
            <ns3:hr>154</ns3:hr>
            <ns3:cad>86</ns3:cad>
          </ns3:TrackPointExtension>
        </extensions>
      </trkpt>
      <trkpt lat="22.55155666731297969818115234375" lon="114.00675396434962749481201171875">
        <ele>27.6000003814697265625</ele>
        <time>2026-09-11T23:13:00.000Z</time>
        <extensions>
          <ns3:TrackPointExtension>
            <ns3:atemp>32.0</ns3:atemp>
            <ns3:hr>154</ns3:hr>
            <ns3:cad>86</ns3:cad>
          </ns3:TrackPointExtension>
        </extensions>
      </trkpt>
      <trkpt lat="22.55154929123818874359130859375" lon="114.00672756135463714599609375">
        <ele>27.6000003814697265625</ele>
        <time>2026-09-11T23:13:01.000Z</time>
        <extensions>
          <ns3:TrackPointExtension>
            <ns3:atemp>32.0</ns3:atemp>
            <ns3:hr>154</ns3:hr>
            <ns3:cad>86</ns3:cad>
          </ns3:TrackPointExtension>
        </extensions>
      </trkpt>
      <trkpt lat="22.55154610611498355865478515625" lon="114.0066972188651561737060546875">
        <ele>27.6000003814697265625</ele>
        <time>2026-09-11T23:13:02.000Z</time>
        <extensions>
          <ns3:TrackPointExtension>
            <ns3:atemp>32.0</ns3:atemp>
            <ns3:hr>155</ns3:hr>
            <ns3:cad>87</ns3:cad>
          </ns3:TrackPointExtension>
        </extensions>
      </trkpt>
      <trkpt lat="22.55154141224920749664306640625" lon="114.0066747553646564483642578125">
        <ele>27.799999237060546875</ele>
        <time>2026-09-11T23:13:03.000Z</time>
        <extensions>
          <ns3:TrackPointExtension>
            <ns3:atemp>32.0</ns3:atemp>
            <ns3:hr>155</ns3:hr>
            <ns3:cad>87</ns3:cad>
          </ns3:TrackPointExtension>
        </extensions>
      </trkpt>
      <trkpt lat="22.551538646221160888671875" lon="114.0066529624164104461669921875">
        <ele>27.799999237060546875</ele>
        <time>2026-09-11T23:13:04.000Z</time>
        <extensions>
          <ns3:TrackPointExtension>
            <ns3:atemp>32.0</ns3:atemp>
            <ns3:hr>155</ns3:hr>
            <ns3:cad>87</ns3:cad>
          </ns3:TrackPointExtension>
        </extensions>
      </trkpt>
      <trkpt lat="22.55153571255505084991455078125" lon="114.0066303312778472900390625">
        <ele>27.799999237060546875</ele>
        <time>2026-09-11T23:13:05.000Z</time>
        <extensions>
          <ns3:TrackPointExtension>
            <ns3:atemp>32.0</ns3:atemp>
            <ns3:hr>155</ns3:hr>
            <ns3:cad>87</ns3:cad>
          </ns3:TrackPointExtension>
        </extensions>
      </trkpt>
      <trkpt lat="22.55153822712600231170654296875" lon="114.00660946033895015716552734375">
        <ele>27.799999237060546875</ele>
        <time>2026-09-11T23:13:06.000Z</time>
        <extensions>
          <ns3:TrackPointExtension>
            <ns3:atemp>32.0</ns3:atemp>
            <ns3:hr>155</ns3:hr>
            <ns3:cad>87</ns3:cad>
          </ns3:TrackPointExtension>
        </extensions>
      </trkpt>
      <trkpt lat="22.5515384785830974578857421875" lon="114.0065882541239261627197265625">
        <ele>27.799999237060546875</ele>
        <time>2026-09-11T23:13:07.000Z</time>
        <extensions>
          <ns3:TrackPointExtension>
            <ns3:atemp>32.0</ns3:atemp>
            <ns3:hr>156</ns3:hr>
            <ns3:cad>86</ns3:cad>
          </ns3:TrackPointExtension>
        </extensions>
      </trkpt>
      <trkpt lat="22.551546357572078704833984375" lon="114.0065713226795196533203125">
        <ele>27.799999237060546875</ele>
        <time>2026-09-11T23:13:08.000Z</time>
        <extensions>
          <ns3:TrackPointExtension>
            <ns3:atemp>32.0</ns3:atemp>
            <ns3:hr>155</ns3:hr>
            <ns3:cad>86</ns3:cad>
          </ns3:TrackPointExtension>
        </extensions>
      </trkpt>
      <trkpt lat="22.551547028124332427978515625" lon="114.00654559023678302764892578125">
        <ele>27.799999237060546875</ele>
        <time>2026-09-11T23:13:09.000Z</time>
        <extensions>
          <ns3:TrackPointExtension>
            <ns3:atemp>32.0</ns3:atemp>
            <ns3:hr>156</ns3:hr>
            <ns3:cad>86</ns3:cad>
          </ns3:TrackPointExtension>
        </extensions>
      </trkpt>
      <trkpt lat="22.5515478663146495819091796875" lon="114.00651960633695125579833984375">
        <ele>27.799999237060546875</ele>
        <time>2026-09-11T23:13:10.000Z</time>
        <extensions>
          <ns3:TrackPointExtension>
            <ns3:atemp>32.0</ns3:atemp>
            <ns3:hr>155</ns3:hr>
            <ns3:cad>86</ns3:cad>
          </ns3:TrackPointExtension>
        </extensions>
      </trkpt>
      <trkpt lat="22.5515482015907764434814453125" lon="114.0064916945993900299072265625">
        <ele>27.799999237060546875</ele>
        <time>2026-09-11T23:13:11.000Z</time>
        <extensions>
          <ns3:TrackPointExtension>
            <ns3:atemp>32.0</ns3:atemp>
            <ns3:hr>156</ns3:hr>
            <ns3:cad>85</ns3:cad>
          </ns3:TrackPointExtension>
        </extensions>
      </trkpt>
      <trkpt lat="22.5515498779714107513427734375" lon="114.0064588375389575958251953125">
        <ele>28</ele>
        <time>2026-09-11T23:13:12.000Z</time>
        <extensions>
          <ns3:TrackPointExtension>
            <ns3:atemp>32.0</ns3:atemp>
            <ns3:hr>155</ns3:hr>
            <ns3:cad>85</ns3:cad>
          </ns3:TrackPointExtension>
        </extensions>
      </trkpt>
      <trkpt lat="22.551553063094615936279296875" lon="114.006424807012081146240234375">
        <ele>28</ele>
        <time>2026-09-11T23:13:13.000Z</time>
        <extensions>
          <ns3:TrackPointExtension>
            <ns3:atemp>32.0</ns3:atemp>
            <ns3:hr>155</ns3:hr>
            <ns3:cad>85</ns3:cad>
          </ns3:TrackPointExtension>
        </extensions>
      </trkpt>
      <trkpt lat="22.5515528954565525054931640625" lon="114.006392620503902435302734375">
        <ele>28</ele>
        <time>2026-09-11T23:13:14.000Z</time>
        <extensions>
          <ns3:TrackPointExtension>
            <ns3:atemp>32.0</ns3:atemp>
            <ns3:hr>155</ns3:hr>
            <ns3:cad>85</ns3:cad>
          </ns3:TrackPointExtension>
        </extensions>
      </trkpt>
      <trkpt lat="22.551561109721660614013671875" lon="114.00636470876634120941162109375">
        <ele>28.200000762939453125</ele>
        <time>2026-09-11T23:13:15.000Z</time>
        <extensions>
          <ns3:TrackPointExtension>
            <ns3:atemp>32.0</ns3:atemp>
            <ns3:hr>155</ns3:hr>
            <ns3:cad>84</ns3:cad>
          </ns3:TrackPointExtension>
        </extensions>
      </trkpt>
      <trkpt lat="22.55156840197741985321044921875" lon="114.0063371323049068450927734375">
        <ele>28.3999996185302734375</ele>
        <time>2026-09-11T23:13:16.000Z</time>
        <extensions>
          <ns3:TrackPointExtension>
            <ns3:atemp>32.0</ns3:atemp>
            <ns3:hr>156</ns3:hr>
            <ns3:cad>84</ns3:cad>
          </ns3:TrackPointExtension>
        </extensions>
      </trkpt>
      <trkpt lat="22.5515807233750820159912109375" lon="114.0063079632818698883056640625">
        <ele>28.3999996185302734375</ele>
        <time>2026-09-11T23:13:17.000Z</time>
        <extensions>
          <ns3:TrackPointExtension>
            <ns3:atemp>32.0</ns3:atemp>
            <ns3:hr>156</ns3:hr>
            <ns3:cad>84</ns3:cad>
          </ns3:TrackPointExtension>
        </extensions>
      </trkpt>
      <trkpt lat="22.55158365704119205474853515625" lon="114.006283320486545562744140625">
        <ele>28.6000003814697265625</ele>
        <time>2026-09-11T23:13:18.000Z</time>
        <extensions>
          <ns3:TrackPointExtension>
            <ns3:atemp>32.0</ns3:atemp>
            <ns3:hr>156</ns3:hr>
            <ns3:cad>84</ns3:cad>
          </ns3:TrackPointExtension>
        </extensions>
      </trkpt>
      <trkpt lat="22.55158960819244384765625" lon="114.00625951588153839111328125">
        <ele>28.799999237060546875</ele>
        <time>2026-09-11T23:13:19.000Z</time>
        <extensions>
          <ns3:TrackPointExtension>
            <ns3:atemp>32.0</ns3:atemp>
            <ns3:hr>156</ns3:hr>
            <ns3:cad>85</ns3:cad>
          </ns3:TrackPointExtension>
        </extensions>
      </trkpt>
      <trkpt lat="22.5515907816588878631591796875" lon="114.00623646564781665802001953125">
        <ele>28.799999237060546875</ele>
        <time>2026-09-11T23:13:20.000Z</time>
        <extensions>
          <ns3:TrackPointExtension>
            <ns3:atemp>32.0</ns3:atemp>
            <ns3:hr>156</ns3:hr>
            <ns3:cad>86</ns3:cad>
          </ns3:TrackPointExtension>
        </extensions>
      </trkpt>
      <trkpt lat="22.5515954755246639251708984375" lon="114.00620578788220882415771484375">
        <ele>28.799999237060546875</ele>
        <time>2026-09-11T23:13:21.000Z</time>
        <extensions>
          <ns3:TrackPointExtension>
            <ns3:atemp>32.0</ns3:atemp>
            <ns3:hr>157</ns3:hr>
            <ns3:cad>86</ns3:cad>
          </ns3:TrackPointExtension>
        </extensions>
      </trkpt>
      <trkpt lat="22.5515968166291713714599609375" lon="114.00618332438170909881591796875">
        <ele>28.799999237060546875</ele>
        <time>2026-09-11T23:13:22.000Z</time>
        <extensions>
          <ns3:TrackPointExtension>
            <ns3:atemp>32.0</ns3:atemp>
            <ns3:hr>157</ns3:hr>
            <ns3:cad>86</ns3:cad>
          </ns3:TrackPointExtension>
        </extensions>
      </trkpt>
      <trkpt lat="22.55160058848559856414794921875" lon="114.0061627887189388275146484375">
        <ele>29</ele>
        <time>2026-09-11T23:13:23.000Z</time>
        <extensions>
          <ns3:TrackPointExtension>
            <ns3:atemp>32.0</ns3:atemp>
            <ns3:hr>157</ns3:hr>
            <ns3:cad>86</ns3:cad>
          </ns3:TrackPointExtension>
        </extensions>
      </trkpt>
      <trkpt lat="22.551601342856884002685546875" lon="114.00614376179873943328857421875">
        <ele>29</ele>
        <time>2026-09-11T23:13:24.000Z</time>
        <extensions>
          <ns3:TrackPointExtension>
            <ns3:atemp>32.0</ns3:atemp>
            <ns3:hr>158</ns3:hr>
            <ns3:cad>86</ns3:cad>
          </ns3:TrackPointExtension>
        </extensions>
      </trkpt>
      <trkpt lat="22.551603019237518310546875" lon="114.006123729050159454345703125">
        <ele>29</ele>
        <time>2026-09-11T23:13:25.000Z</time>
        <extensions>
          <ns3:TrackPointExtension>
            <ns3:atemp>32.0</ns3:atemp>
            <ns3:hr>158</ns3:hr>
            <ns3:cad>86</ns3:cad>
          </ns3:TrackPointExtension>
        </extensions>
      </trkpt>
      <trkpt lat="22.5516021810472011566162109375" lon="114.00610319338738918304443359375">
        <ele>29</ele>
        <time>2026-09-11T23:13:26.000Z</time>
        <extensions>
          <ns3:TrackPointExtension>
            <ns3:atemp>32.0</ns3:atemp>
            <ns3:hr>159</ns3:hr>
            <ns3:cad>87</ns3:cad>
          </ns3:TrackPointExtension>
        </extensions>
      </trkpt>
      <trkpt lat="22.55160092376172542572021484375" lon="114.00608408264815807342529296875">
        <ele>28.799999237060546875</ele>
        <time>2026-09-11T23:13:27.000Z</time>
        <extensions>
          <ns3:TrackPointExtension>
            <ns3:atemp>32.0</ns3:atemp>
            <ns3:hr>159</ns3:hr>
            <ns3:cad>87</ns3:cad>
          </ns3:TrackPointExtension>
        </extensions>
      </trkpt>
      <trkpt lat="22.55160075612366199493408203125" lon="114.0060645528137683868408203125">
        <ele>28.799999237060546875</ele>
        <time>2026-09-11T23:13:28.000Z</time>
        <extensions>
          <ns3:TrackPointExtension>
            <ns3:atemp>32.0</ns3:atemp>
            <ns3:hr>158</ns3:hr>
            <ns3:cad>87</ns3:cad>
          </ns3:TrackPointExtension>
        </extensions>
      </trkpt>
      <trkpt lat="22.5516031868755817413330078125" lon="114.0060434304177761077880859375">
        <ele>28.799999237060546875</ele>
        <time>2026-09-11T23:13:29.000Z</time>
        <extensions>
          <ns3:TrackPointExtension>
            <ns3:atemp>32.0</ns3:atemp>
            <ns3:hr>158</ns3:hr>
            <ns3:cad>87</ns3:cad>
          </ns3:TrackPointExtension>
        </extensions>
      </trkpt>
      <trkpt lat="22.5516068749129772186279296875" lon="114.00601786561310291290283203125">
        <ele>29</ele>
        <time>2026-09-11T23:13:30.000Z</time>
        <extensions>
          <ns3:TrackPointExtension>
            <ns3:atemp>32.0</ns3:atemp>
            <ns3:hr>158</ns3:hr>
            <ns3:cad>87</ns3:cad>
          </ns3:TrackPointExtension>
        </extensions>
      </trkpt>
      <trkpt lat="22.55160947330296039581298828125" lon="114.0059948153793811798095703125">
        <ele>29</ele>
        <time>2026-09-11T23:13:31.000Z</time>
        <extensions>
          <ns3:TrackPointExtension>
            <ns3:atemp>32.0</ns3:atemp>
            <ns3:hr>158</ns3:hr>
            <ns3:cad>87</ns3:cad>
          </ns3:TrackPointExtension>
        </extensions>
      </trkpt>
      <trkpt lat="22.55161098204553127288818359375" lon="114.00596925057470798492431640625">
        <ele>29</ele>
        <time>2026-09-11T23:13:32.000Z</time>
        <extensions>
          <ns3:TrackPointExtension>
            <ns3:atemp>32.0</ns3:atemp>
            <ns3:hr>157</ns3:hr>
            <ns3:cad>87</ns3:cad>
          </ns3:TrackPointExtension>
        </extensions>
      </trkpt>
      <trkpt lat="22.55161232315003871917724609375" lon="114.00594678707420825958251953125">
        <ele>29.200000762939453125</ele>
        <time>2026-09-11T23:13:33.000Z</time>
        <extensions>
          <ns3:TrackPointExtension>
            <ns3:atemp>32.0</ns3:atemp>
            <ns3:hr>158</ns3:hr>
            <ns3:cad>87</ns3:cad>
          </ns3:TrackPointExtension>
        </extensions>
      </trkpt>
      <trkpt lat="22.55161349661648273468017578125" lon="114.00592750869691371917724609375">
        <ele>29.200000762939453125</ele>
        <time>2026-09-11T23:13:34.000Z</time>
        <extensions>
          <ns3:TrackPointExtension>
            <ns3:atemp>32.0</ns3:atemp>
            <ns3:hr>158</ns3:hr>
            <ns3:cad>86</ns3:cad>
          </ns3:TrackPointExtension>
        </extensions>
      </trkpt>
      <trkpt lat="22.55161332897841930389404296875" lon="114.00590856559574604034423828125">
        <ele>29.200000762939453125</ele>
        <time>2026-09-11T23:13:35.000Z</time>
        <extensions>
          <ns3:TrackPointExtension>
            <ns3:atemp>32.0</ns3:atemp>
            <ns3:hr>157</ns3:hr>
            <ns3:cad>86</ns3:cad>
          </ns3:TrackPointExtension>
        </extensions>
      </trkpt>
      <trkpt lat="22.55161575973033905029296875" lon="114.00588727556169033050537109375">
        <ele>29.200000762939453125</ele>
        <time>2026-09-11T23:13:36.000Z</time>
        <extensions>
          <ns3:TrackPointExtension>
            <ns3:atemp>32.0</ns3:atemp>
            <ns3:hr>158</ns3:hr>
            <ns3:cad>86</ns3:cad>
          </ns3:TrackPointExtension>
        </extensions>
      </trkpt>
      <trkpt lat="22.55161584354937076568603515625" lon="114.00586363859474658966064453125">
        <ele>29.200000762939453125</ele>
        <time>2026-09-11T23:13:37.000Z</time>
        <extensions>
          <ns3:TrackPointExtension>
            <ns3:atemp>32.0</ns3:atemp>
            <ns3:hr>158</ns3:hr>
            <ns3:cad>86</ns3:cad>
          </ns3:TrackPointExtension>
        </extensions>
      </trkpt>
      <trkpt lat="22.55161886103451251983642578125" lon="114.0058412589132785797119140625">
        <ele>29.3999996185302734375</ele>
        <time>2026-09-11T23:13:38.000Z</time>
        <extensions>
          <ns3:TrackPointExtension>
            <ns3:atemp>32.0</ns3:atemp>
            <ns3:hr>157</ns3:hr>
            <ns3:cad>86</ns3:cad>
          </ns3:TrackPointExtension>
        </extensions>
      </trkpt>
      <trkpt lat="22.55161902867257595062255859375" lon="114.0058154426515102386474609375">
        <ele>29.3999996185302734375</ele>
        <time>2026-09-11T23:13:39.000Z</time>
        <extensions>
          <ns3:TrackPointExtension>
            <ns3:atemp>32.0</ns3:atemp>
            <ns3:hr>158</ns3:hr>
            <ns3:cad>86</ns3:cad>
          </ns3:TrackPointExtension>
        </extensions>
      </trkpt>
      <trkpt lat="22.55162154324352741241455078125" lon="114.005791135132312774658203125">
        <ele>29.6000003814697265625</ele>
        <time>2026-09-11T23:13:40.000Z</time>
        <extensions>
          <ns3:TrackPointExtension>
            <ns3:atemp>32.0</ns3:atemp>
            <ns3:hr>157</ns3:hr>
            <ns3:cad>87</ns3:cad>
          </ns3:TrackPointExtension>
        </extensions>
      </trkpt>
      <trkpt lat="22.551622800529003143310546875" lon="114.00576707907021045684814453125">
        <ele>29.6000003814697265625</ele>
        <time>2026-09-11T23:13:41.000Z</time>
        <extensions>
          <ns3:TrackPointExtension>
            <ns3:atemp>32.0</ns3:atemp>
            <ns3:hr>158</ns3:hr>
            <ns3:cad>87</ns3:cad>
          </ns3:TrackPointExtension>
        </extensions>
      </trkpt>
      <trkpt lat="22.5516273267567157745361328125" lon="114.0057406760752201080322265625">
        <ele>29.6000003814697265625</ele>
        <time>2026-09-11T23:13:42.000Z</time>
        <extensions>
          <ns3:TrackPointExtension>
            <ns3:atemp>32.0</ns3:atemp>
            <ns3:hr>158</ns3:hr>
            <ns3:cad>87</ns3:cad>
          </ns3:TrackPointExtension>
        </extensions>
      </trkpt>
      <trkpt lat="22.5516269914805889129638671875" lon="114.0057145245373249053955078125">
        <ele>29.799999237060546875</ele>
        <time>2026-09-11T23:13:43.000Z</time>
        <extensions>
          <ns3:TrackPointExtension>
            <ns3:atemp>32.0</ns3:atemp>
            <ns3:hr>159</ns3:hr>
            <ns3:cad>87</ns3:cad>
          </ns3:TrackPointExtension>
        </extensions>
      </trkpt>
      <trkpt lat="22.5516276620328426361083984375" lon="114.00568728335201740264892578125">
        <ele>29.799999237060546875</ele>
        <time>2026-09-11T23:13:44.000Z</time>
        <extensions>
          <ns3:TrackPointExtension>
            <ns3:atemp>32.0</ns3:atemp>
            <ns3:hr>159</ns3:hr>
            <ns3:cad>87</ns3:cad>
          </ns3:TrackPointExtension>
        </extensions>
      </trkpt>
      <trkpt lat="22.55162791348993778228759765625" lon="114.00566314347088336944580078125">
        <ele>29.799999237060546875</ele>
        <time>2026-09-11T23:13:45.000Z</time>
        <extensions>
          <ns3:TrackPointExtension>
            <ns3:atemp>32.0</ns3:atemp>
            <ns3:hr>159</ns3:hr>
            <ns3:cad>86</ns3:cad>
          </ns3:TrackPointExtension>
        </extensions>
      </trkpt>
      <trkpt lat="22.55162908695638179779052734375" lon="114.00563648901879787445068359375">
        <ele>30</ele>
        <time>2026-09-11T23:13:46.000Z</time>
        <extensions>
          <ns3:TrackPointExtension>
            <ns3:atemp>32.0</ns3:atemp>
            <ns3:hr>159</ns3:hr>
            <ns3:cad>86</ns3:cad>
          </ns3:TrackPointExtension>
        </extensions>
      </trkpt>
      <trkpt lat="22.5516290031373500823974609375" lon="114.00561167858541011810302734375">
        <ele>30</ele>
        <time>2026-09-11T23:13:47.000Z</time>
        <extensions>
          <ns3:TrackPointExtension>
            <ns3:atemp>32.0</ns3:atemp>
            <ns3:hr>159</ns3:hr>
            <ns3:cad>86</ns3:cad>
          </ns3:TrackPointExtension>
        </extensions>
      </trkpt>
      <trkpt lat="22.55163009278476238250732421875" lon="114.00557865388691425323486328125">
        <ele>30</ele>
        <time>2026-09-11T23:13:48.000Z</time>
        <extensions>
          <ns3:TrackPointExtension>
            <ns3:atemp>32.0</ns3:atemp>
            <ns3:hr>160</ns3:hr>
            <ns3:cad>86</ns3:cad>
          </ns3:TrackPointExtension>
        </extensions>
      </trkpt>
      <trkpt lat="22.55163210444152355194091796875" lon="114.00555334053933620452880859375">
        <ele>30</ele>
        <time>2026-09-11T23:13:49.000Z</time>
        <extensions>
          <ns3:TrackPointExtension>
            <ns3:atemp>32.0</ns3:atemp>
            <ns3:hr>160</ns3:hr>
            <ns3:cad>87</ns3:cad>
          </ns3:TrackPointExtension>
        </extensions>
      </trkpt>
      <trkpt lat="22.55163378082215785980224609375" lon="114.0055198967456817626953125">
        <ele>30.200000762939453125</ele>
        <time>2026-09-11T23:13:50.000Z</time>
        <extensions>
          <ns3:TrackPointExtension>
            <ns3:atemp>32.0</ns3:atemp>
            <ns3:hr>160</ns3:hr>
            <ns3:cad>87</ns3:cad>
          </ns3:TrackPointExtension>
        </extensions>
      </trkpt>
      <trkpt lat="22.55164836533367633819580078125" lon="114.0054821781814098358154296875">
        <ele>30.200000762939453125</ele>
        <time>2026-09-11T23:13:51.000Z</time>
        <extensions>
          <ns3:TrackPointExtension>
            <ns3:atemp>32.0</ns3:atemp>
            <ns3:hr>161</ns3:hr>
            <ns3:cad>87</ns3:cad>
          </ns3:TrackPointExtension>
        </extensions>
      </trkpt>
      <trkpt lat="22.5516524724662303924560546875" lon="114.00545326061546802520751953125">
        <ele>30.3999996185302734375</ele>
        <time>2026-09-11T23:13:52.000Z</time>
        <extensions>
          <ns3:TrackPointExtension>
            <ns3:atemp>32.0</ns3:atemp>
            <ns3:hr>161</ns3:hr>
            <ns3:cad>87</ns3:cad>
          </ns3:TrackPointExtension>
        </extensions>
      </trkpt>
      <trkpt lat="22.55165465176105499267578125" lon="114.0054238401353359222412109375">
        <ele>30.6000003814697265625</ele>
        <time>2026-09-11T23:13:53.000Z</time>
        <extensions>
          <ns3:TrackPointExtension>
            <ns3:atemp>32.0</ns3:atemp>
            <ns3:hr>162</ns3:hr>
            <ns3:cad>87</ns3:cad>
          </ns3:TrackPointExtension>
        </extensions>
      </trkpt>
      <trkpt lat="22.5516580045223236083984375" lon="114.005397520959377288818359375">
        <ele>30.6000003814697265625</ele>
        <time>2026-09-11T23:13:54.000Z</time>
        <extensions>
          <ns3:TrackPointExtension>
            <ns3:atemp>32.0</ns3:atemp>
            <ns3:hr>162</ns3:hr>
            <ns3:cad>87</ns3:cad>
          </ns3:TrackPointExtension>
        </extensions>
      </trkpt>
      <trkpt lat="22.55165909416973590850830078125" lon="114.0053696930408477783203125">
        <ele>30.6000003814697265625</ele>
        <time>2026-09-11T23:13:55.000Z</time>
        <extensions>
          <ns3:TrackPointExtension>
            <ns3:atemp>32.0</ns3:atemp>
            <ns3:hr>162</ns3:hr>
            <ns3:cad>87</ns3:cad>
          </ns3:TrackPointExtension>
        </extensions>
      </trkpt>
      <trkpt lat="22.55166060291230678558349609375" lon="114.0053423680365085601806640625">
        <ele>30.6000003814697265625</ele>
        <time>2026-09-11T23:13:56.000Z</time>
        <extensions>
          <ns3:TrackPointExtension>
            <ns3:atemp>32.0</ns3:atemp>
            <ns3:hr>163</ns3:hr>
            <ns3:cad>87</ns3:cad>
          </ns3:TrackPointExtension>
        </extensions>
      </trkpt>
      <trkpt lat="22.5516621954739093780517578125" lon="114.00531470775604248046875">
        <ele>30.6000003814697265625</ele>
        <time>2026-09-11T23:13:57.000Z</time>
        <extensions>
          <ns3:TrackPointExtension>
            <ns3:atemp>32.0</ns3:atemp>
            <ns3:hr>163</ns3:hr>
            <ns3:cad>87</ns3:cad>
          </ns3:TrackPointExtension>
        </extensions>
      </trkpt>
      <trkpt lat="22.5516655482351779937744140625" lon="114.00528931058943271636962890625">
        <ele>30.799999237060546875</ele>
        <time>2026-09-11T23:13:58.000Z</time>
        <extensions>
          <ns3:TrackPointExtension>
            <ns3:atemp>32.0</ns3:atemp>
            <ns3:hr>163</ns3:hr>
            <ns3:cad>87</ns3:cad>
          </ns3:TrackPointExtension>
        </extensions>
      </trkpt>
      <trkpt lat="22.55166747607290744781494140625" lon="114.00526517070829868316650390625">
        <ele>30.799999237060546875</ele>
        <time>2026-09-11T23:13:59.000Z</time>
        <extensions>
          <ns3:TrackPointExtension>
            <ns3:atemp>32.0</ns3:atemp>
            <ns3:hr>163</ns3:hr>
            <ns3:cad>87</ns3:cad>
          </ns3:TrackPointExtension>
        </extensions>
      </trkpt>
      <trkpt lat="22.5516702421009540557861328125" lon="114.00524371303617954254150390625">
        <ele>30.799999237060546875</ele>
        <time>2026-09-11T23:14:00.000Z</time>
        <extensions>
          <ns3:TrackPointExtension>
            <ns3:atemp>32.0</ns3:atemp>
            <ns3:hr>162</ns3:hr>
            <ns3:cad>87</ns3:cad>
          </ns3:TrackPointExtension>
        </extensions>
      </trkpt>
      <trkpt lat="22.55167200230062007904052734375" lon="114.0052156336605548858642578125">
        <ele>31</ele>
        <time>2026-09-11T23:14:01.000Z</time>
        <extensions>
          <ns3:TrackPointExtension>
            <ns3:atemp>32.0</ns3:atemp>
            <ns3:hr>163</ns3:hr>
            <ns3:cad>87</ns3:cad>
          </ns3:TrackPointExtension>
        </extensions>
      </trkpt>
      <trkpt lat="22.55167049355804920196533203125" lon="114.00518990121781826019287109375">
        <ele>31</ele>
        <time>2026-09-11T23:14:02.000Z</time>
        <extensions>
          <ns3:TrackPointExtension>
            <ns3:atemp>32.0</ns3:atemp>
            <ns3:hr>162</ns3:hr>
            <ns3:cad>87</ns3:cad>
          </ns3:TrackPointExtension>
        </extensions>
      </trkpt>
      <trkpt lat="22.5516687333583831787109375" lon="114.0051613189280033111572265625">
        <ele>31</ele>
        <time>2026-09-11T23:14:03.000Z</time>
        <extensions>
          <ns3:TrackPointExtension>
            <ns3:atemp>32.0</ns3:atemp>
            <ns3:hr>162</ns3:hr>
            <ns3:cad>87</ns3:cad>
          </ns3:TrackPointExtension>
        </extensions>
      </trkpt>
      <trkpt lat="22.55166864953935146331787109375" lon="114.00513458065688610076904296875">
        <ele>31</ele>
        <time>2026-09-11T23:14:04.000Z</time>
        <extensions>
          <ns3:TrackPointExtension>
            <ns3:atemp>32.0</ns3:atemp>
            <ns3:hr>162</ns3:hr>
            <ns3:cad>86</ns3:cad>
          </ns3:TrackPointExtension>
        </extensions>
      </trkpt>
      <trkpt lat="22.55166831426322460174560546875" lon="114.0051080100238323211669921875">
        <ele>31</ele>
        <time>2026-09-11T23:14:05.000Z</time>
        <extensions>
          <ns3:TrackPointExtension>
            <ns3:atemp>32.0</ns3:atemp>
            <ns3:hr>162</ns3:hr>
            <ns3:cad>86</ns3:cad>
          </ns3:TrackPointExtension>
        </extensions>
      </trkpt>
      <trkpt lat="22.5516672246158123016357421875" lon="114.0050825290381908416748046875">
        <ele>31</ele>
        <time>2026-09-11T23:14:06.000Z</time>
        <extensions>
          <ns3:TrackPointExtension>
            <ns3:atemp>32.0</ns3:atemp>
            <ns3:hr>163</ns3:hr>
            <ns3:cad>87</ns3:cad>
          </ns3:TrackPointExtension>
        </extensions>
      </trkpt>
      <trkpt lat="22.55166848190128803253173828125" lon="114.0050550363957881927490234375">
        <ele>31</ele>
        <time>2026-09-11T23:14:07.000Z</time>
        <extensions>
          <ns3:TrackPointExtension>
            <ns3:atemp>32.0</ns3:atemp>
            <ns3:hr>162</ns3:hr>
            <ns3:cad>87</ns3:cad>
          </ns3:TrackPointExtension>
        </extensions>
      </trkpt>
      <trkpt lat="22.5516712479293346405029296875" lon="114.00502695702016353607177734375">
        <ele>31.200000762939453125</ele>
        <time>2026-09-11T23:14:08.000Z</time>
        <extensions>
          <ns3:TrackPointExtension>
            <ns3:atemp>32.0</ns3:atemp>
            <ns3:hr>162</ns3:hr>
            <ns3:cad>87</ns3:cad>
          </ns3:TrackPointExtension>
        </extensions>
      </trkpt>
      <trkpt lat="22.55167518742382526397705078125" lon="114.00500155985355377197265625">
        <ele>31.200000762939453125</ele>
        <time>2026-09-11T23:14:09.000Z</time>
        <extensions>
          <ns3:TrackPointExtension>
            <ns3:atemp>32.0</ns3:atemp>
            <ns3:hr>162</ns3:hr>
            <ns3:cad>87</ns3:cad>
          </ns3:TrackPointExtension>
        </extensions>
      </trkpt>
      <trkpt lat="22.55168055184185504913330078125" lon="114.00497633032500743865966796875">
        <ele>31.200000762939453125</ele>
        <time>2026-09-11T23:14:10.000Z</time>
        <extensions>
          <ns3:TrackPointExtension>
            <ns3:atemp>32.0</ns3:atemp>
            <ns3:hr>162</ns3:hr>
            <ns3:cad>87</ns3:cad>
          </ns3:TrackPointExtension>
        </extensions>
      </trkpt>
      <trkpt lat="22.5516836531460285186767578125" lon="114.00495269335806369781494140625">
        <ele>31.200000762939453125</ele>
        <time>2026-09-11T23:14:11.000Z</time>
        <extensions>
          <ns3:TrackPointExtension>
            <ns3:atemp>32.0</ns3:atemp>
            <ns3:hr>161</ns3:hr>
            <ns3:cad>87</ns3:cad>
          </ns3:TrackPointExtension>
        </extensions>
      </trkpt>
      <trkpt lat="22.5516876764595508575439453125" lon="114.00492754764854907989501953125">
        <ele>31.200000762939453125</ele>
        <time>2026-09-11T23:14:12.000Z</time>
        <extensions>
          <ns3:TrackPointExtension>
            <ns3:atemp>31.0</ns3:atemp>
            <ns3:hr>161</ns3:hr>
            <ns3:cad>87</ns3:cad>
          </ns3:TrackPointExtension>
        </extensions>
      </trkpt>
      <trkpt lat="22.55169496871531009674072265625" lon="114.00490122847259044647216796875">
        <ele>31.200000762939453125</ele>
        <time>2026-09-11T23:14:13.000Z</time>
        <extensions>
          <ns3:TrackPointExtension>
            <ns3:atemp>32.0</ns3:atemp>
            <ns3:hr>161</ns3:hr>
            <ns3:cad>87</ns3:cad>
          </ns3:TrackPointExtension>
        </extensions>
      </trkpt>
      <trkpt lat="22.5516997464001178741455078125" lon="114.00487482547760009765625">
        <ele>31.200000762939453125</ele>
        <time>2026-09-11T23:14:14.000Z</time>
        <extensions>
          <ns3:TrackPointExtension>
            <ns3:atemp>31.0</ns3:atemp>
            <ns3:hr>161</ns3:hr>
            <ns3:cad>87</ns3:cad>
          </ns3:TrackPointExtension>
        </extensions>
      </trkpt>
      <trkpt lat="22.55170418880879878997802734375" lon="114.004849009215831756591796875">
        <ele>31.3999996185302734375</ele>
        <time>2026-09-11T23:14:15.000Z</time>
        <extensions>
          <ns3:TrackPointExtension>
            <ns3:atemp>32.0</ns3:atemp>
            <ns3:hr>161</ns3:hr>
            <ns3:cad>87</ns3:cad>
          </ns3:TrackPointExtension>
        </extensions>
      </trkpt>
      <trkpt lat="22.55170653574168682098388671875" lon="114.00482260622084140777587890625">
        <ele>31.3999996185302734375</ele>
        <time>2026-09-11T23:14:16.000Z</time>
        <extensions>
          <ns3:TrackPointExtension>
            <ns3:atemp>32.0</ns3:atemp>
            <ns3:hr>162</ns3:hr>
            <ns3:cad>87</ns3:cad>
          </ns3:TrackPointExtension>
        </extensions>
      </trkpt>
      <trkpt lat="22.55170963704586029052734375" lon="114.0047938562929630279541015625">
        <ele>31.3999996185302734375</ele>
        <time>2026-09-11T23:14:17.000Z</time>
        <extensions>
          <ns3:TrackPointExtension>
            <ns3:atemp>31.0</ns3:atemp>
            <ns3:hr>162</ns3:hr>
            <ns3:cad>87</ns3:cad>
          </ns3:TrackPointExtension>
        </extensions>
      </trkpt>
      <trkpt lat="22.55171055905520915985107421875" lon="114.0047656930983066558837890625">
        <ele>31.3999996185302734375</ele>
        <time>2026-09-11T23:14:18.000Z</time>
        <extensions>
          <ns3:TrackPointExtension>
            <ns3:atemp>32.0</ns3:atemp>
            <ns3:hr>161</ns3:hr>
            <ns3:cad>87</ns3:cad>
          </ns3:TrackPointExtension>
        </extensions>
      </trkpt>
      <trkpt lat="22.55170695483684539794921875" lon="114.00473526678979396820068359375">
        <ele>31.6000003814697265625</ele>
        <time>2026-09-11T23:14:19.000Z</time>
        <extensions>
          <ns3:TrackPointExtension>
            <ns3:atemp>32.0</ns3:atemp>
            <ns3:hr>161</ns3:hr>
            <ns3:cad>87</ns3:cad>
          </ns3:TrackPointExtension>
        </extensions>
      </trkpt>
      <trkpt lat="22.55170871503651142120361328125" lon="114.00470810942351818084716796875">
        <ele>31.6000003814697265625</ele>
        <time>2026-09-11T23:14:20.000Z</time>
        <extensions>
          <ns3:TrackPointExtension>
            <ns3:atemp>32.0</ns3:atemp>
            <ns3:hr>162</ns3:hr>
            <ns3:cad>87</ns3:cad>
          </ns3:TrackPointExtension>
        </extensions>
      </trkpt>
      <trkpt lat="22.5517051108181476593017578125" lon="114.0046778507530689239501953125">
        <ele>31.6000003814697265625</ele>
        <time>2026-09-11T23:14:21.000Z</time>
        <extensions>
          <ns3:TrackPointExtension>
            <ns3:atemp>32.0</ns3:atemp>
            <ns3:hr>162</ns3:hr>
            <ns3:cad>87</ns3:cad>
          </ns3:TrackPointExtension>
        </extensions>
      </trkpt>
      <trkpt lat="22.55170402117073535919189453125" lon="114.00465396232903003692626953125">
        <ele>31.6000003814697265625</ele>
        <time>2026-09-11T23:14:22.000Z</time>
        <extensions>
          <ns3:TrackPointExtension>
            <ns3:atemp>32.0</ns3:atemp>
            <ns3:hr>162</ns3:hr>
            <ns3:cad>87</ns3:cad>
          </ns3:TrackPointExtension>
        </extensions>
      </trkpt>
      <trkpt lat="22.55170427262783050537109375" lon="114.0046285651624202728271484375">
        <ele>31.799999237060546875</ele>
        <time>2026-09-11T23:14:23.000Z</time>
        <extensions>
          <ns3:TrackPointExtension>
            <ns3:atemp>32.0</ns3:atemp>
            <ns3:hr>162</ns3:hr>
            <ns3:cad>87</ns3:cad>
          </ns3:TrackPointExtension>
        </extensions>
      </trkpt>
      <trkpt lat="22.5517030991613864898681640625" lon="114.004603587090969085693359375">
        <ele>31.799999237060546875</ele>
        <time>2026-09-11T23:14:24.000Z</time>
        <extensions>
          <ns3:TrackPointExtension>
            <ns3:atemp>32.0</ns3:atemp>
            <ns3:hr>162</ns3:hr>
            <ns3:cad>87</ns3:cad>
          </ns3:TrackPointExtension>
        </extensions>
      </trkpt>
      <trkpt lat="22.5516967289149761199951171875" lon="114.00458171032369136810302734375">
        <ele>31.799999237060546875</ele>
        <time>2026-09-11T23:14:25.000Z</time>
        <extensions>
          <ns3:TrackPointExtension>
            <ns3:atemp>32.0</ns3:atemp>
            <ns3:hr>162</ns3:hr>
            <ns3:cad>87</ns3:cad>
          </ns3:TrackPointExtension>
        </extensions>
      </trkpt>
      <trkpt lat="22.5516930408775806427001953125" lon="114.00455689989030361175537109375">
        <ele>31.799999237060546875</ele>
        <time>2026-09-11T23:14:26.000Z</time>
        <extensions>
          <ns3:TrackPointExtension>
            <ns3:atemp>32.0</ns3:atemp>
            <ns3:hr>162</ns3:hr>
            <ns3:cad>87</ns3:cad>
          </ns3:TrackPointExtension>
        </extensions>
      </trkpt>
      <trkpt lat="22.551685832440853118896484375" lon="114.00453343056142330169677734375">
        <ele>31.799999237060546875</ele>
        <time>2026-09-11T23:14:27.000Z</time>
        <extensions>
          <ns3:TrackPointExtension>
            <ns3:atemp>32.0</ns3:atemp>
            <ns3:hr>162</ns3:hr>
            <ns3:cad>88</ns3:cad>
          </ns3:TrackPointExtension>
        </extensions>
      </trkpt>
      <trkpt lat="22.55168038420379161834716796875" lon="114.00451339781284332275390625">
        <ele>32</ele>
        <time>2026-09-11T23:14:28.000Z</time>
        <extensions>
          <ns3:TrackPointExtension>
            <ns3:atemp>31.0</ns3:atemp>
            <ns3:hr>162</ns3:hr>
            <ns3:cad>88</ns3:cad>
          </ns3:TrackPointExtension>
        </extensions>
      </trkpt>
      <trkpt lat="22.5516779534518718719482421875" lon="114.00449059903621673583984375">
        <ele>32</ele>
        <time>2026-09-11T23:14:29.000Z</time>
        <extensions>
          <ns3:TrackPointExtension>
            <ns3:atemp>32.0</ns3:atemp>
            <ns3:hr>162</ns3:hr>
            <ns3:cad>87</ns3:cad>
          </ns3:TrackPointExtension>
        </extensions>
      </trkpt>
      <trkpt lat="22.55167451687157154083251953125" lon="114.0044683031737804412841796875">
        <ele>32</ele>
        <time>2026-09-11T23:14:30.000Z</time>
        <extensions>
          <ns3:TrackPointExtension>
            <ns3:atemp>32.0</ns3:atemp>
            <ns3:hr>162</ns3:hr>
            <ns3:cad>87</ns3:cad>
          </ns3:TrackPointExtension>
        </extensions>
      </trkpt>
      <trkpt lat="22.5516712479293346405029296875" lon="114.00444877333939075469970703125">
        <ele>32.200000762939453125</ele>
        <time>2026-09-11T23:14:31.000Z</time>
        <extensions>
          <ns3:TrackPointExtension>
            <ns3:atemp>31.0</ns3:atemp>
            <ns3:hr>162</ns3:hr>
            <ns3:cad>87</ns3:cad>
          </ns3:TrackPointExtension>
        </extensions>
      </trkpt>
      <trkpt lat="22.55166848190128803253173828125" lon="114.00442756712436676025390625">
        <ele>32.200000762939453125</ele>
        <time>2026-09-11T23:14:32.000Z</time>
        <extensions>
          <ns3:TrackPointExtension>
            <ns3:atemp>32.0</ns3:atemp>
            <ns3:hr>162</ns3:hr>
            <ns3:cad>87</ns3:cad>
          </ns3:TrackPointExtension>
        </extensions>
      </trkpt>
      <trkpt lat="22.55166496150195598602294921875" lon="114.0044029243290424346923828125">
        <ele>32.200000762939453125</ele>
        <time>2026-09-11T23:14:33.000Z</time>
        <extensions>
          <ns3:TrackPointExtension>
            <ns3:atemp>32.0</ns3:atemp>
            <ns3:hr>162</ns3:hr>
            <ns3:cad>86</ns3:cad>
          </ns3:TrackPointExtension>
        </extensions>
      </trkpt>
      <trkpt lat="22.551663033664226531982421875" lon="114.00437568314373493194580078125">
        <ele>32.200000762939453125</ele>
        <time>2026-09-11T23:14:34.000Z</time>
        <extensions>
          <ns3:TrackPointExtension>
            <ns3:atemp>32.0</ns3:atemp>
            <ns3:hr>162</ns3:hr>
            <ns3:cad>86</ns3:cad>
          </ns3:TrackPointExtension>
        </extensions>
      </trkpt>
      <trkpt lat="22.55166269838809967041015625" lon="114.00435087271034717559814453125">
        <ele>32.40000152587890625</ele>
        <time>2026-09-11T23:14:35.000Z</time>
        <extensions>
          <ns3:TrackPointExtension>
            <ns3:atemp>32.0</ns3:atemp>
            <ns3:hr>162</ns3:hr>
            <ns3:cad>86</ns3:cad>
          </ns3:TrackPointExtension>
        </extensions>
      </trkpt>
      <trkpt lat="22.55166060291230678558349609375" lon="114.0043234638869762420654296875">
        <ele>32.40000152587890625</ele>
        <time>2026-09-11T23:14:36.000Z</time>
        <extensions>
          <ns3:TrackPointExtension>
            <ns3:atemp>32.0</ns3:atemp>
            <ns3:hr>163</ns3:hr>
            <ns3:cad>86</ns3:cad>
          </ns3:TrackPointExtension>
        </extensions>
      </trkpt>
      <trkpt lat="22.55165842361748218536376953125" lon="114.00429421104490756988525390625">
        <ele>32.40000152587890625</ele>
        <time>2026-09-11T23:14:37.000Z</time>
        <extensions>
          <ns3:TrackPointExtension>
            <ns3:atemp>32.0</ns3:atemp>
            <ns3:hr>162</ns3:hr>
            <ns3:cad>86</ns3:cad>
          </ns3:TrackPointExtension>
        </extensions>
      </trkpt>
      <trkpt lat="22.55165490321815013885498046875" lon="114.00426554493606090545654296875">
        <ele>32.59999847412109375</ele>
        <time>2026-09-11T23:14:38.000Z</time>
        <extensions>
          <ns3:TrackPointExtension>
            <ns3:atemp>32.0</ns3:atemp>
            <ns3:hr>162</ns3:hr>
            <ns3:cad>86</ns3:cad>
          </ns3:TrackPointExtension>
        </extensions>
      </trkpt>
      <trkpt lat="22.551655657589435577392578125" lon="114.00423905812203884124755859375">
        <ele>32.59999847412109375</ele>
        <time>2026-09-11T23:14:39.000Z</time>
        <extensions>
          <ns3:TrackPointExtension>
            <ns3:atemp>32.0</ns3:atemp>
            <ns3:hr>162</ns3:hr>
            <ns3:cad>86</ns3:cad>
          </ns3:TrackPointExtension>
        </extensions>
      </trkpt>
      <trkpt lat="22.551657669246196746826171875" lon="114.00421139784157276153564453125">
        <ele>32.59999847412109375</ele>
        <time>2026-09-11T23:14:40.000Z</time>
        <extensions>
          <ns3:TrackPointExtension>
            <ns3:atemp>32.0</ns3:atemp>
            <ns3:hr>163</ns3:hr>
            <ns3:cad>86</ns3:cad>
          </ns3:TrackPointExtension>
        </extensions>
      </trkpt>
      <trkpt lat="22.55166328512132167816162109375" lon="114.0041836537420749664306640625">
        <ele>32.799999237060546875</ele>
        <time>2026-09-11T23:14:41.000Z</time>
        <extensions>
          <ns3:TrackPointExtension>
            <ns3:atemp>32.0</ns3:atemp>
            <ns3:hr>163</ns3:hr>
            <ns3:cad>85</ns3:cad>
          </ns3:TrackPointExtension>
        </extensions>
      </trkpt>
      <trkpt lat="22.55167082883417606353759765625" lon="114.0041506290435791015625">
        <ele>32.799999237060546875</ele>
        <time>2026-09-11T23:14:42.000Z</time>
        <extensions>
          <ns3:TrackPointExtension>
            <ns3:atemp>32.0</ns3:atemp>
            <ns3:hr>163</ns3:hr>
            <ns3:cad>85</ns3:cad>
          </ns3:TrackPointExtension>
        </extensions>
      </trkpt>
      <trkpt lat="22.55167552269995212554931640625" lon="114.00413093157112598419189453125">
        <ele>33</ele>
        <time>2026-09-11T23:14:43.000Z</time>
        <extensions>
          <ns3:TrackPointExtension>
            <ns3:atemp>32.0</ns3:atemp>
            <ns3:hr>163</ns3:hr>
            <ns3:cad>85</ns3:cad>
          </ns3:TrackPointExtension>
        </extensions>
      </trkpt>
      <trkpt lat="22.55168306641280651092529296875" lon="114.0041196160018444061279296875">
        <ele>33</ele>
        <time>2026-09-11T23:14:44.000Z</time>
        <extensions>
          <ns3:TrackPointExtension>
            <ns3:atemp>31.0</ns3:atemp>
            <ns3:hr>163</ns3:hr>
            <ns3:cad>85</ns3:cad>
          </ns3:TrackPointExtension>
        </extensions>
      </trkpt>
      <trkpt lat="22.55168675445020198822021484375" lon="114.00411684997379779815673828125">
        <ele>33</ele>
        <time>2026-09-11T23:14:45.000Z</time>
        <extensions>
          <ns3:TrackPointExtension>
            <ns3:atemp>32.0</ns3:atemp>
            <ns3:hr>163</ns3:hr>
            <ns3:cad>84</ns3:cad>
          </ns3:TrackPointExtension>
        </extensions>
      </trkpt>
      <trkpt lat="22.55168658681213855743408203125" lon="114.0041055344045162200927734375">
        <ele>33</ele>
        <time>2026-09-11T23:14:46.000Z</time>
        <extensions>
          <ns3:TrackPointExtension>
            <ns3:atemp>32.0</ns3:atemp>
            <ns3:hr>163</ns3:hr>
            <ns3:cad>84</ns3:cad>
          </ns3:TrackPointExtension>
        </extensions>
      </trkpt>
      <trkpt lat="22.5516930408775806427001953125" lon="114.00407946668565273284912109375">
        <ele>33</ele>
        <time>2026-09-11T23:14:47.000Z</time>
        <extensions>
          <ns3:TrackPointExtension>
            <ns3:atemp>32.0</ns3:atemp>
            <ns3:hr>162</ns3:hr>
            <ns3:cad>83</ns3:cad>
          </ns3:TrackPointExtension>
        </extensions>
      </trkpt>
      <trkpt lat="22.551699914038181304931640625" lon="114.004055075347423553466796875">
        <ele>33</ele>
        <time>2026-09-11T23:14:48.000Z</time>
        <extensions>
          <ns3:TrackPointExtension>
            <ns3:atemp>32.0</ns3:atemp>
            <ns3:hr>162</ns3:hr>
            <ns3:cad>82</ns3:cad>
          </ns3:TrackPointExtension>
        </extensions>
      </trkpt>
      <trkpt lat="22.55170988850295543670654296875" lon="114.00402280502021312713623046875">
        <ele>33</ele>
        <time>2026-09-11T23:14:49.000Z</time>
        <extensions>
          <ns3:TrackPointExtension>
            <ns3:atemp>32.0</ns3:atemp>
            <ns3:hr>161</ns3:hr>
            <ns3:cad>82</ns3:cad>
          </ns3:TrackPointExtension>
        </extensions>
      </trkpt>
      <trkpt lat="22.5517143309116363525390625" lon="114.0039979107677936553955078125">
        <ele>33</ele>
        <time>2026-09-11T23:14:50.000Z</time>
        <extensions>
          <ns3:TrackPointExtension>
            <ns3:atemp>32.0</ns3:atemp>
            <ns3:hr>160</ns3:hr>
            <ns3:cad>82</ns3:cad>
          </ns3:TrackPointExtension>
        </extensions>
      </trkpt>
      <trkpt lat="22.55171609111130237579345703125" lon="114.00396765209734439849853515625">
        <ele>33</ele>
        <time>2026-09-11T23:14:51.000Z</time>
        <extensions>
          <ns3:TrackPointExtension>
            <ns3:atemp>31.0</ns3:atemp>
            <ns3:hr>160</ns3:hr>
            <ns3:cad>82</ns3:cad>
          </ns3:TrackPointExtension>
        </extensions>
      </trkpt>
      <trkpt lat="22.5517191924154758453369140625" lon="114.00393244810402393341064453125">
        <ele>32.799999237060546875</ele>
        <time>2026-09-11T23:14:52.000Z</time>
        <extensions>
          <ns3:TrackPointExtension>
            <ns3:atemp>31.0</ns3:atemp>
            <ns3:hr>160</ns3:hr>
            <ns3:cad>82</ns3:cad>
          </ns3:TrackPointExtension>
        </extensions>
      </trkpt>
      <trkpt lat="22.55172028206288814544677734375" lon="114.00390453636646270751953125">
        <ele>32.799999237060546875</ele>
        <time>2026-09-11T23:14:53.000Z</time>
        <extensions>
          <ns3:TrackPointExtension>
            <ns3:atemp>32.0</ns3:atemp>
            <ns3:hr>161</ns3:hr>
            <ns3:cad>82</ns3:cad>
          </ns3:TrackPointExtension>
        </extensions>
      </trkpt>
      <trkpt lat="22.55172212608158588409423828125" lon="114.00387545116245746612548828125">
        <ele>32.59999847412109375</ele>
        <time>2026-09-11T23:14:54.000Z</time>
        <extensions>
          <ns3:TrackPointExtension>
            <ns3:atemp>32.0</ns3:atemp>
            <ns3:hr>161</ns3:hr>
            <ns3:cad>83</ns3:cad>
          </ns3:TrackPointExtension>
        </extensions>
      </trkpt>
      <trkpt lat="22.55172179080545902252197265625" lon="114.003842510282993316650390625">
        <ele>32.59999847412109375</ele>
        <time>2026-09-11T23:14:55.000Z</time>
        <extensions>
          <ns3:TrackPointExtension>
            <ns3:atemp>31.0</ns3:atemp>
            <ns3:hr>160</ns3:hr>
            <ns3:cad>83</ns3:cad>
          </ns3:TrackPointExtension>
        </extensions>
      </trkpt>
      <trkpt lat="22.55172279663383960723876953125" lon="114.003821052610874176025390625">
        <ele>32.59999847412109375</ele>
        <time>2026-09-11T23:14:56.000Z</time>
        <extensions>
          <ns3:TrackPointExtension>
            <ns3:atemp>32.0</ns3:atemp>
            <ns3:hr>160</ns3:hr>
            <ns3:cad>84</ns3:cad>
          </ns3:TrackPointExtension>
        </extensions>
      </trkpt>
      <trkpt lat="22.551722712814807891845703125" lon="114.003792889416217803955078125">
        <ele>33</ele>
        <time>2026-09-11T23:14:57.000Z</time>
        <extensions>
          <ns3:TrackPointExtension>
            <ns3:atemp>32.0</ns3:atemp>
            <ns3:hr>159</ns3:hr>
            <ns3:cad>84</ns3:cad>
          </ns3:TrackPointExtension>
        </extensions>
      </trkpt>
      <trkpt lat="22.55172296427190303802490234375" lon="114.003773443400859832763671875">
        <ele>33.40000152587890625</ele>
        <time>2026-09-11T23:14:58.000Z</time>
        <extensions>
          <ns3:TrackPointExtension>
            <ns3:atemp>32.0</ns3:atemp>
            <ns3:hr>159</ns3:hr>
            <ns3:cad>84</ns3:cad>
          </ns3:TrackPointExtension>
        </extensions>
      </trkpt>
      <trkpt lat="22.55172665230929851531982421875" lon="114.00374762713909149169921875">
        <ele>33.59999847412109375</ele>
        <time>2026-09-11T23:14:59.000Z</time>
        <extensions>
          <ns3:TrackPointExtension>
            <ns3:atemp>32.0</ns3:atemp>
            <ns3:hr>158</ns3:hr>
            <ns3:cad>84</ns3:cad>
          </ns3:TrackPointExtension>
        </extensions>
      </trkpt>
      <trkpt lat="22.5517277419567108154296875" lon="114.003719799220561981201171875">
        <ele>33.799999237060546875</ele>
        <time>2026-09-11T23:15:00.000Z</time>
        <extensions>
          <ns3:TrackPointExtension>
            <ns3:atemp>32.0</ns3:atemp>
            <ns3:hr>157</ns3:hr>
            <ns3:cad>85</ns3:cad>
          </ns3:TrackPointExtension>
        </extensions>
      </trkpt>
      <trkpt lat="22.5517285801470279693603515625" lon="114.0036985091865062713623046875">
        <ele>33.799999237060546875</ele>
        <time>2026-09-11T23:15:01.000Z</time>
        <extensions>
          <ns3:TrackPointExtension>
            <ns3:atemp>32.0</ns3:atemp>
            <ns3:hr>158</ns3:hr>
            <ns3:cad>85</ns3:cad>
          </ns3:TrackPointExtension>
        </extensions>
      </trkpt>
      <trkpt lat="22.55172933451831340789794921875" lon="114.0036678314208984375">
        <ele>33.799999237060546875</ele>
        <time>2026-09-11T23:15:02.000Z</time>
        <extensions>
          <ns3:TrackPointExtension>
            <ns3:atemp>32.0</ns3:atemp>
            <ns3:hr>157</ns3:hr>
            <ns3:cad>85</ns3:cad>
          </ns3:TrackPointExtension>
        </extensions>
      </trkpt>
      <trkpt lat="22.5517295859754085540771484375" lon="114.0036450326442718505859375">
        <ele>33.59999847412109375</ele>
        <time>2026-09-11T23:15:03.000Z</time>
        <extensions>
          <ns3:TrackPointExtension>
            <ns3:atemp>32.0</ns3:atemp>
            <ns3:hr>157</ns3:hr>
            <ns3:cad>85</ns3:cad>
          </ns3:TrackPointExtension>
        </extensions>
      </trkpt>
      <trkpt lat="22.551731429994106292724609375" lon="114.0036130137741565704345703125">
        <ele>33.59999847412109375</ele>
        <time>2026-09-11T23:15:04.000Z</time>
        <extensions>
          <ns3:TrackPointExtension>
            <ns3:atemp>31.0</ns3:atemp>
            <ns3:hr>156</ns3:hr>
            <ns3:cad>85</ns3:cad>
          </ns3:TrackPointExtension>
        </extensions>
      </trkpt>
      <trkpt lat="22.55173369310796260833740234375" lon="114.00359113700687885284423828125">
        <ele>33.799999237060546875</ele>
        <time>2026-09-11T23:15:05.000Z</time>
        <extensions>
          <ns3:TrackPointExtension>
            <ns3:atemp>32.0</ns3:atemp>
            <ns3:hr>157</ns3:hr>
            <ns3:cad>85</ns3:cad>
          </ns3:TrackPointExtension>
        </extensions>
      </trkpt>
      <trkpt lat="22.5517305918037891387939453125" lon="114.00357034988701343536376953125">
        <ele>34</ele>
        <time>2026-09-11T23:15:06.000Z</time>
        <extensions>
          <ns3:TrackPointExtension>
            <ns3:atemp>32.0</ns3:atemp>
            <ns3:hr>157</ns3:hr>
            <ns3:cad>84</ns3:cad>
          </ns3:TrackPointExtension>
        </extensions>
      </trkpt>
      <trkpt lat="22.551734112203121185302734375" lon="114.003545455634593963623046875">
        <ele>34.200000762939453125</ele>
        <time>2026-09-11T23:15:07.000Z</time>
        <extensions>
          <ns3:TrackPointExtension>
            <ns3:atemp>32.0</ns3:atemp>
            <ns3:hr>157</ns3:hr>
            <ns3:cad>84</ns3:cad>
          </ns3:TrackPointExtension>
        </extensions>
      </trkpt>
      <trkpt lat="22.55173453129827976226806640625" lon="114.00352927856147289276123046875">
        <ele>34.59999847412109375</ele>
        <time>2026-09-11T23:15:08.000Z</time>
        <extensions>
          <ns3:TrackPointExtension>
            <ns3:atemp>32.0</ns3:atemp>
            <ns3:hr>157</ns3:hr>
            <ns3:cad>84</ns3:cad>
          </ns3:TrackPointExtension>
        </extensions>
      </trkpt>
    </trkseg>
  </trk>
</gpx>
